# Repaired Go Stone Model
# Holes filled automatically

v 0.218781 6.539107 0.700000
v 0.000000 6.533744 0.700000
v -0.871632 6.619623 0.700000
v -0.218838 6.539110 0.700000
v -0.437336 6.555208 0.700000
v -0.655097 6.582049 0.700000
v -1.085939 6.667774 0.700000
v 1.085218 6.667593 0.700000
v 0.870813 6.619460 0.700000
v 0.654584 6.581973 0.700000
v -1.297522 6.726374 0.700000
v -1.505999 6.795310 0.700000
v -1.710985 6.874473 0.700000
v -1.911837 6.963625 0.700000
v -2.107913 7.062469 0.700000
v -2.298864 7.170814 0.700000
v -2.484341 7.288465 0.700000
v -2.663915 7.415171 0.700000
v 1.296654 6.726111 0.700000
v 1.504669 6.794836 0.700000
v 1.708899 6.873610 0.700000
v 1.908981 6.962276 0.700000
v 2.104550 7.060672 0.700000
v 2.295243 7.168643 0.700000
v 2.480695 7.286027 0.700000
v 2.660361 7.412532 0.700000
v -2.836766 7.550333 0.700000
v 2.833297 7.547483 0.700000
v -3.002529 7.693604 0.700000
v 2.999174 7.690561 0.700000
v -3.160932 7.844697 0.700000
v 3.157717 7.841480 0.700000
v 3.308649 7.999955 0.700000
v 3.451693 8.165701 0.700000
v 3.586573 8.338434 0.700000
v 3.713013 8.517869 0.700000
v -3.311701 8.003325 0.700000
v -3.454561 8.169198 0.700000
v -3.589240 8.342031 0.700000
v -3.715463 8.521537 0.700000
v -3.832871 8.707285 0.700000
v 3.830595 8.703484 0.700000
v -3.940838 8.898278 0.700000
v 3.938722 8.894315 0.700000
v -4.039160 9.094058 0.700000
v 4.037224 9.089960 0.700000
v -4.127694 9.294254 0.700000
v 4.125955 9.290051 0.700000
v 4.204765 9.494219 0.700000
v 4.273509 9.702095 0.700000
v -4.206295 9.498499 0.700000
v 4.332037 9.913310 0.700000
v -4.274820 9.706421 0.700000
v -4.333124 9.917650 0.700000
v 4.380204 10.127498 0.700000
v -4.381062 10.131818 0.700000
v -4.418461 10.348351 0.700000
v 4.417811 10.343963 0.700000
v -4.445128 10.566096 0.700000
v 4.444689 10.561622 0.700000
v -4.461057 10.784582 0.700000
v 4.460836 10.780054 0.700000
v -4.466253 11.003413 0.700000
v 4.466254 10.998863 0.700000
v -4.460724 11.222191 0.700000
v 4.460948 11.217651 0.700000
v -4.444477 11.440519 0.700000
v 4.444921 11.436023 0.700000
v -4.417519 11.658002 0.700000
v 4.418176 11.653580 0.700000
v -4.379857 11.874241 0.700000
v 4.380716 11.869925 0.700000
v 4.332639 12.084289 0.700000
v -4.331559 12.088596 0.700000
v 4.274194 12.295647 0.700000
v 4.205538 12.503622 0.700000
v -4.272887 12.299952 0.700000
v 4.126825 12.707849 0.700000
v -4.204010 12.507892 0.700000
v -4.125082 12.712051 0.700000
v -4.036264 12.912067 0.700000
v 4.038207 12.907960 0.700000
v -3.937711 13.107574 0.700000
v 3.939840 13.103592 0.700000
v -3.829580 13.298208 0.700000
v 3.831876 13.294377 0.700000
v -3.712029 13.483603 0.700000
v 3.714471 13.479950 0.700000
v 3.588042 13.659585 0.700000
v 3.453187 13.832479 0.700000
v 3.310187 13.998348 0.700000
v 3.159325 14.156912 0.700000
v -3.585394 13.663156 0.700000
v -3.450330 13.835958 0.700000
v -3.307140 14.001709 0.700000
v -3.156107 14.160130 0.700000
v -2.997514 14.310942 0.700000
v 3.000880 14.307892 0.700000
v -2.831647 14.453870 0.700000
v 2.835135 14.451006 0.700000
v -2.658787 14.588634 0.700000
v 2.662371 14.585976 0.700000
v -2.479220 14.714958 0.700000
v 2.482869 14.712520 0.700000
v 2.297351 14.830094 0.700000
v 2.106622 14.938221 0.700000
v 1.911050 15.036746 0.700000
v 1.711000 15.125519 0.700000
v -2.293534 14.832381 0.700000
v -2.102648 14.940344 0.700000
v -1.906947 15.038686 0.700000
v -1.706796 15.127260 0.700000
v -1.502565 15.205915 0.700000
v 1.506841 15.204386 0.700000
v -1.294621 15.274505 0.700000
v 1.298937 15.273195 0.700000
v -1.083332 15.332878 0.700000
v 1.087656 15.331795 0.700000
v -0.869065 15.380887 0.700000
v 0.873366 15.380032 0.700000
v 0.657006 15.417667 0.700000
v 0.439440 15.444584 0.700000
v 0.221064 15.460780 0.700000
v 0.002275 15.466253 0.700000
v -0.216530 15.461002 0.700000
v -0.434954 15.445025 0.700000
v -0.652601 15.418321 0.700000
v 0.437108 6.555186 0.700000
v 0.000000 10.103650 11.000000
v 0.000000 9.741814 10.980367
v 0.186362 10.123238 11.000000
v 0.275154 9.522149 10.960793
v 0.329363 9.533278 10.960793
v 0.387625 8.918071 10.889752
v 0.463992 8.933749 10.889752
v 0.501390 8.307039 10.786457
v 0.600171 8.327319 10.786457
v 0.616268 7.690031 10.650676
v 0.737681 7.714957 10.650676
v 0.725627 7.102663 10.492564
v 0.868586 7.132011 10.492564
v 0.835314 6.513535 10.306197
v 0.999883 6.547321 10.306197
v 0.944777 5.925613 10.092908
v 1.130911 5.963827 10.092908
v 1.053309 5.342687 9.854733
v 1.260825 5.385290 9.854733
v 1.160092 4.769160 9.594249
v 1.388645 4.816082 9.594249
v 1.264239 4.209784 9.314363
v 1.513312 4.260918 9.314363
v 1.364853 3.669389 9.018131
v 1.633747 3.724593 9.018131
v 1.461069 3.152614 8.708570
v 1.748919 3.211709 8.708570
v 1.552110 2.663630 8.388505
v 1.857897 2.726408 8.388505
v 1.637349 2.205813 8.060393
v 1.959929 2.272038 8.060393
v 1.716351 1.781496 7.726193
v 2.054495 1.850917 7.726193
v 1.788874 1.391974 7.387338
v 2.141307 1.464328 7.387338
v 1.854825 1.037752 7.044805
v 2.220251 1.112773 7.044805
v 1.914203 0.718834 6.699211
v 2.291327 0.796257 6.699211
v 1.967056 0.434963 6.350894
v 2.354593 0.514524 6.350894
v 2.001842 0.183687 6.000000
v 2.657524 0.325846 6.000000
v 0.000000 9.377237 10.949426
v 0.055330 9.497770 10.960793
v 0.110586 9.500825 10.960793
v 0.165691 9.505912 10.960793
v 0.155788 8.888031 10.889752
v 0.233418 8.895196 10.889752
v 0.201511 8.268184 10.786457
v 0.301925 8.277452 10.786457
v 0.247681 7.642272 10.650676
v 0.371102 7.653664 10.650676
v 0.291633 7.046429 10.492564
v 0.436955 7.059842 10.492564
v 0.335717 6.448802 10.306197
v 0.503006 6.464242 10.306197
v 0.379710 5.852396 10.092908
v 0.568922 5.869861 10.092908
v 0.423330 5.261059 9.854733
v 0.634277 5.280530 9.854733
v 0.466246 4.679256 9.594249
v 0.698579 4.700701 9.594249
v 0.508103 4.111809 9.314363
v 0.761294 4.135179 9.314363
v 0.548541 3.563617 9.018131
v 0.821881 3.588847 9.018131
v 0.587210 3.039386 8.708570
v 0.879820 3.066394 8.708570
v 0.623800 2.543347 8.388505
v 0.934643 2.572037 8.388505
v 0.658058 2.078924 8.060393
v 0.985972 2.109190 8.060393
v 0.689809 1.648484 7.726193
v 1.033545 1.680211 7.726193
v 0.718957 1.253343 7.387338
v 1.077217 1.286410 7.387338
v 0.745463 0.894009 7.044805
v 1.116931 0.928295 7.044805
v 0.769327 0.570490 6.699211
v 1.152687 0.605874 6.699211
v 0.790569 0.282523 6.350894
v 1.184513 0.318884 6.350894
v 1.338713 0.081765 6.000000
v 1.576853 0.369720 6.350894
v 0.000000 9.009975 10.907078
v 0.077947 8.883728 10.889752
v 0.000000 8.640129 10.853232
v 0.100824 8.262618 10.786457
v 0.000000 8.267859 10.787813
v 0.000000 7.893397 10.710780
v 0.123924 7.635431 10.650676
v 0.000000 7.517066 10.622143
v 0.145915 7.038373 10.492564
v 0.000000 7.139290 10.521976
v 0.000000 6.760609 10.410441
v 0.167972 6.439528 10.306197
v 0.000000 6.381703 10.287805
v 0.189984 5.841908 10.092908
v 0.000000 5.626654 10.010900
v 0.211808 5.249367 9.854733
v 0.000000 4.882226 9.695629
v 0.233281 4.666378 9.594249
v 0.000000 4.157853 9.347550
v 0.254224 4.097775 9.314363
v 0.000000 3.806287 9.163110
v 0.274456 3.548466 9.018131
v 0.000000 3.463436 8.972768
v 0.000000 3.130465 8.777277
v 0.293804 3.023166 8.708570
v 0.000000 2.808460 8.577358
v 0.312112 2.526117 8.388505
v 0.000000 2.498388 8.373677
v 0.000000 2.201061 8.166831
v 0.329252 2.060748 8.060393
v 0.000000 1.917119 7.957333
v 0.345138 1.629431 7.726193
v 0.000000 1.647023 7.745611
v 0.000000 1.391070 7.532011
v 0.359722 1.233484 7.387338
v 0.000000 1.149424 7.316802
v 0.372984 0.873419 7.044805
v 0.000000 0.922152 7.100191
v 0.000000 0.709249 6.882331
v 0.384924 0.549240 6.699211
v 0.000000 0.510661 6.663329
v 0.000000 0.326308 6.443252
v 0.395552 0.260686 6.350894
v 0.000000 0.156108 6.222136
v 0.000000 0.000000 6.000000
v 0.670604 0.020460 6.000000
v 2.738938 0.608295 6.350894
v 3.303319 0.507713 6.000000
v 3.119572 0.716149 6.350894
v 3.495978 0.837940 6.350894
v 3.402045 1.110984 6.699211
v 3.763727 1.242905 6.699211
v 3.646978 1.545566 7.044805
v 3.992498 1.686208 7.044805
v 3.850538 2.017373 7.387338
v 4.178555 2.165188 7.387338
v 4.009151 2.523362 7.726193
v 4.318436 2.676672 7.726193
v 4.119663 3.059785 8.060393
v 4.409129 3.216799 8.060393
v 4.179594 3.621985 8.388505
v 4.448326 3.780824 8.388505
v 4.187402 4.204277 8.708570
v 4.434696 4.363008 8.708570
v 4.142657 4.800075 9.018131
v 4.368052 4.956756 9.018131
v 4.046050 5.402249 9.314363
v 4.249346 5.554966 9.314363
v 3.899286 6.003526 9.594249
v 4.080551 6.150434 9.594249
v 3.704950 6.596820 9.854733
v 3.864508 6.736173 9.854733
v 3.466311 7.175515 10.092908
v 3.604731 7.305692 10.092908
v 3.187085 7.733716 10.306197
v 3.305148 7.853238 10.306197
v 2.871142 8.266446 10.492564
v 2.969811 8.373977 10.492564
v 2.522230 8.769745 10.650676
v 2.602611 8.864093 10.650676
v 2.117460 9.262245 10.786457
v 2.179987 9.341361 10.786457
v 1.685349 9.717705 10.889752
v 1.731405 9.780607 10.889752
v 1.229033 10.134418 10.960793
v 1.260060 10.180242 10.960793
v 0.776262 10.551826 11.000000
v 1.289379 10.227176 10.960793
v 1.316951 10.275158 10.960793
v 1.816418 9.911281 10.889752
v 1.855260 9.978876 10.889752
v 2.349523 9.591750 10.786457
v 2.399765 9.679184 10.786457
v 2.887844 9.269093 10.650676
v 2.949597 9.376559 10.650676
v 3.400305 8.961936 10.492564
v 3.473016 9.088472 10.492564
v 3.914299 8.653859 10.306197
v 3.998002 8.799523 10.306197
v 4.427242 8.346413 10.092908
v 4.521914 8.511166 10.092908
v 4.935827 8.041579 9.854733
v 5.041374 8.225258 9.854733
v 5.436212 7.741660 9.594249
v 5.552459 7.943960 9.594249
v 5.924250 7.449141 9.314363
v 6.050933 7.669602 9.314363
v 6.395728 7.166548 9.018131
v 6.532492 7.404555 9.018131
v 6.846598 6.896307 8.708570
v 6.993004 7.151092 8.708570
v 7.273221 6.640599 8.388505
v 7.428750 6.911261 8.388505
v 7.672651 6.401190 8.060393
v 7.836722 6.686715 8.060393
v 8.042855 6.179298 7.726193
v 8.214842 6.478600 7.726193
v 8.382700 5.975603 7.387338
v 8.561954 6.287551 7.387338
v 8.691749 5.790367 7.044805
v 8.877611 6.113816 7.044805
v 8.969994 5.623592 6.699211
v 9.161806 5.957396 6.699211
v 9.217663 5.475146 6.350894
v 9.414771 5.818166 6.350894
v 9.469870 5.403432 6.000000
v 9.793445 5.991163 6.000000
v 3.936826 0.728613 6.000000
v 3.867646 0.973504 6.350894
v 4.120308 1.388049 6.699211
v 4.332607 1.839472 7.044805
v 4.500908 2.324975 7.387338
v 4.621868 2.841262 7.726193
v 4.692619 3.384361 8.060393
v 4.711030 3.949446 8.388505
v 4.675981 4.530734 8.708570
v 4.587527 5.121627 9.018131
v 4.446883 5.715062 9.314363
v 4.256284 6.303914 9.594249
v 4.018829 6.881304 9.854733
v 3.738266 7.440875 10.092908
v 3.418732 7.977023 10.306197
v 3.064455 8.485066 10.492564
v 2.679464 8.961335 10.650676
v 2.239560 9.422724 10.786457
v 1.775114 9.845161 10.889752
v 4.234073 1.122655 6.350894
v 4.555688 0.987722 6.000000
v 4.594762 1.285192 6.350894
v 5.157603 1.284078 6.000000
v 4.949224 1.460896 6.350894
v 5.296978 1.649527 6.350894
v 5.154654 1.900764 6.699211
v 5.486078 2.096658 6.699211
v 5.315902 2.372836 7.044805
v 5.629842 2.574346 7.044805
v 5.429665 2.873933 7.387338
v 5.725083 3.079290 7.387338
v 5.492981 3.400406 7.726193
v 5.768979 3.607737 7.726193
v 5.503439 3.947994 8.060393
v 5.759275 4.155339 8.060393
v 5.459453 4.511665 8.388505
v 5.694571 4.717009 8.388505
v 5.360547 5.085548 8.708570
v 5.574608 5.286863 8.708570
v 5.207503 5.663091 9.018131
v 5.400411 5.858381 9.018131
v 5.002306 6.237409 9.314363
v 5.174214 6.424757 9.314363
v 4.747964 6.801664 9.594249
v 4.899276 6.979269 9.594249
v 4.448314 7.349363 9.854733
v 4.579669 7.515567 9.854733
v 4.107783 7.874601 10.092908
v 4.220037 8.027915 10.092908
v 3.731101 8.372263 10.306197
v 3.825292 8.511374 10.306197
v 3.322985 8.838161 10.492564
v 5.740331 1.616578 6.000000
v 5.637553 1.850830 6.350894
v 5.810068 2.304619 6.699211
v 5.936152 2.787274 7.044805
v 6.012743 3.295382 7.387338
v 6.037158 3.825086 7.726193
v 6.007306 4.371960 8.060393
v 5.921972 4.930868 8.388505
v 5.781116 5.495920 8.708570
v 5.586000 6.060639 9.018131
v 5.339110 6.618306 9.314363
v 5.043948 7.162322 9.594249
v 4.704819 7.686493 9.854733
v 4.326571 8.185257 10.092908
v 5.970489 2.064532 6.350894
v 6.301704 1.983985 6.000000
v 6.295333 2.290344 6.350894
v 6.839635 2.384932 6.000000
v 6.611645 2.527960 6.350894
v 6.918997 2.777057 6.350894
v 6.733091 2.997998 6.699211
v 7.023060 3.251247 6.699211
v 6.805208 3.491610 7.044805
v 7.076960 3.747179 7.044805
v 6.825327 4.005064 7.387338
v 7.078167 4.261025 7.387338
v 6.791209 4.534232 7.726193
v 7.024594 4.788579 7.726193
v 6.701260 5.074483 8.060393
v 6.914821 5.325153 8.060393
v 6.554842 5.620580 8.388505
v 6.748402 5.865491 8.388505
v 6.352563 6.166664 8.708570
v 6.526160 6.403759 8.708570
v 6.096392 6.706437 9.018131
v 6.250295 6.933737 9.018131
v 5.789538 7.233492 9.314363
v 7.352122 2.817928 6.000000
v 7.216973 3.037298 6.350894
v 7.303512 3.514997 6.699211
v 7.339120 4.012577 7.044805
v 7.321414 4.526119 7.387338
v 7.248459 5.051343 7.726193
v 7.119010 5.583514 8.060393
v 6.932816 6.117360 8.388505
v 6.690913 6.647084 8.708570
v 7.505167 3.308330 6.350894
v 7.837258 3.281361 6.000000
v 7.783191 3.589787 6.350894
v 8.293240 3.773509 6.000000
v 8.050666 3.881285 6.350894
v 8.307231 4.182432 6.350894
v 8.084024 4.365613 6.699211
v 8.322740 4.667659 6.699211
v 8.064572 4.864085 7.044805
v 8.284953 5.165078 7.044805
v 7.990369 5.372547 7.387338
v 8.192086 5.670464 7.387338
v 7.859968 5.886530 7.726193
v 8.718369 4.292539 6.000000
v 8.552538 4.492817 6.350894
v 8.550177 4.978286 6.699211
v 8.494106 5.473978 7.044805
v 8.786254 4.812022 6.350894
v 9.111067 4.836522 6.000000
v 9.008062 5.139613 6.350894
v 10.080587 6.597527 6.000000
v 9.770461 6.524800 6.350894
v 9.599120 6.168209 6.350894
v 9.341203 6.298034 6.699211
v 9.051442 6.443887 7.044805
v 8.729605 6.605886 7.387338
v 8.375695 6.784029 7.726193
v 7.990171 6.978086 8.060393
v 7.574211 7.187463 8.388505
v 7.129933 7.411093 8.708570
v 6.660404 7.647434 9.018131
v 6.169415 7.894577 9.314363
v 5.661181 8.150401 9.594249
v 5.140089 8.412697 9.854733
v 4.610456 8.679291 10.092908
v 4.076286 8.948170 10.306197
v 3.541020 9.217600 10.492564
v 3.007353 9.486226 10.650676
v 2.446754 9.768407 10.786457
v 1.891587 10.047855 10.889752
v 1.342738 10.324122 10.960793
v 9.928560 6.887456 6.350894
v 10.330229 7.220269 6.000000
v 10.073203 7.255685 6.350894
v 10.204196 7.628989 6.350894
v 9.930019 7.719564 6.699211
v 10.044035 8.087284 6.699211
v 9.732472 8.177635 7.044805
v 9.829762 8.537773 7.044805
v 9.480249 8.625321 7.387338
v 9.561231 8.975872 7.387338
v 9.173606 9.057933 7.726193
v 9.238873 9.396904 7.726193
v 8.813618 9.470693 8.060393
v 8.863935 9.796133 8.060393
v 8.402487 9.858806 8.388505
v 8.438797 10.168851 8.388505
v 7.943806 10.217604 8.708570
v 7.967221 10.510523 8.708570
v 7.442554 10.542757 9.018131
v 7.454340 10.817006 9.018131
v 6.904825 10.830496 9.314363
v 6.906385 11.084759 9.314363
v 6.337439 11.077776 9.594249
v 6.330282 11.310987 9.594249
v 5.747601 11.282362 9.854733
v 5.733314 11.493724 9.854733
v 5.142556 11.442850 10.092908
v 5.122771 11.631834 10.092908
v 4.529244 11.558629 10.306197
v 4.505613 11.724959 10.306197
v 3.913972 11.629764 10.492564
v 3.888139 11.773399 10.492564
v 3.302157 11.656840 10.650676
v 3.275743 11.777938 10.650676
v 2.665115 11.632923 10.786457
v 2.640013 11.730590 10.786457
v 2.040995 11.564819 10.889752
v 2.018823 11.639560 10.889752
v 1.433055 11.453990 10.960793
v 1.415374 11.506429 10.960793
v 0.852479 11.276987 11.000000
v 1.395775 11.558182 10.960793
v 1.374284 11.609179 10.960793
v 1.966304 11.786341 10.889752
v 1.936028 11.858182 10.889752
v 2.543400 12.017126 10.786457
v 2.504239 12.110053 10.786457
v 3.126141 12.250170 10.650676
v 3.078007 12.364387 10.650676
v 3.680888 12.472017 10.492564
v 3.624213 12.606503 10.492564
v 4.237297 12.694530 10.306197
v 4.172055 12.849344 10.306197
v 4.792567 12.916587 10.092908
v 4.718775 13.091689 10.092908
v 5.343119 13.136757 9.854733
v 5.260850 13.331974 9.854733
v 5.884794 13.353377 9.594249
v 5.794185 13.568385 9.594249
v 6.413104 13.564652 9.314363
v 6.314360 13.798964 9.314363
v 6.923486 13.768759 9.018131
v 6.816884 14.021717 9.018131
v 7.411561 13.963943 8.708570
v 7.297444 14.234735 8.708570
v 7.873387 14.148632 8.388505
v 7.752160 14.436296 8.388505
v 8.305778 14.321548 8.060393
v 8.177893 14.625010 8.060393
v 8.706530 14.481812 7.726193
v 8.572474 14.799916 7.726193
v 9.074418 14.628934 7.387338
v 8.934698 14.960480 7.387338
v 9.408968 14.762724 7.044805
v 9.264097 15.106492 7.044805
v 9.710174 14.883178 6.699211
v 9.560665 15.237951 6.699211
v 9.978279 14.990396 6.350894
v 9.824643 15.354964 6.350894
v 10.210156 15.093006 6.000000
v 9.941640 15.707845 6.000000
v 10.541442 7.857071 6.000000
v 10.321359 8.006862 6.350894
v 10.144438 8.458951 6.699211
v 9.913728 8.901248 7.044805
v 9.629254 9.329165 7.387338
v 9.291617 9.738047 7.726193
v 8.902240 10.123206 8.060393
v 8.463672 10.480022 8.388505
v 7.979838 10.804106 8.708570
v 7.456025 11.091504 9.018131
v 6.898585 11.338905 9.314363
v 6.314546 11.543777 9.594249
v 5.711256 11.704416 9.854733
v 5.096044 11.819961 10.092908
v 4.475876 11.890307 10.306197
v 3.857038 11.915987 10.492564
v 3.244890 11.897982 10.650676
v 2.611333 11.827267 10.786457
v 1.993914 11.713434 10.889752
v 10.424534 8.388790 6.350894
v 10.713440 8.505565 6.000000
v 10.513581 8.774258 6.350894
v 10.845583 9.163339 6.000000
v 10.588381 9.162742 6.350894
v 10.648830 9.553716 6.350894
v 10.362707 9.592576 6.699211
v 10.407489 9.974952 6.699211
v 10.084653 10.006748 7.044805
v 10.114378 10.378610 7.044805
v 9.754746 10.400704 7.387338
v 9.770195 10.760155 7.387338
v 9.374099 10.769878 7.726193
v 9.376217 11.115069 7.726193
v 8.944640 11.109773 8.060393
v 8.934539 11.438926 8.060393
v 8.469415 11.416076 8.388505
v 8.448361 11.727530 8.388505
v 7.952809 11.684855 8.708570
v 7.922212 11.977112 8.708570
v 7.400509 11.912766 9.018131
v 7.361898 12.184540 9.018131
v 6.819197 12.097219 9.314363
v 6.774191 12.347470 9.314363
v 6.216135 12.236466 9.594249
v 6.166412 12.464427 9.594249
v 5.598815 12.329632 9.854733
v 5.546081 12.534807 9.854733
v 4.974616 12.376661 10.092908
v 4.920574 12.558830 10.092908
v 4.350473 12.378223 10.306197
v 4.296796 12.537418 10.306197
v 3.732575 12.335537 10.492564
v 10.937380 9.827945 6.000000
v 10.694848 9.946650 6.350894
v 10.438166 10.358717 6.699211
v 10.130396 10.751313 7.044805
v 9.772402 11.119931 7.387338
v 9.365627 11.460104 7.726193
v 8.912329 11.767484 8.060393
v 8.415858 12.037997 8.388505
v 7.880879 12.268044 8.708570
v 7.313310 12.454708 9.018131
v 6.720004 12.595897 9.314363
v 6.108332 12.690403 9.594249
v 5.485831 12.737903 9.854733
v 4.859863 12.738887 10.092908
v 10.726372 10.341011 6.350894
v 10.988489 10.496911 6.000000
v 10.743359 10.736265 6.350894
v 10.998721 11.167748 6.000000
v 10.745787 11.131877 6.350894
v 10.733651 11.527310 6.350894
v 10.445250 11.513143 6.699211
v 10.419284 11.897255 6.699211
v 10.096082 11.869423 7.044805
v 10.057240 12.240442 7.044805
v 9.699639 12.196337 7.387338
v 9.649034 12.552543 7.387338
v 9.257849 12.489600 7.726193
v 9.196748 12.829347 7.726193
v 8.773432 12.745144 8.060393
v 8.703253 13.066887 8.060393
v 8.250170 12.959287 8.388505
v 8.172463 13.261625 8.388505
v 7.693094 13.128966 8.708570
v 7.609520 13.410685 8.708570
v 7.108409 13.251933 9.018131
v 7.020705 13.512049 9.018131
v 6.503156 13.326866 9.314363
v 10.968037 11.837962 6.000000
v 10.706969 11.922029 6.350894
v 10.379198 12.280152 6.699211
v 10.004767 12.609780 7.044805
v 9.585350 12.906645 7.387338
v 9.123182 13.166614 7.726193
v 8.621279 13.385829 8.060393
v 8.083682 13.560899 8.388505
v 7.515633 13.689137 8.708570
v 10.665776 12.315498 6.350894
v 10.896550 12.505058 6.000000
v 10.610129 12.707184 6.350894
v 10.784528 13.166556 6.000000
v 10.540103 13.096557 6.350894
v 10.455792 13.483088 6.350894
v 10.174856 13.416370 6.699211
v 10.079021 13.789241 6.699211
v 9.766375 13.702720 7.044805
v 9.660277 14.060362 7.044805
v 9.316792 13.951546 7.387338
v 9.201840 14.292471 7.387338
v 8.828786 14.158990 7.726193
v 10.632386 13.819994 6.000000
v 10.357312 13.866254 6.350894
v 9.969528 14.158332 6.699211
v 9.541088 14.413856 7.044805
v 10.244795 14.245536 6.350894
v 10.440692 14.462941 6.000000
v 10.118394 14.620420 6.350894
v 9.636139 16.305170 6.000000
v 9.477652 16.065910 6.350894
v 9.657691 15.713632 6.350894
v 9.398199 15.586981 6.699211
v 9.106671 15.444695 7.044805
v 8.782869 15.286657 7.387338
v 8.426801 15.112870 7.726193
v 8.038925 14.923560 8.060393
v 7.620426 14.719303 8.388505
v 7.173438 14.501142 8.708570
v 6.701044 14.270580 9.018131
v 6.207059 14.029481 9.314363
v 5.695724 13.779913 9.594249
v 5.171452 13.524032 9.854733
v 4.638588 13.263957 10.092908
v 4.101158 13.001654 10.306197
v 3.562627 12.738811 10.492564
v 3.025702 12.476755 10.650676
v 2.461684 12.201474 10.786457
v 1.903129 11.928861 10.889752
v 1.350931 11.659348 10.960793
v 0.776262 11.448174 11.000000
v 9.284767 16.411324 6.350894
v 9.294791 16.882759 6.000000
v 9.080602 16.747347 6.350894
v 8.861527 17.079691 6.350894
v 8.836550 16.593025 6.699211
v 8.623428 16.916336 6.699211
v 8.562380 16.419632 7.044805
v 8.355933 16.732815 7.044805
v 8.257870 16.227028 7.387338
v 8.058825 16.528975 7.387338
v 7.923027 16.015209 7.726193
v 7.732110 16.304823 7.726193
v 7.558282 15.784454 8.060393
v 7.376210 16.060648 8.060393
v 7.164752 15.535465 8.388505
v 6.992211 15.797196 8.388505
v 6.744441 15.269509 8.708570
v 6.582072 15.515808 8.708570
v 6.300251 14.988422 9.018131
v 6.148622 15.218428 9.018131
v 5.835769 14.694474 9.314363
v 5.695360 14.907456 9.314363
v 5.354980 14.390188 9.594249
v 5.226178 14.585561 9.594249
v 4.862036 14.078190 9.854733
v 4.745126 14.255522 9.854733
v 4.361022 13.761066 10.092908
v 4.256191 13.920075 10.092908
v 3.855722 13.441213 10.306197
v 3.763066 13.581753 10.306197
v 3.349394 13.120691 10.492564
v 3.268930 13.242738 10.492564
v 2.844585 12.801115 10.650676
v 2.776269 12.904735 10.650676
v 2.314310 12.465400 10.786457
v 2.258747 12.549674 10.786457
v 1.789181 12.132923 10.889752
v 1.746238 12.198054 10.889752
v 1.270034 11.804218 10.960793
v 1.239562 11.850435 10.960793
v 1.207420 11.895484 10.960793
v 0.666118 11.599775 11.000000
v 1.173642 11.939319 10.960793
v 1.138273 11.981881 10.960793
v 1.653373 12.323269 10.889752
v 1.603546 12.383228 10.889752
v 2.138625 12.711639 10.786457
v 2.074176 12.789196 10.786457
v 2.628626 13.103808 10.650676
v 2.549409 13.199135 10.650676
v 3.095087 13.477139 10.492564
v 3.001813 13.589381 10.492564
v 3.562944 13.851586 10.306197
v 3.455571 13.980796 10.306197
v 4.029845 14.225267 10.092908
v 3.908401 14.371409 10.092908
v 4.492778 14.595775 9.854733
v 4.357383 14.758704 9.854733
v 4.948247 14.960307 9.594249
v 4.799126 15.139755 9.594249
v 5.392478 15.315845 9.314363
v 5.229970 15.511403 9.314363
v 5.821635 15.659319 9.018131
v 5.646193 15.870440 9.018131
v 6.232034 15.987780 8.708570
v 6.044225 16.213783 8.708570
v 6.620362 16.298576 8.388505
v 6.420850 16.538664 8.388505
v 6.983939 16.589563 8.060393
v 6.773470 16.842836 8.060393
v 7.320913 16.859259 7.726193
v 7.100289 17.124752 7.726193
v 7.630253 17.106838 7.387338
v 7.400307 17.383549 7.387338
v 7.911560 17.331982 7.044805
v 7.673136 17.618893 7.044805
v 8.164830 17.534685 6.699211
v 7.918774 17.830782 6.699211
v 8.390267 17.715113 6.350894
v 8.137418 18.019384 6.350894
v 8.509763 17.970219 6.000000
v 8.069002 18.476042 6.000000
v 8.918866 17.438465 6.000000
v 8.631746 17.401739 6.350894
v 8.399821 17.229733 6.699211
v 7.598224 18.954056 6.000000
v 7.598991 18.598991 6.350894
v 7.873539 18.314144 6.350894
v 7.661986 18.117620 6.699211
v 7.424314 17.896835 7.044805
v 7.160331 17.651608 7.387338
v 6.870042 17.381943 7.726193
v 6.553822 17.088190 8.060393
v 6.212636 16.771244 8.388505
v 5.848224 16.432722 8.708570
v 5.463100 16.074961 9.018131
v 5.060373 15.700847 9.314363
v 4.643501 15.313592 9.594249
v 4.216083 14.916541 9.854733
v 3.781660 14.512982 10.092908
v 3.343514 14.105967 10.306197
v 2.904471 13.698115 10.492564
v 2.466738 13.291482 10.650676
v 2.006915 12.864328 10.786457
v 1.551547 12.441314 10.889752
v 1.101361 12.023112 10.960793
v 7.281875 18.903393 6.350894
v 7.099180 19.402477 6.000000
v 6.952576 19.194572 6.350894
v 6.611645 19.472040 6.350894
v 6.433997 19.244406 6.699211
v 6.091462 19.500626 6.699211
v 5.902507 19.236940 7.044805
v 5.560722 19.471430 7.044805
v 5.363002 19.170216 7.387338
v 5.024397 19.382700 7.387338
v 4.820702 19.042854 7.726193
v 4.487759 19.233269 7.726193
v 4.281192 18.854300 8.060393
v 3.956411 19.022808 8.060393
v 3.750444 18.605148 8.388505
v 3.436296 18.752159 8.388505
v 3.234734 18.297443 8.708570
v 2.933601 18.423622 8.708570
v 2.740414 17.934753 9.018131
v 2.627922 18.537256 8.708570
v 2.454837 18.040913 9.018131
v 2.317123 18.638529 8.708570
v 2.164533 18.135508 9.018131
v 1.870917 18.218058 9.018131
v 1.732998 17.685959 9.314363
v 1.458127 17.751238 9.314363
v 1.338007 17.195072 9.594249
v 1.083542 17.244608 9.594249
v 0.983806 16.669813 9.854733
v 0.751117 16.705301 9.854733
v 0.673723 16.117432 10.092908
v 0.463883 16.140701 10.092908
v 0.410137 15.545096 10.306197
v 0.223923 15.558067 10.306197
v 0.194520 14.959538 10.492564
v 0.032433 14.964180 10.492564
v 0.027545 14.366737 10.650676
v -0.110160 14.365047 10.650676
v -0.089625 13.737772 10.786457
v -0.201511 13.731816 10.786457
v -0.155788 13.111969 10.889752
v -0.242026 13.103831 10.889752
v -0.171802 12.493399 10.960793
v -0.232730 12.485124 10.960793
v -0.186362 11.876762 11.000000
v -0.293269 12.474363 10.960793
v -0.353317 12.461137 10.960793
v -0.413144 13.077016 10.889752
v -0.497738 13.058383 10.889752
v -0.534399 13.686604 10.786457
v -0.643820 13.662503 10.786457
v -0.656840 14.302157 10.650676
v -0.791331 14.272533 10.650676
v -0.773399 14.888140 10.492564
v -0.931757 14.853259 10.492564
v -0.890307 15.475876 10.306197
v -1.072602 15.435723 10.306197
v -1.006976 16.062410 10.092908
v -1.213160 16.016996 10.092908
v -1.122654 16.643961 9.854733
v -1.352523 16.593328 9.854733
v -1.236466 17.216135 9.594249
v -1.489639 17.160370 9.594249
v -1.347470 17.774191 9.314363
v -1.623372 17.713419 9.314363
v -1.454708 18.313311 9.018131
v -1.752567 18.247702 9.018131
v -1.557258 18.828865 8.708570
v -1.876115 18.758633 8.708570
v -1.654294 19.316696 8.388505
v -1.993019 19.242086 8.388505
v -1.745144 19.773432 8.060393
v -2.102472 19.694725 8.060393
v -1.829347 20.196747 7.726193
v -2.203915 20.114244 7.726193
v -1.906645 20.585350 7.387338
v -2.297040 20.499359 7.387338
v -1.976938 20.938736 7.044805
v -2.381726 20.849577 7.044805
v -2.040225 21.256901 6.699211
v -2.457971 21.164886 6.699211
v -2.096557 21.540102 6.350894
v -2.525838 21.445547 6.350894
v -2.330767 21.750235 6.000000
v -2.981808 21.588144 6.000000
v 6.573727 19.819643 6.000000
v 6.259652 19.735334 6.350894
v 5.738736 19.742622 6.699211
v 5.209633 19.691748 7.044805
v 4.677386 19.581160 7.387338
v 4.147307 19.409906 7.726193
v 3.625010 19.177893 8.060393
v 3.116399 18.886202 8.388505
v 2.791704 19.006903 8.388505
v 2.461506 19.114500 8.388505
v 2.002809 18.726898 8.708570
v 1.574172 18.288530 9.018131
v 1.180817 17.805220 9.314363
v 0.827264 17.283695 9.594249
v 0.517172 16.731245 9.854733
v 0.253267 16.155371 10.092908
v 0.037335 15.563411 10.306197
v -0.129709 14.962191 10.492564
v -0.247681 14.357728 10.650676
v -0.313059 13.721291 10.786457
v -0.327859 13.092174 10.889752
v 6.023819 20.203999 6.000000
v 5.897187 19.984015 6.350894
v 5.376408 19.969994 6.699211
v 4.849829 19.897524 7.044805
v 4.322548 19.765261 7.387338
v 3.799917 19.572474 7.726193
v 3.287545 19.319296 8.060393
v 2.945052 19.446615 8.060393
v 2.596688 19.560131 8.060393
v 2.127607 19.208374 8.388505
v 1.685144 18.802338 8.708570
v 1.274792 18.346807 9.018131
v 0.901532 17.847816 9.314363
v 0.569602 17.312269 9.594249
v 0.282362 16.747601 9.854733
v 0.042228 16.161417 10.092908
v -0.149316 15.561120 10.306197
v -0.291633 14.953571 10.492564
v -0.384787 14.344790 10.650676
v -0.424084 13.706211 10.786457
v 5.524854 20.217663 6.350894
v 5.451502 20.554115 6.000000
v 5.143279 20.435888 6.350894
v 4.858906 20.868690 6.000000
v 4.753098 20.638329 6.350894
v 4.354965 20.824642 6.350894
v 4.237951 20.560665 6.699211
v 3.843425 20.725977 6.699211
v 3.724204 20.424282 7.044805
v 3.443175 20.874771 6.699211
v 3.336332 20.568472 7.044805
v 3.035753 21.007534 6.699211
v 2.941585 20.697105 7.044805
v 2.542563 20.809288 7.044805
v 2.452159 20.460505 7.387338
v 2.063222 20.552872 7.387338
v 1.979577 20.165585 7.726193
v 1.603096 20.238873 7.726193
v 1.529308 19.813618 8.060393
v 1.167598 19.868786 8.060393
v 1.106814 19.407085 8.388505
v 0.762082 19.445314 8.388505
v 0.717381 18.949942 8.708570
v 0.391670 18.972628 8.708570
v 0.365877 18.447605 9.018131
v 0.061003 18.456337 9.018131
v 0.056506 17.906673 9.314363
v -0.225988 17.903208 9.314363
v -0.207371 17.334522 9.594249
v -0.466246 17.320744 9.594249
v -0.423330 16.738941 9.854733
v -0.657668 16.716827 9.854733
v -0.589902 16.127769 10.092908
v -0.799108 16.099356 10.092908
v -0.706523 15.508541 10.306197
v 4.248233 21.146551 6.000000
v 3.949545 20.994518 6.350894
v 3.538284 21.147408 6.350894
v 3.119572 21.283852 6.350894
v 2.623957 21.123310 6.699211
v 2.139288 20.905060 7.044805
v 1.670834 20.629255 7.387338
v 1.223934 20.296701 7.726193
v 0.803934 19.909115 8.060393
v 0.416076 19.469416 8.388505
v 0.065304 18.981976 8.708570
v -0.243973 18.452595 9.018131
v -0.508103 17.888191 9.314363
v -0.724341 17.296389 9.594249
v -0.890906 16.685150 9.854733
v 3.621758 21.386667 6.000000
v 2.981808 21.588144 6.000000
v 2.696407 21.402822 6.350894
v 2.330767 21.750235 6.000000
v 2.268730 21.504389 6.350894
v 1.837258 21.588381 6.350894
v 1.787893 21.303883 6.699211
v 1.365023 21.368378 6.699211
v 1.322680 21.046755 7.044805
v 0.910714 21.092442 7.044805
v 0.878333 20.733589 7.387338
v 0.479545 20.761366 7.387338
v 0.460104 20.365627 7.726193
v 0.076714 20.376610 7.726193
v 0.073183 19.945015 8.060393
v -0.292682 19.940523 8.060393
v -0.277446 19.475090 8.388505
v -0.623800 19.456654 8.388505
v -0.587210 18.960613 8.708570
v -0.912266 18.929941 8.708570
v -0.852191 18.407730 9.018131
v -1.154415 18.366682 9.018131
v -1.069314 17.823629 9.314363
v 1.671054 21.872332 6.000000
v 1.402712 21.654657 6.350894
v 0.939869 21.415527 6.699211
v 0.497225 21.121243 7.044805
v 0.079955 20.772812 7.387338
v -0.306804 20.371902 7.726193
v -0.658058 19.921076 8.060393
v -0.969111 19.424068 8.388505
v -1.235796 18.886000 8.708570
v 1.005126 21.953981 6.000000
v 0.965819 21.703108 6.350894
v 0.513142 21.445250 6.699211
v 0.082903 21.133108 7.044805
v -0.319768 20.767906 7.387338
v -0.689809 20.351515 7.726193
v -1.022333 19.886702 8.060393
v -1.312801 19.377390 8.388505
v 0.527310 21.733650 6.350894
v 0.335458 21.994884 6.000000
v 0.087919 21.746237 6.350894
v -0.335458 21.994884 6.000000
v -0.351619 21.740843 6.350894
v -0.790569 21.717478 6.350894
v -0.769327 21.429510 6.699211
v -1.195196 21.389324 6.699211
v -1.158121 21.067051 7.044805
v -1.568842 21.011269 7.044805
v -1.513059 20.655304 7.387338
v -1.005126 21.953981 6.000000
v -1.228196 21.676182 6.350894
v -1.619064 21.331757 6.699211
v -1.671054 21.872332 6.000000
v -1.663768 21.617023 6.350894
v -3.621758 21.386667 6.000000
v -3.371011 21.204195 6.350894
v -2.950893 21.333515 6.350894
v -2.871606 21.055866 6.699211
v -2.782530 20.743937 7.044805
v -2.683593 20.397476 7.387338
v -2.574796 20.016491 7.726193
v -2.456281 19.601471 8.060393
v -2.328410 19.153688 8.388505
v -2.191833 18.675419 8.708570
v -2.047494 18.169968 9.018131
v -1.896558 17.641417 9.314363
v -1.740320 17.094297 9.594249
v -1.580129 16.533339 9.854733
v -1.417314 15.963186 10.092908
v -1.253103 15.388148 10.306197
v -1.088555 14.811932 10.492564
v -0.924499 14.237434 10.650676
v -0.752164 13.633947 10.786457
v -0.581498 13.036306 10.889752
v -0.412775 12.445466 10.960793
v -3.785489 21.057802 6.350894
v -4.248233 21.146551 6.000000
v -4.193634 20.894583 6.350894
v -4.594762 20.714808 6.350894
v -4.471305 20.453781 6.699211
v -4.854175 20.263020 6.699211
v -4.703600 19.975685 7.044805
v -5.066724 19.775824 7.044805
v -4.886569 19.463785 7.387338
v -5.228606 19.256870 7.387338
v -5.016631 18.922127 7.726193
v -5.336408 18.710346 7.726193
v -5.090779 18.355448 8.060393
v -5.387320 18.141108 8.060393
v -5.106861 17.769348 8.388505
v -5.379420 17.554842 8.388505
v -5.063881 17.170357 8.708570
v -5.311980 16.958109 8.708570
v -4.962169 16.565748 9.018131
v -5.185628 16.358166 9.018131
v -4.803356 15.963175 9.314363
v -5.002306 15.762591 9.314363
v -4.590218 15.370251 9.594249
v -4.765098 15.178879 9.594249
v -4.326487 14.794227 9.854733
v -4.478032 14.614122 9.854733
v -4.016618 14.241725 10.092908
v -4.145827 14.074755 10.092908
v -3.665489 13.718512 10.306197
v -3.773595 13.566339 10.306197
v -3.278077 13.229347 10.492564
v -3.366503 13.093426 10.492564
v -2.859137 12.777925 10.650676
v -2.929453 12.659514 10.650676
v -2.383376 12.350165 10.786457
v -2.436597 12.251569 10.786457
v -1.883734 11.967588 10.889752
v -1.921728 11.889744 10.889752
v -1.364133 11.631582 10.960793
v -1.388820 11.575268 10.960793
v -0.852479 11.276987 11.000000
v -1.411184 11.517991 10.960793
v -1.431186 11.459848 10.960793
v -1.988011 11.729723 10.889752
v -2.016190 11.647813 10.889752
v -2.571478 11.943891 10.786457
v -2.607927 11.837941 10.786457
v -3.160652 12.160154 10.650676
v -3.205453 12.029930 10.650676
v -3.721524 12.366029 10.492564
v -3.774274 12.212695 10.492564
v -4.284075 12.572519 10.306197
v -4.344799 12.396008 10.306197
v -4.845475 12.778588 10.092908
v -4.914156 12.578945 10.092908
v -5.402104 12.982905 9.854733
v -5.478676 12.760329 9.854733
v -5.949759 13.183928 9.594249
v -6.034093 12.938787 9.594249
v -6.483902 13.379992 9.314363
v -6.575807 13.112844 9.314363
v -6.999918 13.569402 9.018131
v -7.099138 13.280993 9.018131
v -7.493381 13.750533 8.708570
v -7.599595 13.441792 8.708570
v -7.960306 13.921924 8.388505
v -8.073138 13.593945 8.388505
v -8.397470 14.082390 8.060393
v -8.516500 13.736399 8.060393
v -8.802647 14.231114 7.726193
v -8.927418 13.868429 7.726193
v -9.174596 14.367642 7.387338
v -9.304640 13.989633 7.387338
v -9.512839 14.491798 7.044805
v -9.647677 14.099853 7.044805
v -9.817370 14.603580 6.699211
v -9.956525 14.199087 6.699211
v -10.088436 14.703078 6.350894
v -10.231433 14.287416 6.350894
v -10.440692 14.462941 6.000000
v -10.357312 13.866254 6.350894
v -10.632386 13.819994 6.000000
v -10.465862 13.440297 6.350894
v -10.784528 13.166556 6.000000
v -10.556903 13.010257 6.350894
v -10.896550 12.505058 6.000000
v -10.630280 12.576853 6.350894
v -10.685872 12.140811 6.350894
v -10.398754 12.110159 6.699211
v -10.435455 11.683976 6.699211
v -10.111752 11.662759 7.044805
v -10.130396 11.248687 7.044805
v -9.770195 11.239845 7.387338
v -9.771830 10.840095 7.387338
v -9.375668 10.846578 7.726193
v -9.361550 10.463290 7.726193
v -8.930649 10.487994 8.060393
v -8.902240 10.123206 8.060393
v -8.438797 10.168851 8.388505
v -8.397748 9.824444 8.388505
v -7.905165 9.893398 8.708570
v -7.853297 9.571044 8.708570
v -7.336133 9.665145 9.018131
v -7.275407 9.366253 9.018131
v -6.739082 9.486689 9.314363
v -6.671558 9.212361 9.314363
v -6.121957 9.359627 9.594249
v -6.049753 9.110642 9.594249
v -5.492894 9.284552 9.854733
v -5.418146 9.061357 9.854733
v -4.859863 9.261113 10.092908
v -4.784687 9.063825 10.092908
v -4.230330 9.288152 10.306197
v -4.156785 9.116585 10.306197
v -3.610949 9.363900 10.492564
v -3.541020 9.217600 10.492564
v -3.007353 9.486226 10.650676
v -2.942931 9.364508 10.650676
v -2.394342 9.669378 10.786457
v -2.337924 9.572576 10.786457
v -1.807450 9.896457 10.889752
v -1.760809 9.823465 10.889752
v -1.249905 10.164840 10.960793
v -1.214706 10.114425 10.960793
v -0.776262 10.551826 11.000000
v -0.666118 10.400225 11.000000
v -1.177474 10.065490 10.960793
v -1.138273 10.018119 10.960793
v -1.658772 9.683505 10.889752
v -1.603546 9.616772 10.889752
v -2.145609 9.297123 10.786457
v -2.074176 9.210804 10.786457
v -2.637209 8.906961 10.650676
v -2.549409 8.800865 10.650676
v -3.105194 8.535543 10.492564
v -3.001813 8.410619 10.492564
v -3.574579 8.163013 10.306197
v -3.455571 8.019204 10.306197
v -4.043004 7.791244 10.092908
v -3.908401 7.628590 10.092908
v -4.507449 7.422634 9.854733
v -4.357383 7.241295 9.854733
v -4.964406 7.059968 9.594249
v -4.799126 6.860245 9.594249
v -5.410087 6.706249 9.314363
v -5.229970 6.488597 9.314363
v -5.840645 6.364534 9.018131
v -5.646193 6.129560 9.018131
v -6.252385 6.037755 8.708570
v -6.044225 5.786216 8.708570
v -6.641981 5.728549 8.388505
v -6.420850 5.461337 8.388505
v -7.006745 5.439051 8.060393
v -6.773470 5.157164 8.060393
v -7.344819 5.170737 7.726193
v -7.100289 4.875249 7.726193
v -7.655169 4.924426 7.387338
v -7.400307 4.616452 7.387338
v -7.937396 4.700435 7.044805
v -7.673136 4.381107 7.044805
v -8.191492 4.498769 6.699211
v -7.918774 4.169219 6.699211
v -8.417666 4.319265 6.350894
v -8.137418 3.980615 6.350894
v -8.293240 3.773509 6.000000
v -7.843554 3.653710 6.350894
v -7.837258 3.281361 6.000000
v -7.536568 3.339095 6.350894
v -7.352122 2.817928 6.000000
v -7.216973 3.037298 6.350894
v -6.885303 2.748823 6.350894
v -6.700302 2.970523 6.699211
v -6.366333 2.703233 6.699211
v -6.168852 2.960595 7.044805
v -5.834922 2.715047 7.044805
v -5.627453 3.009631 7.387338
v -5.295981 2.786182 7.387338
v -5.081275 3.119180 7.726193
v -4.754741 2.917975 7.726193
v -4.535885 3.289982 8.060393
v -4.216792 3.110938 8.060393
v -3.997270 3.521635 8.388505
v -3.688100 3.364423 8.388505
v -3.471768 3.812301 8.708570
v -3.174925 3.676337 8.708570
v -2.965846 4.158623 9.018131
v -2.683589 4.043058 9.018131
v -2.485761 4.555907 9.314363
v -2.220152 4.459643 9.314363
v -2.037256 4.998436 9.594249
v -1.790120 4.920144 9.594249
v -1.625345 5.479774 9.854733
v -1.398237 5.417923 9.854733
v -1.254164 5.993097 10.092908
v -1.048359 5.945997 10.092908
v -0.926895 6.531557 10.306197
v -0.743384 6.497390 10.306197
v -0.645769 7.088637 10.492564
v -0.485274 7.065501 10.492564
v -0.412138 7.658470 10.650676
v -0.275143 7.644411 10.650676
v -0.223854 8.269923 10.786457
v -0.112020 8.263053 10.786457
v -0.086603 8.884065 10.889752
v -4.858906 20.868690 6.000000
v -4.988203 20.518780 6.350894
v -5.228923 20.056761 6.699211
v -5.421371 19.561279 7.044805
v -5.561894 19.036140 7.387338
v -5.647256 18.485664 7.726193
v -5.674847 17.914822 8.060393
v -5.642978 17.329369 8.388505
v -5.551192 16.735893 8.708570
v -5.400411 16.141619 9.018131
v -5.192886 15.554039 9.314363
v -4.932006 14.980515 9.594249
v -4.622084 14.427971 9.854733
v -4.268100 13.902640 10.092908
v -3.875388 13.409871 10.306197
v -3.449297 12.954002 10.492564
v -2.994868 12.538327 10.650676
v -2.485741 12.150878 10.786457
v -1.956506 11.810411 10.889752
v -5.451502 20.554115 6.000000
v -5.373298 20.306826 6.350894
v -5.594923 19.835348 6.699211
v -5.766947 19.332413 7.044805
v -5.885878 18.801966 7.387338
v -5.948657 18.248459 7.726193
v -5.952879 17.676966 8.060393
v -5.897096 17.093306 8.388505
v -5.781116 16.504080 8.708570
v -5.606158 15.916469 9.018131
v -5.374778 15.337868 9.314363
v -5.090662 14.775493 9.594249
v -4.758403 14.236085 9.854733
v -4.383233 13.725669 10.092908
v -3.970698 13.249372 10.306197
v -3.526320 12.811310 10.492564
v -3.055272 12.414566 10.650676
v -2.530726 12.048262 10.786457
v -5.749403 20.079300 6.350894
v -6.023819 20.203999 6.000000
v -6.115889 19.836584 6.350894
v -6.573727 19.819643 6.000000
v -6.472143 19.579084 6.350894
v -6.817568 19.307230 6.350894
v -6.634387 19.084024 6.699211
v -6.959432 18.805950 6.699211
v -6.743553 18.563812 7.044805
v -7.047232 18.281710 7.044805
v -6.796657 18.022797 7.387338
v -7.078167 17.738976 7.387338
v -6.791209 17.465769 7.726193
v -7.049944 17.182634 7.726193
v -6.725443 16.898054 8.060393
v -6.961016 16.618086 8.060393
v -6.598632 16.325613 8.388505
v -6.810902 16.051310 8.388505
v -6.411397 15.755016 8.708570
v -6.600489 15.488846 8.708570
v -6.165826 15.193241 9.018131
v -6.332150 14.937584 9.018131
v -5.865359 14.647314 9.314363
v -6.009608 14.404401 9.314363
v -5.514539 14.123947 9.594249
v -5.637679 13.895819 9.594249
v -5.118749 13.629269 9.854733
v -5.221991 13.417739 9.854733
v -4.683919 13.168616 10.092908
v -4.768686 12.975255 10.092908
v -4.216183 12.746400 10.306197
v -7.099180 19.402477 6.000000
v -7.151587 19.021479 6.350894
v -7.272832 18.514816 6.699211
v -7.339120 17.987423 7.044805
v -7.347834 17.443878 7.387338
v -7.296884 16.889156 7.726193
v -7.184943 16.328716 8.060393
v -7.011776 15.768554 8.388505
v -6.778538 15.215165 8.708570
v -6.487879 14.675338 9.018131
v -6.143803 14.155791 9.314363
v -5.751386 13.662845 9.594249
v -5.316495 13.202165 9.854733
v -7.598224 18.954056 6.000000
v -7.473641 18.722305 6.350894
v -7.574065 18.211109 6.699211
v -7.618730 17.681446 7.044805
v -7.605208 17.137999 7.387338
v -7.531615 16.585827 7.726193
v -7.396849 16.030434 8.060393
v -7.200920 15.477819 8.388505
v -6.945245 14.934433 8.708570
v -6.632753 14.406943 9.018131
v -6.267719 13.901902 9.314363
v -5.855471 13.425416 9.594249
v -7.783191 18.410213 6.350894
v -8.069002 18.476042 6.000000
v -8.079719 18.085724 6.350894
v -8.509763 17.970219 6.000000
v -8.362728 17.749378 6.350894
v -8.631746 17.401739 6.350894
v -8.399821 17.229733 6.699211
v -8.647557 16.881012 6.699211
v -8.379313 16.698586 7.044805
v -8.605346 16.351149 7.044805
v -8.299370 16.160879 7.387338
v -8.503480 15.817163 7.387338
v -8.158738 15.621868 7.726193
v -8.340923 15.284352 7.726193
v -7.957000 15.087149 8.060393
v -8.117487 14.758329 8.060393
v -7.694898 14.562675 8.388505
v -7.834156 14.245013 8.388505
v -7.374630 14.054672 8.708570
v -8.918866 17.438465 6.000000
v -8.886323 17.043390 6.350894
v -8.880826 16.522453 6.699211
v -8.816981 15.994759 7.044805
v -8.693363 15.465384 7.387338
v -8.509153 14.939669 7.726193
v -8.264392 14.423223 8.060393
v -9.294791 16.882759 6.000000
v -9.126033 16.674932 6.350894
v -9.099236 16.154654 6.699211
v -9.013865 15.630012 7.044805
v -8.868702 15.106136 7.387338
v -8.663147 14.588393 7.726193
v -9.350473 16.296978 6.350894
v -9.636139 16.305170 6.000000
v -9.559270 15.910161 6.350894
v -9.941640 15.707845 6.000000
v -9.752072 15.515130 6.350894
v -9.928560 15.112544 6.350894
v -9.661790 15.002045 6.699211
v -10.210156 15.093006 6.000000
v -10.968037 11.837962 6.000000
v -10.723586 11.702861 6.350894
v -10.454697 11.256648 6.699211
v -10.132092 10.834199 7.044805
v -9.757116 10.440612 7.387338
v -9.331770 10.080901 7.726193
v -8.858936 9.759885 8.060393
v -8.342649 9.482003 8.388505
v -7.788291 9.251081 8.708570
v -7.202509 9.070093 9.018131
v -6.592872 8.941025 9.314363
v -5.967427 8.864820 9.594249
v -5.334333 8.841404 9.854733
v -4.701505 8.869776 10.092908
v -4.076286 8.948170 10.306197
v -3.465168 9.074282 10.492564
v -2.873587 9.245525 10.650676
v -2.277594 9.478161 10.786457
v -1.711222 9.752441 10.889752
v -10.998721 11.167748 6.000000
v -10.743359 11.263735 6.350894
v -10.456447 10.828892 6.699211
v -10.116836 10.419989 7.044805
v -9.726078 10.042065 7.387338
v -9.286378 9.700049 7.726193
v -8.800811 9.398638 8.060393
v -8.273592 9.142103 8.388505
v -7.710254 8.934044 8.708570
v -7.117561 8.777164 9.018131
v -6.503156 8.673134 9.314363
v -5.875118 8.622570 9.594249
v -5.241596 8.625064 9.854733
v -4.610456 8.679291 10.092908
v -3.988967 8.783188 10.306197
v -3.383517 8.934186 10.492564
v -2.799434 9.129478 10.650676
v -2.213453 9.386292 10.786457
v -10.745157 10.824167 6.350894
v -10.988489 10.496911 6.000000
v -10.728978 10.384893 6.350894
v -10.937380 9.827945 6.000000
v -10.694848 9.946650 6.350894
v -10.642825 9.510167 6.350894
v -10.356863 9.550198 6.699211
v -10.288910 9.127870 6.699211
v -9.969752 9.185942 7.044805
v -9.887227 8.779749 7.044805
v -9.535671 8.858693 7.387338
v -9.440126 8.470526 7.387338
v -9.057412 8.573073 7.726193
v -8.950586 8.204703 7.726193
v -8.538601 8.333367 8.060393
v -8.422407 7.986414 8.060393
v -7.983944 8.143299 8.388505
v -7.860442 7.819187 8.388505
v -7.399374 8.005763 8.708570
v -7.270736 7.705672 8.708570
v -6.791935 7.922615 9.018131
v -6.660404 7.647434 9.018131
v -6.169415 7.894577 9.314363
v -6.037259 7.644878 9.314363
v -5.539911 7.921272 9.594249
v -5.409373 7.697294 9.594249
v -4.911459 8.001297 9.854733
v -4.784719 7.802953 9.854733
v -4.291704 8.132375 10.092908
v -4.170843 7.959266 10.092908
v -3.687607 8.311567 10.306197
v -10.845583 9.163339 6.000000
v -10.572995 9.076179 6.350894
v -10.203743 8.708673 6.699211
v -9.788159 8.377271 7.044805
v -9.328787 8.086590 7.387338
v -8.828786 7.841010 7.726193
v -8.292121 7.644504 8.060393
v -7.723787 7.500397 8.388505
v -7.129933 7.411093 8.708570
v -6.517730 7.377863 9.018131
v -5.895002 7.400793 9.314363
v -5.269785 7.478842 9.594249
v -4.649974 7.609958 9.854733
v -10.713440 8.505565 6.000000
v -10.485476 8.645408 6.350894
v -10.101503 8.293310 6.699211
v -9.672715 7.979180 7.044805
v -9.201840 7.707529 7.387338
v -8.692214 7.482602 7.726193
v -8.147963 7.308206 8.060393
v -7.574211 7.187463 8.388505
v -6.977201 7.122519 8.708570
v -6.364151 7.114352 9.018131
v -5.742882 7.162729 9.314363
v -5.121379 7.266282 9.594249
v -10.380414 8.218576 6.350894
v -10.541442 7.857071 6.000000
v -10.257985 7.796399 6.350894
v -10.330229 7.220269 6.000000
v -10.118394 7.379581 6.350894
v -9.961873 6.968821 6.350894
v -9.694208 7.077134 6.699211
v -9.525674 6.683973 6.699211
v -9.230191 6.817855 7.044805
v -9.051442 6.443887 7.044805
v -8.729605 6.605886 7.387338
v -8.542605 6.252567 7.387338
v -8.196278 6.445034 7.726193
v -8.003147 6.113660 7.726193
v -7.634771 6.338573 8.060393
v -7.437757 6.030250 8.060393
v -7.050554 6.288970 8.388505
v -6.852000 6.004581 8.388505
v -6.450084 6.297596 8.708570
v -10.080587 6.597527 6.000000
v -9.788685 6.564805 6.350894
v -9.341203 6.298034 6.699211
v -8.857549 6.077542 7.044805
v -8.341314 5.907191 7.387338
v -7.796626 5.790461 7.726193
v -7.228298 5.730242 8.060393
v -9.793445 5.991163 6.000000
v -9.599120 6.168209 6.350894
v -9.141103 5.919961 6.699211
v -8.648837 5.719432 7.044805
v -8.126067 5.570335 7.387338
v -7.577061 5.475978 7.726193
v -9.393496 5.779697 6.350894
v -9.469870 5.403432 6.000000
v -9.172154 5.399920 6.350894
v -9.111067 4.836522 6.000000
v -8.935468 5.029511 6.350894
v -8.683831 4.669092 6.350894
v -8.450506 4.839197 6.699211
v -8.718369 4.292539 6.000000
v -6.839635 2.384932 6.000000
v -6.542113 2.474152 6.350894
v -6.021714 2.449824 6.699211
v -5.491230 2.483360 7.044805
v -4.955649 2.576475 7.387338
v -4.420251 2.730293 7.726193
v -3.890643 2.945093 8.060393
v -3.372760 3.219987 8.388505
v -2.872769 3.552625 8.708570
v -2.396841 3.939134 9.018131
v -1.950828 4.374322 9.314363
v -1.539988 4.852023 9.594249
v -1.168790 5.365413 9.854733
v -0.840799 5.907353 10.092908
v -0.558629 6.470756 10.306197
v -0.323968 7.048947 10.492564
v -0.137687 7.635966 10.650676
v -6.301704 1.983985 6.000000
v -6.187978 2.213747 6.350894
v -5.667019 2.210720 6.699211
v -5.138350 2.265922 7.044805
v -4.607026 2.380862 7.387338
v -4.078365 2.556445 7.726193
v -3.557985 2.792724 8.060393
v -3.051776 3.088567 8.388505
v -2.565808 3.441374 8.708570
v -2.106084 3.847022 9.018131
v -1.678241 4.300086 9.314363
v -1.287280 4.794188 9.594249
v -0.937387 5.322329 9.854733
v -0.631834 5.877229 10.092908
v -0.372939 6.451700 10.306197
v -0.162120 7.039003 10.492564
v -5.823490 1.968041 6.350894
v -5.740331 1.616578 6.000000
v -5.449258 1.737446 6.350894
v -5.157603 1.284078 6.000000
v -5.065910 1.522349 6.350894
v -4.674086 1.323108 6.350894
v -4.548499 1.583116 6.699211
v -4.159592 1.404984 6.699211
v -4.030563 1.702617 7.044805
v -3.646978 1.545566 7.044805
v -3.517304 1.881733 7.387338
v -3.141472 1.745521 7.387338
v -3.014113 2.120709 7.726193
v -2.648475 2.004876 7.726193
v -2.526569 2.418911 8.060393
v -2.173534 2.322766 8.060393
v -2.060382 2.774495 8.388505
v -1.722278 2.697117 8.388505
v -1.621255 3.184136 8.708570
v -1.300271 3.124374 8.708570
v -1.214644 3.643009 9.018131
v -0.912766 3.599491 9.018131
v -0.845479 4.145038 9.314363
v -0.564440 4.116197 9.314363
v -0.517941 4.683282 9.594249
v -0.259187 4.667386 9.594249
v -0.235330 5.250281 9.854733
v -4.555688 0.987722 6.000000
v -4.274442 1.140058 6.350894
v -3.763727 1.242905 6.699211
v -3.257290 1.404333 7.044805
v -2.760385 1.624793 7.387338
v -2.278406 1.904092 7.726193
v -1.816862 2.241139 8.060393
v -1.381293 2.633631 8.388505
v -0.977112 3.077788 8.708570
v -0.609360 3.568354 9.018131
v -0.282456 4.098873 9.314363
v -3.936826 0.728613 6.000000
v -3.867646 0.973504 6.350894
v -3.361564 1.097150 6.699211
v -2.862153 1.279154 7.044805
v -2.374679 1.519751 7.387338
v -1.904526 1.818526 7.726193
v -1.457151 2.174166 8.060393
v -1.037997 2.584141 8.388505
v -0.652317 3.044456 8.708570
v -0.304935 3.549651 9.018131
v -3.454380 0.823725 6.350894
v -3.303319 0.507713 6.000000
v -3.035334 0.690972 6.350894
v -2.657524 0.325846 6.000000
v -2.611210 0.575466 6.350894
v -2.182717 0.477402 6.350894
v -2.124069 0.760133 6.699211
v -1.703536 0.681836 6.699211
v -1.650693 1.001901 7.044805
v -1.240442 0.942760 7.044805
v -1.196336 1.300360 7.387338
v -0.798671 1.259551 7.387338
v -0.766292 1.654441 7.726193
v -0.383467 1.630921 7.726193
v -0.365816 2.062170 8.060393
v -2.001842 0.183687 6.000000
v -1.750572 0.396943 6.350894
v -1.280152 0.620802 6.699211
v -0.828116 0.900446 7.044805
v -0.399670 1.235038 7.387338
v -1.338713 0.081765 6.000000
v -1.315498 0.334224 6.350894
v -0.854626 0.577133 6.699211
v -0.414405 0.875029 7.044805
v -0.878223 0.289349 6.350894
v -0.670604 0.020460 6.000000
v -0.439479 0.262394 6.350894
v -0.427671 0.550902 6.699211
v -0.346772 2.527464 8.388505
v -0.326432 3.024435 8.708570
v -0.211082 5.842729 10.092908
v -0.186626 6.440254 10.306197
v -0.061475 9.498010 10.960793
v -0.122847 9.501781 10.960793
v -0.173061 8.889377 10.889752
v -0.259230 8.898219 10.889752
v -0.335312 8.281362 10.786457
v -0.446210 8.297349 10.786457
v -0.548445 7.678119 10.650676
v -0.683833 7.703327 10.650676
v -0.805183 7.118318 10.492564
v -0.963249 7.154493 10.492564
v -1.108856 6.573200 10.306197
v -1.288961 6.622250 10.306197
v -1.457871 6.048574 10.092908
v -1.659138 6.112336 10.092908
v -1.849734 5.550859 9.854733
v -2.071028 5.631063 9.854733
v -2.280985 5.086770 9.594249
v -2.520896 5.184997 9.594249
v -2.747211 4.662952 9.314363
v -3.004065 4.780600 9.314363
v -3.243141 4.285634 9.018131
v -3.515011 4.423878 9.018131
v -3.762803 3.960291 8.708570
v -4.047543 4.120059 8.708570
v -4.299751 3.691358 8.388505
v -4.595040 3.873309 8.388505
v -4.847390 3.481925 8.060393
v -5.150785 3.686448 8.060393
v -5.399309 3.333570 7.726193
v -5.708309 3.560787 7.726193
v -5.949510 3.246448 7.387338
v -6.261612 3.496238 7.387338
v -6.492461 3.219594 7.044805
v -6.805208 3.491610 7.044805
v -7.023060 3.251247 6.699211
v -7.334068 3.544935 6.699211
v -0.184014 9.508058 10.960793
v -0.186362 10.123238 11.000000
v -0.244872 9.516830 10.960793
v -0.305321 9.528085 10.960793
v -0.430123 8.926434 10.889752
v -0.514561 8.945758 10.889752
v -0.665581 8.342853 10.786457
v -0.773687 8.372294 10.786457
v -0.950954 7.770237 10.650676
v -1.082239 7.811828 10.650676
v -1.274287 7.246073 10.492564
v -1.426736 7.301325 10.492564
v -1.642404 6.742228 10.306197
v -1.815151 6.812955 10.306197
v -2.053014 6.264271 10.092908
v -2.244963 6.352190 10.092908
v -2.502856 5.818267 9.854733
v -2.712668 5.924955 9.854733
v -2.987673 5.410457 9.594249
v -3.213757 5.537313 9.594249
v -3.502273 5.046898 9.314363
v -3.742794 5.195103 9.314363
v -4.040661 4.733124 9.018131
v -4.293563 4.903608 9.018131
v -4.596241 4.473840 8.708570
v -4.859281 4.667261 8.708570
v -5.162071 4.272658 8.388505
v -5.432866 4.489387 8.388505
v -5.731228 4.131837 8.060393
v -6.007306 4.371960 8.060393
v -6.297156 4.052159 7.726193
v -6.576019 4.315491 7.726193
v -6.853884 4.033042 7.387338
v -7.133062 4.319158 7.387338
v -7.396039 4.072853 7.044805
v -0.364578 10.181144 11.000000
v -0.483203 9.576530 10.960793
v -0.424587 9.557960 10.960793
v -0.365259 9.541802 10.960793
v -0.598138 8.968519 10.889752
v -0.526861 10.274837 11.000000
v -0.762249 9.704342 10.960793
v -0.708626 9.674253 10.960793
v -0.653817 9.646383 10.960793
v -0.998280 9.132349 10.889752
v -0.921068 9.093087 10.889752
v -1.291268 8.584208 10.786457
v -1.191395 8.533422 10.786457
v -1.587122 8.030703 10.650676
v -1.464366 7.968282 10.650676
v -1.868764 7.503788 10.492564
v -1.724224 7.430290 10.492564
v -2.151249 6.975296 10.306197
v -1.984860 6.890688 10.306197
v -2.433156 6.447885 10.092908
v -1.009520 9.886167 10.960793
v -0.963125 9.845815 10.960793
v -0.915119 9.807393 10.960793
v -1.356807 9.374036 10.889752
v -1.289178 9.319910 10.889752
v -1.755020 8.896828 10.786457
v -1.667543 8.826816 10.786457
v -2.157128 8.414950 10.650676
v -2.049609 8.328897 10.650676
v -2.539920 7.956223 10.492564
v -2.413321 7.854899 10.492564
v -2.923858 7.496120 10.306197
v -2.778122 7.379481 10.306197
v -3.307010 7.036960 10.092908
v -3.142176 6.905036 10.092908
v -3.686907 6.581701 9.854733
v -3.503138 6.434622 9.854733
v -4.060678 6.133782 9.594249
v -3.858279 5.971793 9.594249
v -4.425228 5.696916 9.314363
v -4.204658 5.520384 9.314363
v -4.777406 5.274874 9.018131
v -4.539282 5.084292 9.018131
v -5.114192 4.871278 8.708570
v -0.852479 10.723013 11.000000
v -1.369254 10.379599 10.960793
v -1.342738 10.324122 10.960793
v -1.313974 10.269777 10.960793
v -1.891587 10.047855 10.889752
v -1.851067 9.971295 10.889752
v -2.446754 9.768407 10.786457
v -0.891439 10.906306 11.000000
v -1.466722 10.670636 10.960793
v -1.452026 10.610930 10.960793
v -1.434900 10.551876 10.960793
v -2.045548 10.451897 10.889752
v -2.021422 10.368704 10.889752
v -2.645901 10.291033 10.786457
v -2.614695 10.183422 10.786457
v -3.252128 10.128595 10.650676
v -3.213771 9.996329 10.650676
v -3.829232 9.973960 10.492564
v -3.784069 9.818223 10.492564
v -4.408064 9.818863 10.306197
v -4.356074 9.639585 10.306197
v -4.985712 9.664083 10.092908
v -4.926909 9.461310 10.092908
v -5.558452 9.510617 9.854733
v -0.891439 11.093694 11.000000
v -1.503047 10.975404 10.960793
v -1.500784 10.913959 10.960793
v -1.496009 10.852656 10.960793
v -2.114235 10.878788 10.889752
v -2.107510 10.792428 10.889752
v -2.734748 10.843213 10.786457
v -2.726048 10.731507 10.786457
v -3.361331 10.807290 10.650676
v -3.350638 10.669991 10.650676
v -3.957814 10.773093 10.492564
v -3.945224 10.611429 10.492564
v -4.556082 10.738793 10.306197
v -4.541589 10.552692 10.306197
v -5.153127 10.704564 10.092908
v -5.136734 10.494076 10.092908
v -5.745099 10.670626 9.854733
v -5.726823 10.435957 9.854733
v -6.327526 10.637235 9.594249
v -6.307397 10.378776 9.594249
v -6.895582 10.604668 9.314363
v -6.873646 10.323005 9.314363
v -7.444362 10.573205 9.018131
v -7.420681 10.269127 9.018131
v -7.969156 10.543118 8.708570
v -7.943806 10.217604 8.708570
v -8.465728 10.514648 8.388505
v -1.463979 11.341352 10.960793
v -1.476713 11.281198 10.960793
v -1.486978 11.220572 10.960793
v -2.080326 11.396138 10.889752
v -2.094786 11.310732 10.889752
v -2.690887 11.512402 10.786457
v -2.709590 11.401930 10.786457
v -3.307420 11.629803 10.650676
v -3.330410 11.494020 10.650676
v -3.894337 11.741564 10.492564
v -3.921405 11.581685 10.492564
v -4.483010 11.853660 10.306197
v -4.514170 11.669614 10.306197
v -5.070479 11.965526 10.092908
v -5.105722 11.757362 10.092908
v -5.652956 12.076442 9.854733
v -5.692248 11.844365 9.854733
v -6.226043 12.185570 9.594249
v -6.269318 11.929965 9.594249
v -6.784988 12.292005 9.314363
v -6.832148 12.013453 9.314363
v -7.324966 12.394828 9.018131
v -7.375880 12.094109 9.018131
v -7.841344 12.493157 8.708570
v -7.895847 12.171238 8.708570
v -8.329951 12.586198 8.388505
v -8.387850 12.244220 8.388505
v -8.787416 12.673309 8.060393
v -8.848494 12.312551 8.060393
v -9.211406 12.754045 7.726193
v -9.275432 12.375880 7.726193
v -9.600628 12.828162 7.387338
v -9.667358 12.434017 7.387338
v -9.954577 12.895561 7.044805
v -10.023768 12.486886 7.044805
v -10.273250 12.956244 6.699211
v -10.344656 12.534485 6.699211
v -0.776262 11.448174 11.000000
v -1.337163 11.686840 10.960793
v -1.842589 12.043814 10.889752
v -2.326167 12.446504 10.786457
v -2.784037 12.893362 10.650676
v -3.184166 13.361538 10.492564
v -3.551250 13.866137 10.306197
v -3.880688 14.403272 10.092908
v -4.167704 14.967983 9.854733
v -4.407657 15.554310 9.594249
v -4.596370 16.155455 9.314363
v -4.730408 16.764019 9.018131
v -4.807310 17.372282 8.708570
v -4.825758 17.972530 8.388505
v -4.785721 18.557480 8.060393
v -4.688461 19.120653 7.726193
v -4.536357 19.656540 7.387338
v -4.332607 20.160528 7.044805
v -4.080955 20.628725 6.699211
v -0.666118 11.599775 11.000000
v -1.207420 11.895484 10.960793
v -1.243031 11.845358 10.960793
v -1.276561 11.793817 10.960793
v -1.751125 12.190901 10.889752
v -1.798361 12.118293 10.889752
v -2.265067 12.540421 10.786457
v -0.526861 11.725163 11.000000
v -1.000373 12.122055 10.960793
v -1.045423 12.080206 10.960793
v -1.088723 12.036551 10.960793
v -1.472744 12.521746 10.889752
v -1.533743 12.460245 10.889752
v -1.904983 12.968367 10.786457
v -1.983886 12.888816 10.786457
v -2.341451 13.419357 10.650676
v -2.438432 13.321580 10.650676
v -2.756952 13.848682 10.492564
v -2.871142 13.733554 10.492564
v -3.173697 14.279293 10.306197
v -3.305148 14.146762 10.306197
v -3.589589 14.709023 10.092908
v -3.738266 14.559125 10.092908
v -4.001947 15.135101 9.854733
v -0.364578 11.818856 11.000000
v -0.751624 12.301851 10.960793
v -0.804234 12.270024 10.960793
v -0.855499 12.236073 10.960793
v -1.132968 12.789152 10.889752
v -1.205187 12.741323 10.889752
v -1.465486 13.314256 10.786457
v -1.558901 13.252389 10.786457
v -1.801257 13.844496 10.650676
v -1.916075 13.768455 10.650676
v -2.120898 14.349264 10.492564
v -2.256091 14.259728 10.492564
v -2.441496 14.855543 10.306197
v -2.597125 14.752474 10.306197
v -2.761438 15.360786 10.092908
v -2.937461 15.244210 10.092908
v -3.078661 15.861737 9.854733
v -3.274905 15.731770 9.854733
v -3.390770 16.354610 9.594249
v -3.606909 16.211468 9.594249
v -3.695178 16.835323 9.314363
v -3.930721 16.679329 9.314363
v -3.989256 17.299723 9.018131
v -4.243545 17.131313 9.018131
v -4.270481 17.743826 8.708570
v -4.542696 17.563543 8.708570
v -4.536582 18.164045 8.388505
v -0.471541 12.427376 10.960793
v -0.529519 12.406898 10.960793
v -0.586611 12.384068 10.960793
v -0.745962 12.981975 10.889752
v -0.826391 12.949811 10.889752
v -0.964897 13.563669 10.786457
v -1.068930 13.522066 10.786457
v -1.185973 14.151055 10.650676
v -1.313843 14.099919 10.650676
v -1.396429 14.710224 10.492564
v -1.546990 14.650013 10.492564
v -1.607516 15.271067 10.306197
v -1.780835 15.201755 10.306197
v -1.818170 15.830762 10.092908
v -2.014202 15.752367 10.092908
v -2.027035 16.385702 9.854733
v -2.245586 16.298302 9.854733
v -2.232531 16.931694 9.594249
v -2.473239 16.835432 9.594249
v -2.432958 17.464214 9.314363
v -2.695275 17.359310 9.314363
v -2.626583 17.978662 9.018131
v -2.909776 17.865412 9.018131
v -2.811745 18.470629 8.708570
v -3.114902 18.349394 8.708570
v -2.986950 18.936134 8.388505
v -3.308997 18.807346 8.388505
v -3.150987 19.371971 8.060393
v -3.490721 19.236109 8.060393
v -3.303021 19.775917 7.726193
v -3.659147 19.633499 7.726193
v -3.442588 20.146738 7.387338
v -3.813762 19.998302 7.387338
v -3.569508 20.483953 7.044805
v -3.954365 20.330046 7.044805
v -3.683777 20.787560 6.699211
v 0.000000 11.896350 11.000000
v -0.110586 12.499175 10.960793
v -0.069289 13.116573 10.889752
v 0.022410 13.739147 10.786457
v 0.165204 14.362795 10.650676
v 0.356281 14.948271 10.492564
v 0.595665 15.524522 10.306197
v 0.882435 16.085598 10.092908
v 1.214848 16.624836 9.854733
v 1.590234 17.135172 9.594249
v 2.004969 17.609495 9.314363
v 2.273847 17.521883 9.314363
v 2.538398 17.423540 9.314363
v 3.021717 17.816883 9.018131
v 3.530456 18.159056 8.708570
v 4.058317 18.445414 8.388505
v 4.598810 18.672651 8.060393
v 5.145579 18.838985 7.726193
v 5.692635 18.944063 7.387338
v 6.234417 18.988668 7.044805
v 6.765768 18.974392 6.699211
v 0.186362 11.876762 11.000000
v 0.135100 12.497165 10.960793
v 0.073761 12.501437 10.960793
v 0.012298 12.503198 10.960793
v 0.103911 13.115156 10.889752
v 0.017325 13.117636 10.889752
v 0.134408 13.735939 10.786457
v 0.364578 11.818856 11.000000
v 0.436370 12.438519 10.960793
v 0.377177 12.455160 10.960793
v 0.317353 12.469368 10.960793
v 0.531350 13.049963 10.889752
v 0.447072 13.069978 10.889752
v 0.687297 13.651613 10.786457
v 0.578285 13.677502 10.786457
v 0.844770 14.259148 10.650676
v 0.710781 14.290968 10.650676
v 0.994678 14.837498 10.492564
v 0.836912 14.874965 10.492564
v 1.145035 15.417580 10.306197
v 0.963421 15.460711 10.306197
v 1.295084 15.996474 10.092908
v 1.089671 16.045258 10.092908
v 1.443858 16.570450 9.854733
v 0.526861 11.725163 11.000000
v 0.772824 12.289379 10.960793
v 0.719449 12.319904 10.960793
v 0.664870 12.348222 10.960793
v 1.013526 12.859421 10.889752
v 0.936638 12.899314 10.889752
v 1.310989 13.405148 10.786457
v 1.211534 13.456748 10.786457
v 1.611362 13.956213 10.650676
v 1.489120 14.019636 10.650676
v 1.897305 14.480806 10.492564
v 1.753371 14.555484 10.492564
v 2.184104 15.006969 10.306197
v 2.018413 15.092936 10.306197
v 2.470316 15.532057 10.092908
v 2.282912 15.629289 10.092908
v 2.754097 16.052683 9.854733
v 2.545165 16.161083 9.854733
v 3.033302 16.564913 9.594249
v 2.803189 16.684305 9.594249
v 3.305618 17.064507 9.314363
v 3.054846 17.194614 9.314363
v 3.568693 17.547146 9.018131
v 3.297964 17.687609 9.018131
v 3.820270 18.008690 8.708570
v 1.018598 12.105537 10.960793
v 0.972535 12.146268 10.960793
v 0.924846 12.185081 10.960793
v 1.370064 12.614809 10.889752
v 1.302880 12.669487 10.889752
v 1.772167 13.088744 10.786457
v 1.685266 13.159469 10.786457
v 2.178205 13.567315 10.650676
v 2.071393 13.654244 10.650676
v 2.564737 14.022897 10.492564
v 2.438970 14.125252 10.492564
v 2.952426 14.479841 10.306197
v 2.807649 14.597670 10.306197
v 3.339322 14.935852 10.092908
v 3.175573 15.069120 10.092908
v 3.722930 15.387988 9.854733
v 3.540370 15.536565 9.854733
v 4.100354 15.832833 9.594249
v 3.899286 15.996473 9.594249
v 4.468465 16.266703 9.314363
v 4.249346 16.445034 9.314363
v 4.824084 16.685850 9.018131
v 4.587527 16.878374 9.018131
v 5.164161 17.086678 8.708570
v 4.910928 17.292772 8.708570
v 5.485948 17.465948 8.388505
v 5.216936 17.684885 8.388505
v 5.787226 17.821045 8.060393
v 5.503439 18.052006 8.060393
v 6.066458 18.150158 7.726193
v 5.768979 18.392263 7.726193
v 6.322792 18.452284 7.387338
v 6.012743 18.704618 7.387338
v 6.555896 18.727030 7.044805
v 0.891439 11.093694 11.000000
v 1.474363 11.293269 10.960793
v 1.462570 11.347338 10.960793
v 1.448794 11.400935 10.960793
v 2.060402 11.489313 10.889752
v 0.891439 10.906306 11.000000
v 1.503135 11.018447 10.960793
v 1.501437 11.073761 10.960793
v 1.497705 11.128975 10.960793
v 2.115156 11.103911 10.889752
v 2.109898 11.181694 10.889752
v 2.735939 11.134408 10.786457
v 2.729138 11.235020 10.786457
v 3.362795 11.165203 10.650676
v 3.354436 11.288867 10.650676
v 3.959538 11.194520 10.492564
v 3.949695 11.340127 10.492564
v 4.558067 11.223924 10.306197
v 4.546736 11.391541 10.306197
v 5.155372 11.253267 10.092908
v 0.852479 10.723013 11.000000
v 1.470654 10.688661 10.960793
v 1.481117 10.743002 10.960793
v 1.489572 10.797692 10.960793
v 2.086529 10.637953 10.889752
v 2.098441 10.714997 10.889752
v 2.698910 10.531694 10.786457
v 2.714319 10.631351 10.786457
v 3.317282 10.424397 10.650676
v 3.336221 10.546886 10.650676
v 3.905949 10.322253 10.492564
v 3.928248 10.466480 10.492564
v 4.496377 10.219805 10.306197
v 4.522048 10.385833 10.306197
v 5.085598 10.117565 10.092908
v 5.114632 10.305349 10.092908
v 5.669812 10.016194 9.854733
v 5.702182 10.225551 9.854733
v 6.244607 9.916458 9.594249
v 6.280258 10.147038 9.594249
v 6.805219 9.819182 9.314363
v 6.844070 10.070464 9.314363
v 7.346808 9.725208 9.018131
v 7.388751 9.996488 9.018131
v 7.864725 9.635341 8.708570
v 7.909625 9.925744 8.708570
v 8.354789 9.550306 8.388505
v 1.366705 10.374003 10.960793
v 1.388820 10.424732 10.960793
v 1.409053 10.476240 10.960793
v 1.956506 10.189589 10.889752
v 1.985009 10.262152 10.889752
v 2.530726 9.951738 10.786457
v 2.567595 10.045598 10.786457
v 3.110564 9.711562 10.650676
v 3.155880 9.826926 10.650676
v 3.662547 9.482924 10.492564
v 3.715905 9.618759 10.492564
v 4.216183 9.253600 10.306197
v 4.277606 9.409969 10.306197
v 4.768686 9.024745 10.092908
v 4.838159 9.201606 10.092908
v 5.316495 8.797835 9.854733
v 5.393948 8.995013 9.854733
v 5.855471 8.574584 9.594249
v 5.940776 8.791752 9.594249
v 6.381148 8.356842 9.314363
v 6.474112 8.593505 9.314363
v 6.888988 8.146488 9.018131
v 6.989349 8.401986 9.018131
v 7.374630 7.945328 8.708570
v 7.482067 8.218838 8.708570
v 7.834156 7.754986 8.388505
v 7.948287 8.045539 8.388505
v 8.264392 7.576777 8.060393
v 8.384791 7.883286 8.060393
v 8.663147 7.411607 7.726193
v 8.789355 7.732905 7.726193
v 9.029202 7.259982 7.387338
v 9.160744 7.594856 7.387338
v 9.362085 7.122097 7.044805
v 9.498476 7.469317 7.044805
v 9.661790 6.997955 6.699211
v 9.802547 7.356291 6.699211
v 0.666118 10.400225 11.000000
v 1.196340 10.089767 10.960793
v 1.637010 9.656541 10.889752
v 2.052063 9.185485 10.786457
v 2.438432 8.678420 10.650676
v 2.768582 8.162620 10.492564
v 3.064702 7.618622 10.306197
v 3.323194 7.050521 10.092908
v 3.540370 6.463435 9.854733
v 3.712738 5.863390 9.594249
v 3.837271 5.257118 9.314363
v 3.911648 4.651796 9.018131
v 3.934433 4.054755 8.708570
v 3.905197 3.473145 8.388505
v 3.824614 2.913532 8.060393
v 3.694433 2.381541 7.726193
v 3.517304 1.881733 7.387338
v 3.296515 1.417737 7.044805
v 3.035753 0.992465 6.699211
v 0.526861 10.274837 11.000000
v 1.009520 9.886167 10.960793
v 1.049833 9.924079 10.960793
v 1.088723 9.963449 10.960793
v 1.478956 9.484292 10.889752
v 1.533743 9.539755 10.889752
v 1.913019 9.039443 10.786457
v 1.983886 9.111184 10.786457
v 2.351328 8.590241 10.650676
v 0.364578 10.181144 11.000000
v 0.740948 9.692043 10.960793
v 0.788588 9.720202 10.960793
v 0.835160 9.750095 10.960793
v 1.110927 9.197080 10.889752
v 1.176535 9.239191 10.889752
v 1.436976 8.667935 10.786457
v 1.521839 8.722406 10.786457
v 1.766215 8.133615 10.650676
v 1.870522 8.200566 10.650676
v 2.079638 7.624962 10.492564
v 2.202454 7.703794 10.492564
v 2.393999 7.114786 10.306197
v 2.535380 7.205535 10.306197
v 2.707716 6.605655 10.092908
v 2.867625 6.708296 10.092908
v 3.018769 6.100849 9.854733
v 3.197047 6.215281 9.854733
v 3.324805 5.604182 9.594249
v 3.521158 5.730215 9.594249
v 3.623291 5.119771 9.314363
v 0.489022 9.578518 10.960793
v 0.541011 9.597481 10.960793
v 0.592268 9.618344 10.960793
v 0.762152 9.024195 10.889752
v 0.834360 9.053586 10.889752
v 0.985838 8.444310 10.786457
v 1.079238 8.482327 10.786457
v 1.211713 7.858753 10.650676
v 1.326512 7.905481 10.650676
v 1.426736 7.301325 10.492564
v 1.561908 7.356345 10.492564
v 1.642404 6.742228 10.306197
v 1.798008 6.805565 10.306197
v 1.857630 6.184275 10.092908
v 2.033625 6.255912 10.092908
v 2.071028 5.631063 9.854733
v 2.267240 5.710929 9.854733
v 2.280985 5.086770 9.594249
v 2.497089 5.174733 9.594249
v 2.485761 4.555907 9.314363
v 2.721266 4.651768 9.314363
v 2.683589 4.043058 9.018131
v 2.937836 4.146548 9.018131
v 2.872769 3.552625 8.708570
v 3.144940 3.663410 8.708570
v 3.051776 3.088567 8.388505
v 3.340906 3.206255 8.388505
v 3.219374 2.654087 8.060393
v 3.524382 2.778239 8.060393
v 3.374708 2.251399 7.726193
v 0.220572 9.513022 10.960793
v 0.310732 8.905214 10.889752
v 0.401930 8.290410 10.786457
v 0.494020 7.669590 10.650676
v 0.581685 7.078595 10.492564
v 0.669614 6.485830 10.306197
v 0.757362 5.894278 10.092908
v 0.844365 5.307752 9.854733
v 0.929965 4.730682 9.594249
v 1.013453 4.167852 9.314363
v 1.094108 3.624120 9.018131
v 1.171238 3.104153 8.708570
v 1.244220 2.612150 8.388505
v 1.312550 2.151506 8.060393
v 1.375880 1.724568 7.726193
v 1.434017 1.332641 7.387338
v 1.486886 0.976231 7.044805
v 1.534485 0.655344 6.699211
v 0.383126 9.546394 10.960793
v 0.539731 8.952228 10.889752
v 0.698138 8.351221 10.786457
v 0.858095 7.744335 10.650676
v 1.010367 7.166603 10.492564
v 1.163096 6.587141 10.306197
v 1.315512 6.008865 10.092908
v 1.466633 5.435503 9.854733
v 1.615317 4.871384 9.594249
v 1.760333 4.321185 9.314363
v 1.900428 3.789656 9.018131
v 2.034400 3.281359 8.708570
v 2.161166 2.800398 8.388505
v 2.279853 2.350092 8.060393
v 2.389856 1.932736 7.726193
v 2.490837 1.549605 7.387338
v 2.582668 1.201194 7.044805
v 2.665346 0.887509 6.699211
v 0.692304 9.665658 10.960793
v 0.642721 9.641080 10.960793
v 0.967838 9.849764 10.960793
v 0.924846 9.814919 10.960793
v 0.880599 9.781682 10.960793
v 1.240548 9.283689 10.889752
v 1.162026 10.046350 10.960793
v 1.126138 10.004225 10.960793
v 1.458197 10.634741 10.960793
v 1.443765 10.581316 10.960793
v 1.427376 10.528459 10.960793
v 2.010822 10.335714 10.889752
v 1.500419 10.907820 10.960793
v 1.496009 10.852656 10.960793
v 1.484159 11.238803 10.960793
v 1.491943 11.184013 10.960793
v 1.298765 11.756943 10.960793
v 1.325746 11.708626 10.960793
v 1.867651 11.998281 10.889752
v 1.062957 12.062957 10.960793
v 1.497445 12.497445 10.889752
v 1.936934 12.936934 10.786457
v 2.380723 13.380723 10.650676
v 2.803192 13.803192 10.492564
v 3.226927 14.226927 10.306197
v 3.649795 14.649795 10.092908
v 4.069069 15.069069 9.854733
v 4.481584 15.481584 9.594249
v 4.883919 15.883920 9.314363
v 5.272603 16.272602 9.018131
v 5.644298 16.644299 8.708570
v 5.996003 16.996004 8.388505
v 6.325292 17.325293 8.060393
v 6.630486 17.630486 7.726193
v 6.910652 17.910652 7.387338
v 7.165430 18.165430 7.044805
v 7.394814 18.394814 6.699211
v 0.824906 12.256696 10.960793
v 0.875608 12.221910 10.960793
v 0.552468 12.398046 10.960793
v 0.609178 12.374284 10.960793
v 0.196213 12.490387 10.960793
v 0.256998 12.481116 10.960793
v -0.049185 12.502443 10.960793
v -0.697756 12.331499 10.960793
v -0.642721 12.358920 10.960793
v -0.953650 12.162026 10.960793
v -0.905332 12.200053 10.960793
v -1.169789 11.944112 10.960793
v -1.130202 11.991160 10.960793
v -1.307956 11.740948 10.960793
v -1.448794 11.400935 10.960793
v -2.040995 11.564819 10.889752
v -2.640013 11.730590 10.786457
v -3.244890 11.897982 10.650676
v -3.820710 12.057333 10.492564
v -4.398253 12.217160 10.306197
v -4.974616 12.376661 10.092908
v -5.546081 12.534807 9.854733
v -6.108332 12.690403 9.594249
v -6.656710 12.842159 9.314363
v -7.186480 12.988767 9.018131
v -7.693094 13.128966 8.708570
v -8.172463 13.261625 8.388505
v -8.621279 13.385829 8.060393
v -9.037253 13.500945 7.726193
v -9.419117 13.606621 7.387338
v -9.766375 13.702720 7.044805
v -10.079021 13.789241 6.699211
v -1.502795 11.036892 10.960793
v -1.500029 11.098317 10.960793
v -1.494754 11.159578 10.960793
v -2.105741 11.224807 10.889752
v -1.478964 10.730893 10.960793
v -1.488732 10.791600 10.960793
v -1.393480 10.436113 10.960793
v -1.415374 10.493571 10.960793
v -1.283013 10.216654 10.960793
v -1.054225 9.928383 10.960793
v -1.097167 9.972391 10.960793
v -0.814597 9.736598 10.960793
v -0.865582 9.770967 10.960793
v -0.541011 9.597481 10.960793
v -0.597915 9.620778 10.960793
v 2.941585 1.302895 7.044805
v 2.836992 1.647690 7.387338
v 2.721977 2.026845 7.726193
v 2.596688 2.439869 8.060393
v 2.461506 2.885501 8.388505
v 2.317123 3.361470 8.708570
v 2.164533 3.864492 9.018131
v 2.004969 4.390504 9.314363
v 1.839800 4.934992 9.594249
v 1.670453 5.493256 9.854733
v 1.498330 6.060668 10.092908
v 1.324733 6.632942 10.306197
v 1.150779 7.206389 10.492564
v 0.977345 7.778125 10.650676
v 0.795159 8.378712 10.786457
v 0.614738 8.973481 10.889752
v 0.436370 9.561481 10.960793
v 0.688912 8.997480 10.889752
v 0.891102 8.409756 10.786457
v 1.095271 7.816281 10.650676
v 1.289632 7.251317 10.492564
v 1.484574 6.684660 10.306197
v 1.679118 6.119164 10.092908
v 1.872009 5.558472 9.854733
v 2.061790 5.006820 9.594249
v 2.246887 4.468780 9.314363
v 2.425704 3.948997 9.018131
v 2.596706 3.451933 8.708570
v 2.758511 2.981601 8.388505
v 2.910002 2.541246 8.060393
v 3.050410 2.133113 7.726193
v 3.179302 1.758449 7.387338
v 4.471305 1.546219 6.699211
v 4.666845 2.005150 7.044805
v 4.817162 2.496520 7.387338
v 4.919037 3.016908 7.726193
v 4.969750 3.562244 8.060393
v 4.967349 4.127624 8.388505
v 4.910928 4.707228 8.708570
v 4.800786 5.294464 9.018131
v 4.638394 5.882321 9.314363
v 4.426250 6.463758 9.594249
v 4.167704 7.032016 9.854733
v 3.866734 7.580882 10.092908
v 3.527683 8.104906 10.306197
v 3.154946 8.599565 10.492564
v 2.752686 9.061340 10.650676
v 2.296098 9.506225 10.786457
v 4.816243 1.717201 6.699211
v 3.625509 3.334506 8.388505
v 3.412848 3.784138 8.708570
v 3.676132 3.914645 8.708570
v 3.188102 4.259326 9.018131
v 3.434047 4.381238 9.018131
v 3.675338 4.512121 9.018131
v 2.953083 4.756232 9.314363
v 3.180897 4.869157 9.314363
v 3.404401 4.990392 9.314363
v 2.709808 5.270592 9.594249
v 2.918856 5.374214 9.594249
v 3.123947 5.485461 9.594249
v 2.460380 5.797964 9.854733
v 2.650185 5.892049 9.854733
v 2.836399 5.993056 9.854733
v 2.206864 6.333979 10.092908
v 2.377111 6.418369 10.092908
v 2.544138 6.508969 10.092908
v 1.951175 6.874587 10.306197
v 2.101698 6.949200 10.306197
v 2.249372 7.029303 10.306197
v 1.694962 7.416304 10.492564
v 1.825719 7.481119 10.492564
v 1.954003 7.550703 10.492564
v 1.439514 7.956403 10.650676
v 1.550565 8.011450 10.650676
v 1.659515 8.070547 10.650676
v 1.171175 8.523758 10.786457
v 1.261525 8.568543 10.786457
v 1.350166 8.616624 10.786457
v 0.905436 9.085615 10.889752
v 0.975286 9.120239 10.889752
v 1.043814 9.157411 10.889752
v 4.994758 2.183019 7.044805
v 5.126887 2.679588 7.387338
v 5.209539 3.203374 7.726193
v 5.240146 3.750206 8.060393
v 5.216936 4.315114 8.388505
v 5.139219 4.892250 8.708570
v 5.007537 5.475034 9.018131
v 4.823618 6.056515 9.314363
v 4.590218 6.629750 9.594249
v 4.310930 7.188107 9.854733
v 3.989962 7.725523 10.092908
v 3.631853 8.236712 10.306197
v 3.241162 8.717317 10.492564
v 2.822177 9.163972 10.650676
v 6.126184 2.524363 6.699211
v 6.234417 3.011333 7.044805
v 6.292254 3.521915 7.387338
v 6.297156 4.052159 7.726193
v 6.247194 4.597563 8.060393
v 6.141347 5.152952 8.388505
v 5.979788 5.712437 8.708570
v 5.764019 6.269592 9.018131
v 5.496770 6.817793 9.314363
v 5.181784 7.350576 9.594249
v 4.823591 7.861909 9.854733
v 6.433997 2.755594 6.699211
v 3.370993 6.336197 9.854733
v 3.023648 6.816753 10.092908
v 3.175573 6.930880 10.092908
v 2.673326 7.301427 10.306197
v 2.807649 7.402331 10.306197
v 2.938166 7.508111 10.306197
v 2.322286 7.787094 10.492564
v 2.438970 7.874748 10.492564
v 2.552350 7.966638 10.492564
v 2.662270 8.062638 10.492564
v 1.972294 8.271312 10.650676
v 2.071393 8.345756 10.650676
v 2.167685 8.423797 10.650676
v 2.261039 8.505328 10.650676
v 1.604640 8.779964 10.786457
v 1.685266 8.840531 10.786457
v 1.763608 8.904024 10.786457
v 1.839560 8.970358 10.786457
v 1.302880 9.330513 10.889752
v 6.524233 3.246217 7.044805
v 6.563239 3.758582 7.387338
v 6.548620 4.288647 7.726193
v 6.478617 4.831844 8.060393
v 6.352399 5.382960 8.388505
v 6.170357 5.936119 8.708570
v 5.934227 6.484955 9.018131
v 5.646981 7.022947 9.314363
v 5.312598 7.543776 9.594249
v 1.363446 9.379600 10.889752
v 1.422165 9.430882 10.889752
v 7.574065 3.788891 6.699211
v 7.591335 4.287444 7.044805
v 7.554738 4.799987 7.387338
v 7.462501 5.322170 7.726193
v 7.313552 5.849215 8.060393
v 7.107835 6.375846 8.388505
v 7.834353 4.072557 6.699211
v 1.586451 9.597198 10.889752
v 7.833261 4.571409 7.044805
v 7.777824 5.082257 7.387338
v 7.666430 5.600691 7.726193
v 7.498183 6.121897 8.060393
v 8.766026 5.297075 6.699211
v 9.507939 6.645044 6.699211
v 9.213006 6.780133 7.044805
v 8.885425 6.930176 7.387338
v 8.525198 7.095172 7.726193
v 8.132792 7.274907 8.060393
v 7.709407 7.468832 8.388505
v 7.257199 7.675958 8.708570
v 6.779290 7.894857 9.018131
v 6.279537 8.123760 9.314363
v 5.762230 8.360704 9.594249
v 5.231837 8.603642 9.854733
v 4.692751 8.850562 10.092908
v 4.149046 9.099597 10.306197
v 3.604226 9.349143 10.492564
v 3.061033 9.597944 10.650676
v 2.490428 9.859300 10.786457
v 1.925351 10.118124 10.889752
v 9.621994 7.821322 7.044805
v 9.279870 7.934345 7.387338
v 9.386420 8.277988 7.387338
v 8.903652 8.058631 7.726193
v 9.005882 8.388343 7.726193
v 9.095908 8.721594 7.726193
v 8.493827 8.194018 8.060393
v 8.591352 8.508554 8.060393
v 8.677234 8.826467 8.060393
v 8.751355 9.147324 8.060393
v 8.051647 8.340096 8.388505
v 8.144094 8.638256 8.388505
v 8.225505 8.939618 8.388505
v 8.295769 9.243773 8.388505
v 7.579364 8.496117 8.708570
v 7.666389 8.776789 8.708570
v 7.743025 9.060473 8.708570
v 7.809166 9.346786 8.708570
v 7.080239 8.661005 9.018131
v 7.161533 8.923194 9.018131
v 7.233122 9.188197 9.018131
v 7.294908 9.455656 9.018131
v 6.558301 8.833430 9.314363
v 6.633603 9.076291 9.314363
v 6.699914 9.321759 9.314363
v 6.757145 9.569501 9.314363
v 6.018030 9.011911 9.594249
v 6.087128 9.234765 9.594249
v 6.147977 9.460011 9.594249
v 6.200494 9.687346 9.594249
v 5.464091 9.194908 9.854733
v 5.526829 9.397249 9.854733
v 5.582077 9.601763 9.854733
v 5.629759 9.808171 9.854733
v 4.901074 9.380904 10.092908
v 4.957347 9.562396 10.092908
v 5.006903 9.745836 10.092908
v 5.049672 9.930976 10.092908
v 4.333232 9.568493 10.306197
v 4.382986 9.728957 10.306197
v 4.426800 9.891145 10.306197
v 4.464614 10.054834 10.306197
v 3.764227 9.756468 10.492564
v 3.807447 9.895861 10.492564
v 3.845507 10.036751 10.492564
v 3.878356 10.178946 10.492564
v 3.196919 9.943880 10.650676
v 3.233626 10.062265 10.650676
v 3.265950 10.181922 10.650676
v 3.293848 10.302687 10.650676
v 2.600984 10.140751 10.786457
v 2.630848 10.237068 10.786457
v 2.657147 10.334419 10.786457
v 2.679845 10.432673 10.786457
v 2.033910 10.410177 10.889752
v 2.054242 10.485439 10.889752
v 2.071790 10.561399 10.889752
v 10.231092 8.834061 6.699211
v 9.984260 9.267567 7.044805
v 9.684228 9.684724 7.387338
v 9.331770 10.080901 7.726193
v 8.928479 10.451467 8.060393
v 8.477076 10.791900 8.388505
v 7.981641 11.097955 8.708570
v 7.447605 11.365877 9.018131
v 6.881437 11.592594 9.314363
v 6.290252 11.775828 9.594249
v 5.681458 11.914154 9.854733
v 5.062410 12.006976 10.092908
v 4.440073 12.054448 10.306197
v 3.820710 12.057333 10.492564
v 3.209639 12.016809 10.650676
v 2.579114 11.922822 10.786457
v 10.303882 9.212107 6.699211
v 10.041261 9.636233 7.044805
v 9.726078 10.042065 7.387338
v 9.359277 10.425000 7.726193
v 8.942619 10.780471 8.060393
v 8.478991 11.104058 8.388505
v 7.972628 11.391670 8.708570
v 7.429091 11.639755 9.018131
v 6.854962 11.845479 9.314363
v 6.257434 12.006829 9.594249
v 5.643961 12.122654 9.854733
v 5.021916 12.192627 10.092908
v 4.398253 12.217160 10.306197
v 3.779203 12.197246 10.492564
v 3.170038 12.134257 10.650676
v 7.420681 10.269127 9.018131
v 6.873646 10.323005 9.314363
v 6.307397 10.378776 9.594249
v 5.726823 10.435957 9.854733
v 5.136734 10.494076 10.092908
v 4.541589 10.552692 10.306197
v 3.945224 10.611429 10.492564
v 3.350638 10.669991 10.650676
v 2.726048 10.731507 10.786457
v 2.107510 10.792428 10.889752
v 6.893907 10.576464 9.314363
v 6.325989 10.611354 9.594249
v 5.743703 10.647128 9.854733
v 5.151875 10.683488 10.092908
v 4.554976 10.720159 10.306197
v 3.956852 10.756906 10.492564
v 3.360514 10.793542 10.650676
v 2.734084 10.832027 10.786457
v 2.113722 10.870141 10.889752
v 1.502795 10.963108 10.960793
v 2.117069 10.948029 10.889752
v 2.738414 10.932775 10.786457
v 3.365836 10.917374 10.650676
v 3.963119 10.902711 10.492564
v 4.562190 10.888004 10.306197
v 5.160034 10.873328 10.092908
v 5.752800 10.858777 9.854733
v 6.336008 10.844460 9.594249
v 10.454697 10.743352 6.699211
v 10.132685 11.124353 7.044805
v 9.761366 11.479546 7.387338
v 9.342346 11.804515 7.726193
v 8.878040 12.095002 8.060393
v 8.371950 12.347058 8.388505
v 7.828866 12.557259 8.708570
v 7.254811 12.722905 9.018131
v 6.656710 12.842159 9.314363
v 6.041974 12.914088 9.594249
v 5.418146 12.938643 9.854733
v 10.457059 11.128334 6.699211
v 5.754099 11.070617 9.854733
v 5.161200 11.063340 10.092908
v 4.563220 11.056002 10.306197
v 3.964014 11.048648 10.492564
v 3.366597 11.041316 10.650676
v 2.739032 11.033615 10.786457
v 2.117548 11.025988 10.889752
v 10.121242 11.497225 7.044805
v 9.737101 11.838509 7.387338
v 9.306404 12.147836 7.726193
v 8.831720 12.421036 8.060393
v 8.316695 12.654294 8.388505
v 7.766243 12.844362 8.708570
v 7.186480 12.988767 9.018131
v 6.584394 13.085926 9.314363
v 5.967427 13.135180 9.594249
v 3.934499 11.485274 10.492564
v 3.341530 11.412138 10.650676
v 2.718638 11.335312 10.786457
v 2.101781 11.259230 10.889752
v 10.325047 12.661314 6.699211
v 9.938737 12.976937 7.044805
v 9.508677 13.258162 7.387338
v 9.037253 13.500945 7.726193
v 8.527621 13.701538 8.060393
v 7.983944 13.856701 8.388505
v 10.256902 13.040225 6.699211
v 3.324096 11.534852 10.650676
v 2.704454 11.435150 10.786457
v 2.686605 11.534399 10.786457
v 2.090815 11.336415 10.889752
v 2.077016 11.413144 10.889752
v 9.859237 13.341415 7.044805
v 9.419117 13.606621 7.387338
v 8.939077 13.831886 7.726193
v 8.422407 14.013585 8.060393
v 9.846523 14.523142 6.699211
v 9.222997 15.929794 6.699211
v 9.035295 16.265926 6.699211
v 8.936903 15.776875 7.044805
v 8.755024 16.102579 7.044805
v 8.619139 15.607025 7.387338
v 8.443726 15.921150 7.387338
v 8.269708 15.420251 7.726193
v 8.101407 15.721641 7.726193
v 7.889062 15.216791 8.060393
v 7.728508 15.504309 8.060393
v 7.478365 14.997270 8.388505
v 7.326169 15.269818 8.388505
v 7.039709 14.762803 8.708570
v 6.896441 15.019365 8.708570
v 6.576122 14.515011 9.018131
v 6.442288 14.754678 9.018131
v 6.091346 14.255893 9.314363
v 5.967379 14.477892 9.314363
v 5.589543 13.987673 9.594249
v 5.475788 14.191384 9.594249
v 5.075045 13.712667 9.854733
v 4.971760 13.897628 9.854733
v 4.552115 13.433156 10.092908
v 4.459473 13.599058 10.092908
v 4.024704 13.151249 10.306197
v 3.942795 13.297930 10.306197
v 3.496212 12.868764 10.492564
v 3.425059 12.996183 10.492564
v 2.969297 12.587122 10.650676
v 2.908867 12.695338 10.650676
v 2.415793 12.291268 10.786457
v 2.366628 12.379312 10.786457
v 1.829641 12.066347 10.889752
v 8.139262 17.036488 7.044805
v 7.849858 16.821852 7.387338
v 7.531615 16.585827 7.726193
v 7.184943 16.328716 8.060393
v 6.810902 16.051310 8.388505
v 6.411397 15.755016 8.708570
v 5.989186 15.441883 9.018131
v 5.547678 15.114439 9.314363
v 5.090662 14.775493 9.594249
v 4.622084 14.427971 9.854733
v 4.145827 14.074755 10.092908
v 3.665489 13.718512 10.306197
v 3.184166 13.361538 10.492564
v 2.704280 13.005630 10.650676
v 2.200177 12.631763 10.786457
v 1.700958 12.261517 10.889752
v 1.434955 12.557430 10.889752
v 1.856103 13.014524 10.786457
v 2.281372 13.476090 10.650676
v 2.686212 13.915483 10.492564
v 3.092263 14.356192 10.306197
v 3.497484 14.795999 10.092908
v 3.899261 15.232069 9.854733
v 4.294561 15.661108 9.594249
v 4.680107 16.079561 9.314363
v 5.052570 16.483814 9.018131
v 5.408754 16.870398 8.708570
v 5.745782 17.236193 8.388505
v 6.061329 17.578672 8.060393
v 6.353787 17.896091 7.726193
v 6.622262 18.187481 7.387338
v 6.866407 18.452463 7.044805
v 7.086219 18.691036 6.699211
v 5.461848 18.622000 7.726193
v 5.210445 18.271168 8.060393
v 4.939195 17.892639 8.388505
v 4.649478 17.488338 8.708570
v 4.343295 17.061062 9.018131
v 4.023118 16.614254 9.314363
v 3.691695 16.151754 9.594249
v 3.351887 15.677553 9.854733
v 3.006510 15.195580 10.092908
v 2.658174 14.709477 10.306197
v 2.309124 14.222379 10.492564
v 1.961115 13.736733 10.650676
v 1.595545 13.226581 10.786457
v 1.233517 12.721371 10.889752
v 4.908734 18.478167 8.060393
v 4.653190 18.088860 8.388505
v 4.380250 17.673050 8.708570
v 4.091796 17.233608 9.018131
v 3.790159 16.774082 9.314363
v 3.477927 16.298416 9.594249
v 3.157796 15.810715 9.854733
v 2.832418 15.315022 10.092908
v 2.504252 14.815080 10.306197
v 2.175414 14.314114 10.492564
v 1.847557 13.814643 10.650676
v 1.503155 13.289968 10.786457
v 1.162090 12.770375 10.889752
v 1.088719 12.816418 10.889752
v 1.408250 13.349524 10.786457
v 1.730907 13.887844 10.650676
v 2.038064 14.400305 10.492564
v 2.346141 14.914299 10.306197
v 2.653587 15.427242 10.092908
v 2.958421 15.935827 9.854733
v 3.258340 16.436213 9.594249
v 3.550859 16.924250 9.314363
v 3.833452 17.395727 9.018131
v 4.103693 17.846598 8.708570
v 4.359401 18.273220 8.388505
v 5.005084 20.182358 6.699211
v 4.481909 20.088413 7.044805
v 3.960479 19.934698 7.387338
v 3.446168 19.720699 7.726193
v 3.087184 19.854151 7.726193
v 2.721977 19.973156 7.726193
v 2.244451 19.659161 8.060393
v 1.790148 19.288515 8.388505
v 1.364659 18.864725 8.708570
v 0.973280 18.392794 9.018131
v 0.620738 17.878956 9.314363
v 0.310987 17.330282 9.594249
v 0.047079 16.754339 9.854733
v -0.168882 16.158825 10.092908
v -0.335717 15.551199 10.306197
v -0.453069 14.938337 10.492564
v -0.521250 14.326257 10.650676
v 4.625387 20.379356 6.699211
v 4.106492 20.264097 7.044805
v 3.591784 20.089188 7.387338
v 3.217667 20.228264 7.387338
v 2.836992 20.352310 7.387338
v 2.352745 20.076963 7.726193
v 1.888459 19.743704 8.060393
v 1.449693 19.354790 8.388505
v 1.041892 18.913954 8.708570
v 0.670139 18.426413 9.018131
v 0.338906 17.898586 9.314363
v 0.051851 17.337704 9.594249
v -0.188283 16.751451 9.854733
v -0.379710 16.147604 10.092908
v -0.521556 15.533663 10.306197
v -0.613748 14.916515 10.492564
v 2.798963 17.314360 9.314363
v 2.568386 16.794186 9.594249
v 2.329285 16.894371 9.594249
v 2.331974 16.260849 9.854733
v 2.114882 16.351814 9.854733
v 2.086505 16.984621 9.594249
v 2.091689 15.718775 10.092908
v 1.896966 15.800366 10.092908
v 1.894428 16.433764 9.854733
v 1.839800 17.065008 9.594249
v 1.849345 15.172054 10.306197
v 1.677182 15.244193 10.306197
v 1.699208 15.873878 10.092908
v 1.670453 16.506744 9.854733
v 1.606503 14.624213 10.492564
v 1.456948 14.686879 10.492564
v 1.502320 15.309194 10.306197
v 1.498330 15.939333 10.092908
v 1.364387 14.078008 10.650676
v 1.237371 14.131229 10.650676
v 1.305032 14.743350 10.492564
v 1.324733 15.367059 10.306197
v 1.110053 13.504238 10.786457
v 1.006714 13.547539 10.786457
v 1.108338 14.179193 10.650676
v 1.150779 14.793611 10.492564
v 0.858182 12.936028 10.889752
v 0.778291 12.969504 10.889752
v 0.901723 13.586566 10.786457
v 0.977345 14.221875 10.650676
v 0.494839 12.419468 10.960793
v 0.697114 12.999679 10.889752
v 0.614738 13.026519 10.889752
v 0.795159 13.621288 10.786457
v 2.207772 21.222147 6.699211
v 1.732433 20.984261 7.044805
v 1.275651 20.689528 7.387338
v 0.842724 20.338978 7.726193
v 0.438926 19.934538 8.060393
v 0.069373 19.479345 8.388505
v -0.261172 18.977968 8.708570
v -0.548541 18.436382 9.018131
v -0.789369 17.861650 9.314363
v -0.981225 17.261499 9.594249
v 0.780195 15.496377 10.306197
v 0.677746 14.905949 10.492564
v 0.575603 14.317283 10.650676
v 0.468305 13.698911 10.786457
v 0.362047 13.086530 10.889752
v 0.517447 14.930397 10.492564
v 0.439462 14.338047 10.650676
v 0.302586 14.353226 10.650676
v 0.357542 13.715804 10.786457
v 0.246181 13.728153 10.786457
v 0.276416 13.099589 10.889752
v 0.190323 13.109138 10.889752
v 0.085557 21.457497 6.699211
v -0.331557 21.128023 7.044805
v -0.718957 20.746656 7.387338
v -1.071660 20.315483 7.726193
v -1.384897 19.837460 8.060393
v -0.342171 21.452248 6.699211
v -0.745463 21.105991 7.044805
v -1.116942 20.709103 7.387338
v -1.451718 20.263865 7.726193
v -3.280435 20.930019 6.699211
v -3.178678 20.621994 7.044805
v -3.065655 20.279869 7.387338
v -2.941370 19.903652 7.726193
v -2.805981 19.493828 8.060393
v -2.659905 19.051647 8.388505
v -2.503884 18.579365 8.708570
v -2.338995 18.080238 9.018131
v -2.166570 17.558302 9.314363
v -1.988089 17.018030 9.594249
v -1.805092 16.464090 9.854733
v -1.619096 15.901074 10.092908
v -1.431507 15.333233 10.306197
v -1.243533 14.764227 10.492564
v -1.056120 14.196919 10.650676
v -0.859249 13.600985 10.786457
v -0.664286 13.010822 10.889752
v -4.178555 19.834812 7.387338
v -4.009151 19.476637 7.726193
v -3.824614 19.086468 8.060393
v -3.625509 18.665495 8.388505
v -3.412848 18.215862 8.708570
v -3.188102 17.740675 9.018131
v -2.953083 17.243769 9.314363
v -2.709808 16.729408 9.594249
v -2.460380 16.202036 9.854733
v -2.206864 15.666021 10.092908
v -1.951175 15.125413 10.306197
v -1.694962 14.583696 10.492564
v -1.439514 14.043597 10.650676
v -1.171175 13.476242 10.786457
v -0.905436 12.914385 10.889752
v -4.352447 19.305593 7.726193
v -4.152109 18.923296 8.060393
v -4.472657 18.746868 8.060393
v -3.935954 18.510817 8.388505
v -4.239815 18.343575 8.388505
v -3.705084 18.070257 8.708570
v -3.991121 17.912825 8.708570
v -3.461093 17.604658 9.018131
v -3.728293 17.457594 9.018131
v -3.205949 17.117779 9.314363
v -3.453453 16.981556 9.314363
v -2.941844 16.613798 9.594249
v -3.168958 16.488796 9.594249
v -2.671057 16.097067 9.854733
v -2.877266 15.983571 9.854733
v -2.395833 15.571869 10.092908
v -2.580795 15.470067 10.092908
v -2.118250 15.042169 10.306197
v -2.281782 14.952162 10.306197
v -1.840099 14.511383 10.492564
v -1.982156 14.433195 10.492564
v -1.562777 13.982183 10.650676
v -1.683425 13.915778 10.650676
v -1.271461 13.426276 10.786457
v -1.369619 13.372251 10.786457
v -0.982967 12.875755 10.889752
v -1.058854 12.833988 10.889752
v -5.951562 19.599155 6.699211
v -6.102874 19.089603 7.044805
v -6.200013 18.554737 7.387338
v -6.240104 17.999126 7.726193
v -6.220953 17.427938 8.060393
v -6.141347 16.847048 8.388505
v -6.001368 16.263058 8.708570
v -5.802526 15.683094 9.018131
v -5.547678 15.114439 9.314363
v -5.240801 14.564153 9.594249
v -4.886762 14.038784 9.854733
v -4.491031 13.544138 10.092908
v -4.059363 13.085110 10.306197
v -3.597443 12.665586 10.492564
v -3.110564 12.288438 10.650676
v -6.298244 19.348574 6.699211
v -4.490733 16.952646 9.018131
v -4.159687 16.513832 9.314363
v -3.817014 16.059605 9.594249
v -3.465670 15.593884 9.854733
v -3.108570 15.120533 10.092908
v -2.748409 14.643126 10.306197
v -2.387509 14.164740 10.492564
v -2.027688 13.687780 10.650676
v -1.649708 13.186753 10.786457
v -1.275390 12.690580 10.889752
v -6.428591 18.833261 7.044805
v -6.503776 18.294870 7.387338
v -6.521112 17.738085 7.726193
v -6.478617 17.168156 8.060393
v -6.375323 16.591007 8.388505
v -6.211579 16.013231 8.708570
v -5.989186 15.441883 9.018131
v -5.711296 14.884126 9.314363
v -5.382173 14.346849 9.594249
v -5.006944 13.836399 9.854733
v -4.591316 13.358350 10.092908
v -4.141238 12.917359 10.306197
v -3.662547 12.517076 10.492564
v -4.381694 16.339109 9.314363
v -4.020731 15.899276 9.594249
v -3.650637 15.448314 9.854733
v -3.274477 14.989963 10.092908
v -2.895094 14.527682 10.306197
v -2.514933 14.064455 10.492564
v -2.135907 13.602611 10.650676
v -1.737755 13.117460 10.786457
v -1.343459 12.637010 10.889752
v -1.409280 12.580700 10.889752
v -1.822894 13.044623 10.786457
v -2.240554 13.513086 10.650676
v -2.638150 13.959044 10.492564
v -3.036936 14.406338 10.306197
v -3.434907 14.852715 10.092908
v -3.829496 15.295300 9.854733
v -4.217723 15.730750 9.594249
v -7.862625 17.895338 6.699211
v -7.885592 17.364292 7.044805
v -7.849858 16.821852 7.387338
v -7.753746 16.273149 7.726193
v -7.596380 15.723733 8.060393
v -7.378015 15.179594 8.388505
v -7.100333 14.647118 8.708570
v -6.766531 14.132849 9.018131
v -6.381148 13.643158 9.314363
v -8.138031 17.568029 6.699211
v -3.431069 14.008966 10.306197
v -2.980528 13.613853 10.492564
v -3.084928 13.489779 10.492564
v -2.531332 13.219919 10.650676
v -2.619998 13.114544 10.650676
v -2.704280 13.005630 10.650676
v -2.059469 12.806106 10.786457
v -2.131606 12.720373 10.786457
v -2.200177 12.631763 10.786457
v -1.592176 12.396301 10.889752
v -1.647946 12.330022 10.889752
v -1.700958 12.261517 10.889752
v -8.139262 17.036488 7.044805
v -8.081374 16.495964 7.387338
v -7.962903 15.951652 7.726193
v -7.783201 15.409129 8.060393
v -7.542767 14.874375 8.388505
v -7.243541 14.353701 8.708570
v -6.888988 13.853512 9.018131
v -9.302423 15.778231 6.699211
v -9.195667 15.257519 7.044805
v -9.029202 14.740018 7.387338
v -9.490045 15.393813 6.699211
v -9.362085 14.877903 7.044805
v -2.062386 11.480881 10.889752
v -2.667681 11.622016 10.786457
v -3.278898 11.764532 10.650676
v -3.860753 11.900201 10.492564
v -4.444350 12.036277 10.306197
v -5.026752 12.172074 10.092908
v -5.604207 12.306718 9.854733
v -6.172351 12.439190 9.594249
v -6.726476 12.568395 9.314363
v -7.261798 12.693213 9.018131
v -7.773722 12.812578 8.708570
v -8.258116 12.925523 8.388505
v -8.711635 13.031268 8.060393
v -9.131969 13.129276 7.726193
v -9.517834 13.219248 7.387338
v -9.868731 13.301065 7.044805
v -10.184656 13.374728 6.699211
v -10.076189 12.075723 7.044805
v -9.717916 12.037474 7.387338
v -9.752213 11.639194 7.387338
v -9.323938 11.995413 7.726193
v -9.356846 11.613280 7.726193
v -9.374099 11.230122 7.726193
v -8.894769 11.949595 8.060393
v -8.926161 11.585052 8.060393
v -8.942619 11.219529 8.060393
v -8.944116 10.853640 8.060393
v -8.431715 11.900160 8.388505
v -8.461473 11.554594 8.388505
v -8.477076 11.208100 8.388505
v -8.478494 10.861259 8.388505
v -7.937139 11.847360 8.708570
v -7.965152 11.522063 8.708570
v -7.979838 11.195894 8.708570
v -7.981174 10.869397 8.708570
v -7.414453 11.791558 9.018131
v -7.440621 11.487684 9.018131
v -7.454340 11.182994 9.018131
v -7.455588 10.877997 9.018131
v -6.867878 11.733207 9.314363
v -6.892117 11.451734 9.314363
v -6.904825 11.169504 9.314363
v -6.905981 10.886992 9.314363
v -6.302104 11.672806 9.594249
v -6.324347 11.414519 9.594249
v -6.336008 11.155540 9.594249
v -6.337068 10.896300 9.594249
v -5.722017 11.610876 9.854733
v -5.742212 11.376365 9.854733
v -5.752800 11.141223 9.854733
v -5.753762 10.905846 9.854733
v -5.132423 11.547932 10.092908
v -5.150537 11.337584 10.092908
v -5.160034 11.126672 10.092908
v -5.160898 10.915547 10.092908
v -4.537777 11.484447 10.306197
v -4.553793 11.298471 10.306197
v -4.562190 11.111996 10.306197
v -4.562953 10.925332 10.306197
v -3.941912 11.420834 10.492564
v -3.955825 11.259278 10.492564
v -3.963119 11.097289 10.492564
v -3.963782 10.935137 10.492564
v -3.347826 11.357410 10.650676
v -3.359642 11.220202 10.650676
v -3.365836 11.082626 10.650676
v -3.366400 10.944913 10.650676
v -2.723761 11.290786 10.786457
v -2.733374 11.179154 10.786457
v -2.738414 11.067225 10.786457
v -2.738872 10.955181 10.786457
v -2.113173 11.138505 10.889752
v -2.117069 11.051971 10.889752
v -2.117424 10.965351 10.889752
v -10.440701 10.401421 6.699211
v -10.084653 10.006748 7.044805
v -9.678767 9.645121 7.387338
v -9.225448 9.321373 7.726193
v -8.727962 9.040071 8.060393
v -8.190693 8.805310 8.388505
v -7.619318 8.620463 8.708570
v -7.020705 8.487951 9.018131
v -6.402559 8.409136 9.314363
v -5.772979 8.384297 9.594249
v -5.140089 8.412697 9.854733
v -4.511695 8.492689 10.092908
v -3.894974 8.621914 10.306197
v -3.296206 8.797545 10.492564
v -2.720598 9.016561 10.650676
v -10.407489 9.974952 6.699211
v -10.035598 9.595170 7.044805
v -9.615263 9.250443 7.387338
v -9.149083 8.945504 7.726193
v -8.640510 8.684782 8.060393
v -8.094090 8.472190 8.388505
v -7.515633 8.310863 8.708570
v -6.912102 8.202943 9.018131
v -6.291250 8.149471 9.314363
v -5.661181 8.150401 9.594249
v -5.029982 8.204659 9.854733
v -4.405385 8.310282 10.092908
v -3.794465 8.464620 10.306197
v -3.203379 8.664591 10.492564
v -7.384584 9.966271 9.018131
v -6.840211 10.042475 9.314363
v -6.795331 9.763548 9.314363
v -6.276716 10.121356 9.594249
v -6.235534 9.865406 9.594249
v -6.183918 9.611355 9.594249
v -5.698966 10.202232 9.854733
v -5.661574 9.969842 9.854733
v -5.614710 9.739175 9.854733
v -5.111748 10.284433 10.092908
v -5.078208 10.075989 10.092908
v -5.036173 9.869089 10.092908
v -4.519497 10.367339 10.306197
v -4.489844 10.183045 10.306197
v -4.452679 10.000117 10.306197
v -3.926033 10.450416 10.492564
v -3.900273 10.290321 10.492564
v -3.867988 10.131414 10.492564
v -3.334340 10.533243 10.650676
v -3.312462 10.397277 10.650676
v -3.285043 10.262319 10.650676
v -2.712788 10.620252 10.786457
v -2.694989 10.509630 10.786457
v -2.672681 10.399830 10.786457
v -2.097258 10.706416 10.889752
v -2.083498 10.620894 10.889752
v -2.066251 10.536008 10.889752
v -9.982364 7.882476 6.699211
v -9.541088 7.586144 7.044805
v -9.059498 7.333976 7.387338
v -8.541100 7.130078 7.726193
v -7.990171 6.978086 8.060393
v -7.411962 6.880907 8.388505
v -6.812796 6.840432 8.708570
v -6.199925 6.857343 9.018131
v -5.581153 6.931086 9.314363
v -9.846523 7.476858 6.699211
v -9.393497 7.198820 7.044805
v -8.901998 6.966557 7.387338
v -8.375695 6.784029 7.726193
v -7.819012 6.654694 8.060393
v -7.237312 6.581242 8.388505
v -6.636992 6.565304 8.708570
v -6.025326 6.607264 9.018131
v -4.296796 9.462582 10.306197
v -3.732575 9.664463 10.492564
v -3.170038 9.865743 10.650676
v -2.579114 10.077178 10.786457
v -1.993914 10.286566 10.889752
v -3.674836 9.512938 10.492564
v -3.121001 9.737053 10.650676
v -3.066742 9.610477 10.650676
v -2.539218 9.972478 10.786457
v -2.495073 9.869497 10.786457
v -1.963071 10.205623 10.889752
v -1.928943 10.126007 10.889752
v -8.925709 5.550388 6.699211
v -8.425654 5.370158 7.044805
v -7.897225 5.242564 7.387338
v -8.695381 5.189932 6.699211
v -8.188375 5.030303 7.044805
v -7.632806 3.851097 6.699211
v -7.106569 3.776189 7.044805
v -6.563239 3.758582 7.387338
v -6.007758 3.800450 7.726193
v -5.445562 3.903206 8.060393
v -4.882640 4.067184 8.388505
v -4.325510 4.291337 8.708570
v -3.780999 4.573124 9.018131
v -3.255893 4.908654 9.314363
v -2.756591 5.292953 9.594249
v -2.288857 5.720248 9.854733
v -1.857630 6.184275 10.092908
v -1.466910 6.678624 10.306197
v -1.119705 7.197102 10.492564
v -0.818078 7.734050 10.650676
v -0.556361 8.317857 10.786457
v -0.344965 8.910579 10.889752
v -6.843879 4.590008 7.726193
v -6.528863 4.885053 8.060393
v -6.273332 4.623172 8.060393
v -6.188977 5.203391 8.388505
v -5.946749 4.955143 8.388505
v -5.694571 4.717009 8.388505
v -5.825952 5.543401 8.708570
v -5.597932 5.309714 8.708570
v -5.360547 5.085548 8.708570
v -5.442295 5.902735 9.018131
v -5.229290 5.684438 9.018131
v -5.007537 5.475034 9.018131
v -5.041102 6.278493 9.314363
v -4.843800 6.076288 9.314363
v -4.638394 5.882321 9.314363
v -4.625817 6.667449 9.594249
v -4.444769 6.481902 9.594249
v -4.256284 6.303914 9.594249
v -4.200027 7.066246 9.854733
v -4.035643 6.897778 9.854733
v -3.864508 6.736173 9.854733
v -3.767258 7.471578 10.092908
v -3.619813 7.320468 10.092908
v -3.466311 7.175515 10.092908
v -3.330781 7.880383 10.306197
v -3.200419 7.746781 10.306197
v -3.064702 7.618622 10.306197
v -2.893409 8.290027 10.492564
v -2.780165 8.173968 10.492564
v -2.662270 8.062638 10.492564
v -2.457343 8.698447 10.650676
v -2.361166 8.599880 10.650676
v -2.261039 8.505328 10.650676
v -1.999272 9.127478 10.786457
v -1.921023 9.047284 10.786457
v -1.839560 8.970358 10.786457
v -1.545638 9.552352 10.889752
v -1.485144 9.490355 10.889752
v -1.422165 9.430882 10.889752
v -3.977052 5.353019 9.314363
v -3.649424 5.818216 9.594249
v -3.313507 6.295181 9.854733
v -2.972085 6.779963 10.092908
v -2.627738 7.268899 10.306197
v -2.282684 7.758838 10.492564
v -1.938660 8.247314 10.650676
v -1.577276 8.760440 10.786457
v -1.219393 9.268595 10.889752
v -5.302843 1.986321 6.699211
v -4.776875 2.063097 7.044805
v -4.250694 2.199669 7.387338
v -3.729657 2.396725 7.726193
v -3.219374 2.654087 8.060393
v -2.725688 2.970384 8.388505
v -2.254553 3.342769 8.708570
v -1.811803 3.766878 9.018131
v -1.402846 4.237060 9.314363
v -1.032418 4.746737 9.594249
v -0.704416 5.288744 9.854733
v -0.421811 5.855675 10.092908
v -3.434464 5.673308 9.594249
v -3.118333 6.163612 9.854733
v -2.917941 6.040134 9.854733
v -2.797022 6.661951 10.092908
v -2.617278 6.551196 10.092908
v -2.472957 7.164560 10.306197
v -2.314039 7.066638 10.306197
v -2.148228 7.668200 10.492564
v -2.010177 7.583136 10.492564
v -1.824468 8.170336 10.650676
v -1.707223 8.098092 10.650676
v -1.484370 8.697811 10.786457
v -1.388981 8.639034 10.786457
v -1.147568 9.220177 10.889752
v -1.073822 9.174736 10.889752
v -4.929795 1.777003 6.699211
v -4.407406 1.875224 7.044805
v -3.887251 2.033200 7.387338
v -3.374708 2.251399 7.726193
v -2.875377 2.529413 8.060393
v -2.395038 2.865634 8.388505
v -1.939527 3.256975 8.708570
v -1.514490 3.698836 9.018131
v -1.125104 4.185348 9.314363
v -0.775829 4.709748 9.594249
v -0.470267 5.264715 9.854733
v -1.576799 7.362765 10.492564
v -1.339160 7.910933 10.650676
v -1.089528 8.486764 10.786457
v -0.842315 9.057015 10.889752
v -1.211713 7.858753 10.650676
v -0.985838 8.444310 10.786457
v -0.762152 9.024195 10.889752
v -0.680715 8.994679 10.889752
v -0.880499 8.406133 10.786457
v -2.953778 0.967964 6.699211
v -2.462227 1.170239 7.044805
v -1.985000 1.430569 7.387338
v -1.527458 1.748322 7.726193
v -1.095002 2.121959 8.060393
v -0.692964 2.548733 8.388505
v -2.541049 0.855562 6.699211
v -2.058182 1.077770 7.044805
v -1.592000 1.357399 7.387338
v -1.147835 1.693596 7.726193
v -0.731021 2.084606 8.060393
v 0.000000 6.004790 0.882964
v 0.183414 6.020272 0.878539
v 0.366580 6.030397 0.878539
v 0.549249 6.047257 0.878539
v 0.730386 6.070713 0.878539
v 0.912107 6.101082 0.878539
v 0.805787 5.562232 1.076165
v 1.006197 5.595726 1.076165
v 0.880383 5.059254 1.291333
v 1.099269 5.095837 1.291333
v 0.953731 4.564766 1.522263
v 1.190770 4.604384 1.522263
v 1.025369 4.081888 1.767033
v 1.280124 4.124468 1.767033
v 1.094835 3.613739 2.023673
v 1.366752 3.659189 2.023673
v 1.161683 3.163313 2.290242
v 1.450101 3.211523 2.290242
v 1.225507 2.733344 2.564907
v 1.529665 2.784187 2.564907
v 1.264043 2.473788 2.741524
v 1.577694 2.526218 2.741524
v 1.301168 2.223766 2.920344
v 1.623960 2.277725 2.920344
v 1.336829 1.983649 3.101054
v 1.668393 2.039076 3.101054
v 1.370983 1.753713 3.283388
v 1.710942 1.810545 3.283388
v 1.403602 1.534143 3.467128
v 1.751574 1.592315 3.467128
v 1.434671 1.325051 3.652096
v 1.790266 1.384499 3.652096
v 1.464181 1.126494 3.838149
v 1.827009 1.187152 3.838149
v 1.492129 0.938485 4.025176
v 1.861800 1.000288 4.025176
v 1.526644 0.706362 4.273479
v 1.904755 0.769578 4.273479
v 1.558455 0.492494 4.523209
v 1.944332 0.557010 4.523209
v 1.587581 0.296760 4.774294
v 1.980554 0.362464 4.774294
v 2.001842 0.183687 5.026703
v 2.370750 0.442571 4.774294
v 2.657524 0.325846 5.026703
v 2.757733 0.536985 4.774294
v 3.303319 0.507713 5.026703
v 3.141000 0.645586 4.774294
v 3.519968 0.768207 4.774294
v 3.083575 0.834960 4.523209
v 3.455593 0.955332 4.523209
v 3.020829 1.041877 4.273479
v 3.385254 1.159793 4.273479
v 2.952725 1.266452 4.025176
v 3.308912 1.381703 4.025176
v 2.897562 1.448347 3.838149
v 3.247078 1.561439 3.838149
v 2.839303 1.640445 3.652096
v 3.181776 1.751259 3.652096
v 2.777952 1.842733 3.467128
v 3.113010 1.951148 3.467128
v 2.713526 2.055158 3.283388
v 3.040797 2.161054 3.283388
v 2.646056 2.277611 3.101054
v 2.965176 2.380869 3.101054
v 2.575599 2.509911 2.920344
v 2.886207 2.610415 2.920344
v 2.502234 2.751793 2.741524
v 2.803980 2.849430 2.741524
v 2.426070 3.002898 2.564907
v 2.718618 3.097559 2.564907
v 2.299900 3.418863 2.290242
v 2.577213 3.508595 2.290242
v 2.167723 3.854617 2.023673
v 2.429080 3.939186 2.023673
v 2.030344 4.307514 1.767033
v 2.275118 4.386718 1.767033
v 1.888639 4.774658 1.522263
v 2.116314 4.848329 1.522263
v 1.743526 5.253031 1.291333
v 1.953692 5.321037 1.291333
v 1.595919 5.739614 1.076165
v 1.788278 5.801858 1.076165
v 1.446696 6.231519 0.878539
v 1.621055 6.287940 0.878539
v 1.091805 6.137974 0.878539
v 1.204432 5.636423 1.076165
v 1.401034 5.684389 1.076165
v 1.530628 5.192702 1.291333
v 1.270022 6.181455 0.878539
v 1.793395 6.350799 0.878539
v 1.963304 6.419959 0.878539
v 2.129935 6.495035 0.878539
v 2.294913 6.576798 0.878539
v 2.349696 6.030338 1.076165
v 2.531648 6.120515 1.076165
v 2.567089 5.570673 1.291333
v 2.765823 5.669169 1.291333
v 2.780821 5.118770 1.522263
v 2.996045 5.225440 1.522263
v 2.989546 4.677479 1.767033
v 3.220864 4.792126 1.767033
v 3.191914 4.249651 2.023673
v 3.438825 4.372029 2.023673
v 3.386631 3.838024 2.290242
v 3.648535 3.967834 2.290242
v 3.572515 3.445094 2.564907
v 3.848722 3.581995 2.564907
v 3.684732 3.207898 2.741524
v 3.969568 3.349077 2.741524
v 3.792831 2.979417 2.920344
v 4.085976 3.124714 2.920344
v 3.896653 2.759989 3.101054
v 4.197772 2.909240 3.101054
v 3.996077 2.549865 3.283388
v 4.304828 2.702900 3.283388
v 4.091024 2.349216 3.467128
v 4.407058 2.505862 3.467128
v 4.181445 2.158143 3.652096
v 4.504410 2.318226 3.652096
v 4.267314 1.976698 3.838149
v 4.596858 2.140043 3.838149
v 4.348628 1.804894 4.025176
v 4.684395 1.971324 4.025176
v 4.449028 1.592780 4.273479
v 4.792472 1.763018 4.273479
v 4.541541 1.397351 4.523209
v 4.892050 1.571092 4.523209
v 4.626219 1.218494 4.774294
v 4.983186 1.395437 4.774294
v 5.157603 1.284078 5.026703
v 5.333326 1.585362 4.774294
v 5.740331 1.616578 5.026703
v 5.676239 1.788047 4.774294
v 6.011382 2.003164 4.774294
v 5.901367 2.167654 4.523209
v 6.222609 2.390958 4.523209
v 6.095947 2.566196 4.273479
v 6.535267 2.625829 4.523209
v 6.402241 2.796286 4.273479
v 6.839069 2.872048 4.523209
v 6.699859 3.037493 4.273479
v 6.988333 3.289434 4.273479
v 6.830716 3.463299 4.025176
v 7.103573 3.719904 4.025176
v 6.970829 3.855947 3.838149
v 7.366719 3.986300 4.025176
v 7.229058 4.117365 3.838149
v 7.619882 4.262201 4.025176
v 7.477490 4.388110 3.838149
v 7.715373 4.667310 3.838149
v 7.560144 4.794588 3.652096
v 7.783875 5.077652 3.652096
v 7.615646 5.205650 3.467128
v 7.996586 5.368168 3.652096
v 7.823759 5.489887 3.467128
v 8.198460 5.666317 3.652096
v 8.021270 5.781592 3.467128
v 8.207745 6.080094 3.467128
v 8.017330 6.194188 3.283388
v 8.188955 6.492847 3.283388
v 7.985305 6.604936 3.101054
v 8.349302 6.797315 3.283388
v 8.141665 6.901831 3.101054
v 8.498334 7.107477 3.283388
v 8.286989 7.204280 3.101054
v 8.420820 7.511237 3.101054
v 8.196530 7.604090 2.920344
v 8.316227 7.908772 2.920344
v 8.079302 7.996839 2.741524
v 8.424372 8.216964 2.920344
v 8.184365 8.296251 2.741524
v 8.521099 8.528927 2.920344
v 8.278337 8.599327 2.741524
v 8.360752 8.904307 2.741524
v 8.106197 8.968000 2.564907
v 8.175799 9.269170 2.564907
v 7.750545 9.359198 2.290242
v 8.233966 9.571271 2.564907
v 7.805686 9.645585 2.290242
v 8.280974 9.875309 2.564907
v 7.850249 9.933808 2.290242
v 7.884112 10.222858 2.290242
v 7.430943 10.267465 2.023673
v 7.452910 10.542120 2.023673
v 6.980526 10.571142 1.767033
v 7.464713 10.816751 2.023673
v 6.991581 10.828366 1.767033
v 7.466400 11.091631 2.023673
v 6.993161 11.085823 1.767033
v 6.985343 11.341536 1.767033
v 6.497768 11.317563 1.522263
v 6.481535 11.558156 1.522263
v 5.983480 11.515266 1.291333
v 6.456599 11.796346 1.522263
v 5.960460 11.735152 1.291333
v 6.422913 12.033456 1.522263
v 5.929362 11.954042 1.291333
v 5.890534 12.170104 1.291333
v 5.391820 12.070930 1.076165
v 5.348393 12.270160 1.076165
v 4.848262 12.151387 0.878539
v 5.298018 12.466159 1.076165
v 4.802597 12.329058 0.878539
v 5.240462 12.660171 1.076165
v 4.750424 12.504928 0.878539
v 4.692193 12.677695 0.878539
v 4.626843 12.850312 0.878539
v 4.555603 13.019360 0.878539
v 4.478189 13.185671 0.878539
v 4.394706 13.349019 0.878539
v 4.305267 13.509185 0.878539
v 4.749385 13.768024 1.076165
v 4.644369 13.940825 1.076165
v 5.074014 14.212773 1.291333
v 4.952174 14.397573 1.291333
v 5.364385 14.680382 1.522263
v 4.824545 14.576492 1.291333
v 5.226069 14.874279 1.522263
v 4.688815 14.752672 1.291333
v 5.079104 15.065038 1.522263
v 4.926040 15.249231 1.522263
v 5.295682 15.568087 1.767033
v 5.123955 15.759911 1.767033
v 5.470701 16.082022 2.023673
v 4.946596 15.943972 1.767033
v 5.281217 16.278662 2.023673
v 4.738911 16.143383 1.767033
v 5.059601 16.491444 2.023673
v 4.830797 16.693762 2.023673
v 5.125394 17.040985 2.290242
v 4.874062 17.245533 2.290242
v 5.141491 17.588211 2.564907
v 4.867767 17.792961 2.564907
v 5.020610 18.006252 2.741524
v 4.729891 18.205708 2.741524
v 4.868595 18.417015 2.920344
v 4.432387 18.392431 2.741524
v 4.562272 18.609270 2.920344
v 4.125212 18.568138 2.741524
v 4.246184 18.790073 2.920344
v 3.924058 18.957203 2.920344
v 4.031424 19.174919 3.101054
v 3.693740 19.332945 3.101054
v 3.787942 19.545462 3.283388
v 3.435309 19.693220 3.283388
v 3.516890 19.899664 3.467128
v 3.150488 20.035872 3.467128
v 3.220110 20.235464 3.652096
v 2.839200 20.359587 3.652096
v 2.897471 20.551682 3.838149
v 2.504433 20.662182 3.838149
v 2.552125 20.846176 4.025176
v 2.147333 20.942308 4.025176
v 2.196875 21.171694 4.273479
v 1.779069 21.253025 4.273479
v 1.816034 21.466064 4.523209
v 1.386508 21.531574 4.523209
v 1.412338 21.727772 4.774294
v 0.972447 21.776554 4.774294
v 1.005126 21.953981 5.026703
v 0.530929 21.807306 4.774294
v 0.335458 21.994884 5.026703
v 0.088523 21.819979 4.774294
v -0.335458 21.994884 5.026703
v -0.354032 21.814547 4.774294
v -0.795994 21.791023 4.774294
v -0.347557 21.616764 4.523209
v -0.781436 21.593670 4.523209
v -0.340482 21.400658 4.273479
v -0.765530 21.378035 4.273479
v -0.332804 21.166109 4.025176
v -0.748266 21.143995 4.025176
v -0.326585 20.976135 3.838149
v -0.734283 20.954435 3.838149
v -0.320017 20.775505 3.652096
v -0.719516 20.754240 3.652096
v -0.313101 20.564232 3.467128
v -0.703965 20.543427 3.467128
v -0.305838 20.342369 3.283388
v -0.687636 20.322048 3.283388
v -0.298232 20.110035 3.101054
v -0.670535 20.090218 3.101054
v -0.290289 19.867414 2.920344
v -0.652677 19.848125 2.920344
v -0.282019 19.614788 2.741524
v -0.634083 19.596048 2.741524
v -0.273433 19.352526 2.564907
v -0.614779 19.334358 2.564907
v -0.259211 18.918079 2.290242
v -0.582802 18.900856 2.290242
v -0.244312 18.462963 2.023673
v -0.549304 18.446730 2.023673
v -0.228827 17.989943 1.767033
v -0.514488 17.974737 1.767033
v -0.212855 17.502041 1.522263
v -0.478576 17.487896 1.522263
v -0.196499 17.002409 1.291333
v -0.441801 16.989353 1.291333
v -0.179862 16.494204 1.076165
v -0.404395 16.482252 1.076165
v -0.163043 15.980437 0.878539
v -0.366580 15.969603 0.878539
v 2.456163 6.664265 0.878539
v 2.709533 6.217005 1.076165
v 2.883746 6.319976 1.076165
v 3.150489 5.887080 1.291333
v 3.053377 6.428840 1.076165
v 3.335862 6.006048 1.291333
v 3.220216 6.544798 1.076165
v 3.518082 6.132698 1.291333
v 3.694850 6.265487 1.291333
v 4.002404 5.871394 1.522263
v 4.188461 6.022186 1.522263
v 4.502757 5.648659 1.767033
v 4.368645 6.179546 1.522263
v 4.696478 5.817843 1.767033
v 4.543303 6.343796 1.522263
v 4.884225 5.994402 1.767033
v 5.065157 6.177569 1.767033
v 5.407925 5.851227 2.023673
v 5.593773 6.053767 2.023673
v 5.934899 5.752130 2.290242
v 5.771225 6.262017 2.023673
v 6.123256 5.973181 2.290242
v 5.942484 6.478672 2.023673
v 6.304875 6.202947 2.290242
v 6.477170 6.438262 2.290242
v 6.832557 6.187971 2.564907
v 7.005044 6.442719 2.564907
v 7.224996 6.299624 2.741524
v 7.167808 6.703258 2.564907
v 7.392888 6.568375 2.741524
v 7.321319 6.970390 2.564907
v 7.551201 6.843864 2.741524
v 7.699059 7.124619 2.741524
v 7.924834 7.010974 2.920344
v 8.066289 7.305368 2.920344
v 2.614085 6.757608 0.878539
v 2.767812 6.856263 0.878539
v 2.919092 6.961407 0.878539
v 3.382018 6.666345 1.076165
v 3.866611 6.404692 1.291333
v 4.032935 6.549947 1.291333
v 4.194186 6.701589 1.291333
v 4.711607 6.514178 1.522263
v 5.239226 6.367271 1.767033
v 5.405357 6.562233 1.767033
v 5.565835 6.765245 1.767033
v 6.104875 6.700462 2.023673
v 6.640686 6.679760 2.290242
v 6.794957 6.926705 2.290242
v 6.940509 7.179985 2.290242
v 7.464676 7.242598 2.564907
v 7.836485 7.410626 2.741524
v 7.962992 7.700779 2.741524
v 3.065763 7.071587 0.878539
v 3.208280 7.187091 0.878539
v 3.346261 7.307592 0.878539
v 3.480082 7.433438 0.878539
v 3.691464 6.926708 1.076165
v 3.839076 7.065523 1.076165
v 3.608999 7.563947 0.878539
v 3.981292 7.209495 1.076165
v 4.118112 7.358604 1.076165
v 4.499032 7.021779 1.291333
v 4.248520 7.511635 1.076165
v 4.641567 7.189043 1.291333
v 4.374832 7.671417 1.076165
v 4.779498 7.363528 1.291333
v 4.910108 7.541912 1.291333
v 5.318817 7.254066 1.522263
v 5.453091 7.452375 1.522263
v 5.862281 7.186168 1.767033
v 5.579709 7.655050 1.522263
v 5.998424 7.404089 1.767033
v 5.699295 7.863142 1.522263
v 6.126960 7.627758 1.767033
v 6.246932 7.855559 1.767033
v 6.669672 7.642769 2.023673
v 6.788723 7.890536 2.023673
v 7.202721 7.700911 2.290242
v 6.898228 8.141684 2.023673
v 7.318939 7.967459 2.290242
v 6.999074 8.398371 2.023673
v 7.425901 8.239716 2.290242
v 7.522467 8.514913 2.290242
v 7.935208 8.378561 2.564907
v 8.026319 8.672411 2.564907
v 3.733025 7.699113 0.878539
v 3.851187 7.837770 0.878539
v 3.965739 7.982675 0.878539
v 4.494383 7.834698 1.076165
v 5.034063 7.724982 1.291333
v 5.150932 7.912050 1.291333
v 5.261349 8.104185 1.291333
v 5.810892 8.075043 1.522263
v 6.358437 8.087622 1.767033
v 6.460969 8.322775 1.767033
v 6.555456 8.563269 1.767033
v 7.090091 8.657750 2.023673
v 7.608839 8.793478 2.290242
v 7.684523 9.073532 2.290242
v 4.074111 8.130688 0.878539
v 4.176962 8.282588 0.878539
v 4.273899 8.437751 0.878539
v 4.365549 8.597228 0.878539
v 4.714799 8.173468 1.076165
v 4.815885 8.349365 1.076165
v 4.451030 8.759540 0.878539
v 4.910184 8.528420 1.076165
v 4.997829 8.710826 1.076165
v 5.460122 8.499080 1.291333
v 5.078348 8.895482 1.076165
v 5.548116 8.700882 1.291333
v 5.152689 9.084692 1.076165
v 5.629307 8.907528 1.291333
v 5.702510 9.116145 1.291333
v 6.177178 8.959336 1.522263
v 6.248104 9.188084 1.522263
v 6.716951 9.052120 1.767033
v 6.310153 9.417660 1.522263
v 6.783692 9.299065 1.767033
v 6.364467 9.652632 1.522263
v 6.842046 9.551528 1.767033
v 6.890724 9.804346 1.767033
v 7.357030 9.723434 2.023673
v 7.399032 9.995091 2.023673
v 4.530479 8.924888 0.878539
v 4.603447 9.092223 0.878539
v 4.670859 9.263793 0.878539
v 5.219695 9.275645 1.076165
v 5.767986 9.327315 1.291333
v 5.825237 9.539129 1.291333
v 5.875408 9.756166 1.291333
v 6.409747 9.887803 1.522263
v 6.930063 10.058784 1.767033
v 6.959946 10.313837 1.767033
v 4.731598 9.436891 0.878539
v 4.785926 9.612107 0.878539
v 4.833379 9.787656 0.878539
v 4.875058 9.967942 0.878539
v 5.332003 9.662705 1.076165
v 5.377954 9.861479 1.076165
v 4.909742 10.148079 0.878539
v 5.416215 10.060198 1.076165
v 5.447136 10.260190 1.076165
v 5.950990 10.191759 1.291333
v 5.470611 10.460527 1.076165
v 5.976641 10.410677 1.291333
v 5.486801 10.662911 1.076165
v 5.994323 10.631731 1.291333
v 6.003817 10.852614 1.291333
v 6.503564 10.840346 1.522263
v 6.505033 11.079833 1.522263
v 4.937772 10.329370 0.878539
v 4.959047 10.510933 0.878539
v 4.973727 10.694432 0.878539
v 5.495490 10.865093 1.076165
v 6.005173 11.073698 1.291333
v 5.998472 11.293038 1.291333
v 4.981604 10.877708 0.878539
v 4.982730 11.061151 0.878539
v 4.977180 11.242941 0.878539
v 4.964730 11.427537 0.878539
v 5.490603 11.268115 1.076165
v 5.476876 11.471641 1.076165
v 4.945630 11.609985 0.878539
v 5.455805 11.672910 1.076165
v 5.427340 11.873266 1.076165
v 4.919827 11.791607 0.878539
v 4.887647 11.970691 0.878539
v 4.210033 13.665888 0.878539
v 4.532888 14.109910 1.076165
v 4.416119 14.273608 1.076165
v 4.291827 14.434944 1.076165
v 4.547513 14.922711 1.291333
v 4.766300 15.427666 1.522263
v 4.601428 15.598772 1.522263
v 4.408132 15.784371 1.522263
v 4.524609 16.332876 1.767033
v 4.593911 16.886553 2.023673
v 4.614575 17.439632 2.290242
v 4.585898 17.986343 2.564907
v 4.297540 18.167330 2.564907
v 3.999628 18.337740 2.564907
v 3.812264 18.730507 2.741524
v 3.595368 19.111021 2.920344
v 3.349877 19.477028 3.101054
v 3.077379 19.826277 3.283388
v 2.777837 20.157301 3.467128
v 2.454067 20.467865 3.652096
v 2.107206 20.756517 3.838149
v 1.738948 21.021807 4.025176
v 1.358286 21.317204 4.273479
v 0.954662 21.579466 4.523209
v 4.109015 13.819101 0.878539
v 4.003213 13.967426 0.878539
v 3.890496 14.113740 0.878539
v 4.162488 14.590587 1.076165
v 4.400047 15.087435 1.291333
v 4.247943 15.245294 1.291333
v 4.069401 15.416730 1.291333
v 4.208788 15.960639 1.522263
v 4.302737 16.513449 1.767033
v 4.349339 17.069494 2.023673
v 4.347368 17.622957 2.290242
v 4.074142 17.794449 2.290242
v 3.791592 17.956078 2.290242
v 3.696207 18.495167 2.564907
v 3.492938 18.879942 2.741524
v 3.260662 19.251266 2.920344
v 3.000822 19.606785 3.101054
v 2.713400 19.944880 3.283388
v 2.401028 20.263241 3.467128
v 2.064828 20.560303 3.652096
v 1.706453 20.834530 3.838149
v 1.327654 21.084536 4.025176
v 0.935230 21.364119 4.273479
v 0.521219 21.609655 4.523209
v 3.773251 14.254828 0.878539
v 3.650893 14.391506 0.878539
v 3.524851 14.522324 0.878539
v 3.376544 14.664736 0.878539
v 3.888372 14.885766 1.076165
v 3.724857 15.042778 1.076165
v 3.223850 14.799753 0.878539
v 3.556412 15.191723 1.076165
v 3.382018 15.333655 1.076165
v 3.694850 15.734513 1.291333
v 3.498143 15.881653 1.291333
v 3.789322 16.287992 1.522263
v 3.569901 16.438534 1.522263
v 3.837781 16.846632 1.767033
v 3.345868 16.579157 1.522263
v 3.596819 16.997879 1.767033
v 3.113518 16.712078 1.522263
v 3.347151 17.140703 1.767033
v 3.093229 17.272448 1.767033
v 3.302553 17.696915 2.023673
v 3.025921 17.826368 2.023673
v 3.210452 18.242662 2.290242
v 2.911579 18.367895 2.290242
v 3.071331 18.772154 2.564907
v 2.751228 18.891148 2.564907
v 2.837638 19.138912 2.741524
v 2.502080 19.248255 2.741524
v 2.575454 19.490133 2.920344
v 2.226097 19.588354 2.920344
v 2.287005 19.823338 3.101054
v 1.924264 19.909483 3.101054
v 1.973339 20.136703 3.283388
v 1.598045 20.209759 3.283388
v 1.635995 20.428471 3.467128
v 1.249051 20.487488 3.467128
v 1.276643 20.697067 3.652096
v 0.879016 20.741163 3.652096
v 0.897057 20.941088 3.838149
v 0.489768 20.969458 3.838149
v 0.499095 21.159304 4.025176
v 0.083215 21.171215 4.025176
v 0.085135 21.405882 4.273479
v 3.065763 14.928413 0.878539
v 3.201965 15.468337 1.076165
v 3.295583 16.020624 1.291333
v 3.088866 16.150383 1.291333
v 2.874269 16.273149 1.291333
v 2.877320 16.834627 1.522263
v 2.834131 17.393698 1.767033
v 2.744227 17.944403 2.023673
v 2.608089 18.480711 2.290242
v 2.425909 18.997150 2.564907
v 2.162677 19.343676 2.741524
v 1.873017 19.672205 2.920344
v 1.558303 19.980722 3.101054
v 1.220077 20.267406 3.283388
v 0.860018 20.530630 3.467128
v 0.479918 20.768961 3.652096
v 0.081660 20.981146 3.838149
v 2.902548 15.050500 0.878539
v 3.016555 15.595543 1.076165
v 2.827434 15.714258 1.076165
v 2.630913 15.826688 1.076165
v 2.656220 16.386282 1.291333
v 2.636307 16.947412 1.522263
v 2.570292 17.504250 1.767033
v 2.458147 18.050747 2.023673
v 2.299728 18.581188 2.290242
v 2.096838 19.089668 2.564907
v 1.819655 19.425138 2.741524
v 1.516802 19.741547 2.920344
v 1.189735 20.036936 3.101054
v 0.840068 20.309549 3.283388
v 0.469546 20.557829 3.467128
v 0.080018 20.780415 3.652096
v 2.734475 15.165811 0.878539
v 2.563123 15.273376 0.878539
v 2.384895 15.375341 0.878539
v 2.431325 15.930241 1.076165
v 2.433728 16.490400 1.291333
v 2.390884 17.050249 1.522263
v 2.302312 17.603865 1.767033
v 2.167545 18.145437 2.023673
v 1.987774 18.668894 2.290242
v 1.764259 19.168650 2.564907
v 1.473589 19.492504 2.741524
v 1.158050 19.796263 2.920344
v 0.819177 20.078030 3.101054
v 0.458654 20.336115 3.283388
v 0.078288 20.569035 3.467128
v 2.203971 15.469211 0.878539
v 2.019360 15.555603 0.878539
v 1.831370 15.634374 0.878539
v 1.640340 15.705382 0.878539
v 1.446519 15.768534 0.878539
v 1.250301 15.823700 0.878539
v 1.379278 16.321297 1.076165
v 1.160511 16.373251 1.076165
v 1.267857 16.870270 1.291333
v 1.026733 16.917208 1.291333
v 1.112197 17.409746 1.522263
v 0.849141 17.449867 1.522263
v 0.912859 17.933855 1.767033
v 0.628537 17.965385 1.767033
v 0.671072 18.436745 2.023673
v 0.366386 18.457968 2.023673
v 0.388730 18.912779 2.290242
v 0.064814 18.922056 2.290242
v 0.068370 19.356722 2.564907
v 1.051991 15.870795 0.878539
v 0.939802 16.416216 1.076165
v 0.783891 16.954247 1.291333
v 0.584665 17.479198 1.522263
v 0.343164 17.985264 1.767033
v 0.061088 18.466711 2.023673
v 0.851921 15.909741 0.878539
v 0.717522 16.450117 1.076165
v 0.539738 16.981323 1.291333
v 0.319211 17.497688 1.522263
v 0.057216 17.993454 1.767033
v 0.650426 15.940474 0.878539
v 0.494040 16.474901 1.076165
v 0.294682 16.998392 1.291333
v 0.053223 17.505306 1.522263
v 0.447842 15.962940 0.878539
v 0.269732 16.490524 1.076165
v 0.049133 17.005424 1.291333
v 0.244509 15.977102 0.878539
v 0.044973 16.496962 1.076165
v 0.040767 15.982938 0.878539
v -0.569504 15.950455 0.878539
v -0.771475 15.923023 0.878539
v -0.972156 15.887356 0.878539
v -1.171209 15.843512 0.878539
v -1.292028 16.343153 1.076165
v -1.509454 16.285845 1.076165
v -1.649076 16.774780 1.291333
v -1.883855 16.702511 1.291333
v -2.040664 17.177177 1.522263
v -2.291571 17.088558 1.522263
v -2.463527 17.545433 1.767033
v -2.729140 17.439213 1.767033
v -2.913825 17.874966 2.023673
v -3.192538 17.750053 2.023673
v -3.387229 18.161694 2.290242
v -3.677271 18.017183 2.290242
v -3.879034 18.402199 2.564907
v -4.178501 18.237375 2.564907
v -4.309701 18.464621 2.741524
v -4.611360 18.282133 2.741524
v -4.746587 18.495680 2.920344
v -5.049151 18.295300 2.920344
v -5.187300 18.494905 3.101054
v -5.489463 18.276503 3.101054
v -5.629461 18.462076 3.283388
v -5.929912 18.225618 3.283388
v -6.070735 18.397211 3.467128
v -6.368163 18.142761 3.467128
v -6.508836 18.300547 3.652096
v -6.801945 18.028261 3.652096
v -6.941547 18.172508 3.838149
v -7.229058 17.882635 3.838149
v -7.366719 18.013700 4.025176
v -7.647380 17.706572 4.025176
v -7.823818 17.861303 4.273479
v -8.097864 17.535612 4.273479
v -8.266122 17.671408 4.523209
v -8.532033 17.327787 4.523209
v -8.690979 17.445669 4.774294
v -8.947303 17.084862 4.774294
v -8.918866 17.438465 5.026703
v -9.294791 16.882759 5.026703
v -9.188657 16.713875 4.774294
v -9.414638 16.333326 4.774294
v -9.020609 16.609375 4.523209
v -9.242456 16.235786 4.523209
v -8.836993 16.495195 4.273479
v -9.054325 16.129211 4.273479
v -8.637707 16.371271 4.025176
v -8.850138 16.013542 4.025176
v -8.476295 16.270899 3.838149
v -8.684756 15.919853 3.838149
v -8.305827 16.164896 3.652096
v -8.510097 15.820910 3.652096
v -8.126317 16.053268 3.467128
v -8.326171 15.716718 3.467128
v -7.937811 15.936049 3.283388
v -8.133029 15.607304 3.283388
v -7.740407 15.813294 3.101054
v -7.930769 15.492725 3.101054
v -7.534263 15.685105 2.920344
v -7.719556 15.373075 2.920344
v -7.319615 15.551629 2.741524
v -7.499630 15.248487 2.741524
v -7.096784 15.413063 2.564907
v -7.271318 15.119151 2.564907
v -6.727653 15.183523 2.290242
v -6.893109 14.904898 2.290242
v -6.340960 14.943063 2.023673
v -6.496906 14.680452 2.023673
v -5.939054 14.693141 1.767033
v -6.085116 14.447176 1.767033
v -5.524505 14.435358 1.522263
v -5.660371 14.206561 1.522263
v -5.099990 14.171377 1.291333
v -5.225416 13.960162 1.291333
v -4.668188 13.902866 1.076165
v -4.782995 13.709534 1.076165
v -4.231664 13.631417 0.878539
v -4.335735 13.456163 0.878539
v -1.368304 15.791563 0.878539
v -1.724354 16.219694 1.076165
v -2.115482 16.620701 1.291333
v -2.538644 16.989752 1.522263
v -2.990187 17.322218 1.767033
v -3.465909 17.613850 2.023673
v -3.961161 17.860931 2.290242
v -4.470975 18.060442 2.564907
v -4.905303 18.087461 2.741524
v -5.343266 18.082714 2.920344
v -5.782441 18.045925 3.101054
v -6.220441 17.977072 3.283388
v -6.654937 17.876362 3.467128
v -7.083674 17.744219 3.652096
v -7.504474 17.581247 3.838149
v -7.915246 17.388224 4.025176
v -8.358362 17.198984 4.273479
v -8.783669 16.973577 4.523209
v -1.563109 15.731599 0.878539
v -1.936370 16.144812 1.076165
v -2.343569 16.529486 1.291333
v -2.781470 16.880924 1.522263
v -3.246231 17.194647 1.767033
v -3.733481 17.466579 2.023673
v -4.238423 17.693201 2.290242
v -4.755970 17.871696 2.564907
v -5.191040 17.880930 2.741524
v -5.628442 17.858276 2.920344
v -6.065745 17.803560 3.101054
v -6.500563 17.716852 3.283388
v -6.930577 17.598457 3.467128
v -7.353551 17.448891 3.652096
v -7.767335 17.268848 3.838149
v -8.169869 17.059189 4.025176
v -8.604877 16.851986 4.273479
v -1.755299 15.663717 0.878539
v -2.145146 16.061319 1.076165
v -2.567736 16.429022 1.291333
v -3.019642 16.762257 1.522263
v -3.496844 17.056711 1.767033
v -3.994807 17.308489 2.023673
v -4.508594 17.514273 2.290242
v -5.033008 17.671453 2.564907
v -5.468091 17.662888 2.741524
v -5.904202 17.622366 2.920344
v -6.338901 17.549810 3.101054
v -6.769809 17.445395 3.283388
v -7.194622 17.309513 3.467128
v -7.611125 17.142775 3.652096
v -8.017200 16.945961 3.838149
v -8.410825 16.720015 4.025176
v -1.944552 15.588034 0.878539
v -2.350333 15.969361 1.076165
v -2.787606 16.319473 1.291333
v -3.252762 16.633949 1.522263
v -3.741606 16.908642 1.767033
v -4.249449 17.139845 2.023673
v -4.771222 17.324446 2.290242
v -5.301625 17.460049 2.564907
v -5.735994 17.433699 2.741524
v -6.170082 17.375376 2.920344
v -6.601451 17.285105 3.101054
v -7.027729 17.163153 3.283388
v -7.446629 17.010014 3.467128
v -7.855966 16.826382 3.652096
v -8.253652 16.613125 3.838149
v -2.130552 15.504674 0.878539
v -2.551587 15.869088 1.076165
v -3.002813 16.201023 1.291333
v -3.480440 16.496214 1.522263
v -3.980108 16.750687 1.767033
v -4.496982 16.960930 2.023673
v -5.025867 17.124037 2.290242
v -5.561372 17.237837 2.564907
v -5.994300 17.193745 2.741524
v -6.425640 17.117718 2.920344
v -6.852956 17.009882 3.101054
v -7.273890 16.870600 3.283388
v -7.686178 16.700459 3.467128
v -8.087663 16.500240 3.652096
v -2.312987 15.413776 0.878539
v -2.491552 15.315495 0.878539
v -2.665949 15.209994 0.878539
v -2.835886 15.097448 0.878539
v -3.001078 14.978048 0.878539
v -3.161248 14.851993 0.878539
v -3.316130 14.719491 0.878539
v -3.658211 15.103182 1.076165
v -3.822950 14.950148 1.076165
v -4.176568 15.315532 1.291333
v -4.349556 15.141122 1.291333
v -4.711607 15.485823 1.522263
v -4.891111 15.289390 1.522263
v -5.258132 15.611259 1.767033
v -5.442310 15.392371 1.767033
v -5.810600 15.689610 2.023673
v -5.997520 15.448064 2.023673
v -6.363268 15.719321 2.290242
v -6.550941 15.455149 2.290242
v -6.910376 15.699593 2.564907
v -3.465464 14.580768 0.878539
v -3.981292 14.790505 1.076165
v -4.515268 14.959784 1.291333
v -5.062434 15.085781 1.522263
v -5.617383 15.166135 1.767033
v -6.174405 15.199076 2.023673
v -3.608999 14.436053 0.878539
v -4.132973 14.624520 1.076165
v -4.673425 14.771821 1.291333
v -5.225286 14.875336 1.522263
v -5.783056 14.932928 1.767033
v -3.746497 14.285589 0.878539
v -4.277740 14.452471 1.076165
v -4.823763 14.577547 1.291333
v -5.379395 14.658407 1.522263
v -3.877726 14.129629 0.878539
v -4.415349 14.274646 1.076165
v -4.966031 14.377288 1.291333
v -4.002468 13.968432 0.878539
v -4.545571 14.091342 1.076165
v -4.120512 13.802269 0.878539
v -4.432552 13.276800 0.878539
v -4.521953 13.093627 0.878539
v -4.603789 12.906952 0.878539
v -4.677922 12.717086 0.878539
v -5.160481 12.894215 1.076165
v -5.233627 12.681594 1.076165
v -5.717731 12.837139 1.291333
v -5.788078 12.601777 1.291333
v -6.269868 12.735106 1.522263
v -6.335580 12.477250 1.522263
v -6.810991 12.588100 1.767033
v -6.870238 12.308238 1.767033
v -7.335159 12.396769 2.023673
v -7.386143 12.095631 2.023673
v -7.836574 12.162446 2.290242
v -7.877556 11.840999 2.290242
v -8.309780 11.887142 2.564907
v -8.339108 11.546574 2.564907
v -8.600947 11.563736 2.741524
v -8.616806 11.211531 2.741524
v -8.869493 11.217733 2.920344
v -8.870978 10.854836 2.920344
v -9.113695 10.850864 3.101054
v -9.099973 10.478287 3.101054
v -9.332050 10.464981 3.283388
v -9.302364 10.083797 3.283388
v -9.523275 10.062039 3.467128
v -9.476952 9.673372 3.467128
v -9.686297 9.644067 3.652096
v -9.622745 9.249083 3.652096
v -9.820239 9.213147 3.838149
v -9.738952 8.813046 3.838149
v -9.924408 8.771399 4.025176
v -9.824968 8.367408 4.025176
v -10.051646 8.306669 4.273479
v -9.933095 7.897863 4.273479
v -10.139484 7.833407 4.523209
v -10.001506 7.421404 4.523209
v -10.187827 7.354737 4.774294
v -10.030232 6.941158 4.774294
v -10.330229 7.220269 5.026703
v -10.080587 6.597527 5.026703
v -9.855857 6.534369 4.774294
v -9.793445 5.991163 5.026703
v -9.664991 6.135052 4.774294
v -9.457955 5.743875 4.774294
v -9.488232 6.224026 4.523209
v -9.284982 5.840002 4.523209
v -9.295097 6.321241 4.273479
v -9.095985 5.945035 4.273479
v -9.085481 6.426754 4.025176
v -8.890859 6.059031 4.025176
v -8.915701 6.512213 3.838149
v -8.724715 6.151362 3.838149
v -8.736397 6.602468 3.652096
v -8.549253 6.248874 3.652096
v -8.547580 6.697510 3.467128
v -8.364481 6.351558 3.467128
v -8.349302 6.797315 3.283388
v -8.170450 6.459388 3.283388
v -8.141665 6.901831 3.101054
v -7.967260 6.572308 3.101054
v -7.924834 7.010974 2.920344
v -7.755075 6.690227 2.920344
v -7.699059 7.124619 2.741524
v -7.534136 6.813010 2.741524
v -7.464676 7.242598 2.564907
v -7.304774 6.940475 2.564907
v -7.076410 7.438035 2.290242
v -6.924824 7.151627 2.290242
v -6.669672 7.642769 2.023673
v -6.526799 7.372823 2.023673
v -6.246932 7.855559 1.767033
v -6.113114 7.602723 1.767033
v -5.810892 8.075043 1.522263
v -5.686415 7.839855 1.522263
v -5.364370 8.299803 1.291333
v -5.249459 8.082687 1.291333
v -4.910184 8.528420 1.076165
v -4.805002 8.329688 1.076165
v -4.451030 8.759540 0.878539
v -4.355684 8.579390 0.878539
v -4.744228 12.524347 0.878539
v -5.298018 12.466159 1.076165
v -5.848740 12.363735 1.291333
v -6.390691 12.216922 1.522263
v -6.917991 12.026187 1.767033
v -7.424770 11.792660 2.023673
v -7.905359 11.518145 2.290242
v -8.354484 11.205091 2.564907
v -8.618249 10.858972 2.741524
v -8.857620 10.492181 2.920344
v -9.071025 10.106582 3.101054
v -9.257114 9.704145 3.283388
v -9.414771 9.286924 3.467128
v -9.543091 8.857027 3.652096
v -9.641370 8.416603 3.838149
v -9.709090 7.967821 4.025176
v -9.797924 7.494246 4.273479
v -9.846793 7.015388 4.523209
v -4.802597 12.329058 0.878539
v -5.353544 12.248271 1.076165
v -5.899617 12.123411 1.291333
v -6.435111 11.954558 1.522263
v -6.954170 11.742419 1.767033
v -7.450974 11.488362 2.023673
v -7.919935 11.194424 2.290242
v -8.355883 10.863265 2.564907
v -8.605271 10.506648 2.741524
v -8.829444 10.130376 2.920344
v -9.026900 9.736372 3.101054
v -9.196377 9.326662 3.283388
v -9.336840 8.903342 3.467128
v -9.447472 8.468557 3.652096
v -9.527657 8.024483 3.838149
v -9.576967 7.573306 4.025176
v -9.646360 7.096496 4.273479
v -9.675607 6.616040 4.523209
v -4.852931 12.131545 0.878539
v -5.400113 12.028296 1.076165
v -5.940623 11.881208 1.291333
v -6.468764 11.690598 1.522263
v -6.978713 11.457409 1.767033
v -7.464713 11.183249 2.023673
v -7.921261 10.870378 2.290242
v -8.343301 10.521667 2.564907
v -8.577898 10.155150 2.741524
v -8.786494 9.770025 2.920344
v -8.967673 9.368277 3.101054
v -9.120254 8.951979 3.283388
v -9.243287 8.523269 3.467128
v -9.336045 8.084323 3.652096
v -9.398004 7.637341 3.838149
v -9.428823 7.184525 4.025176
v -9.478659 6.705276 4.273479
v -4.895146 11.932138 0.878539
v -5.437648 11.806599 1.076165
v -5.971691 11.637530 1.291333
v -6.491595 11.425482 1.522263
v -6.991581 11.171634 1.767033
v -7.465962 10.877828 2.023673
v -7.909333 10.546548 2.290242
v -8.316760 10.180871 2.564907
v -8.536172 9.805067 2.741524
v -8.728845 9.411733 2.920344
v -8.893443 9.002911 3.101054
v -9.028871 8.580722 3.283388
v -9.134269 8.147339 3.467128
v -9.209000 7.704967 3.652096
v -9.252626 7.255825 3.838149
v -9.264902 6.802127 4.025176
v -4.929170 11.731174 0.878539
v -5.466084 11.583553 1.076165
v -5.992767 11.392787 1.291333
v -6.503564 11.159654 1.522263
v -6.992751 10.885571 1.767033
v -7.454720 10.572611 2.023673
v -7.884173 10.223476 2.290242
v -8.276304 9.841444 2.564907
v -8.480165 9.456982 2.741524
v -8.656590 9.056097 2.920344
v -8.804333 8.640886 3.101054
v -8.922381 8.213511 3.283388
v -9.009969 7.776182 3.467128
v -9.066546 7.331124 3.652096
v -9.091769 6.880573 3.838149
v -4.954948 11.528984 0.878539
v -4.972436 11.325911 0.878539
v -4.981604 11.122292 0.878539
v -4.982438 10.918468 0.878539
v -4.974936 10.714781 0.878539
v -4.959110 10.511570 0.878539
v -4.934987 10.309177 0.878539
v -5.444065 10.237914 1.076165
v -5.408345 10.015918 1.076165
v -5.908610 9.924891 1.291333
v -5.859701 9.684160 1.291333
v -6.347453 9.574632 1.522263
v -6.283853 9.316247 1.522263
v -6.755383 9.189900 1.767033
v -6.675708 8.915155 1.767033
v -7.127465 8.774070 2.023673
v -7.030474 8.484456 2.023673
v -7.459215 8.331050 2.290242
v -7.343829 8.028240 2.290242
v -7.746768 7.865187 2.564907
v -7.612090 7.551007 2.564907
v -7.851102 7.442712 2.741524
v -4.902608 10.107940 0.878539
v -5.363577 9.795568 1.076165
v -5.800989 9.445630 1.291333
v -6.209740 9.060678 1.522263
v -6.584865 8.643898 1.767033
v -6.921720 8.199051 2.023673
v -7.216156 7.730402 2.290242
v -4.862026 9.908195 0.878539
v -5.309835 9.577234 1.076165
v -5.732570 9.209701 1.291333
v -6.125237 8.808355 1.522263
v -6.483004 8.376582 1.767033
v -6.801385 7.918333 2.023673
v -4.813310 9.710278 0.878539
v -5.247210 9.361279 1.076165
v -5.654561 8.976766 1.291333
v -6.030486 8.559698 1.522263
v -6.370297 8.113656 1.767033
v -4.756540 9.514518 0.878539
v -5.175805 9.148067 1.076165
v -5.567091 8.747216 1.291333
v -5.925646 8.315125 1.522263
v -4.691813 9.321242 0.878539
v -5.095741 8.937953 1.076165
v -5.470307 8.521437 1.291333
v -4.619236 9.130776 0.878539
v -4.538930 8.943438 0.878539
v -4.253050 8.403291 0.878539
v -4.143301 8.231535 0.878539
v -4.026618 8.064412 0.878539
v -4.441992 7.761586 1.076165
v -4.305841 7.582641 1.076165
v -4.704127 7.266540 1.291333
v -4.547513 7.077289 1.291333
v -4.926040 6.750769 1.522263
v -4.748148 6.552874 1.522263
v -5.104441 6.219169 1.767033
v -4.904660 6.014424 1.767033
v -5.236567 5.677042 2.023673
v -5.014505 5.467346 2.023673
v -5.320306 5.129947 2.290242
v -5.075801 4.917285 2.290242
v -5.354299 4.583540 2.564907
v -5.087420 4.369946 2.564907
v -5.247160 4.161768 2.741524
v -4.963122 3.952908 2.741524
v -5.108665 3.746252 2.920344
v -4.807752 3.543403 2.920344
v -4.939296 3.339384 3.101054
v -4.621885 3.143801 3.101054
v -4.739758 2.943443 3.283388
v -4.406322 2.756351 3.283388
v -4.510962 2.560583 3.467128
v -4.162061 2.383168 3.467128
v -4.254001 2.192822 3.652096
v -3.890275 2.026223 3.652096
v -3.970119 1.842047 3.838149
v -3.592285 1.687351 3.838149
v -3.660692 1.510012 4.025176
v -3.269539 1.368248 4.025176
v -3.344973 1.146027 4.273479
v -2.939199 1.017479 4.273479
v -3.000270 0.810061 4.523209
v -2.528766 0.905696 4.273479
v -2.581221 0.695935 4.523209
v -2.113586 0.810673 4.273479
v -2.157502 0.598959 4.523209
v -1.730349 0.519430 4.523209
v -1.762584 0.324183 4.774294
v -1.324525 0.261033 4.774294
v -1.338713 0.081765 5.026703
v -0.884250 0.215851 4.774294
v -0.670604 0.020460 5.026703
v -0.442495 0.188711 4.774294
v 0.000000 0.000000 5.026703
v 0.000000 0.223398 4.716634
v -0.434402 0.386435 4.523209
v 0.000000 0.474371 4.408574
v -0.425560 0.602475 4.273479
v 0.000000 0.753126 4.102604
v -0.415963 0.836954 4.025176
v 0.000000 1.059869 3.798919
v -0.408190 1.026870 3.838149
v -0.399981 1.227440 3.652096
v -0.799293 1.251972 3.652096
v -0.782018 1.462652 3.467128
v -1.171391 1.502611 3.467128
v -1.144218 1.722922 3.283388
v -1.522645 1.777475 3.283388
v -1.484779 2.006829 3.101054
v -1.851310 2.075072 3.101054
v -1.802005 2.312762 2.920344
v -2.215332 2.158394 3.101054
v -2.156388 2.393879 2.920344
v -2.574472 2.256215 3.101054
v -2.505908 2.489081 2.920344
v -2.851864 2.598679 2.920344
v -2.770616 2.838028 2.741524
v -3.102080 2.958160 2.741524
v -3.007643 3.202978 2.564907
v -3.323984 3.332498 2.564907
v -3.151091 3.731314 2.290242
v -3.445706 3.866257 2.290242
v -3.247654 4.276291 2.023673
v -3.519902 4.414728 2.023673
v -3.296801 4.832119 1.767033
v -3.546278 4.972100 1.767033
v -3.298745 5.392851 1.522263
v -3.525288 5.532443 1.522263
v -3.254398 5.952582 1.291333
v -3.458088 6.089892 1.291333
v -3.165302 6.505617 1.076165
v -3.346450 6.638821 1.076165
v -3.033522 7.046637 0.878539
v -3.192656 7.173999 0.878539
v -3.346449 7.307763 0.878539
v -3.494642 7.447704 0.878539
v -3.691658 6.926884 1.076165
v -3.855139 7.081260 1.076165
v -4.033132 6.550125 1.291333
v -4.211734 6.718781 1.291333
v -4.368843 6.179725 1.522263
v -4.562312 6.362420 1.522263
v -4.696673 5.818019 1.767033
v -3.903200 7.902200 0.878539
v -4.162488 7.409413 1.076165
v -4.383290 6.894601 1.291333
v -3.773251 7.745171 0.878539
v -4.012169 7.242193 1.076165
v -3.636989 7.593588 0.878539
v -2.869313 6.925889 0.878539
v -2.978857 6.379932 1.076165
v -3.045262 5.823717 1.291333
v -3.066683 5.262640 1.522263
v -3.041810 4.702456 1.767033
v -2.969973 4.149104 2.023673
v -2.851204 3.608531 2.290242
v -2.686270 3.086504 2.564907
v -2.434517 2.731552 2.741524
v -2.095008 2.639077 2.741524
v -1.750667 2.560257 2.741524
v -1.445236 2.246337 2.920344
v -1.115763 1.953633 3.101054
v -0.763878 1.683890 3.283388
v -0.391336 1.438650 3.467128
v 0.000000 1.394687 3.497866
v -2.700303 6.811957 0.878539
v -2.787429 6.261978 1.076165
v -2.831032 5.703511 1.291333
v -2.829489 5.142029 1.522263
v -2.781729 4.583331 1.767033
v -2.687322 4.033379 2.023673
v -2.546547 3.498115 2.290242
v -2.360402 2.983270 2.564907
v -2.031282 2.893622 2.564907
v -1.697371 2.817189 2.564907
v -1.404062 2.495724 2.741524
v -1.086048 2.194557 2.920344
v -0.744881 1.915572 3.101054
v -0.382259 1.660445 3.283388
v -2.526775 6.705033 0.878539
v -2.591337 6.151950 1.076165
v -2.612065 5.592168 1.291333
v -2.587562 5.031218 1.522263
v -2.516993 4.474940 1.767033
v -2.400176 3.929309 2.023673
v -2.237629 3.400251 2.290242
v -1.925706 3.315286 2.290242
v -1.609085 3.242809 2.290242
v -1.361318 2.754621 2.564907
v -1.055107 2.445420 2.741524
v -0.725043 2.157510 2.920344
v -0.372752 1.892709 3.101054
v 0.000000 1.757421 3.199990
v -2.349019 6.605294 0.878539
v -2.390909 6.050034 1.076165
v -2.388728 5.489872 1.291333
v -2.341306 4.930393 1.522263
v -2.248047 4.377467 1.767033
v -2.109014 3.837069 2.023673
v -1.815094 3.757007 2.023673
v -1.516598 3.688677 2.023673
v -1.290510 3.183495 2.290242
v -1.022986 2.705848 2.564907
v -0.704387 2.409427 2.741524
v -0.362825 2.135256 2.920344
v 0.000000 2.147530 2.906082
v -2.167334 6.512908 0.878539
v -1.982022 6.428029 0.878539
v -1.793395 6.350799 0.878539
v -1.601767 6.281348 0.878539
v -1.407459 6.219791 0.878539
v -1.211558 6.166423 0.878539
v -1.012107 6.120761 0.878539
v -1.336484 5.667794 1.076165
v -1.116513 5.617435 1.076165
v -1.460047 5.174556 1.291333
v -1.219789 5.119554 1.291333
v -1.581514 4.689640 1.522263
v -1.321322 4.630075 1.522263
v -1.700119 4.216103 1.767033
v -1.420472 4.152086 1.767033
v -0.811725 6.083453 0.878539
v -0.895460 5.576278 1.076165
v -0.672909 5.544195 1.076165
v -0.735153 5.039540 1.291333
v -0.490786 5.014462 1.291333
v -0.531638 4.516236 1.522263
v -0.266042 4.499918 1.522263
v -0.286005 4.012163 1.767033
v 0.000000 4.448111 1.544678
v 0.000000 3.949957 1.796566
v -0.609985 6.054370 0.878539
v -0.449233 5.521241 1.076165
v -0.245599 4.999399 1.291333
v 0.000000 4.958869 1.307095
v -0.407225 6.033562 0.878539
v -0.224804 5.507452 1.076165
v 0.000000 5.478844 1.085884
v -0.203783 6.021064 0.878539
v -0.305360 3.539285 2.023673
v 0.000000 3.467781 2.060645
v -0.323981 3.084306 2.290242
v 0.000000 3.004797 2.334846
v -0.341757 2.649990 2.564907
v 0.000000 2.563910 2.617229
v -0.352488 2.387808 2.741524
v -2.001842 0.183687 5.026703
v -2.197695 0.405194 4.774294
v -2.629218 0.503954 4.774294
v -3.056163 0.620229 4.774294
v -3.414475 0.941281 4.523209
v -3.745151 1.291062 4.273479
v -4.045721 1.667654 4.025176
v -4.341310 2.012065 3.838149
v -4.610610 2.374156 3.652096
v -4.852317 2.752117 3.467128
v -5.065264 3.144014 3.283388
v -5.248443 3.547783 3.101054
v -5.401032 3.961238 2.920344
v -5.522418 4.382070 2.741524
v -5.612219 4.807871 2.564907
v -5.555910 5.352430 2.290242
v -5.449867 5.895642 2.023673
v -5.295682 6.431913 1.767033
v -5.095690 6.955772 1.522263
v -4.852870 7.462037 1.291333
v -4.570710 7.945950 1.076165
v -2.657524 0.325846 5.026703
v -3.303319 0.507713 5.026703
v -3.478085 0.753894 4.774294
v -3.936826 0.728613 5.026703
v -3.894187 0.904700 4.774294
v -4.303774 1.072397 4.774294
v -4.225064 1.253960 4.523209
v -4.620091 1.434896 4.523209
v -4.526049 1.629594 4.273479
v -4.905463 1.822524 4.273479
v -4.794838 2.029489 4.025176
v -5.157674 2.233077 4.025176
v -5.061293 2.396904 3.838149
v -5.408880 2.611081 3.838149
v -5.300102 2.779791 3.652096
v -5.631832 3.003414 3.652096
v -5.510113 3.176241 3.467128
v -5.825454 3.408120 3.467128
v -5.690321 3.584229 3.283388
v -5.988827 3.823137 3.283388
v -5.839891 4.001617 3.101054
v -6.121203 4.246293 3.101054
v -5.958182 4.426159 2.920344
v -6.222034 4.675316 2.920344
v -6.044771 4.855504 2.741524
v -6.290992 5.107843 2.741524
v -6.099475 5.287219 2.564907
v -6.327995 5.541434 2.564907
v -5.998852 5.825355 2.290242
v -6.205449 6.075005 2.290242
v -5.848772 6.358084 2.023673
v -6.033710 6.601151 2.023673
v -5.651278 6.879961 1.767033
v -5.815039 7.114515 1.767033
v -5.409145 7.385725 1.522263
v -5.552425 7.609954 1.522263
v -5.125765 7.870452 1.291333
v -4.555688 0.987722 5.026703
v -4.706161 1.256704 4.774294
v -5.007389 1.631835 4.523209
v -5.276670 2.030809 4.273479
v -5.511880 2.451333 4.025176
v -5.747418 2.839293 3.838149
v -5.954139 3.240416 3.652096
v -6.131049 3.652702 3.467128
v -6.277313 4.074052 3.283388
v -6.392274 4.502268 3.101054
v -6.475475 4.935056 2.920344
v -6.526688 5.370040 2.741524
v -6.545928 5.804782 2.564907
v -6.401665 6.332895 2.290242
v -6.208552 6.851578 2.023673
v -5.969070 7.355570 1.767033
v -5.157603 1.284078 5.026703
v -5.100673 1.457312 4.774294
v -5.386309 1.844447 4.523209
v -5.639049 2.254101 4.273479
v -5.856865 2.683891 4.025176
v -6.076340 3.081159 3.838149
v -6.266484 3.490400 3.652096
v -6.426386 3.909576 3.467128
v -6.555297 4.336555 3.283388
v -6.652649 4.769114 3.101054
v -6.718082 5.204942 2.920344
v -6.751464 5.641657 2.741524
v -6.752909 6.076822 2.564907
v -6.587169 6.598594 2.290242
v -6.373007 7.108946 2.023673
v -5.486652 1.673885 4.774294
v -5.740331 1.616578 5.026703
v -5.863451 1.906062 4.774294
v -6.301704 1.983985 5.026703
v -6.230441 2.153454 4.774294
v -6.587006 2.415647 4.774294
v -6.466538 2.572643 4.523209
v -6.805764 2.844140 4.523209
v -6.667232 3.010154 4.273479
v -6.988397 3.289492 4.273479
v -6.830799 3.463375 4.025176
v -7.133293 3.749023 4.025176
v -6.999994 3.884522 3.838149
v -7.285124 4.176737 3.838149
v -7.138612 4.313960 3.652096
v -7.406065 4.611485 3.652096
v -7.246000 4.749557 3.467128
v -7.495549 5.051109 3.467128
v -7.321675 5.189106 3.283388
v -7.553185 5.493385 3.283388
v -7.365345 5.630328 3.101054
v -7.578775 5.936024 3.101054
v -7.376936 6.070889 2.920344
v -7.572340 6.376690 2.920344
v -7.356608 6.508406 2.741524
v -6.839635 2.384932 5.026703
v -6.932550 2.692202 4.774294
v -7.133602 3.129283 4.523209
v -7.297870 3.581731 4.273479
v -7.423853 4.046803 4.025176
v -7.558065 4.480368 3.838149
v -7.661126 4.919698 3.652096
v -7.732557 5.362615 3.467128
v -7.772058 5.806877 3.283388
v -7.779525 6.250193 3.101054
v -7.352122 2.817928 5.026703
v -7.266497 2.982656 4.774294
v -7.449506 3.427594 4.523209
v -7.595133 3.886381 4.273479
v -7.701992 4.356216 4.025176
v -7.818361 4.794908 3.838149
v -7.903369 5.238084 3.652096
v -7.956628 5.683551 3.467128
v -7.977928 6.129057 3.283388
v -7.588285 3.286525 4.774294
v -7.837258 3.281361 5.026703
v -7.897378 3.603298 4.774294
v -8.293240 3.773509 5.026703
v -8.193257 3.932447 4.774294
v -8.475430 4.273421 4.774294
v -8.320425 4.396441 4.523209
v -8.583516 4.742227 4.523209
v -8.408797 4.869605 4.273479
v -8.652464 5.218608 4.273479
v -8.457339 5.348987 4.025176
v -8.681361 5.699574 4.025176
v -8.519133 5.798624 3.838149
v -8.718369 4.292539 5.026703
v -8.743421 4.625648 4.774294
v -8.832245 5.098483 4.523209
v -8.881655 5.577285 4.273479
v -9.111067 4.836522 5.026703
v -8.996784 4.988541 4.774294
v -9.066197 5.464612 4.523209
v -9.235095 5.361491 4.774294
v -9.469870 5.403432 5.026703
v -10.328377 7.774415 4.774294
v -10.541442 7.857071 5.026703
v -10.451647 8.199490 4.774294
v -10.713440 8.505565 5.026703
v -10.557429 8.629250 4.774294
v -10.645549 9.062977 4.774294
v -10.450856 9.098402 4.523209
v -10.519878 9.527378 4.523209
v -10.305746 9.557353 4.273479
v -10.356121 9.980011 4.273479
v -10.122577 10.003014 4.025176
v -10.154881 10.417808 4.025176
v -9.965117 10.428687 3.838149
v -9.980144 10.836686 3.838149
v -9.779433 10.839971 3.652096
v -9.777797 11.240031 3.652096
v -9.566473 11.234843 3.467128
v -9.548866 11.625866 3.467128
v -9.327361 11.611347 3.283388
v -9.294558 11.992276 3.283388
v -9.063412 11.967600 3.101054
v -9.016260 12.337436 3.101054
v -8.776138 12.301817 2.920344
v -8.715559 12.659626 2.920344
v -8.467257 12.612344 2.741524
v -8.394238 12.957262 2.741524
v -8.138691 12.897676 2.564907
v -8.054277 13.228919 2.564907
v -7.635344 13.112984 2.290242
v -7.542546 13.423462 2.290242
v -7.109015 13.284166 2.023673
v -7.009658 13.572977 2.023673
v -6.565369 13.409895 1.767033
v -6.461325 13.676369 1.767033
v -6.010320 13.489556 1.522263
v -5.903482 13.733264 1.522263
v -5.449846 13.523234 1.291333
v -5.342100 13.743994 1.291333
v -4.889800 13.511667 1.076165
v -10.845583 9.163339 5.026703
v -10.715858 9.499944 4.774294
v -10.571301 9.958817 4.523209
v -10.389170 10.404375 4.273479
v -10.170194 10.833576 4.025176
v -9.978474 11.244958 3.838149
v -9.759801 11.639691 3.652096
v -9.515284 12.015841 3.467128
v -9.246203 12.371545 3.283388
v -8.954024 12.705035 3.101054
v -8.640398 13.014658 2.920344
v -8.307174 13.298904 2.741524
v -7.956388 13.556432 2.564907
v -7.437130 13.729885 2.290242
v -6.898573 13.857483 2.023673
v -6.346470 13.938364 1.767033
v -5.786768 13.972399 1.522263
v -10.937380 9.827945 5.026703
v -10.768238 9.939421 4.774294
v -10.605037 10.391999 4.523209
v -10.404837 10.829736 4.273479
v -10.168492 11.249622 4.025176
v -9.960109 11.652820 3.838149
v -9.725476 12.038280 3.652096
v -9.465781 12.404116 3.467128
v -9.182380 12.748519 3.283388
v -8.876806 13.069781 3.101054
v -8.550781 13.366320 2.920344
v -8.206211 13.636702 2.741524
v -7.845188 13.879668 2.564907
v -7.319271 14.031741 2.290242
v -6.775946 14.137208 2.023673
v -6.220997 14.195443 1.767033
v -10.802602 10.380672 4.774294
v -10.988489 10.496911 5.026703
v -10.818892 10.822961 4.774294
v -10.998721 11.167748 5.026703
v -10.817081 11.265545 4.774294
v -10.797174 11.707685 4.774294
v -10.599708 11.694741 4.523209
v -10.562429 12.127633 4.523209
v -10.347430 12.104680 4.273479
v -10.293598 12.526911 4.273479
v -10.061463 12.492477 4.025176
v -9.992012 12.902690 4.025176
v -9.805292 12.867134 3.838149
v -9.720734 13.266557 3.838149
v -9.525240 13.220974 3.652096
v -9.426445 13.608648 3.652096
v -9.222715 13.552269 3.467128
v -9.110625 13.927295 3.467128
v -8.899286 13.859390 3.283388
v -8.774908 14.220932 3.283388
v -8.556685 14.140831 3.101054
v -8.421084 14.488127 3.101054
v -8.196813 14.395231 2.920344
v -8.051108 14.727597 2.920344
v -7.821736 14.621400 2.741524
v -7.667097 14.938238 2.741524
v -7.433687 14.818346 2.564907
v -10.968037 11.837962 5.026703
v -10.759200 12.148640 4.774294
v -10.507479 12.558638 4.523209
v -10.222545 12.946588 4.273479
v -9.905844 13.309719 4.025176
v -9.619911 13.662189 3.838149
v -9.311879 13.991959 3.652096
v -8.983294 14.297422 3.467128
v -8.635848 14.577085 3.283388
v -8.271394 14.829587 3.101054
v -7.891934 15.053727 2.920344
v -10.896550 12.505058 5.026703
v -10.703227 12.587674 4.774294
v -10.434949 12.987034 4.523209
v -10.134388 13.363008 4.273479
v -9.803102 13.712884 4.025176
v -9.502995 14.053365 3.838149
v -9.181734 14.370263 3.652096
v -8.840931 14.662033 3.467128
v -8.482340 14.927254 3.283388
v -8.107864 15.164640 3.101054
v -10.629346 13.024052 4.774294
v -10.784528 13.166556 5.026703
v -10.537681 13.457043 4.774294
v -10.632386 13.819994 5.026703
v -10.428385 13.885922 4.774294
v -10.440692 14.462941 5.026703
v -10.301642 14.309975 4.774294
v -10.157664 14.728489 4.774294
v -9.971894 14.660300 4.523209
v -9.813865 15.065036 4.523209
v -9.614103 14.982292 4.273479
v -9.443206 15.372127 4.273479
v -9.230248 15.273529 4.025176
v -9.047762 15.647423 4.025176
v -8.878687 15.560577 3.838149
v -10.210156 15.093006 5.026703
v -9.996691 15.140765 4.774294
v -9.639417 15.462971 4.523209
v -9.256509 15.754647 4.273479
v -9.941640 15.707845 5.026703
v -9.818993 15.546113 4.774294
v -9.448841 15.853439 4.523209
v -9.624866 15.943855 4.774294
v -9.636139 16.305170 5.026703
v -8.509763 17.970219 5.026703
v -8.420115 17.795692 4.774294
v -7.986382 18.003868 4.523209
v -7.536682 18.175518 4.273479
v -7.073733 18.309093 4.025176
v -6.642422 18.450380 3.838149
v -6.204837 18.560616 3.652096
v -5.763149 18.639284 3.467128
v -5.319592 18.686049 3.283388
v -4.876458 18.700769 3.101054
v -4.436083 18.683521 2.920344
v -4.000832 18.634621 2.741524
v -3.573078 18.554640 2.564907
v -3.091520 18.294222 2.290242
v -2.630238 17.988375 2.023673
v -2.193792 17.640703 1.767033
v -1.786343 17.255463 1.522263
v -1.411539 16.837387 1.291333
v -1.072440 16.391520 1.076165
v -8.135162 18.134346 4.774294
v -8.069002 18.476042 5.026703
v -7.836600 18.461063 4.774294
v -7.598224 18.954056 5.026703
v -7.524926 18.775297 4.774294
v -7.200663 19.076523 4.774294
v -7.068972 18.928814 4.523209
v -6.738811 19.211266 4.523209
v -6.601643 19.044125 4.273479
v -6.267158 19.307367 4.273479
v -6.125824 19.120026 4.025176
v -5.788634 19.363747 4.025176
v -5.680462 19.207455 3.838149
v -5.340068 19.432890 3.838149
v -5.232674 19.263294 3.652096
v -4.890371 19.470371 3.652096
v -4.784678 19.287304 3.467128
v -4.441768 19.476040 3.467128
v -4.338732 19.279421 3.283388
v -3.996518 19.449926 3.283388
v -3.897129 19.239786 3.101054
v -3.556905 19.392265 3.101054
v -3.462177 19.168760 2.920344
v -3.125221 19.303513 2.920344
v -3.036185 19.066950 2.741524
v -2.703749 19.184366 2.741524
v -2.621439 18.935207 2.564907
v -2.294737 19.035772 2.564907
v -2.175379 18.617802 2.290242
v -1.862031 18.700390 2.290242
v -1.755005 18.257788 2.023673
v -1.456732 18.323486 2.023673
v -1.364401 17.859306 1.767033
v -1.082750 17.909365 1.767033
v -1.007173 17.427086 1.522263
v -0.743497 17.462898 1.522263
v -0.686365 16.966274 1.291333
v -7.099180 19.402477 5.026703
v -6.864351 19.364237 4.774294
v -6.397377 19.479979 4.523209
v -5.922187 19.556713 4.273479
v -5.441758 19.593475 4.025176
v -4.990740 19.644215 3.838149
v -4.539886 19.663277 3.652096
v -4.091426 19.650595 3.467128
v -3.647617 19.606295 3.283388
v -3.210730 19.530704 3.101054
v -2.783036 19.424372 2.920344
v -2.366790 19.288088 2.741524
v -1.964197 19.122892 2.564907
v -1.545568 18.770096 2.290242
v -1.156021 18.376932 2.023673
v -0.799287 17.947863 1.767033
v -6.573727 19.819643 5.026703
v -6.516556 19.637955 4.774294
v -6.045238 19.734505 4.523209
v -5.567308 19.791740 4.273479
v -5.085778 19.808825 4.025176
v -4.633062 19.841080 3.838149
v -4.181806 19.841686 3.652096
v -3.734240 19.810675 3.467128
v -3.292613 19.748262 3.283388
v -2.859183 19.654869 3.101054
v -2.436196 19.531136 2.920344
v -2.025871 19.377945 2.741524
v -1.630370 19.196423 2.564907
v -1.226519 18.826801 2.290242
v -0.853376 18.418037 2.023673
v -6.157857 19.897223 4.774294
v -6.023819 20.203999 5.026703
v -5.788857 20.141603 4.774294
v -5.451502 20.554115 5.026703
v -5.410170 20.370689 4.774294
v -5.022432 20.584099 4.774294
v -4.930579 20.408817 4.523209
v -4.541683 20.602583 4.523209
v -4.449237 20.407120 4.273479
v -4.060813 20.581202 4.273479
v -3.969236 20.365133 4.025176
v -3.582931 20.519619 4.025176
v -3.515977 20.341726 3.838149
v -3.131008 20.477697 3.838149
v -3.068040 20.287090 3.652096
v -2.685680 20.404787 3.652096
v -2.627636 20.201527 3.467128
v -2.249144 20.301285 3.467128
v -2.196970 20.085524 3.283388
v -1.823582 20.167767 3.283388
v -1.778232 19.939775 3.101054
v -1.411154 20.005016 3.101054
v -1.373572 19.765194 2.920344
v -1.013973 19.814034 2.920344
v -0.985085 19.562925 2.741524
v -4.858906 20.868690 5.026703
v -4.626292 20.781471 4.774294
v -4.145189 20.780279 4.523209
v -3.665595 20.739252 4.273479
v -3.190631 20.658178 4.025176
v -2.740801 20.597811 3.838149
v -2.298827 20.506750 3.652096
v -1.866889 20.385483 3.467128
v -1.447143 20.234673 3.283388
v -1.041716 20.055193 3.101054
v -4.248233 21.146551 5.026703
v -4.222411 20.962481 4.774294
v -3.741759 20.941614 4.523209
v -3.264244 20.881008 4.273479
v -2.792993 20.780579 4.025176
v -2.346008 20.701866 3.838149
v -1.908128 20.592808 3.652096
v -1.481510 20.453978 3.467128
v -1.068283 20.286129 3.283388
v -3.811466 21.126822 4.774294
v -3.621758 21.386667 5.026703
v -3.394143 21.274218 4.774294
v -2.981808 21.588144 5.026703
v -2.971142 21.404427 4.774294
v -2.543170 21.517227 4.774294
v -2.496659 21.324881 4.523209
v -2.072337 21.418344 4.523209
v -2.030155 21.206278 4.273479
v -1.611073 21.280762 4.273479
v -1.574741 21.048916 4.025176
v -1.162476 21.104910 4.025176
v -1.140753 20.916079 3.838149
v -2.330767 21.750235 5.026703
v -2.110944 21.612431 4.774294
v -1.644548 21.494375 4.523209
v -1.189296 21.338047 4.273479
v -1.671054 21.872332 5.026703
v -1.675185 21.689880 4.774294
v -1.214008 21.552851 4.523209
v -1.236624 21.749443 4.774294
v -1.005126 21.953981 5.026703
v 1.671054 21.872332 5.026703
v 1.849866 21.661039 4.774294
v 2.242522 21.383041 4.523209
v 2.611006 21.073345 4.273479
v 2.952647 20.733572 4.025176
v 3.286228 20.425001 3.838149
v 3.594579 20.096258 3.652096
v 3.877898 19.748398 3.467128
v 4.134238 19.383406 3.283388
v 4.362363 19.003216 3.101054
v 4.687002 18.817526 3.101054
v 5.001803 18.619951 3.101054
v 5.167839 18.211710 2.920344
v 5.302928 17.795074 2.741524
v 5.406613 17.372440 2.564907
v 5.368152 16.826330 2.290242
v 5.603152 16.600702 2.290242
v 5.804323 16.391939 2.290242
v 5.654049 15.877216 2.023673
v 5.460232 15.370071 1.767033
v 5.618157 15.165090 1.767033
v 5.766920 14.956552 1.767033
v 5.496418 14.480120 1.522263
v 5.188697 14.024063 1.291333
v 4.848050 13.591336 1.076165
v 2.330767 21.750235 5.026703
v 2.284299 21.576471 4.774294
v 2.665258 21.282648 4.523209
v 3.020769 20.958141 4.273479
v 3.348836 20.604469 4.025176
v 3.668353 20.282948 3.838149
v 3.963561 19.941650 3.652096
v 4.232418 19.582493 3.467128
v 4.473617 19.207323 3.283388
v 4.806436 19.016956 3.283388
v 5.129365 18.814283 3.283388
v 5.309235 18.409029 3.101054
v 5.458436 17.994341 2.920344
v 5.576375 17.572529 2.741524
v 5.662690 17.146008 2.564907
v 5.910446 16.908138 2.564907
v 6.122792 16.687782 2.564907
v 5.998852 16.174644 2.290242
v 5.829735 15.665802 2.023673
v 5.998274 15.447046 2.023673
v 6.157177 15.224298 2.023673
v 5.908914 14.741177 1.767033
v 5.620596 14.275781 1.522263
v 5.296489 13.831032 1.291333
v 4.940145 13.411138 1.076165
v 2.714910 21.474209 4.774294
v 2.981808 21.588144 5.026703
v 3.140979 21.354420 4.774294
v 3.621758 21.386667 5.026703
v 3.562563 21.217041 4.774294
v 3.976648 21.063103 4.774294
v 3.903920 20.879063 4.523209
v 4.304656 20.711149 4.523209
v 4.217034 20.513477 4.273479
v 4.602558 20.333063 4.273479
v 4.498764 20.122591 4.025176
v 4.868067 19.930984 4.025176
v 4.777097 19.764091 3.838149
v 5.229797 19.724091 4.025176
v 5.132174 19.561001 3.838149
v 5.581634 19.503288 4.025176
v 5.477330 19.344387 3.838149
v 5.813990 19.113413 3.838149
v 5.697064 18.950243 3.652096
v 6.017422 18.710613 3.652096
v 5.887369 18.543966 3.467128
v 6.190953 18.296894 3.467128
v 6.047341 18.127628 3.283388
v 6.333765 17.874361 3.283388
v 6.176251 17.703403 3.101054
v 6.610494 17.608690 3.283388
v 6.446193 17.444244 3.101054
v 6.848394 17.361832 3.283388
v 6.678082 17.203621 3.101054
v 6.901895 16.953615 3.101054
v 6.718082 16.795057 2.920344
v 6.926830 16.543858 2.920344
v 6.729488 16.385916 2.741524
v 7.126805 16.284313 2.920344
v 6.923819 16.133696 2.741524
v 7.315893 16.019266 2.920344
v 7.107467 15.876270 2.741524
v 7.282712 15.610445 2.741524
v 7.060963 15.470154 2.564907
v 7.220222 15.208071 2.564907
v 6.844670 14.989193 2.290242
v 6.986864 14.734556 2.290242
v 6.585272 14.519901 2.023673
v 6.710368 14.275130 2.023673
v 6.285048 14.067545 1.767033
v 6.393697 13.834131 1.767033
v 5.947413 13.636307 1.522263
v 6.040418 13.415613 1.522263
v 5.576260 13.229992 1.291333
v 6.125637 13.190529 1.522263
v 5.654959 13.022120 1.291333
v 6.201755 12.964706 1.522263
v 5.725199 12.813735 1.291333
v 5.788078 12.601777 1.291333
v 4.248233 21.146551 5.026703
v 4.384849 20.892061 4.774294
v 4.698190 20.526987 4.523209
v 4.980381 20.137035 4.273479
v 5.350311 19.925457 4.273479
v 5.710411 19.699472 4.273479
v 5.924704 19.267916 4.025176
v 6.140922 18.868864 3.838149
v 6.327711 18.458082 3.652096
v 6.484179 18.037611 3.467128
v 6.767380 17.765732 3.467128
v 7.011029 17.512913 3.467128
v 7.077915 17.105452 3.283388
v 7.116354 16.695541 3.101054
v 7.321744 16.428972 3.101054
v 7.516062 16.156597 3.101054
v 7.496320 15.745577 2.920344
v 7.446930 15.340200 2.741524
v 7.370217 14.939463 2.564907
v 7.119588 14.474858 2.290242
v 6.826369 14.025922 2.023673
v 6.493681 13.596876 1.767033
v 6.585259 13.355000 1.767033
v 6.667124 13.112135 1.767033
v 6.269868 12.735106 1.522263
v 5.843113 12.387649 1.291333
v 4.858906 20.868690 5.026703
v 4.785714 20.704468 4.774294
v 5.083863 20.326885 4.523209
v 5.461330 20.111000 4.523209
v 5.829062 19.880230 4.523209
v 6.061397 19.458670 4.273479
v 6.257862 19.018709 4.025176
v 6.457580 18.611151 3.838149
v 6.627414 18.193073 3.652096
v 6.916770 17.915289 3.652096
v 7.165903 17.656782 3.652096
v 7.246000 17.250443 3.467128
v 7.297843 16.840796 3.283388
v 7.508414 16.567507 3.283388
v 7.707745 16.288107 3.283388
v 7.701471 15.875350 3.101054
v 7.665310 15.467476 2.920344
v 7.601635 15.063158 2.741524
v 7.510223 14.665516 2.564907
v 7.242663 14.210452 2.290242
v 6.933119 13.772612 2.023673
v 7.030858 13.514469 2.023673
v 7.118300 13.255067 2.023673
v 6.740348 12.865306 1.767033
v 6.329484 12.503154 1.522263
v 6.380827 12.267626 1.522263
v 5.178573 20.500639 4.774294
v 5.451502 20.554115 5.026703
v 5.562919 20.280825 4.774294
v 6.023819 20.203999 5.026703
v 5.937654 20.045664 4.774294
v 6.302607 19.795279 4.774294
v 6.187341 19.634424 4.523209
v 6.535267 19.374172 4.523209
v 6.402241 19.203714 4.273479
v 6.732375 18.935034 4.273479
v 6.580550 18.756088 4.025176
v 6.892229 18.480490 4.025176
v 6.763434 18.340702 3.838149
v 7.192935 18.191816 4.025176
v 7.058624 18.057320 3.838149
v 7.452233 17.922771 4.025176
v 7.312974 17.793406 3.838149
v 7.558065 17.519632 3.838149
v 7.406065 17.388515 3.652096
v 7.636189 17.111589 3.652096
v 7.471151 16.979502 3.467128
v 7.856403 16.825792 3.652096
v 7.686665 16.699802 3.467128
v 8.065095 16.533278 3.652096
v 7.890788 16.413689 3.467128
v 8.085534 16.118269 3.467128
v 7.897928 15.999614 3.283388
v 8.075878 15.706762 3.283388
v 7.875040 15.589710 3.101054
v 8.038638 15.296741 3.101054
v 7.824552 15.182310 2.920344
v 7.973189 14.891476 2.920344
v 7.746037 14.780610 2.741524
v 7.879942 14.492938 2.741524
v 7.640052 14.386602 2.564907
v 7.759526 14.103098 2.564907
v 7.355924 13.941694 2.290242
v 7.868832 13.814418 2.564907
v 7.459583 13.667920 2.290242
v 7.966779 13.523864 2.564907
v 7.552397 13.392589 2.290242
v 7.635344 13.112984 2.290242
v 7.196479 12.991534 2.023673
v 7.264905 12.725302 2.023673
v 6.804438 12.615948 1.767033
v 7.323781 12.455251 2.023673
v 6.859608 12.362880 1.767033
v 7.372142 12.186188 2.023673
v 6.904877 12.111004 1.767033
v 6.941092 11.856102 1.767033
v 6.573727 19.819643 5.026703
v 6.657015 19.530176 4.774294
v 6.872260 19.099909 4.523209
v 7.051244 18.653076 4.273479
v 7.358745 18.357887 4.273479
v 7.624169 18.082491 4.273479
v 7.701992 17.643784 4.025176
v 7.792913 17.237022 3.838149
v 8.017585 16.945442 3.838149
v 8.230621 16.646841 3.838149
v 8.264192 16.231256 3.652096
v 8.267663 15.818538 3.467128
v 8.243649 15.406322 3.283388
v 8.191342 14.997950 3.101054
v 8.111020 14.595368 2.920344
v 8.003167 14.200532 2.741524
v 8.115878 13.902864 2.741524
v 8.216928 13.603111 2.741524
v 8.054277 13.228919 2.564907
v 7.707943 12.830517 2.290242
v 7.770378 12.544148 2.290242
v 7.821719 12.258525 2.290242
v 7.410807 11.914036 2.023673
v 6.967899 11.600039 1.767033
v 7.099180 19.402477 5.026703
v 7.000286 19.250805 4.774294
v 7.197755 18.812092 4.523209
v 7.511499 18.510916 4.523209
v 7.782584 18.229650 4.523209
v 7.879689 17.797068 4.273479
v 7.941312 17.355793 4.025176
v 8.170199 17.058744 4.025176
v 8.387356 16.754372 4.025176
v 8.433853 16.338545 3.838149
v 8.450295 15.924979 3.652096
v 8.439418 15.510962 3.467128
v 8.400247 15.099911 3.283388
v 8.332945 14.693741 3.101054
v 8.237860 14.294388 2.920344
v 8.353848 13.988068 2.920344
v 8.457890 13.679447 2.920344
v 8.307174 13.298904 2.741524
v 8.130860 12.930953 2.564907
v 8.196690 12.629032 2.564907
v 8.250879 12.327578 2.564907
v 7.862741 11.969777 2.290242
v 7.439428 11.640645 2.023673
v 7.458045 11.364800 2.023673
v 7.331844 18.957626 4.774294
v 7.598224 18.954056 5.026703
v 7.651285 18.650988 4.774294
v 8.069002 18.476042 5.026703
v 7.927569 18.364334 4.774294
v 8.193257 18.067553 4.774294
v 8.043414 17.938297 4.523209
v 8.293343 17.637539 4.523209
v 8.124531 17.502432 4.273479
v 8.532205 17.327555 4.523209
v 8.358616 17.198643 4.273479
v 8.759159 17.009459 4.523209
v 8.580866 16.887135 4.273479
v 8.792865 16.565533 4.273479
v 8.594507 16.440126 4.025176
v 8.787948 16.121769 4.025176
v 8.623728 16.026058 3.838149
v 8.802879 15.705237 3.838149
v 8.625844 15.610610 3.652096
v 8.789703 15.289992 3.652096
v 8.599734 15.197274 3.467128
v 8.748398 14.877898 3.467128
v 8.545461 14.787942 3.283388
v 8.679094 14.470841 3.283388
v 8.463255 14.384525 3.101054
v 8.801236 14.148277 3.283388
v 8.582388 14.069903 3.101054
v 8.910909 13.822963 3.283388
v 8.689304 13.752759 3.101054
v 8.784738 13.431065 3.101054
v 8.550781 13.366320 2.920344
v 8.632085 13.049986 2.920344
v 8.386161 12.991583 2.741524
v 8.701929 12.729668 2.920344
v 8.454037 12.680286 2.741524
v 8.759501 12.409416 2.920344
v 8.509948 12.369263 2.741524
v 8.554581 12.055107 2.741524
v 8.294152 12.022986 2.564907
v 8.326185 11.717009 2.564907
v 7.893108 11.679714 2.290242
v 8.347005 11.408626 2.564907
v 7.912853 11.387210 2.290242
v 8.356372 11.102553 2.564907
v 7.921725 11.097219 2.290242
v 7.919935 10.805576 2.290242
v 8.509763 17.970219 5.026703
v 8.447843 17.761192 4.774294
v 8.691067 17.445551 4.774294
v 8.922337 17.121410 4.774294
v 8.975632 16.681065 4.523209
v 8.990701 16.239937 4.273479
v 8.970511 15.794838 4.025176
v 8.970101 15.378039 3.838149
v 8.941649 14.963561 3.652096
v 8.885204 14.553266 3.467128
v 9.010217 14.223125 3.467128
v 9.122523 13.890002 3.467128
v 9.008776 13.493064 3.283388
v 8.868266 13.106075 3.101054
v 8.940000 12.777102 3.101054
v 8.999169 12.447979 3.101054
v 8.805443 12.086048 2.920344
v 8.587620 11.739522 2.741524
v 8.609087 11.421568 2.741524
v 8.618753 11.105773 2.741524
v 8.354484 10.794909 2.564907
v 7.907413 10.514197 2.290242
v 8.918866 17.438465 5.026703
v 9.294791 16.882759 5.026703
v 9.142912 16.786789 4.774294
v 9.348480 16.448458 4.774294
v 9.177509 16.348812 4.523209
v 9.368165 16.007389 4.523209
v 9.177476 15.905463 4.273479
v 9.351813 15.564342 4.273479
v 9.140917 15.461410 4.025176
v 9.298935 15.121935 4.025176
v 9.125167 15.044909 3.838149
v 9.267865 14.706295 3.838149
v 9.081478 14.631758 3.652096
v 9.398199 14.362111 3.838149
v 9.209223 14.294410 3.652096
v 9.515406 14.014466 3.838149
v 9.324040 13.953842 3.652096
v 9.426445 13.608648 3.652096
v 9.222715 13.552269 3.467128
v 9.310408 13.211077 3.467128
v 9.094434 13.159787 3.283388
v 9.385673 12.865933 3.467128
v 9.167975 12.822536 3.283388
v 9.447838 12.520170 3.467128
v 9.228676 12.484906 3.283388
v 9.277078 12.144218 3.283388
v 9.046368 12.115763 3.101054
v 9.081306 11.782035 3.101054
v 8.839451 11.761208 2.920344
v 9.103995 11.446038 3.101054
v 8.861542 11.434045 2.920344
v 9.114229 11.111854 3.101054
v 8.871497 11.108875 2.920344
v 8.869493 10.782267 2.920344
v 8.616806 10.788469 2.741524
v 8.603182 10.471452 2.741524
v 8.341274 10.487542 2.564907
v 8.577843 10.154595 2.741524
v 8.316702 10.180288 2.564907
v 8.540989 9.839994 2.741524
v 9.636139 16.305170 5.026703
v 9.542688 16.100674 4.774294
v 9.546125 15.659180 4.523209
v 9.513477 15.217034 4.273479
v 9.444351 14.776874 4.025176
v 9.577136 14.426224 4.025176
v 9.696605 14.071870 4.025176
v 9.619911 13.662189 3.838149
v 9.516075 13.259920 3.652096
v 9.592978 12.907269 3.652096
v 9.656541 12.553751 3.652096
v 9.497389 12.171391 3.467128
v 9.312907 11.801980 3.283388
v 9.336170 11.457534 3.283388
v 9.346671 11.114707 3.283388
v 9.112170 10.776309 3.101054
v 8.855470 10.455953 2.920344
v 8.829392 10.129850 2.920344
v 8.791452 9.805978 2.920344
v 8.492504 9.526411 2.741524
v 9.941640 15.707845 5.026703
v 9.723964 15.745977 4.774294
v 9.711148 15.304656 4.523209
v 9.662248 14.864012 4.273479
v 9.798053 14.505393 4.273479
v 9.920322 14.142743 4.273479
v 9.803102 13.712884 4.025176
v 9.711381 13.306302 3.838149
v 9.789839 12.946534 3.838149
v 9.854730 12.585639 3.838149
v 9.707187 12.197268 3.652096
v 9.534069 11.821025 3.467128
v 9.557878 11.468523 3.467128
v 9.568634 11.117431 3.467128
v 9.344560 10.770604 3.283388
v 9.097762 10.441067 3.101054
v 9.070976 10.106091 3.101054
v 9.031994 9.773308 3.101054
v 8.741547 9.483198 2.920344
v 8.432511 9.214824 2.741524
v 9.892061 15.384849 4.774294
v 10.210156 15.093006 5.026703
v 10.046752 15.017778 4.774294
v 10.187872 14.645138 4.774294
v 9.863010 14.944299 4.523209
v 10.001594 14.578351 4.523209
v 10.440692 14.462941 5.026703
v 10.315096 14.267807 4.774294
v 10.126447 14.208043 4.523209
v 10.632386 13.819994 5.026703
v 10.428385 13.885922 4.774294
v 10.237664 13.833143 4.523209
v 10.335007 13.454404 4.523209
v 10.124637 13.404444 4.273479
v 10.418411 13.072000 4.523209
v 10.206376 13.029658 4.273479
v 10.487561 12.687463 4.523209
v 10.274086 12.653114 4.273479
v 10.327971 12.273833 4.273479
v 10.095060 12.245107 4.025176
v 10.134048 11.872692 4.025176
v 9.944674 11.856384 3.838149
v 10.159337 11.498402 4.025176
v 9.969497 11.488958 3.838149
v 10.170790 11.124821 4.025176
v 9.980728 11.122488 3.838149
v 9.978474 10.755042 3.838149
v 9.777797 10.759969 3.652096
v 9.762336 10.400238 3.652096
v 9.551346 10.413200 3.467128
v 9.733608 10.040946 3.652096
v 9.523234 10.061624 3.467128
v 9.691763 9.683701 3.652096
v 9.482299 9.712150 3.467128
v 9.428472 9.364005 3.467128
v 9.209760 9.401956 3.283388
v 9.144699 9.064053 3.283388
v 8.917280 9.112197 3.101054
v 9.066969 8.727668 3.283388
v 8.841454 8.784061 3.101054
v 8.977504 8.396572 3.283388
v 8.754243 8.461316 3.101054
v 8.654869 8.140818 3.101054
v 10.527541 13.500128 4.774294
v 10.784528 13.166556 5.026703
v 10.612465 13.110771 4.774294
v 10.682938 12.718899 4.774294
v 10.896550 12.505058 5.026703
v 10.738967 12.324525 4.774294
v 10.542565 12.300302 4.523209
v 10.583282 11.911378 4.523209
v 10.367858 11.892827 4.273479
v 10.609674 11.520857 4.523209
v 10.393722 11.510077 4.273479
v 10.621652 11.130354 4.523209
v 10.405446 11.127701 4.273479
v 10.403096 10.744618 4.273479
v 10.168492 10.750378 4.025176
v 10.152413 10.376273 4.025176
v 9.962696 10.387928 3.838149
v 10.122549 10.002731 4.025176
v 9.933384 10.021315 3.838149
v 10.079021 9.631104 4.025176
v 9.890675 9.656685 3.838149
v 9.834529 9.293548 3.838149
v 9.636746 9.327866 3.652096
v 9.568670 8.974297 3.652096
v 9.361866 9.018078 3.467128
v 9.487398 8.622566 3.652096
v 9.282320 8.673826 3.467128
v 9.393723 8.275870 3.652096
v 9.190701 8.334746 3.467128
v 9.086372 7.998268 3.467128
v 8.875596 8.067900 3.283388
v 8.761659 7.743200 3.283388
v 8.543766 7.824193 3.101054
v 8.635604 7.422326 3.283388
v 10.968037 11.837962 5.026703
v 10.780441 11.928356 4.774294
v 10.807316 11.530745 4.774294
v 10.819526 11.132782 4.774294
v 10.619252 10.739312 4.523209
v 10.386646 10.361882 4.273479
v 10.356100 9.979795 4.273479
v 10.311561 9.599523 4.273479
v 10.021806 9.261052 4.025176
v 9.765056 8.932722 3.838149
v 9.682147 8.573899 3.838149
v 9.586518 8.219961 3.838149
v 9.287090 7.931960 3.652096
v 8.969729 7.665858 3.467128
v 8.840708 7.337429 3.467128
v 8.700150 7.015038 3.467128
v 10.998721 11.167748 5.026703
v 10.817081 10.734455 4.774294
v 10.602461 10.348623 4.523209
v 10.571286 9.958671 4.523209
v 10.525815 9.570423 4.523209
v 10.253026 9.220931 4.273479
v 9.951010 8.893355 4.025176
v 9.866555 8.527829 4.025176
v 9.769073 8.167022 4.025176
v 9.477696 7.868992 3.838149
v 9.167871 7.592207 3.652096
v 9.036027 7.256588 3.652096
v 8.892338 6.927010 3.652096
v 8.547580 6.697510 3.467128
v 10.988489 10.496911 5.026703
v 10.799978 10.336489 4.774294
v 10.768230 9.939346 4.774294
v 10.721904 9.543791 4.774294
v 10.466063 9.183966 4.523209
v 10.180595 8.844751 4.273479
v 10.094236 8.470967 4.273479
v 9.994461 8.101660 4.273479
v 9.658178 7.809369 4.025176
v 9.356030 7.522266 3.838149
v 9.221509 7.179827 3.838149
v 9.074842 6.843417 3.838149
v 8.736397 6.602468 3.652096
v 8.383426 6.385812 3.467128
v 10.937380 9.827945 5.026703
v 10.845583 9.163339 5.026703
v 10.661039 9.150134 4.774294
v 10.585727 8.758985 4.774294
v 10.392128 8.799970 4.523209
v 10.496023 8.370689 4.774294
v 10.304020 8.418597 4.523209
v 10.392185 7.986322 4.774294
v 10.202127 8.041438 4.523209
v 10.086317 7.667931 4.523209
v 9.881009 7.735755 4.273479
v 9.754166 7.374275 4.273479
v 9.534196 7.456040 4.025176
v 9.613987 7.017428 4.273479
v 9.397141 7.107150 4.025176
v 9.461011 6.666538 4.273479
v 9.247652 6.764264 4.025176
v 9.085481 6.426754 4.025176
v 8.915701 6.512213 3.838149
v 8.744476 6.187092 3.838149
v 8.568616 6.283885 3.652096
v 8.561271 5.868277 3.838149
v 8.389074 5.971447 3.652096
v 8.366723 5.556849 3.838149
v 10.713440 8.505565 5.026703
v 10.541442 7.857071 5.026703
v 10.274219 7.605857 4.774294
v 10.330229 7.220269 5.026703
v 10.142327 7.229991 4.774294
v 9.996651 6.859138 4.774294
v 9.956838 7.298940 4.523209
v 9.813787 6.934773 4.523209
v 10.080587 6.597527 5.026703
v 9.837507 6.494091 4.774294
v 9.657593 6.576498 4.523209
v 9.793445 5.991163 5.026703
v 9.664991 6.135052 4.774294
v 9.488232 6.224026 4.523209
v 9.306012 5.878026 4.523209
v 9.116587 5.982285 4.273479
v 9.111122 5.538872 4.523209
v 8.925635 5.649986 4.273479
v 8.904001 5.207312 4.523209
v 8.722759 5.325222 4.273479
v 8.507976 5.008008 4.273479
v 8.316110 5.143135 4.025176
v 8.094899 4.841011 4.025176
v 7.943630 4.956104 3.838149
v 7.862362 4.546800 4.025176
v 9.479377 5.782608 4.774294
v 9.469870 5.403432 5.026703
v 9.280886 5.437184 4.774294
v 9.069877 5.099398 4.774294
v 9.111067 4.836522 5.026703
v 8.846546 4.769559 4.774294
v 8.684754 4.883506 4.523209
v 8.453738 4.567988 4.523209
v 8.281662 4.698913 4.273479
v 8.211080 4.260962 4.523209
v 8.043851 4.398025 4.273479
v 7.957664 3.963521 4.523209
v 7.795686 4.106749 4.273479
v 7.536682 3.824482 4.273479
v 8.718369 4.292539 5.026703
v 8.611226 4.448164 4.774294
v 8.364141 4.135533 4.774294
v 8.105911 3.832436 4.774294
v 7.693279 3.675389 4.523209
v 7.267464 3.551940 4.273479
v 8.293240 3.773509 5.026703
v 7.836600 3.538937 4.774294
v 7.418468 3.397184 4.523209
v 7.133559 3.129244 4.523209
v 7.837258 3.281361 5.026703
v 7.556669 3.255549 4.774294
v 7.266475 2.982636 4.774294
v 6.966476 2.720630 4.774294
v 7.352122 2.817928 5.026703
v 6.839635 2.384932 5.026703
v 6.657015 2.469823 4.774294
v 6.338532 2.230577 4.774294
v 6.301704 1.983985 5.026703
v 4.555688 0.987722 5.026703
v 4.263128 1.054875 4.774294
v 4.185161 1.236758 4.523209
v 4.099972 1.435490 4.273479
v 4.007512 1.651183 4.025176
v 3.932624 1.825883 3.838149
v 3.853534 2.010384 3.652096
v 3.770250 2.204674 3.467128
v 3.682791 2.408699 3.283388
v 3.591204 2.622355 3.101054
v 3.495563 2.845470 2.920344
v 3.395976 3.077788 2.741524
v 3.292592 3.318965 2.564907
v 3.121331 3.718485 2.290242
v 2.941923 4.137012 2.023673
v 2.755457 4.572005 1.767033
v 2.563124 5.020683 1.522263
v 2.366168 5.480146 1.291333
v 2.165832 5.947497 1.076165
v 3.936826 0.728613 5.026703
v 3.894187 0.904700 4.774294
v 3.822968 1.089330 4.523209
v 1.338713 0.081765 5.026703
v 1.192642 0.245588 4.774294
v 1.170830 0.442272 4.523209
v 1.146998 0.657175 4.273479
v 1.121131 0.890420 4.025176
v 1.100181 1.079337 3.838149
v 1.078055 1.278852 3.652096
v 1.054755 1.488952 3.467128
v 1.030288 1.709579 3.283388
v 1.004666 1.940622 3.101054
v 0.977910 2.181893 2.920344
v 0.950050 2.433116 2.741524
v 0.921127 2.693918 2.564907
v 0.873216 3.125950 2.290242
v 0.823025 3.578535 2.023673
v 0.770860 4.048925 1.767033
v 0.717053 4.534115 1.522263
v 0.661953 5.030967 1.291333
v 0.605908 5.536348 1.076165
v 0.795994 0.208978 4.774294
v 0.670604 0.020460 5.026703
v 0.398267 0.186992 4.774294
v 0.390983 0.384747 4.523209
v 0.383024 0.600821 4.273479
v 0.374387 0.835337 4.025176
v 0.367391 1.025283 3.838149
v 0.360002 1.225885 3.652096
v 0.734283 1.045565 3.838149
v 0.719516 1.245759 3.652096
v 0.352221 1.437130 3.467128
v 0.703965 1.456574 3.467128
v 0.344051 1.658959 3.283388
v 0.335495 1.891261 3.101054
v 0.326560 2.133846 2.920344
v 0.317256 2.386438 2.741524
v 0.652677 2.151874 2.920344
v 0.634083 2.403952 2.741524
v 0.307598 2.648662 2.564907
v 0.614779 2.665643 2.564907
v 0.291599 3.083047 2.290242
v 0.582802 3.099145 2.290242
v 0.274838 3.538098 2.023673
v 0.549304 3.553270 2.023673
v 0.257418 4.011052 1.767033
v 0.514488 4.025262 1.767033
v 0.239450 4.498885 1.522263
v 0.478576 4.512104 1.522263
v 0.221050 4.998444 1.291333
v 0.441801 5.010647 1.291333
v 0.202335 5.506579 1.076165
v 0.404395 5.517749 1.076165
v 0.670535 1.909782 3.101054
v 0.687636 1.677952 3.283388
v 0.748266 0.856005 4.025176
v 0.765530 0.621966 4.273479
v 0.781436 0.406331 4.523209
v 1.315840 5.140299 1.291333
v 1.425368 4.652547 1.522263
v 1.532326 4.176244 1.767033
v 1.636021 3.714469 2.023673
v 1.735790 3.270174 2.290242
v 1.831029 2.846056 2.564907
v 1.888522 2.590031 2.741524
v 1.943902 2.343409 2.920344
v 1.997089 2.106557 3.101054
v 2.048021 1.879747 3.283388
v 2.096658 1.663160 3.467128
v 2.142973 1.456909 3.652096
v 2.186955 1.261049 3.838149
v 2.228601 1.075592 4.025176
v 2.280018 0.846619 4.273479
v 2.327392 0.635652 4.523209
v 1.658035 4.709312 1.522263
v 1.782451 4.237269 1.767033
v 1.903072 3.779624 2.023673
v 2.019128 3.339302 2.290242
v 2.129913 2.918977 2.564907
v 2.196790 2.665241 2.741524
v 2.261210 2.420825 2.920344
v 2.323079 2.186091 3.101054
v 2.382325 1.961309 3.283388
v 2.438900 1.746659 3.467128
v 2.492775 1.542252 3.652096
v 2.543936 1.348144 3.838149
v 2.592380 1.164345 4.025176
v 2.652191 0.937420 4.273479
v 2.707298 0.728340 4.523209
v 1.978396 5.871202 1.076165
v 2.161395 5.396795 1.291333
v 2.341306 4.930393 1.522263
v 2.516993 4.474940 1.767033
v 2.687322 4.033379 2.023673
v 2.851204 3.608531 2.290242
v 3.007643 3.202978 2.564907
v 3.102080 2.958160 2.741524
v 3.193048 2.722333 2.920344
v 3.280413 2.495849 3.101054
v 3.364074 2.278967 3.283388
v 3.443963 2.071861 3.467128
v 3.520041 1.874638 3.652096
v 3.592285 1.687351 3.838149
v 3.660692 1.510012 4.025176
v 3.745151 1.291062 4.273479
v 2.960162 5.774584 1.291333
v 3.206561 5.339629 1.522263
v 3.447176 4.914884 1.767033
v 3.680452 4.503094 2.023673
v 3.904898 4.106891 2.290242
v 4.119151 3.728682 2.564907
v 4.248488 3.500370 2.741524
v 4.373075 3.280444 2.920344
v 4.492725 3.069230 3.101054
v 4.607304 2.866971 3.283388
v 4.716718 2.673829 3.467128
v 4.820910 2.489903 3.652096
v 4.919854 2.315244 3.838149
v 5.013541 2.149862 4.025176
v 5.129212 1.945675 4.273479
v 5.235787 1.757544 4.523209
v 3.412730 5.461489 1.522263
v 3.668816 5.045888 1.767033
v 3.917091 4.642963 2.023673
v 4.155968 4.255291 2.290242
v 4.383996 3.885224 2.564907
v 4.521649 3.661827 2.741524
v 4.654246 3.446636 2.920344
v 4.781591 3.239969 3.101054
v 4.903536 3.042064 3.283388
v 5.019985 2.853080 3.467128
v 5.130877 2.673114 3.652096
v 5.236181 2.502215 3.838149
v 5.335893 2.340394 4.025176
v 5.459001 2.140602 4.273479
v 5.572428 1.956521 4.523209
v 3.613589 5.590396 1.522263
v 3.884806 5.184508 1.767033
v 4.147761 4.791007 2.023673
v 4.400773 4.412408 2.290242
v 4.642304 4.051009 2.564907
v 4.788115 3.832849 2.741524
v 4.928573 3.622705 2.920344
v 5.063472 3.420888 3.101054
v 5.192657 3.227630 3.283388
v 5.316023 3.043088 3.467128
v 5.433506 2.867354 3.652096
v 5.545076 2.700477 3.838149
v 5.650725 2.542468 4.025176
v 5.781170 2.347388 4.273479
v 3.810922 5.727551 1.522263
v 4.096887 5.331916 1.767033
v 4.302737 5.486552 1.767033
v 4.374130 4.948347 2.023673
v 4.593911 5.113447 2.023673
v 4.807466 5.286525 2.023673
v 4.640879 4.579298 2.290242
v 4.874062 4.754467 2.290242
v 5.100640 4.938099 2.290242
v 5.014315 5.467174 2.023673
v 4.895513 4.227008 2.564907
v 5.141491 4.411788 2.564907
v 5.380501 4.605496 2.564907
v 5.320124 5.129782 2.290242
v 5.214749 5.655665 2.023673
v 5.049227 4.014343 2.741524
v 5.302928 4.204925 2.741524
v 5.549443 4.404716 2.741524
v 5.612047 4.807715 2.564907
v 5.532761 5.329751 2.290242
v 5.737718 5.537238 2.290242
v 5.197296 3.809489 2.920344
v 5.458436 4.005660 2.920344
v 5.712180 4.211309 2.920344
v 5.788273 4.613296 2.741524
v 5.836331 5.018637 2.564907
v 6.052534 5.237509 2.564907
v 6.260533 5.464191 2.564907
v 5.339498 3.612751 3.101054
v 5.607784 3.814289 3.101054
v 5.868470 4.025565 3.101054
v 5.958028 4.426019 2.920344
v 6.019586 4.830828 2.741524
v 6.242577 5.056572 2.741524
v 6.457108 5.290372 2.741524
v 6.459313 5.697478 2.564907
v 5.475672 3.424353 3.283388
v 5.750800 3.631031 3.283388
v 6.018135 3.847695 3.283388
v 6.121058 4.246161 3.101054
v 6.196110 4.649918 2.920344
v 6.425640 4.882282 2.920344
v 6.646462 5.122938 2.920344
v 6.662187 5.531054 2.741524
v 6.650810 5.939744 2.564907
v 5.605708 3.244447 3.467128
v 5.887369 3.456033 3.467128
v 6.161052 3.677843 3.467128
v 6.277179 4.073931 3.283388
v 6.365641 4.476174 3.101054
v 6.601451 4.714896 3.101054
v 6.828315 4.962136 3.101054
v 6.857613 5.370749 2.920344
v 6.859639 5.780857 2.741524
v 7.047092 6.036878 2.741524
v 5.729538 3.073127 3.652096
v 6.017422 3.289387 3.652096
v 6.297150 3.516096 3.652096
v 6.426263 3.909465 3.467128
v 6.527985 4.309796 3.283388
v 6.769809 4.554606 3.283388
v 7.002459 4.808152 3.283388
v 7.045304 5.216802 3.101054
v 7.060797 5.627806 2.920344
v 7.253748 5.891335 2.920344
v 7.436869 6.161787 2.920344
v 5.847130 2.910438 3.838149
v 6.140922 3.131136 3.838149
v 6.426392 3.362498 3.838149
v 6.568235 3.752848 3.652096
v 6.683010 4.150918 3.467128
v 6.930577 4.401542 3.467128
v 7.168752 4.661108 3.467128
v 7.225043 5.069387 3.283388
v 7.253986 5.480818 3.101054
v 7.452217 5.751557 3.101054
v 7.640347 6.029409 3.101054
v 7.609703 6.438448 2.920344
v 5.958476 2.756390 4.025176
v 6.257862 2.981291 4.025176
v 6.548768 3.217059 4.025176
v 6.703055 3.604123 3.838149
v 6.830638 3.999621 3.652096
v 7.083674 4.255782 3.652096
v 7.327110 4.521082 3.652096
v 7.396686 4.928626 3.467128
v 7.438986 5.340062 3.283388
v 7.642272 5.617705 3.283388
v 7.835200 5.902643 3.283388
v 7.817929 6.313672 3.101054
v 7.772639 6.721986 2.920344
v 3.539236 6.793764 1.076165
v 4.349556 6.858878 1.291333
v 4.873525 6.690639 1.522263
v 5.027991 6.871909 1.522263
v 5.177336 7.060833 1.522263
v 5.717933 6.972978 1.767033
v 6.258992 6.928079 2.023673
v 6.404371 7.160789 2.023673
v 6.541582 7.399552 2.023673
v 7.076410 7.438035 2.290242
v 7.597918 7.519898 2.564907
v 7.720550 7.801161 2.564907
v 7.833343 8.088264 2.564907
v 8.160707 5.252582 3.838149
v 8.526049 5.453197 4.025176
v 8.724322 5.770589 4.025176
v 8.910995 6.095441 4.025176
v 9.295097 6.321241 4.273479
v 4.607843 8.002269 1.076165
v 5.364370 8.299803 1.291333
v 5.914614 8.290908 1.522263
v 6.009961 8.509577 1.522263
v 6.097881 8.733354 1.522263
v 6.640703 8.806208 1.767033
v 7.171498 8.920304 2.023673
v 7.242794 9.184111 2.023673
v 7.305058 9.453507 2.023673
v 5.279627 9.468937 1.076165
v 8.605958 8.842964 2.920344
v 5.917208 9.973267 1.291333
v 8.679793 9.162474 2.920344
v 8.980722 9.441697 3.101054
v 9.262339 9.742023 3.283388
v 9.302320 10.083342 3.283388
v 9.329784 10.426812 3.283388
v 9.566473 10.765157 3.467128
v 9.780005 11.120025 3.652096
v 9.769006 11.478999 3.652096
v 9.744677 11.839161 3.652096
v 9.906415 12.221840 3.838149
v 10.042391 12.615834 4.025176
v 9.976240 12.983725 4.025176
v 9.896313 13.350221 4.025176
v 10.029276 13.775475 4.273479
v 6.446341 10.124482 1.522263
v 6.474132 10.361677 1.522263
v 6.493281 10.601076 1.522263
v 5.496732 11.067458 1.076165
v 5.176197 12.850837 1.076165
v 5.104134 13.041184 1.076165
v 5.490401 13.433727 1.291333
v 5.846348 13.853428 1.522263
v 6.167881 14.296802 1.767033
v 6.451252 14.759902 2.023673
v 6.693633 15.237741 2.290242
v 6.891094 15.727821 2.564907
v 6.713088 15.977341 2.564907
v 6.524622 16.221951 2.564907
v 6.526688 16.629959 2.741524
v 6.500230 17.038404 2.920344
v 6.274610 17.272528 2.920344
v 6.011765 17.524876 2.920344
v 5.896951 17.950371 3.101054
v 5.750800 18.368969 3.283388
v 5.573936 18.778418 3.467128
v 5.367175 19.176573 3.652096
v 5.029066 19.388767 3.652096
v 4.681025 19.587835 3.652096
v 4.414696 19.952118 3.838149
v 4.121934 20.298935 4.025176
v 3.824455 20.677973 4.273479
v 3.497368 21.030199 4.523209
v 5.025545 13.227671 1.076165
v 5.397102 13.634165 1.291333
v 5.737360 14.066683 1.522263
v 6.042356 14.521590 1.767033
v 6.308838 14.994256 2.023673
v 6.532661 15.481909 2.290242
v 6.363991 15.718346 2.290242
v 6.185251 15.950337 2.290242
v 6.327995 16.458567 2.564907
v 6.315042 16.866373 2.741524
v 6.095939 17.093737 2.741524
v 5.840492 17.338985 2.741524
v 5.739902 17.765268 2.920344
v 5.607784 18.185711 3.101054
v 5.444637 18.597982 3.283388
v 5.251176 18.999857 3.467128
v 4.920476 19.207403 3.467128
v 4.579856 19.402229 3.467128
v 4.325912 19.772081 3.652096
v 4.044908 20.125166 3.838149
v 3.738209 20.459723 4.025176
v 3.426139 20.826046 4.273479
v 3.083535 21.165052 4.523209
v 4.027507 14.741363 1.076165
v 3.885376 15.579453 1.291333
v 4.002404 16.128607 1.522263
v 4.073667 16.684795 1.767033
v 4.097490 17.242283 2.023673
v 3.840095 17.403841 2.023673
v 3.573659 17.556255 2.023673
v 3.503953 18.105314 2.290242
v 3.386602 18.640051 2.564907
v 3.167768 19.016193 2.741524
v 2.920877 19.377577 2.920344
v 2.645920 19.722431 3.101054
v 2.345331 20.048361 3.283388
v 2.020201 20.353680 3.467128
v 1.672134 20.636747 3.652096
v 1.302845 20.896088 3.838149
v 0.914139 21.130394 4.025176
v 0.510610 21.393696 4.273479
v 0.086904 21.622095 4.523209
v 2.227671 16.025545 1.076165
v 2.207163 16.585335 1.291333
v 2.141579 17.142921 1.522263
v 2.030160 17.692541 1.767033
v 1.873520 18.228100 2.023673
v 1.672494 18.743769 2.290242
v 1.428729 19.233967 2.564907
v 1.125058 19.545662 2.741524
v 0.797360 19.836264 2.920344
v 0.447248 20.103937 3.101054
v 0.076472 20.347061 3.283388
v 2.020289 16.112440 1.076165
v 1.976988 16.670895 1.291333
v 1.888454 17.225397 1.522263
v 1.754772 17.769966 1.767033
v 1.576362 18.298672 2.023673
v 1.354415 18.805685 2.290242
v 1.090808 19.285505 2.564907
v 0.774644 19.584522 2.741524
v 0.435337 19.861479 2.920344
v 0.074570 20.114611 3.101054
v 1.809577 16.190765 1.076165
v 1.743341 16.747025 1.291333
v 1.632288 17.297419 1.522263
v 1.476448 17.836063 1.767033
v 1.276566 18.357031 2.023673
v 1.034070 18.854546 2.290242
v 0.751061 19.323183 2.564907
v 0.422934 19.609020 2.741524
v 0.072584 19.871868 2.920344
v 1.595737 16.260441 1.076165
v 1.506859 16.813511 1.291333
v 1.373391 17.358902 1.522263
v 1.195654 17.890724 1.767033
v 0.974634 18.403080 2.023673
v 0.711996 18.890263 2.290242
v 0.410059 19.346935 2.564907
v 0.070517 19.619114 2.741524
v -0.628252 16.461128 1.076165
v -0.851058 16.430866 1.076165
v -0.905418 18.870413 2.290242
v -0.955096 19.302244 2.564907
v -1.093652 20.506655 3.467128
v -1.117811 20.716656 3.652096
v -0.929780 16.933216 1.291333
v -1.269165 17.380522 1.522263
v -1.643769 17.797771 1.767033
v -2.050343 18.179945 2.023673
v -2.485087 18.522467 2.290242
v -2.943754 18.821367 2.564907
v -3.363541 18.936037 2.741524
v -3.793340 19.020342 2.920344
v -4.230833 19.073521 3.101054
v -4.673687 19.095064 3.283388
v -5.119582 19.084703 3.467128
v -5.566222 19.042393 3.652096
v -6.011352 18.968287 3.838149
v -6.452766 18.862719 4.025176
v -6.925082 18.767424 4.273479
v -7.387305 18.633099 4.523209
v -1.293815 19.256241 2.564907
v -1.334440 19.515478 2.741524
v -1.514236 20.662815 3.652096
v -1.545314 20.861134 3.838149
v -1.171639 16.890228 1.291333
v -1.681562 19.453783 2.741524
v -1.730874 19.701689 2.920344
v -1.947290 20.789688 3.838149
v -1.984372 20.976112 4.025176
v -1.529033 17.323282 1.522263
v -1.920387 17.724863 1.767033
v -2.342250 18.090090 2.023673
v -2.790638 18.414547 2.290242
v -3.261144 18.694439 2.564907
v -3.685269 18.791847 2.741524
v -4.118156 18.858505 2.920344
v -4.557458 18.893749 3.101054
v -5.000823 18.897163 3.283388
v -5.445921 18.868576 3.467128
v -5.890457 18.808037 3.652096
v -6.332184 18.715788 3.838149
v -6.768912 18.592257 4.025176
v -7.236936 18.477726 4.273479
v -7.693279 18.324610 4.523209
v -2.085279 19.623627 2.920344
v -2.142334 19.859577 3.101054
v -2.390683 20.886616 4.025176
v -2.445840 21.114717 4.273479
v -2.502852 19.764555 3.101054
v -2.566683 19.988079 3.283388
v -2.932101 19.875595 3.283388
v -3.001732 20.086372 3.467128
v -3.445267 20.153854 3.652096
v -3.895063 20.190126 3.838149
v -4.348900 20.194977 4.025176
v -4.830216 20.217300 4.273479
v -5.311225 20.199312 4.523209
v -2.857432 21.006233 4.273479
v -2.916804 21.214144 4.523209
v -3.332069 21.086317 4.523209
v -3.370806 19.956017 3.467128
v -3.816729 20.005304 3.652096
v -4.267632 20.023151 3.838149
v -4.721289 20.009438 4.025176
v -5.203115 20.012060 4.273479
v -5.682986 19.974415 4.523209
v -2.748573 15.760668 1.076165
v -3.212995 16.073874 1.291333
v -3.702294 16.349285 1.522263
v -4.211952 16.583111 1.767033
v -4.736990 16.772039 2.023673
v -5.272104 16.913383 2.290242
v -5.811815 17.005188 2.564907
v -6.242577 16.943428 2.741524
v -6.670447 16.849825 2.920344
v -7.092996 16.724604 3.101054
v -7.507882 16.568224 3.283388
v -7.912867 16.381365 3.467128
v -2.940960 15.644283 1.076165
v -3.128427 15.520128 1.076165
v -3.310659 15.388411 1.076165
v -3.487352 15.249352 1.076165
v -3.417802 15.938234 1.291333
v -3.917955 16.193405 1.522263
v -4.436748 16.406193 1.767033
v -4.969074 16.573492 2.023673
v -5.509520 16.692835 2.290242
v -6.052534 16.762491 2.564907
v -6.480410 16.683167 2.741524
v -6.904094 16.572145 2.920344
v -7.321169 16.429749 3.101054
v -7.729312 16.256533 3.283388
v -3.616891 15.794333 1.291333
v -3.809928 15.642411 1.291333
v -3.996591 15.482721 1.291333
v -4.127060 16.028837 1.522263
v -4.654122 16.220232 1.767033
v -5.192843 16.365622 2.023673
v -5.737718 16.462761 2.290242
v -6.283126 16.510153 2.564907
v -6.707400 16.413399 2.741524
v -7.126190 16.285143 2.920344
v -7.537093 16.125809 3.101054
v -4.329261 15.855856 1.522263
v -4.524219 15.674749 1.522263
v -4.863708 16.025536 1.767033
v -5.407925 16.148773 2.023673
v -5.956316 16.223549 2.290242
v -6.503206 16.248598 2.564907
v -6.923169 16.134573 2.741524
v -7.336363 15.989298 2.920344
v -5.065157 15.822431 1.767033
v -5.613959 15.923310 2.023673
v -6.164949 15.975597 2.290242
v -6.712406 15.978260 2.564907
v -7.127355 15.847156 2.741524
v -6.641983 14.411684 2.023673
v -7.047032 14.619740 2.290242
v -8.314640 15.270852 3.283388
v -8.512094 15.372275 3.467128
v -8.700128 15.468859 3.652096
v -4.988423 13.309599 1.076165
v -5.548474 13.298253 1.291333
v -6.107102 13.241683 1.522263
v -6.658429 13.139390 1.767033
v -7.196479 12.991534 2.023673
v -7.715366 12.798971 2.290242
v -8.209488 12.563259 2.564907
v -8.526111 12.264729 2.741524
v -8.822034 11.941830 2.920344
v -9.095400 11.596144 3.101054
v -9.344560 11.229396 3.283388
v -9.568074 10.843429 3.467128
v -9.764708 10.440177 3.652096
v -9.933416 10.021644 3.838149
v -10.073338 9.589887 4.025176
v -10.238128 9.137110 4.273479
v -10.364348 8.672607 4.523209
v -7.189165 14.328525 2.290242
v -7.583618 14.511153 2.564907
v -8.683777 15.020517 3.467128
v -8.875602 15.109331 3.652096
v -9.057763 15.193670 3.838149
v -5.078701 13.103666 1.076165
v -5.637819 13.069427 1.291333
v -6.193666 12.990059 1.522263
v -6.740348 12.865306 1.767033
v -7.271902 12.695570 2.023673
v -7.782481 12.481948 2.290242
v -8.266549 12.226227 2.564907
v -8.570699 11.914998 2.741524
v -8.853169 11.580267 2.920344
v -9.112170 11.223691 3.101054
v -9.346124 10.847061 3.283388
v -9.553667 10.452276 3.467128
v -9.733645 10.041320 3.652096
v -9.885098 9.616238 3.838149
v -10.007244 9.179120 4.025176
v -10.153380 8.719982 4.273479
v -10.260500 8.250708 4.523209
v -7.720862 14.198086 2.564907
v -7.963289 14.298503 2.741524
v -9.036227 14.742928 3.652096
v -9.221685 14.819747 3.838149
v -9.397292 14.892486 4.025176
v -8.091519 13.970086 2.741524
v -8.328802 14.057184 2.920344
v -9.370178 14.439433 3.838149
v -9.548613 14.504930 4.025176
v -9.768915 14.585794 4.273479
v -8.446857 13.714023 2.920344
v -8.677971 13.788280 3.101054
v -8.784738 13.431065 3.101054
v -9.008776 13.493064 3.283388
v -9.319374 13.172974 3.467128
v -9.608098 12.829584 3.652096
v -9.873446 12.464587 3.838149
v -10.114081 12.079767 4.025176
v -10.383949 11.680600 4.273479
v -10.619252 11.260688 4.523209
v -9.683958 14.111509 4.025176
v -9.907383 14.183297 4.273479
v -10.029276 13.775475 4.273479
v -10.113239 14.249440 4.523209
v -10.237664 13.833143 4.523209
v -10.344960 13.412107 4.523209
v -9.103193 13.122567 3.283388
v -9.400441 12.790042 3.467128
v -9.674880 12.435133 3.652096
v -9.925080 12.059590 3.838149
v -10.149777 11.665252 4.025176
v -10.403096 11.255382 4.273479
v -10.621029 10.826199 4.523209
v -5.485376 11.359530 1.076165
v -6.003817 11.147386 1.291333
v -6.504653 10.893559 1.522263
v -6.982222 10.599700 1.767033
v -7.431006 10.268109 2.023673
v -7.845822 9.901705 2.290242
v -8.222002 9.503956 2.564907
v -8.409969 9.111478 2.741524
v -8.569854 8.703714 2.920344
v -8.700492 8.282808 3.101054
v -8.800965 7.850965 3.283388
v -8.870595 7.410418 3.467128
v -8.908924 6.963419 3.652096
v -5.495490 11.134907 1.076165
v -5.496410 10.910057 1.076165
v -5.488134 10.685358 1.076165
v -5.470675 10.461185 1.076165
v -6.004821 10.901737 1.291333
v -6.494858 10.627642 1.522263
v -6.960011 10.314499 1.767033
v -7.394859 9.964833 2.023673
v -7.794344 9.581771 2.290242
v -8.153944 9.168971 2.564907
v -8.325704 8.769135 2.741524
v -8.468779 8.355173 2.920344
v -8.582095 7.929277 3.101054
v -8.664824 7.493685 3.283388
v -8.716379 7.050660 3.467128
v -5.995780 10.656254 1.291333
v -5.976707 10.411345 1.291333
v -5.947634 10.167422 1.291333
v -6.474198 10.362348 1.522263
v -6.926155 10.030444 1.767033
v -7.346341 9.663288 2.023673
v -7.729825 9.264210 2.290242
v -8.072243 8.837049 2.564907
v -8.227508 8.430523 2.741524
v -8.353535 8.011058 2.920344
v -8.449339 7.580884 3.101054
v -8.514186 7.142273 3.283388
v -6.442705 10.098120 1.522263
v -6.400434 9.835402 1.522263
v -6.880711 9.748012 1.767033
v -7.285531 9.363979 2.023673
v -7.652375 8.949553 2.290242
v -7.977037 8.508746 2.564907
v -8.115547 8.096210 2.741524
v -8.224315 7.671942 2.920344
v -8.302447 7.238210 3.101054
v -6.823756 9.467674 1.767033
v -7.212531 9.067409 2.023673
v -7.562120 8.638326 2.290242
v -7.868484 8.184611 2.564907
v -7.990008 7.766757 2.741524
v -8.081335 7.338395 2.920344
v -5.007152 8.731289 1.076165
v -4.691781 8.135422 1.076165
v -6.761653 6.871657 2.290242
v -7.132650 6.645144 2.564907
v -8.167386 6.013383 3.467128
v -8.347804 5.903228 3.652096
v -4.993495 7.663454 1.291333
v -5.256815 7.167542 1.522263
v -5.478063 6.652300 1.767033
v -5.654049 6.122783 2.023673
v -5.782218 5.584362 2.290242
v -5.860750 5.042561 2.564907
v -5.788437 4.613444 2.741524
v -5.684362 4.188000 2.920344
v -5.548809 3.768651 3.101054
v -5.382295 3.357728 3.283388
v -5.185553 2.957451 3.467128
v -4.959505 2.569921 3.652096
v -4.705237 2.197120 3.838149
v -4.423980 1.840909 4.025176
v -4.139062 1.452341 4.273479
v -3.822968 1.089330 4.523209
v -6.948592 6.357099 2.564907
v -7.166771 6.211317 2.741524
v -8.132390 5.566111 3.652096
v -8.299297 5.454587 3.838149
v -6.964944 5.922239 2.741524
v -7.169190 5.773335 2.920344
v -8.065577 5.119828 3.838149
v -8.219168 5.007853 4.025176
v -6.949450 5.484524 2.920344
v -7.139593 5.333616 3.101054
v -6.901895 5.046385 3.101054
v -7.077915 4.894549 3.283388
v -6.984328 4.458463 3.467128
v -6.859217 4.027621 3.652096
v -6.703152 3.604211 3.838149
v -6.516877 3.190336 4.025176
v -6.334911 2.744183 4.273479
v -6.116494 2.315245 4.523209
v -7.967245 4.676745 4.025176
v -8.151062 4.530857 4.273479
v -7.879689 4.202933 4.273479
v -8.043414 4.061704 4.523209
v -6.822313 4.610207 3.283388
v -7.752945 3.738574 4.523209
v -6.710971 4.178313 3.467128
v -6.568345 3.752948 3.652096
v -6.395096 3.336274 3.838149
v -6.192050 2.930362 4.025176
v -5.991992 2.492024 4.273479
v -5.756217 2.072378 4.523209
v -3.522000 6.779322 1.076165
v -3.847781 6.388914 1.291333
v -3.655993 6.235417 1.291333
v -4.168064 6.005095 1.522263
v -3.960312 5.838821 1.522263
v -3.745934 5.681183 1.522263
v -4.480829 5.630285 1.767033
v -4.257487 5.451535 1.767033
v -4.027022 5.282067 1.767033
v -3.789820 5.122167 1.767033
v -4.784054 5.266908 2.023673
v -4.545599 5.076061 2.023673
v -4.299538 4.895125 2.023673
v -4.046284 4.724404 2.023673
v -3.786260 4.564182 2.023673
v -4.822803 4.714800 2.290242
v -4.812029 4.167443 2.564907
v -4.670782 3.755837 2.741524
v -4.498795 3.353029 2.920344
v -4.296741 2.961362 3.101054
v -4.065514 2.583052 3.283388
v -3.806196 2.220170 3.467128
v -3.520041 1.874638 3.652096
v -3.208442 1.548236 3.838149
v -2.872916 1.242598 4.025176
v -2.471823 1.133358 4.025176
v -2.065922 1.040457 4.025176
v -1.695128 0.732763 4.273479
v -1.300301 0.457435 4.523209
v -4.561738 4.522830 2.290242
v -4.293039 4.341698 2.290242
v -4.017159 4.171705 2.290242
v -3.734556 4.013136 2.290242
v -4.528588 3.976372 2.564907
v -4.370626 3.570887 2.741524
v -4.182310 3.175448 2.920344
v -3.964409 2.792372 3.101054
v -3.717904 2.423835 3.283388
v -3.443963 2.071861 3.467128
v -3.143917 1.738321 3.652096
v -2.819230 1.424934 3.838149
v -2.425695 1.317751 3.838149
v -2.027316 1.226570 3.838149
v -1.656900 0.964303 4.025176
v -1.273834 0.672030 4.273479
v -0.868078 0.413078 4.523209
v -4.237571 3.797052 2.564907
v -3.939463 3.629783 2.564907
v -3.634764 3.474845 2.564907
v -4.063158 3.398366 2.741524
v -3.858828 3.010959 2.920344
v -3.625444 2.637115 3.101054
v -3.364074 2.278967 3.283388
v -3.075968 1.938490 3.467128
v -2.762532 1.617499 3.652096
v -2.376973 1.512486 3.652096
v -1.986544 1.423124 3.652096
v -1.625938 1.151839 3.838149
v -1.245107 0.904939 4.025176
v -0.850408 0.628576 4.273479
v -3.748892 3.238563 2.741524
v -3.428354 3.091746 2.741524
v -2.186481 5.956399 1.076165
v -2.161395 5.396795 1.291333
v -2.091132 4.839724 1.522263
v -1.975340 4.291073 1.767033
v -1.978396 5.871202 1.076165
v -1.767000 5.794587 1.076165
v -1.552647 5.726680 1.076165
v -3.528890 2.859837 2.920344
v -3.280413 2.495849 3.101054
v -3.004615 2.148689 3.283388
v -2.702827 1.820279 3.467128
v -2.325661 1.717551 3.467128
v -1.943610 1.630105 3.467128
v -1.593239 1.349896 3.652096
v -1.221840 1.093585 3.838149
v -0.831230 0.862466 4.025176
v -3.193048 2.722333 2.920344
v -1.930445 5.313093 1.291333
v -1.837460 4.759361 1.522263
v -2.929894 2.368812 3.101054
v -2.640130 2.033221 3.283388
v -2.271771 1.932891 3.283388
v -1.898524 1.847458 3.283388
v -1.558805 1.558460 3.467128
v -1.197267 1.292814 3.652096
v -0.815697 1.051906 3.838149
v -1.696265 5.238905 1.291333
v -0.978289 5.074590 1.291333
v -1.059720 4.581368 1.522263
v -1.139240 4.099725 1.767033
v -1.216334 3.632772 2.023673
v -0.796346 4.543401 1.522263
v -0.856102 4.058908 1.767033
v -0.914036 3.589193 2.023673
v -0.969777 3.137258 2.290242
v -0.571532 4.029705 1.767033
v -0.610208 3.558013 2.023673
v -0.647421 3.104177 2.290242
v -0.682943 2.670951 2.564907
vt 0.509946 0.265882
vt 0.500000 0.265882
vt 0.460376 0.265882
vt 0.490052 0.265882
vt 0.480119 0.265882
vt 0.470219 0.265882
vt 0.450633 0.265882
vt 0.549334 0.265882
vt 0.539587 0.265882
vt 0.529757 0.265882
vt 0.441015 0.265882
vt 0.431538 0.265882
vt 0.422219 0.265882
vt 0.413088 0.265882
vt 0.404175 0.265882
vt 0.395494 0.265882
vt 0.387062 0.265882
vt 0.378899 0.265882
vt 0.558946 0.265882
vt 0.568402 0.265882
vt 0.577686 0.265882
vt 0.586782 0.265882
vt 0.595672 0.265882
vt 0.604341 0.265882
vt 0.612772 0.265882
vt 0.620940 0.265882
vt 0.371041 0.265882
vt 0.628801 0.265882
vt 0.363506 0.265882
vt 0.636342 0.265882
vt 0.356305 0.265882
vt 0.643549 0.265882
vt 0.650411 0.265882
vt 0.656913 0.265882
vt 0.663045 0.265882
vt 0.668793 0.265882
vt 0.349451 0.265882
vt 0.342956 0.265882
vt 0.336834 0.265882
vt 0.331096 0.265882
vt 0.325758 0.265882
vt 0.674138 0.265882
vt 0.320850 0.265882
vt 0.679054 0.265882
vt 0.316380 0.265882
vt 0.683532 0.265882
vt 0.312356 0.265882
vt 0.687565 0.265882
vt 0.691148 0.265882
vt 0.694273 0.265882
vt 0.308783 0.265882
vt 0.696934 0.265882
vt 0.305667 0.265882
vt 0.303017 0.265882
vt 0.699123 0.265882
vt 0.300838 0.265882
vt 0.299138 0.265882
vt 0.700833 0.265882
vt 0.297925 0.265882
vt 0.702055 0.265882
vt 0.297201 0.265882
vt 0.702789 0.265882
vt 0.296965 0.265882
vt 0.703035 0.265882
vt 0.297216 0.265882
vt 0.702794 0.265882
vt 0.297955 0.265882
vt 0.702065 0.265882
vt 0.299180 0.265882
vt 0.700850 0.265882
vt 0.300892 0.265882
vt 0.699147 0.265882
vt 0.696961 0.265882
vt 0.303088 0.265882
vt 0.694304 0.265882
vt 0.691183 0.265882
vt 0.305755 0.265882
vt 0.687605 0.265882
vt 0.308886 0.265882
vt 0.312474 0.265882
vt 0.316512 0.265882
vt 0.683576 0.265882
vt 0.320992 0.265882
vt 0.679104 0.265882
vt 0.325908 0.265882
vt 0.674196 0.265882
vt 0.331252 0.265882
vt 0.668859 0.265882
vt 0.663112 0.265882
vt 0.656981 0.265882
vt 0.650481 0.265882
vt 0.643622 0.265882
vt 0.337009 0.265882
vt 0.343149 0.265882
vt 0.349658 0.265882
vt 0.356524 0.265882
vt 0.363734 0.265882
vt 0.636419 0.265882
vt 0.371274 0.265882
vt 0.628885 0.265882
vt 0.379132 0.265882
vt 0.621031 0.265882
vt 0.387295 0.265882
vt 0.612871 0.265882
vt 0.604437 0.265882
vt 0.595767 0.265882
vt 0.586876 0.265882
vt 0.577782 0.265882
vt 0.395736 0.265882
vt 0.404414 0.265882
vt 0.413311 0.265882
vt 0.422409 0.265882
vt 0.431694 0.265882
vt 0.568501 0.265882
vt 0.441147 0.265882
vt 0.559049 0.265882
vt 0.450752 0.265882
vt 0.549445 0.265882
vt 0.460492 0.265882
vt 0.539703 0.265882
vt 0.529867 0.265882
vt 0.519977 0.265882
vt 0.510050 0.265882
vt 0.500103 0.265882
vt 0.490157 0.265882
vt 0.480227 0.265882
vt 0.470333 0.265882
vt 0.519871 0.265882
vt 0.500000 0.734118
vt 0.500000 0.733226
vt 0.508472 0.734118
vt 0.512508 0.732336
vt 0.514973 0.732336
vt 0.517621 0.729106
vt 0.521093 0.729106
vt 0.522793 0.724411
vt 0.527284 0.724411
vt 0.528015 0.718238
vt 0.533535 0.718238
vt 0.532987 0.711050
vt 0.539486 0.711050
vt 0.537973 0.702578
vt 0.545455 0.702578
vt 0.542949 0.692882
vt 0.551411 0.692882
vt 0.547883 0.682054
vt 0.557317 0.682054
vt 0.552738 0.670213
vt 0.563128 0.670213
vt 0.557472 0.657489
vt 0.568795 0.657489
vt 0.562046 0.644023
vt 0.574270 0.644023
vt 0.566420 0.629950
vt 0.579506 0.629950
vt 0.570559 0.615400
vt 0.584460 0.615400
vt 0.574434 0.600484
vt 0.589098 0.600484
vt 0.578025 0.585291
vt 0.593397 0.585291
vt 0.581322 0.569887
vt 0.597343 0.569887
vt 0.584320 0.554316
vt 0.600932 0.554316
vt 0.587019 0.538605
vt 0.604163 0.538605
vt 0.589422 0.522771
vt 0.607039 0.522771
vt 0.591003 0.506819
vt 0.620811 0.506819
vt 0.500000 0.731819
vt 0.502515 0.732336
vt 0.505027 0.732336
vt 0.507532 0.732336
vt 0.507082 0.729106
vt 0.510611 0.729106
vt 0.509161 0.724411
vt 0.513725 0.724411
vt 0.511260 0.718238
vt 0.516870 0.718238
vt 0.513258 0.711050
vt 0.519864 0.711050
vt 0.515262 0.702578
vt 0.522867 0.702578
vt 0.517262 0.692882
vt 0.525863 0.692882
vt 0.519245 0.682054
vt 0.528834 0.682054
vt 0.521195 0.670213
vt 0.531757 0.670213
vt 0.523098 0.657489
vt 0.534608 0.657489
vt 0.524937 0.644023
vt 0.537363 0.644023
vt 0.526694 0.629950
vt 0.539996 0.629950
vt 0.528358 0.615400
vt 0.542489 0.615400
vt 0.529915 0.600484
vt 0.544822 0.600484
vt 0.531359 0.585291
vt 0.546985 0.585291
vt 0.532684 0.569887
vt 0.548970 0.569887
vt 0.533889 0.554316
vt 0.550775 0.554316
vt 0.534973 0.538605
vt 0.552401 0.538605
vt 0.535939 0.522771
vt 0.553848 0.522771
vt 0.560858 0.506819
vt 0.571683 0.522771
vt 0.500000 0.729894
vt 0.503543 0.729106
vt 0.500000 0.727446
vt 0.504583 0.724411
vt 0.500000 0.724472
vt 0.500000 0.720970
vt 0.505634 0.718238
vt 0.500000 0.716941
vt 0.506633 0.711050
vt 0.500000 0.712387
vt 0.500000 0.707317
vt 0.507636 0.702578
vt 0.500000 0.701742
vt 0.508637 0.692882
vt 0.500000 0.689154
vt 0.509629 0.682054
vt 0.500000 0.674822
vt 0.510605 0.670213
vt 0.500000 0.658998
vt 0.511557 0.657489
vt 0.500000 0.650613
vt 0.512477 0.644023
vt 0.500000 0.641961
vt 0.500000 0.633074
vt 0.513356 0.629950
vt 0.500000 0.623985
vt 0.514189 0.615400
vt 0.500000 0.614726
vt 0.500000 0.605323
vt 0.514968 0.600484
vt 0.500000 0.595799
vt 0.515690 0.585291
vt 0.500000 0.586174
vt 0.500000 0.576464
vt 0.516353 0.569887
vt 0.500000 0.566681
vt 0.516956 0.554316
vt 0.500000 0.556833
vt 0.500000 0.546930
vt 0.517499 0.538605
vt 0.500000 0.536974
vt 0.500000 0.526969
vt 0.517982 0.522771
vt 0.500000 0.516917
vt 0.500000 0.506819
vt 0.530486 0.506819
vt 0.624512 0.522771
vt 0.650168 0.506819
vt 0.641815 0.522771
vt 0.658927 0.522771
vt 0.654656 0.538605
vt 0.671098 0.538605
vt 0.665791 0.554316
vt 0.681498 0.554316
vt 0.675045 0.569887
vt 0.689956 0.569887
vt 0.682255 0.585291
vt 0.696315 0.585291
vt 0.687279 0.600484
vt 0.700438 0.600484
vt 0.690004 0.615400
vt 0.702220 0.615400
vt 0.690359 0.629950
vt 0.701601 0.629950
vt 0.688324 0.644023
vt 0.698571 0.644023
vt 0.683933 0.657489
vt 0.693175 0.657489
vt 0.677261 0.670213
vt 0.685501 0.670213
vt 0.668426 0.682054
vt 0.675680 0.682054
vt 0.657578 0.692882
vt 0.663870 0.692882
vt 0.644884 0.702578
vt 0.650251 0.702578
vt 0.630522 0.711050
vt 0.635007 0.711050
vt 0.614660 0.718238
vt 0.618314 0.718238
vt 0.596259 0.724411
vt 0.599102 0.724411
vt 0.576616 0.729106
vt 0.578709 0.729106
vt 0.555872 0.732336
vt 0.557282 0.732336
vt 0.535289 0.734118
vt 0.558615 0.732336
vt 0.559868 0.732336
vt 0.582574 0.729106
vt 0.584340 0.729106
vt 0.606809 0.724411
vt 0.609093 0.724411
vt 0.631281 0.718238
vt 0.634088 0.718238
vt 0.654577 0.711050
vt 0.657883 0.711050
vt 0.677943 0.702578
vt 0.681748 0.702578
vt 0.701262 0.692882
vt 0.705565 0.692882
vt 0.724382 0.682054
vt 0.729180 0.682054
vt 0.747129 0.670213
vt 0.752414 0.670213
vt 0.769315 0.657489
vt 0.775074 0.657489
vt 0.790749 0.644023
vt 0.796966 0.644023
vt 0.811245 0.629950
vt 0.817901 0.629950
vt 0.830639 0.615400
vt 0.837710 0.615400
vt 0.848797 0.600484
vt 0.856256 0.600484
vt 0.865627 0.585291
vt 0.873445 0.585291
vt 0.881076 0.569887
vt 0.889225 0.569887
vt 0.895125 0.554316
vt 0.903575 0.554316
vt 0.907774 0.538605
vt 0.916494 0.538605
vt 0.919033 0.522771
vt 0.927994 0.522771
vt 0.930499 0.506819
vt 0.945208 0.506819
vt 0.678967 0.506819
vt 0.675823 0.522771
vt 0.687309 0.538605
vt 0.696960 0.554316
vt 0.704611 0.569887
vt 0.710109 0.585291
vt 0.713326 0.600484
vt 0.714163 0.615400
vt 0.712569 0.629950
vt 0.708548 0.644023
vt 0.702155 0.657489
vt 0.693490 0.670213
vt 0.682695 0.682054
vt 0.669941 0.692882
vt 0.655415 0.702578
vt 0.639310 0.711050
vt 0.621808 0.718238
vt 0.601810 0.724411
vt 0.580696 0.729106
vt 0.692480 0.522771
vt 0.707101 0.506819
vt 0.708877 0.522771
vt 0.734464 0.506819
vt 0.724991 0.522771
vt 0.740800 0.522771
vt 0.734330 0.538605
vt 0.749396 0.538605
vt 0.741660 0.554316
vt 0.755932 0.554316
vt 0.746832 0.569887
vt 0.760261 0.569887
vt 0.749710 0.585291
vt 0.762257 0.585291
vt 0.750185 0.600484
vt 0.761816 0.600484
vt 0.748186 0.615400
vt 0.758874 0.615400
vt 0.743690 0.629950
vt 0.753421 0.629950
vt 0.736732 0.644023
vt 0.745502 0.644023
vt 0.727404 0.657489
vt 0.735219 0.657489
vt 0.715842 0.670213
vt 0.722720 0.670213
vt 0.702220 0.682054
vt 0.708191 0.682054
vt 0.686739 0.692882
vt 0.691842 0.692882
vt 0.669615 0.702578
vt 0.673897 0.702578
vt 0.651062 0.711050
vt 0.760954 0.506819
vt 0.756282 0.522771
vt 0.764125 0.538605
vt 0.769856 0.554316
vt 0.773338 0.569887
vt 0.774448 0.585291
vt 0.773091 0.600484
vt 0.769212 0.615400
vt 0.762809 0.629950
vt 0.753939 0.644023
vt 0.742715 0.657489
vt 0.729297 0.670213
vt 0.713880 0.682054
vt 0.696685 0.692882
vt 0.771417 0.522771
vt 0.786474 0.506819
vt 0.786185 0.522771
vt 0.810929 0.506819
vt 0.800564 0.522771
vt 0.814536 0.522771
vt 0.806085 0.538605
vt 0.819267 0.538605
vt 0.809364 0.554316
vt 0.821717 0.554316
vt 0.810278 0.569887
vt 0.821772 0.569887
vt 0.808727 0.585291
vt 0.819337 0.585291
vt 0.804638 0.600484
vt 0.814347 0.600484
vt 0.797982 0.615400
vt 0.806781 0.615400
vt 0.788786 0.629950
vt 0.796678 0.629950
vt 0.777141 0.644023
vt 0.784137 0.644023
vt 0.763191 0.657489
vt 0.834226 0.506819
vt 0.828082 0.522771
vt 0.832016 0.538605
vt 0.833635 0.554316
vt 0.832830 0.569887
vt 0.829514 0.585291
vt 0.823629 0.600484
vt 0.815165 0.615400
vt 0.804168 0.629950
vt 0.841184 0.522771
vt 0.856280 0.506819
vt 0.853823 0.522771
vt 0.877009 0.506819
vt 0.865982 0.522771
vt 0.877645 0.522771
vt 0.867498 0.538605
vt 0.878350 0.538605
vt 0.866614 0.554316
vt 0.876633 0.554316
vt 0.863241 0.569887
vt 0.872411 0.569887
vt 0.857313 0.585291
vt 0.896336 0.506819
vt 0.888797 0.522771
vt 0.888690 0.538605
vt 0.886141 0.554316
vt 0.899422 0.522771
vt 0.914188 0.506819
vt 0.909505 0.522771
vt 0.958262 0.506819
vt 0.944164 0.522771
vt 0.936374 0.522771
vt 0.924650 0.538605
vt 0.911477 0.554316
vt 0.896846 0.569887
vt 0.880758 0.585291
vt 0.863232 0.600484
vt 0.844322 0.615400
vt 0.824126 0.629950
vt 0.802781 0.644023
vt 0.780461 0.657489
vt 0.757356 0.670213
vt 0.733668 0.682054
vt 0.709591 0.692882
vt 0.685307 0.702578
vt 0.660974 0.711050
vt 0.636714 0.718238
vt 0.611229 0.724411
vt 0.585991 0.729106
vt 0.561041 0.732336
vt 0.951351 0.522771
vt 0.969610 0.506819
vt 0.957926 0.522771
vt 0.963881 0.522771
vt 0.951417 0.538605
vt 0.956600 0.538605
vt 0.942437 0.554316
vt 0.946859 0.554316
vt 0.930971 0.569887
vt 0.934652 0.569887
vt 0.917031 0.585291
vt 0.919998 0.585291
vt 0.900666 0.600484
vt 0.902953 0.600484
vt 0.881976 0.615400
vt 0.883626 0.615400
vt 0.861124 0.629950
vt 0.862189 0.629950
vt 0.838337 0.644023
vt 0.838873 0.644023
vt 0.813892 0.657489
vt 0.813963 0.657489
vt 0.788099 0.670213
vt 0.787774 0.670213
vt 0.761285 0.682054
vt 0.760635 0.682054
vt 0.733780 0.692882
vt 0.732880 0.692882
vt 0.705899 0.702578
vt 0.704824 0.702578
vt 0.677929 0.711050
vt 0.676754 0.711050
vt 0.650115 0.718238
vt 0.648915 0.718238
vt 0.621156 0.724411
vt 0.620015 0.724411
vt 0.592783 0.729106
vt 0.591775 0.729106
vt 0.565146 0.732336
vt 0.564343 0.732336
vt 0.538754 0.734118
vt 0.563452 0.732336
vt 0.562475 0.732336
vt 0.589388 0.729106
vt 0.588012 0.729106
vt 0.615623 0.724411
vt 0.613842 0.724411
vt 0.642114 0.718238
vt 0.639926 0.718238
vt 0.667333 0.711050
vt 0.664756 0.711050
vt 0.692627 0.702578
vt 0.689661 0.702578
vt 0.717869 0.692882
vt 0.714515 0.692882
vt 0.742897 0.682054
vt 0.739157 0.682054
vt 0.767522 0.670213
vt 0.763403 0.670213
vt 0.791539 0.657489
vt 0.787050 0.657489
vt 0.814741 0.644023
vt 0.809894 0.644023
vt 0.836928 0.629950
vt 0.831741 0.629950
vt 0.857923 0.615400
vt 0.852412 0.615400
vt 0.877579 0.600484
vt 0.871766 0.600484
vt 0.895797 0.585291
vt 0.889703 0.585291
vt 0.912522 0.569887
vt 0.906170 0.569887
vt 0.927730 0.554316
vt 0.921144 0.554316
vt 0.941423 0.538605
vt 0.934626 0.538605
vt 0.953611 0.522771
vt 0.946627 0.522771
vt 0.964152 0.506819
vt 0.951945 0.506819
vt 0.979212 0.506819
vt 0.969207 0.522771
vt 0.961164 0.538605
vt 0.950676 0.554316
vt 0.937744 0.569887
vt 0.922395 0.585291
vt 0.904694 0.600484
vt 0.884757 0.615400
vt 0.862762 0.629950
vt 0.838950 0.644023
vt 0.813609 0.657489
vt 0.787058 0.670213
vt 0.759633 0.682054
vt 0.731665 0.692882
vt 0.703473 0.702578
vt 0.675340 0.711050
vt 0.647512 0.718238
vt 0.618711 0.724411
vt 0.590643 0.729106
vt 0.973898 0.522771
vt 0.987031 0.506819
vt 0.977946 0.522771
vt 0.993038 0.506819
vt 0.981346 0.522771
vt 0.984094 0.522771
vt 0.971087 0.538605
vt 0.973123 0.538605
vt 0.958447 0.554316
vt 0.959798 0.554316
vt 0.943449 0.569887
vt 0.944151 0.569887
vt 0.926145 0.585291
vt 0.926241 0.585291
vt 0.906622 0.600484
vt 0.906163 0.600484
vt 0.885018 0.615400
vt 0.884061 0.615400
vt 0.861533 0.629950
vt 0.860142 0.629950
vt 0.836426 0.644023
vt 0.834671 0.644023
vt 0.810000 0.657489
vt 0.807954 0.657489
vt 0.782584 0.670213
vt 0.780324 0.670213
vt 0.754521 0.682054
vt 0.752124 0.682054
vt 0.726145 0.692882
vt 0.723688 0.692882
vt 0.697772 0.702578
vt 0.695332 0.702578
vt 0.669682 0.711050
vt 0.997211 0.506819
vt 0.986186 0.522771
vt 0.974517 0.538605
vt 0.960526 0.554316
vt 0.944252 0.569887
vt 0.925760 0.585291
vt 0.905153 0.600484
vt 0.882583 0.615400
vt 0.858263 0.629950
vt 0.832462 0.644023
vt 0.805490 0.657489
vt 0.777684 0.670213
vt 0.749385 0.682054
vt 0.720929 0.692882
vt 0.987619 0.522771
vt 0.999535 0.506819
vt 0.988391 0.522771
vt 1.000000 0.506819
vt 0.988502 0.522771
vt 0.987950 0.522771
vt 0.974839 0.538605
vt 0.973659 0.538605
vt 0.958966 0.554316
vt 0.957200 0.554316
vt 0.940944 0.569887
vt 0.938643 0.569887
vt 0.920860 0.585291
vt 0.918083 0.585291
vt 0.898839 0.600484
vt 0.895648 0.600484
vt 0.875051 0.615400
vt 0.871519 0.615400
vt 0.849727 0.629950
vt 0.845927 0.629950
vt 0.823147 0.644023
vt 0.819160 0.644023
vt 0.795632 0.657489
vt 0.998605 0.506819
vt 0.986737 0.522771
vt 0.971837 0.538605
vt 0.954815 0.554316
vt 0.935748 0.569887
vt 0.914738 0.585291
vt 0.891922 0.600484
vt 0.867483 0.615400
vt 0.841659 0.629950
vt 0.984864 0.522771
vt 0.995355 0.506819
vt 0.982335 0.522771
vt 0.990263 0.506819
vt 0.979151 0.522771
vt 0.975319 0.522771
vt 0.962547 0.538605
vt 0.958191 0.538605
vt 0.943978 0.554316
vt 0.939155 0.554316
vt 0.923540 0.569887
vt 0.918314 0.569887
vt 0.901355 0.585291
vt 0.983346 0.506819
vt 0.970842 0.522771
vt 0.953213 0.538605
vt 0.933736 0.554316
vt 0.965727 0.522771
vt 0.974632 0.506819
vt 0.959980 0.522771
vt 0.938057 0.506819
vt 0.930852 0.522771
vt 0.939037 0.522771
vt 0.927241 0.538605
vt 0.913988 0.554316
vt 0.899268 0.569887
vt 0.883081 0.585291
vt 0.865448 0.600484
vt 0.846423 0.615400
vt 0.826103 0.629950
vt 0.804628 0.644023
vt 0.782172 0.657489
vt 0.758927 0.670213
vt 0.735093 0.682054
vt 0.710869 0.692882
vt 0.686438 0.702578
vt 0.661956 0.711050
vt 0.637548 0.718238
vt 0.611908 0.724411
vt 0.586516 0.729106
vt 0.561413 0.732336
vt 0.535289 0.734118
vt 0.922084 0.522771
vt 0.922540 0.506819
vt 0.912803 0.522771
vt 0.902844 0.522771
vt 0.901708 0.538605
vt 0.892020 0.538605
vt 0.889244 0.554316
vt 0.879859 0.554316
vt 0.875401 0.569887
vt 0.866353 0.569887
vt 0.860179 0.585291
vt 0.851500 0.585291
vt 0.843598 0.600484
vt 0.835321 0.600484
vt 0.825708 0.615400
vt 0.817865 0.615400
vt 0.806601 0.629950
vt 0.799220 0.629950
vt 0.786408 0.644023
vt 0.779515 0.644023
vt 0.765293 0.657489
vt 0.758910 0.657489
vt 0.743436 0.670213
vt 0.737581 0.670213
vt 0.721027 0.682054
vt 0.715713 0.682054
vt 0.698251 0.692882
vt 0.693486 0.692882
vt 0.675280 0.702578
vt 0.671068 0.702578
vt 0.652263 0.711050
vt 0.648605 0.711050
vt 0.629314 0.718238
vt 0.626209 0.718238
vt 0.605208 0.724411
vt 0.602682 0.724411
vt 0.581336 0.729106
vt 0.579384 0.729106
vt 0.557736 0.732336
vt 0.556350 0.732336
vt 0.554889 0.732336
vt 0.530282 0.734118
vt 0.553354 0.732336
vt 0.551746 0.732336
vt 0.575162 0.729106
vt 0.572897 0.729106
vt 0.597222 0.724411
vt 0.594292 0.724411
vt 0.619497 0.718238
vt 0.615896 0.718238
vt 0.640702 0.711050
vt 0.636462 0.711050
vt 0.661971 0.702578
vt 0.657090 0.702578
vt 0.683196 0.692882
vt 0.677675 0.692882
vt 0.704241 0.682054
vt 0.698086 0.682054
vt 0.724946 0.670213
vt 0.718167 0.670213
vt 0.745141 0.657489
vt 0.737754 0.657489
vt 0.764651 0.644023
vt 0.756675 0.644023
vt 0.783307 0.629950
vt 0.774769 0.629950
vt 0.800961 0.615400
vt 0.791891 0.615400
vt 0.817489 0.600484
vt 0.807921 0.600484
vt 0.832807 0.585291
vt 0.822778 0.585291
vt 0.846870 0.569887
vt 0.836417 0.569887
vt 0.859658 0.554316
vt 0.848819 0.554316
vt 0.871172 0.538605
vt 0.859986 0.538605
vt 0.881420 0.522771
vt 0.869926 0.522771
vt 0.886852 0.506819
vt 0.866815 0.506819
vt 0.905450 0.506819
vt 0.892398 0.522771
vt 0.881854 0.538605
vt 0.845414 0.506819
vt 0.845449 0.522771
vt 0.857930 0.522771
vt 0.848313 0.538605
vt 0.837508 0.554316
vt 0.825507 0.569887
vt 0.812311 0.585291
vt 0.797936 0.600484
vt 0.782425 0.615400
vt 0.765859 0.629950
vt 0.748352 0.644023
vt 0.730044 0.657489
vt 0.711093 0.670213
vt 0.691662 0.682054
vt 0.671914 0.692882
vt 0.651996 0.702578
vt 0.632037 0.711050
vt 0.612137 0.718238
vt 0.591234 0.724411
vt 0.570533 0.729106
vt 0.550068 0.732336
vt 0.831033 0.522771
vt 0.822728 0.506819
vt 0.816063 0.522771
vt 0.800564 0.522771
vt 0.792488 0.538605
vt 0.776917 0.538605
vt 0.768327 0.554316
vt 0.752789 0.554316
vt 0.743801 0.569887
vt 0.728408 0.569887
vt 0.719148 0.585291
vt 0.704013 0.585291
vt 0.694622 0.600484
vt 0.679858 0.600484
vt 0.670495 0.615400
vt 0.656213 0.615400
vt 0.647050 0.629950
vt 0.633361 0.629950
vt 0.624579 0.644023
vt 0.619465 0.629950
vt 0.611596 0.644023
vt 0.605336 0.629950
vt 0.598399 0.644023
vt 0.585052 0.644023
vt 0.578782 0.657489
vt 0.566286 0.657489
vt 0.560826 0.670213
vt 0.549258 0.670213
vt 0.544724 0.682054
vt 0.534146 0.682054
vt 0.530627 0.692882
vt 0.521088 0.692882
vt 0.518645 0.702578
vt 0.510180 0.702578
vt 0.508843 0.711050
vt 0.501474 0.711050
vt 0.501252 0.718238
vt 0.494992 0.718238
vt 0.495926 0.724411
vt 0.490839 0.724411
vt 0.492918 0.729106
vt 0.488998 0.729106
vt 0.492190 0.732336
vt 0.489420 0.732336
vt 0.491528 0.734118
vt 0.486668 0.732336
vt 0.483938 0.732336
vt 0.481219 0.729106
vt 0.477373 0.729106
vt 0.475706 0.724411
vt 0.470732 0.724411
vt 0.470140 0.718238
vt 0.464026 0.718238
vt 0.464841 0.711050
vt 0.457642 0.711050
vt 0.459527 0.702578
vt 0.451240 0.702578
vt 0.454223 0.692882
vt 0.444850 0.692882
vt 0.448964 0.682054
vt 0.438515 0.682054
vt 0.443790 0.670213
vt 0.432281 0.670213
vt 0.438744 0.657489
vt 0.426202 0.657489
vt 0.433869 0.644023
vt 0.420329 0.644023
vt 0.429207 0.629950
vt 0.414712 0.629950
vt 0.424796 0.615400
vt 0.409398 0.615400
vt 0.420666 0.600484
vt 0.404422 0.600484
vt 0.416838 0.585291
vt 0.399810 0.585291
vt 0.413324 0.569887
vt 0.395577 0.569887
vt 0.410129 0.554316
vt 0.391727 0.554316
vt 0.407252 0.538605
vt 0.388261 0.538605
vt 0.404691 0.522771
vt 0.385176 0.522771
vt 0.394044 0.506819
vt 0.364448 0.506819
vt 0.798841 0.506819
vt 0.784563 0.522771
vt 0.760882 0.538605
vt 0.736829 0.554316
vt 0.712633 0.569887
vt 0.688536 0.585291
vt 0.664792 0.600484
vt 0.641671 0.615400
vt 0.626910 0.615400
vt 0.611900 0.615400
vt 0.591047 0.629950
vt 0.571562 0.644023
vt 0.553680 0.657489
vt 0.537607 0.670213
vt 0.523511 0.682054
vt 0.511513 0.692882
vt 0.501697 0.702578
vt 0.494103 0.711050
vt 0.488740 0.718238
vt 0.485768 0.724411
vt 0.485096 0.729106
vt 0.773842 0.506819
vt 0.768085 0.522771
vt 0.744411 0.538605
vt 0.720472 0.554316
vt 0.696502 0.569887
vt 0.672744 0.585291
vt 0.649451 0.600484
vt 0.633882 0.600484
vt 0.618045 0.600484
vt 0.596721 0.615400
vt 0.576606 0.629950
vt 0.557952 0.644023
vt 0.540983 0.657489
vt 0.525894 0.670213
vt 0.512836 0.682054
vt 0.501920 0.692882
vt 0.493212 0.702578
vt 0.486742 0.711050
vt 0.482508 0.718238
vt 0.480721 0.724411
vt 0.751159 0.522771
vt 0.747824 0.506819
vt 0.733813 0.522771
vt 0.720885 0.506819
vt 0.716075 0.522771
vt 0.697976 0.522771
vt 0.692657 0.538605
vt 0.674721 0.538605
vt 0.669302 0.554316
vt 0.656526 0.538605
vt 0.651669 0.554316
vt 0.638005 0.538605
vt 0.633724 0.554316
vt 0.615584 0.554316
vt 0.611475 0.569887
vt 0.593794 0.569887
vt 0.589991 0.585291
vt 0.572876 0.585291
vt 0.569522 0.600484
vt 0.553079 0.600484
vt 0.550316 0.615400
vt 0.534644 0.615400
vt 0.532612 0.629950
vt 0.517805 0.629950
vt 0.516633 0.644023
vt 0.502773 0.644023
vt 0.502569 0.657489
vt 0.489727 0.657489
vt 0.490573 0.670213
vt 0.478805 0.670213
vt 0.480755 0.682054
vt 0.470103 0.682054
vt 0.473183 0.692882
vt 0.463673 0.692882
vt 0.467882 0.702578
vt 0.693124 0.506819
vt 0.679546 0.522771
vt 0.660850 0.522771
vt 0.641815 0.522771
vt 0.619285 0.538605
vt 0.597252 0.554316
vt 0.575956 0.569887
vt 0.555640 0.585291
vt 0.536547 0.600484
vt 0.518915 0.615400
vt 0.502969 0.629950
vt 0.488909 0.644023
vt 0.476902 0.657489
vt 0.467072 0.670213
vt 0.459500 0.682054
vt 0.664645 0.506819
vt 0.635552 0.506819
vt 0.622578 0.522771
vt 0.605956 0.506819
vt 0.603136 0.522771
vt 0.583521 0.522771
vt 0.581277 0.538605
vt 0.562054 0.538605
vt 0.560129 0.554316
vt 0.541401 0.554316
vt 0.539929 0.569887
vt 0.521800 0.569887
vt 0.520916 0.585291
vt 0.503487 0.585291
vt 0.503327 0.600484
vt 0.486695 0.600484
vt 0.487387 0.615400
vt 0.471642 0.615400
vt 0.473306 0.629950
vt 0.458529 0.629950
vt 0.461260 0.644023
vt 0.447520 0.644023
vt 0.451389 0.657489
vt 0.575966 0.506819
vt 0.563767 0.522771
vt 0.542726 0.538605
vt 0.522604 0.554316
vt 0.503635 0.569887
vt 0.486053 0.585291
vt 0.470085 0.600484
vt 0.455944 0.615400
vt 0.443821 0.629950
vt 0.545693 0.506819
vt 0.543906 0.522771
vt 0.523327 0.538605
vt 0.503769 0.554316
vt 0.485463 0.569887
vt 0.468641 0.585291
vt 0.453525 0.600484
vt 0.440320 0.615400
vt 0.523971 0.522771
vt 0.515250 0.506819
vt 0.503997 0.522771
vt 0.484750 0.506819
vt 0.484015 0.522771
vt 0.464061 0.522771
vt 0.465027 0.538605
vt 0.445667 0.538605
vt 0.447352 0.554316
vt 0.428681 0.554316
vt 0.431217 0.569887
vt 0.454307 0.506819
vt 0.444166 0.522771
vt 0.426398 0.538605
vt 0.424034 0.506819
vt 0.424365 0.522771
vt 0.335355 0.506819
vt 0.346754 0.522771
vt 0.365853 0.522771
vt 0.369457 0.538605
vt 0.373507 0.554316
vt 0.378004 0.569887
vt 0.382950 0.585291
vt 0.388338 0.600484
vt 0.394151 0.615400
vt 0.400360 0.629950
vt 0.406921 0.644023
vt 0.413783 0.657489
vt 0.420885 0.670213
vt 0.428168 0.682054
vt 0.435569 0.692882
vt 0.443034 0.702578
vt 0.450514 0.711050
vt 0.457972 0.718238
vt 0.465807 0.724411
vt 0.473565 0.729106
vt 0.481235 0.732336
vt 0.327912 0.522771
vt 0.306876 0.506819
vt 0.309358 0.522771
vt 0.291123 0.522771
vt 0.296735 0.538605
vt 0.279330 0.538605
vt 0.286175 0.554316
vt 0.269668 0.554316
vt 0.277857 0.569887
vt 0.262308 0.569887
vt 0.271945 0.585291
vt 0.257408 0.585291
vt 0.268574 0.600484
vt 0.255093 0.600484
vt 0.267843 0.615400
vt 0.255452 0.615400
vt 0.269797 0.629950
vt 0.258518 0.629950
vt 0.274421 0.644023
vt 0.264262 0.644023
vt 0.281640 0.657489
vt 0.272596 0.657489
vt 0.291329 0.670213
vt 0.283379 0.670213
vt 0.303319 0.682054
vt 0.296429 0.682054
vt 0.317405 0.692882
vt 0.311531 0.692882
vt 0.333367 0.702578
vt 0.328453 0.702578
vt 0.350979 0.711050
vt 0.346959 0.711050
vt 0.370024 0.718238
vt 0.366828 0.718238
vt 0.391652 0.724411
vt 0.389233 0.724411
vt 0.414366 0.729106
vt 0.412639 0.729106
vt 0.437987 0.732336
vt 0.436864 0.732336
vt 0.461246 0.734118
vt 0.435848 0.732336
vt 0.434939 0.732336
vt 0.409625 0.729106
vt 0.408344 0.729106
vt 0.383101 0.724411
vt 0.381444 0.724411
vt 0.356317 0.718238
vt 0.354281 0.718238
vt 0.330820 0.711050
vt 0.328422 0.711050
vt 0.305247 0.702578
vt 0.302486 0.702578
vt 0.279726 0.692882
vt 0.276603 0.692882
vt 0.254421 0.682054
vt 0.250940 0.682054
vt 0.229525 0.670213
vt 0.225691 0.670213
vt 0.205243 0.657489
vt 0.201065 0.657489
vt 0.181785 0.644023
vt 0.177274 0.644023
vt 0.159352 0.629950
vt 0.154524 0.629950
vt 0.138126 0.615400
vt 0.132997 0.615400
vt 0.118252 0.600484
vt 0.112841 0.600484
vt 0.099833 0.585291
vt 0.094161 0.585291
vt 0.082924 0.569887
vt 0.077013 0.569887
vt 0.067548 0.554316
vt 0.061418 0.554316
vt 0.053704 0.538605
vt 0.047378 0.538605
vt 0.041381 0.522771
vt 0.034881 0.522771
vt 0.025368 0.506819
vt 0.029158 0.522771
vt 0.016654 0.506819
vt 0.024224 0.522771
vt 0.009737 0.506819
vt 0.020085 0.522771
vt 0.004645 0.506819
vt 0.016749 0.522771
vt 0.014222 0.522771
vt 0.027274 0.538605
vt 0.025606 0.538605
vt 0.040321 0.554316
vt 0.039474 0.554316
vt 0.055849 0.569887
vt 0.055774 0.569887
vt 0.073784 0.585291
vt 0.074426 0.585291
vt 0.094014 0.600484
vt 0.095306 0.600484
vt 0.116374 0.615400
vt 0.118240 0.615400
vt 0.140633 0.629950
vt 0.142990 0.629950
vt 0.166501 0.644023
vt 0.169261 0.644023
vt 0.193642 0.657489
vt 0.196712 0.657489
vt 0.221697 0.670213
vt 0.224979 0.670213
vt 0.250294 0.682054
vt 0.253692 0.682054
vt 0.279071 0.692882
vt 0.282489 0.692882
vt 0.307690 0.702578
vt 0.311033 0.702578
vt 0.335847 0.711050
vt 0.339026 0.711050
vt 0.363286 0.718238
vt 0.366215 0.718238
vt 0.391154 0.724411
vt 0.393718 0.724411
vt 0.417834 0.729106
vt 0.419954 0.729106
vt 0.443180 0.732336
vt 0.444780 0.732336
vt 0.464711 0.734118
vt 0.469718 0.734118
vt 0.446472 0.732336
vt 0.448254 0.732336
vt 0.424593 0.729106
vt 0.427103 0.729106
vt 0.402461 0.724411
vt 0.405708 0.724411
vt 0.380113 0.718238
vt 0.384104 0.718238
vt 0.358838 0.711050
vt 0.363538 0.711050
vt 0.337500 0.702578
vt 0.342910 0.702578
vt 0.316206 0.692882
vt 0.322325 0.692882
vt 0.295092 0.682054
vt 0.301914 0.682054
vt 0.274319 0.670213
vt 0.281833 0.670213
vt 0.254058 0.657489
vt 0.262246 0.657489
vt 0.234485 0.644023
vt 0.243325 0.644023
vt 0.215768 0.629950
vt 0.225231 0.629950
vt 0.198057 0.615400
vt 0.208109 0.615400
vt 0.181475 0.600484
vt 0.192079 0.600484
vt 0.166106 0.585291
vt 0.177222 0.585291
vt 0.151997 0.569887
vt 0.163583 0.569887
vt 0.139167 0.554316
vt 0.151181 0.554316
vt 0.127616 0.538605
vt 0.140014 0.538605
vt 0.117334 0.522771
vt 0.130074 0.522771
vt 0.122991 0.506819
vt 0.143433 0.522771
vt 0.143720 0.506819
vt 0.157389 0.522771
vt 0.165774 0.506819
vt 0.171918 0.522771
vt 0.186995 0.522771
vt 0.195405 0.538605
vt 0.210588 0.538605
vt 0.219565 0.554316
vt 0.234745 0.554316
vt 0.244177 0.569887
vt 0.259246 0.569887
vt 0.269006 0.585291
vt 0.283850 0.585291
vt 0.293799 0.600484
vt 0.308305 0.600484
vt 0.318285 0.615400
vt 0.332340 0.615400
vt 0.342174 0.629950
vt 0.355668 0.629950
vt 0.365173 0.644023
vt 0.378004 0.644023
vt 0.386998 0.657489
vt 0.399072 0.657489
vt 0.407387 0.670213
vt 0.418621 0.670213
vt 0.426112 0.682054
vt 0.436436 0.682054
vt 0.442986 0.692882
vt 0.452342 0.692882
vt 0.457864 0.702578
vt 0.466206 0.702578
vt 0.470643 0.711050
vt 0.477940 0.711050
vt 0.481264 0.718238
vt 0.487492 0.718238
vt 0.489824 0.724411
vt 0.494908 0.724411
vt 0.496063 0.729106
vt 0.279115 0.506819
vt 0.273237 0.522771
vt 0.262294 0.538605
vt 0.253545 0.554316
vt 0.247157 0.569887
vt 0.243277 0.585291
vt 0.242022 0.600484
vt 0.243471 0.615400
vt 0.247644 0.629950
vt 0.254498 0.644023
vt 0.263932 0.657489
vt 0.275792 0.670213
vt 0.289881 0.682054
vt 0.305973 0.692882
vt 0.323826 0.702578
vt 0.343196 0.711050
vt 0.363854 0.718238
vt 0.386999 0.724411
vt 0.411058 0.729106
vt 0.252176 0.506819
vt 0.255731 0.522771
vt 0.245656 0.538605
vt 0.237836 0.554316
vt 0.232429 0.569887
vt 0.229575 0.585291
vt 0.229383 0.600484
vt 0.231919 0.615400
vt 0.237191 0.629950
vt 0.245145 0.644023
vt 0.255663 0.657489
vt 0.268579 0.670213
vt 0.283684 0.682054
vt 0.300739 0.692882
vt 0.319493 0.702578
vt 0.339694 0.711050
vt 0.361108 0.718238
vt 0.384954 0.724411
vt 0.238633 0.522771
vt 0.226158 0.506819
vt 0.221973 0.522771
vt 0.201159 0.506819
vt 0.205777 0.522771
vt 0.190075 0.522771
vt 0.198402 0.538605
vt 0.183625 0.538605
vt 0.193439 0.554316
vt 0.179634 0.554316
vt 0.191025 0.569887
vt 0.178228 0.569887
vt 0.191273 0.585291
vt 0.179511 0.585291
vt 0.194262 0.600484
vt 0.183553 0.600484
vt 0.200027 0.615400
vt 0.190378 0.615400
vt 0.208539 0.629950
vt 0.199943 0.629950
vt 0.219703 0.644023
vt 0.212142 0.644023
vt 0.233362 0.657489
vt 0.226804 0.657489
vt 0.249310 0.670213
vt 0.243712 0.670213
vt 0.267303 0.682054
vt 0.262609 0.682054
vt 0.287070 0.692882
vt 0.283216 0.692882
vt 0.308333 0.702578
vt 0.177272 0.506819
vt 0.174890 0.522771
vt 0.169378 0.538605
vt 0.166365 0.554316
vt 0.165969 0.569887
vt 0.168285 0.585291
vt 0.173374 0.600484
vt 0.181246 0.615400
vt 0.191849 0.629950
vt 0.205062 0.644023
vt 0.220704 0.657489
vt 0.238543 0.670213
vt 0.258313 0.682054
vt 0.154586 0.506819
vt 0.160250 0.522771
vt 0.155684 0.538605
vt 0.153654 0.554316
vt 0.154269 0.569887
vt 0.157614 0.585291
vt 0.163740 0.600484
vt 0.172647 0.615400
vt 0.184270 0.629950
vt 0.198476 0.644023
vt 0.215071 0.657489
vt 0.233811 0.670213
vt 0.146177 0.522771
vt 0.133185 0.506819
vt 0.132697 0.522771
vt 0.113148 0.506819
vt 0.119832 0.522771
vt 0.107602 0.522771
vt 0.118146 0.538605
vt 0.106884 0.538605
vt 0.119078 0.554316
vt 0.108802 0.554316
vt 0.122712 0.569887
vt 0.113433 0.569887
vt 0.129105 0.585291
vt 0.120823 0.585291
vt 0.138276 0.600484
vt 0.130980 0.600484
vt 0.150191 0.615400
vt 0.143861 0.615400
vt 0.164751 0.629950
vt 0.094550 0.506819
vt 0.096029 0.522771
vt 0.096279 0.538605
vt 0.099182 0.554316
vt 0.104801 0.569887
vt 0.113175 0.585291
vt 0.124302 0.600484
vt 0.077460 0.506819
vt 0.085132 0.522771
vt 0.086350 0.538605
vt 0.090231 0.554316
vt 0.096830 0.569887
vt 0.106175 0.585291
vt 0.074929 0.522771
vt 0.061943 0.506819
vt 0.065437 0.522771
vt 0.048055 0.506819
vt 0.056672 0.522771
vt 0.048649 0.522771
vt 0.060777 0.538605
vt 0.035848 0.506819
vt 0.001395 0.506819
vt 0.012508 0.522771
vt 0.024731 0.538605
vt 0.039397 0.554316
vt 0.056443 0.569887
vt 0.075779 0.585291
vt 0.097274 0.600484
vt 0.120745 0.615400
vt 0.145946 0.629950
vt 0.172575 0.644023
vt 0.200289 0.657489
vt 0.228722 0.670213
vt 0.257502 0.682054
vt 0.286270 0.692882
vt 0.314693 0.702578
vt 0.342474 0.711050
vt 0.369367 0.718238
vt 0.396461 0.724411
vt 0.422208 0.729106
vt 0.000000 0.506819
vt 0.011609 0.522771
vt 0.024652 0.538605
vt 0.040090 0.554316
vt 0.057854 0.569887
vt 0.077843 0.585291
vt 0.099917 0.600484
vt 0.123884 0.615400
vt 0.149493 0.629950
vt 0.176437 0.644023
vt 0.204368 0.657489
vt 0.232918 0.670213
vt 0.261718 0.682054
vt 0.290409 0.692882
vt 0.318662 0.702578
vt 0.346186 0.711050
vt 0.372738 0.718238
vt 0.399377 0.724411
vt 0.011527 0.522771
vt 0.000465 0.506819
vt 0.012262 0.522771
vt 0.002789 0.506819
vt 0.013814 0.522771
vt 0.016179 0.522771
vt 0.029179 0.538605
vt 0.032268 0.538605
vt 0.046777 0.554316
vt 0.050528 0.554316
vt 0.066510 0.569887
vt 0.070853 0.569887
vt 0.088252 0.585291
vt 0.093108 0.585291
vt 0.111837 0.600484
vt 0.117119 0.600484
vt 0.137051 0.615400
vt 0.142666 0.615400
vt 0.163626 0.629950
vt 0.169474 0.629950
vt 0.191240 0.644023
vt 0.197219 0.644023
vt 0.219539 0.657489
vt 0.225547 0.657489
vt 0.248157 0.670213
vt 0.254091 0.670213
vt 0.276726 0.682054
vt 0.282487 0.682054
vt 0.304900 0.692882
vt 0.310394 0.692882
vt 0.332362 0.702578
vt 0.006962 0.506819
vt 0.019353 0.522771
vt 0.036140 0.538605
vt 0.055032 0.554316
vt 0.075915 0.569887
vt 0.098645 0.585291
vt 0.123042 0.600484
vt 0.148878 0.615400
vt 0.175874 0.629950
vt 0.203705 0.644023
vt 0.232014 0.657489
vt 0.260436 0.670213
vt 0.288613 0.682054
vt 0.012969 0.506819
vt 0.023332 0.522771
vt 0.040787 0.538605
vt 0.060280 0.554316
vt 0.081686 0.569887
vt 0.104853 0.585291
vt 0.129595 0.600484
vt 0.155678 0.615400
vt 0.182818 0.629950
vt 0.210687 0.644023
vt 0.238930 0.657489
vt 0.267183 0.670213
vt 0.028108 0.522771
vt 0.020788 0.506819
vt 0.033674 0.522771
vt 0.030390 0.506819
vt 0.040020 0.522771
vt 0.047135 0.522771
vt 0.059303 0.538605
vt 0.066964 0.538605
vt 0.080397 0.554316
vt 0.088523 0.554316
vt 0.103154 0.569887
vt 0.111655 0.569887
vt 0.127399 0.585291
vt 0.136178 0.585291
vt 0.152925 0.600484
vt 0.161881 0.600484
vt 0.179483 0.615400
vt 0.188509 0.615400
vt 0.206780 0.629950
vt 0.041738 0.506819
vt 0.055008 0.522771
vt 0.075350 0.538605
vt 0.097337 0.554316
vt 0.120805 0.569887
vt 0.145567 0.585291
vt 0.171403 0.600484
vt 0.054792 0.506819
vt 0.063626 0.522771
vt 0.084447 0.538605
vt 0.106825 0.554316
vt 0.130590 0.569887
vt 0.155548 0.585291
vt 0.072973 0.522771
vt 0.069501 0.506819
vt 0.083035 0.522771
vt 0.085812 0.506819
vt 0.093795 0.522771
vt 0.105235 0.522771
vt 0.115841 0.538605
vt 0.103664 0.506819
vt 0.189071 0.506819
vt 0.202597 0.522771
vt 0.226254 0.538605
vt 0.250370 0.554316
vt 0.274717 0.569887
vt 0.299056 0.585291
vt 0.323132 0.600484
vt 0.346675 0.615400
vt 0.369404 0.629950
vt 0.391040 0.644023
vt 0.411316 0.657489
vt 0.429992 0.670213
vt 0.446867 0.682054
vt 0.461777 0.692882
vt 0.474605 0.702578
vt 0.485272 0.711050
vt 0.493741 0.718238
vt 0.213526 0.506819
vt 0.218696 0.522771
vt 0.242378 0.538605
vt 0.266411 0.554316
vt 0.290565 0.569887
vt 0.314598 0.585291
vt 0.338255 0.600484
vt 0.361267 0.615400
vt 0.383359 0.629950
vt 0.404258 0.644023
vt 0.423707 0.657489
vt 0.441480 0.670213
vt 0.457387 0.682054
vt 0.471277 0.692882
vt 0.483046 0.702578
vt 0.492630 0.711050
vt 0.235265 0.522771
vt 0.239046 0.506819
vt 0.252278 0.522771
vt 0.265536 0.506819
vt 0.269705 0.522771
vt 0.287517 0.522771
vt 0.293226 0.538605
vt 0.310906 0.538605
vt 0.316771 0.554316
vt 0.334209 0.554316
vt 0.340104 0.569887
vt 0.357189 0.569887
vt 0.362979 0.585291
vt 0.379601 0.585291
vt 0.385143 0.600484
vt 0.401192 0.600484
vt 0.406335 0.615400
vt 0.421706 0.615400
vt 0.426298 0.629950
vt 0.440890 0.629950
vt 0.444782 0.644023
vt 0.458506 0.644023
vt 0.461565 0.657489
vt 0.474341 0.657489
vt 0.476454 0.670213
vt 0.488217 0.670213
vt 0.489302 0.682054
vt 0.292899 0.506819
vt 0.305685 0.522771
vt 0.328902 0.538605
vt 0.351924 0.554316
vt 0.374513 0.569887
vt 0.396424 0.585291
vt 0.417406 0.600484
vt 0.437207 0.615400
vt 0.455581 0.629950
vt 0.472299 0.644023
vt 0.487160 0.657489
vt 0.321033 0.506819
vt 0.324177 0.522771
vt 0.347184 0.538605
vt 0.369887 0.554316
vt 0.392047 0.569887
vt 0.413421 0.585291
vt 0.433758 0.600484
vt 0.452813 0.615400
vt 0.470346 0.629950
vt 0.486138 0.644023
vt 0.342964 0.522771
vt 0.349832 0.506819
vt 0.362014 0.522771
vt 0.379189 0.506819
vt 0.381295 0.522771
vt 0.400774 0.522771
vt 0.403440 0.538605
vt 0.422558 0.538605
vt 0.424960 0.554316
vt 0.443610 0.554316
vt 0.445615 0.569887
vt 0.463693 0.569887
vt 0.465164 0.585291
vt 0.482568 0.585291
vt 0.483370 0.600484
vt 0.408997 0.506819
vt 0.420419 0.522771
vt 0.441805 0.538605
vt 0.462354 0.554316
vt 0.481831 0.569887
vt 0.439142 0.506819
vt 0.440198 0.522771
vt 0.461149 0.538605
vt 0.481161 0.554316
vt 0.460076 0.522771
vt 0.469514 0.506819
vt 0.480021 0.522771
vt 0.480558 0.538605
vt 0.484236 0.615400
vt 0.485160 0.629950
vt 0.490404 0.692882
vt 0.491516 0.702578
vt 0.497205 0.732336
vt 0.494415 0.732336
vt 0.492133 0.729106
vt 0.488215 0.729106
vt 0.484757 0.724411
vt 0.479715 0.724411
vt 0.475068 0.718238
vt 0.468913 0.718238
vt 0.463397 0.711050
vt 0.456211 0.711050
vt 0.449592 0.702578
vt 0.441404 0.702578
vt 0.433725 0.692882
vt 0.424576 0.692882
vt 0.415911 0.682054
vt 0.405851 0.682054
vt 0.396307 0.670213
vt 0.385400 0.670213
vt 0.375112 0.657489
vt 0.363436 0.657489
vt 0.352567 0.644023
vt 0.340208 0.644023
vt 0.328944 0.629950
vt 0.315999 0.629950
vt 0.304534 0.615400
vt 0.291110 0.615400
vt 0.279638 0.600484
vt 0.265846 0.600484
vt 0.254548 0.585291
vt 0.240501 0.585291
vt 0.229536 0.569887
vt 0.215348 0.569887
vt 0.204854 0.554316
vt 0.190636 0.554316
vt 0.180733 0.538605
vt 0.166595 0.538605
vt 0.491635 0.732336
vt 0.491528 0.734118
vt 0.488868 0.732336
vt 0.486120 0.732336
vt 0.480447 0.729106
vt 0.476608 0.729106
vt 0.469743 0.724411
vt 0.464828 0.724411
vt 0.456770 0.718238
vt 0.450802 0.718238
vt 0.442071 0.711050
vt 0.435141 0.711050
vt 0.425337 0.702578
vt 0.417484 0.702578
vt 0.406670 0.692882
vt 0.397944 0.692882
vt 0.386221 0.682054
vt 0.376683 0.682054
vt 0.364181 0.670213
vt 0.353903 0.670213
vt 0.340787 0.657489
vt 0.329853 0.657489
vt 0.316312 0.644023
vt 0.304815 0.644023
vt 0.291056 0.629950
vt 0.279098 0.629950
vt 0.265333 0.615400
vt 0.253023 0.615400
vt 0.239459 0.600484
vt 0.226909 0.600484
vt 0.213732 0.585291
vt 0.201055 0.585291
vt 0.188424 0.569887
vt 0.175732 0.569887
vt 0.163777 0.554316
vt 0.483426 0.734118
vt 0.478034 0.732336
vt 0.480698 0.732336
vt 0.483395 0.732336
vt 0.472809 0.729106
vt 0.476049 0.734118
vt 0.465348 0.732336
vt 0.467786 0.732336
vt 0.470278 0.732336
vt 0.454618 0.729106
vt 0.458128 0.729106
vt 0.441299 0.724411
vt 0.445839 0.724411
vt 0.427850 0.718238
vt 0.433430 0.718238
vt 0.415046 0.711050
vt 0.421617 0.711050
vt 0.402205 0.702578
vt 0.409769 0.702578
vt 0.389389 0.692882
vt 0.454107 0.732336
vt 0.456217 0.732336
vt 0.458399 0.732336
vt 0.438320 0.729106
vt 0.441394 0.729106
vt 0.420217 0.724411
vt 0.424194 0.724411
vt 0.401937 0.718238
vt 0.406825 0.718238
vt 0.384536 0.711050
vt 0.390291 0.711050
vt 0.367082 0.702578
vt 0.373707 0.702578
vt 0.349664 0.692882
vt 0.357157 0.692882
vt 0.332394 0.682054
vt 0.340748 0.682054
vt 0.315402 0.670213
vt 0.324603 0.670213
vt 0.298830 0.657489
vt 0.308857 0.657489
vt 0.282820 0.644023
vt 0.293645 0.644023
vt 0.267510 0.629950
vt 0.461246 0.734118
vt 0.437754 0.732336
vt 0.438959 0.732336
vt 0.440267 0.732336
vt 0.414009 0.729106
vt 0.415851 0.729106
vt 0.388771 0.724411
vt 0.459475 0.734118
vt 0.433323 0.732336
vt 0.433991 0.732336
vt 0.434770 0.732336
vt 0.407010 0.729106
vt 0.408106 0.729106
vt 0.379718 0.724411
vt 0.381136 0.724411
vt 0.352159 0.718238
vt 0.353903 0.718238
vt 0.325924 0.711050
vt 0.327977 0.711050
vt 0.299610 0.702578
vt 0.301974 0.702578
vt 0.273350 0.692882
vt 0.276024 0.692882
vt 0.247314 0.682054
vt 0.459475 0.734118
vt 0.431672 0.732336
vt 0.431775 0.732336
vt 0.431992 0.732336
vt 0.403887 0.729106
vt 0.404193 0.729106
vt 0.375679 0.724411
vt 0.376074 0.724411
vt 0.347194 0.718238
vt 0.347681 0.718238
vt 0.320078 0.711050
vt 0.320651 0.711050
vt 0.292881 0.702578
vt 0.293540 0.702578
vt 0.265740 0.692882
vt 0.266485 0.692882
vt 0.238829 0.682054
vt 0.239660 0.682054
vt 0.212352 0.670213
vt 0.213267 0.670213
vt 0.186528 0.657489
vt 0.187525 0.657489
vt 0.161581 0.644023
vt 0.162657 0.644023
vt 0.137724 0.629950
vt 0.138876 0.629950
vt 0.115149 0.615400
vt 0.433448 0.732336
vt 0.432869 0.732336
vt 0.432402 0.732336
vt 0.405429 0.729106
vt 0.404771 0.729106
vt 0.377673 0.724411
vt 0.376822 0.724411
vt 0.349645 0.718238
vt 0.348600 0.718238
vt 0.322964 0.711050
vt 0.321734 0.711050
vt 0.296203 0.702578
vt 0.294787 0.702578
vt 0.269497 0.692882
vt 0.267895 0.692882
vt 0.243018 0.682054
vt 0.241231 0.682054
vt 0.216965 0.670213
vt 0.214998 0.670213
vt 0.191556 0.657489
vt 0.189412 0.657489
vt 0.167008 0.644023
vt 0.164694 0.644023
vt 0.143534 0.629950
vt 0.141056 0.629950
vt 0.121322 0.615400
vt 0.118690 0.615400
vt 0.100526 0.600484
vt 0.097749 0.600484
vt 0.081251 0.585291
vt 0.078340 0.585291
vt 0.063557 0.569887
vt 0.060524 0.569887
vt 0.047467 0.554316
vt 0.044321 0.554316
vt 0.032980 0.538605
vt 0.029734 0.538605
vt 0.464711 0.734118
vt 0.439213 0.732336
vt 0.416236 0.729106
vt 0.394253 0.724411
vt 0.373438 0.718238
vt 0.355248 0.711050
vt 0.338561 0.702578
vt 0.323585 0.692882
vt 0.310537 0.682054
vt 0.299629 0.670213
vt 0.291050 0.657489
vt 0.284956 0.644023
vt 0.281460 0.629950
vt 0.280622 0.615400
vt 0.282442 0.600484
vt 0.286863 0.585291
vt 0.293778 0.569887
vt 0.303040 0.554316
vt 0.314480 0.538605
vt 0.469718 0.734118
vt 0.445111 0.732336
vt 0.443492 0.732336
vt 0.441968 0.732336
vt 0.420394 0.729106
vt 0.418247 0.729106
vt 0.397030 0.724411
vt 0.476049 0.734118
vt 0.454523 0.732336
vt 0.452475 0.732336
vt 0.450507 0.732336
vt 0.433049 0.729106
vt 0.430276 0.729106
vt 0.413400 0.724411
vt 0.409813 0.724411
vt 0.393558 0.718238
vt 0.389149 0.718238
vt 0.374669 0.711050
vt 0.369478 0.711050
vt 0.355724 0.702578
vt 0.349749 0.702578
vt 0.336818 0.692882
vt 0.330059 0.692882
vt 0.318072 0.682054
vt 0.483426 0.734118
vt 0.465831 0.732336
vt 0.463440 0.732336
vt 0.461109 0.732336
vt 0.448495 0.729106
vt 0.445212 0.729106
vt 0.433379 0.724411
vt 0.429133 0.724411
vt 0.418115 0.718238
vt 0.412896 0.718238
vt 0.403584 0.711050
vt 0.397438 0.711050
vt 0.389010 0.702578
vt 0.381935 0.702578
vt 0.374465 0.692882
vt 0.366464 0.692882
vt 0.360045 0.682054
vt 0.351123 0.682054
vt 0.345856 0.670213
vt 0.336031 0.670213
vt 0.332018 0.657489
vt 0.321310 0.657489
vt 0.318649 0.644023
vt 0.307089 0.644023
vt 0.305865 0.629950
vt 0.293490 0.629950
vt 0.293768 0.615400
vt 0.478564 0.732336
vt 0.475928 0.732336
vt 0.473333 0.732336
vt 0.466089 0.729106
vt 0.462432 0.729106
vt 0.456136 0.724411
vt 0.451407 0.724411
vt 0.446086 0.718238
vt 0.440273 0.718238
vt 0.436519 0.711050
vt 0.429674 0.711050
vt 0.426923 0.702578
vt 0.419044 0.702578
vt 0.417346 0.692882
vt 0.408435 0.692882
vt 0.407851 0.682054
vt 0.397916 0.682054
vt 0.398510 0.670213
vt 0.387567 0.670213
vt 0.389398 0.657489
vt 0.377473 0.657489
vt 0.380596 0.644023
vt 0.367722 0.644023
vt 0.372179 0.629950
vt 0.358397 0.629950
vt 0.364214 0.615400
vt 0.349574 0.615400
vt 0.356757 0.600484
vt 0.341312 0.600484
vt 0.349845 0.585291
vt 0.333656 0.585291
vt 0.343501 0.569887
vt 0.326627 0.569887
vt 0.337731 0.554316
vt 0.320235 0.554316
vt 0.332536 0.538605
vt 0.500000 0.734118
vt 0.494973 0.732336
vt 0.496850 0.729106
vt 0.501019 0.724411
vt 0.507510 0.718238
vt 0.516196 0.711050
vt 0.527079 0.702578
vt 0.540115 0.692882
vt 0.555227 0.682054
vt 0.572292 0.670213
vt 0.591146 0.657489
vt 0.603369 0.657489
vt 0.615395 0.657489
vt 0.637367 0.644023
vt 0.660494 0.629950
vt 0.684490 0.615400
vt 0.709061 0.600484
vt 0.733917 0.585291
vt 0.758786 0.569887
vt 0.783416 0.554316
vt 0.807571 0.538605
vt 0.508472 0.734118
vt 0.506142 0.732336
vt 0.503353 0.732336
vt 0.500559 0.732336
vt 0.504724 0.729106
vt 0.500788 0.729106
vt 0.506110 0.724411
vt 0.516574 0.734118
vt 0.519837 0.732336
vt 0.517146 0.732336
vt 0.514427 0.732336
vt 0.524155 0.729106
vt 0.520324 0.729106
vt 0.531244 0.724411
vt 0.526289 0.724411
vt 0.538403 0.718238
vt 0.532312 0.718238
vt 0.545218 0.711050
vt 0.538046 0.711050
vt 0.552053 0.702578
vt 0.543797 0.702578
vt 0.558874 0.692882
vt 0.549536 0.692882
vt 0.565638 0.682054
vt 0.523951 0.734118
vt 0.535132 0.732336
vt 0.532706 0.732336
vt 0.530225 0.732336
vt 0.546075 0.729106
vt 0.542579 0.729106
vt 0.559597 0.724411
vt 0.555076 0.724411
vt 0.573252 0.718238
vt 0.567695 0.718238
vt 0.586251 0.711050
vt 0.579708 0.711050
vt 0.599289 0.702578
vt 0.591757 0.702578
vt 0.612300 0.692882
vt 0.603781 0.692882
vt 0.625201 0.682054
vt 0.615703 0.682054
vt 0.637893 0.670213
vt 0.627432 0.670213
vt 0.650273 0.657489
vt 0.638873 0.657489
vt 0.662232 0.644023
vt 0.649925 0.644023
vt 0.673669 0.629950
vt 0.546305 0.732336
vt 0.544211 0.732336
vt 0.542043 0.732336
vt 0.562283 0.729106
vt 0.559229 0.729106
vt 0.580562 0.724411
vt 0.576612 0.724411
vt 0.599021 0.718238
vt 0.594165 0.718238
vt 0.616593 0.711050
vt 0.610875 0.711050
vt 0.634217 0.702578
vt 0.627635 0.702578
vt 0.651805 0.692882
vt 0.644361 0.692882
vt 0.669244 0.682054
vt 0.660945 0.682054
vt 0.686401 0.670213
vt 0.677261 0.670213
vt 0.703136 0.657489
vt 0.693175 0.657489
vt 0.719302 0.644023
vt 0.708548 0.644023
vt 0.734762 0.629950
vt 0.723250 0.629950
vt 0.749390 0.615400
vt 0.737161 0.615400
vt 0.763086 0.600484
vt 0.750185 0.600484
vt 0.775780 0.585291
vt 0.762257 0.585291
vt 0.787433 0.569887
vt 0.773338 0.569887
vt 0.798030 0.554316
vt 0.540525 0.734118
vt 0.567024 0.732336
vt 0.566488 0.732336
vt 0.565862 0.732336
vt 0.593666 0.729106
vt 0.540525 0.734118
vt 0.568332 0.732336
vt 0.568255 0.732336
vt 0.568085 0.732336
vt 0.596155 0.729106
vt 0.595916 0.729106
vt 0.624375 0.724411
vt 0.624066 0.724411
vt 0.652872 0.718238
vt 0.652492 0.718238
vt 0.680000 0.711050
vt 0.679552 0.711050
vt 0.707209 0.702578
vt 0.706694 0.702578
vt 0.734362 0.692882
vt 0.538754 0.734118
vt 0.566856 0.732336
vt 0.567331 0.732336
vt 0.567716 0.732336
vt 0.594853 0.729106
vt 0.595395 0.729106
vt 0.622692 0.724411
vt 0.623392 0.724411
vt 0.650803 0.718238
vt 0.651664 0.718238
vt 0.677564 0.711050
vt 0.678577 0.711050
vt 0.704405 0.702578
vt 0.705572 0.702578
vt 0.731190 0.692882
vt 0.732510 0.692882
vt 0.757749 0.682054
vt 0.759220 0.682054
vt 0.783879 0.670213
vt 0.785499 0.670213
vt 0.809364 0.657489
vt 0.811130 0.657489
vt 0.833985 0.644023
vt 0.835891 0.644023
vt 0.857529 0.629950
vt 0.859570 0.629950
vt 0.879807 0.615400
vt 0.562130 0.732336
vt 0.563136 0.732336
vt 0.564055 0.732336
vt 0.588942 0.729106
vt 0.590238 0.729106
vt 0.615046 0.724411
vt 0.616722 0.724411
vt 0.641406 0.718238
vt 0.643466 0.718238
vt 0.666499 0.711050
vt 0.668924 0.711050
vt 0.691667 0.702578
vt 0.694459 0.702578
vt 0.716784 0.692882
vt 0.719942 0.692882
vt 0.741687 0.682054
vt 0.745208 0.682054
vt 0.766189 0.670213
vt 0.770067 0.670213
vt 0.790086 0.657489
vt 0.794312 0.657489
vt 0.813172 0.644023
vt 0.817735 0.644023
vt 0.835249 0.629950
vt 0.840134 0.629950
vt 0.856139 0.615400
vt 0.861328 0.615400
vt 0.875698 0.600484
vt 0.881171 0.600484
vt 0.893825 0.585291
vt 0.899563 0.585291
vt 0.910466 0.569887
vt 0.916446 0.569887
vt 0.925599 0.554316
vt 0.931799 0.554316
vt 0.939223 0.538605
vt 0.945622 0.538605
vt 0.530282 0.734118
vt 0.554385 0.732336
vt 0.574418 0.729106
vt 0.593286 0.724411
vt 0.610851 0.718238
vt 0.625859 0.711050
vt 0.639321 0.702578
vt 0.651072 0.692882
vt 0.660945 0.682054
vt 0.668780 0.670213
vt 0.674442 0.657489
vt 0.677823 0.644023
vt 0.678859 0.629950
vt 0.677530 0.615400
vt 0.673866 0.600484
vt 0.667948 0.585291
vt 0.659896 0.569887
vt 0.649859 0.554316
vt 0.638005 0.538605
vt 0.523951 0.734118
vt 0.545893 0.732336
vt 0.547725 0.732336
vt 0.549493 0.732336
vt 0.567233 0.729106
vt 0.569724 0.729106
vt 0.586966 0.724411
vt 0.590187 0.724411
vt 0.606891 0.718238
vt 0.516574 0.734118
vt 0.533683 0.732336
vt 0.535849 0.732336
vt 0.537966 0.732336
vt 0.550503 0.729106
vt 0.553485 0.729106
vt 0.565325 0.724411
vt 0.569183 0.724411
vt 0.580292 0.718238
vt 0.585034 0.718238
vt 0.594540 0.711050
vt 0.600123 0.711050
vt 0.608831 0.702578
vt 0.615258 0.702578
vt 0.623092 0.692882
vt 0.630362 0.692882
vt 0.637233 0.682054
vt 0.645337 0.682054
vt 0.651145 0.670213
vt 0.660071 0.670213
vt 0.664714 0.657489
vt 0.522231 0.732336
vt 0.524594 0.732336
vt 0.526924 0.732336
vt 0.534647 0.729106
vt 0.537930 0.729106
vt 0.544816 0.724411
vt 0.549062 0.724411
vt 0.555084 0.718238
vt 0.560303 0.718238
vt 0.564859 0.711050
vt 0.571004 0.711050
vt 0.574663 0.702578
vt 0.581737 0.702578
vt 0.584448 0.692882
vt 0.592448 0.692882
vt 0.594149 0.682054
vt 0.603068 0.682054
vt 0.603693 0.670213
vt 0.613517 0.670213
vt 0.613002 0.657489
vt 0.623708 0.657489
vt 0.621996 0.644023
vt 0.633554 0.644023
vt 0.630596 0.629950
vt 0.642968 0.629950
vt 0.638733 0.615400
vt 0.651877 0.615400
vt 0.646352 0.600484
vt 0.660218 0.600484
vt 0.653414 0.585291
vt 0.510027 0.732336
vt 0.514126 0.729106
vt 0.518272 0.724411
vt 0.522458 0.718238
vt 0.526443 0.711050
vt 0.530441 0.702578
vt 0.534430 0.692882
vt 0.538385 0.682054
vt 0.542276 0.670213
vt 0.546071 0.657489
vt 0.549738 0.644023
vt 0.553244 0.629950
vt 0.556562 0.615400
vt 0.559668 0.600484
vt 0.562547 0.585291
vt 0.565190 0.569887
vt 0.567594 0.554316
vt 0.569757 0.538605
vt 0.517417 0.732336
vt 0.524536 0.729106
vt 0.531737 0.724411
vt 0.539009 0.718238
vt 0.545931 0.711050
vt 0.552874 0.702578
vt 0.559803 0.692882
vt 0.566673 0.682054
vt 0.573432 0.670213
vt 0.580024 0.657489
vt 0.586393 0.644023
vt 0.592483 0.629950
vt 0.598246 0.615400
vt 0.603642 0.600484
vt 0.608642 0.585291
vt 0.613233 0.569887
vt 0.617408 0.554316
vt 0.621166 0.538605
vt 0.531472 0.732336
vt 0.529218 0.732336
vt 0.543998 0.732336
vt 0.542043 0.732336
vt 0.540032 0.732336
vt 0.556395 0.729106
vt 0.552826 0.732336
vt 0.551194 0.732336
vt 0.566289 0.732336
vt 0.565633 0.732336
vt 0.564888 0.732336
vt 0.591412 0.729106
vt 0.568209 0.732336
vt 0.568008 0.732336
vt 0.567470 0.732336
vt 0.567823 0.732336
vt 0.559042 0.732336
vt 0.560268 0.732336
vt 0.584903 0.729106
vt 0.548322 0.732336
vt 0.568074 0.729106
vt 0.588053 0.724411
vt 0.608227 0.718238
vt 0.627433 0.711050
vt 0.646696 0.702578
vt 0.665919 0.692882
vt 0.684979 0.682054
vt 0.703732 0.670213
vt 0.722022 0.657489
vt 0.739692 0.644023
vt 0.756589 0.629950
vt 0.772577 0.615400
vt 0.787547 0.600484
vt 0.801421 0.585291
vt 0.814157 0.569887
vt 0.825739 0.554316
vt 0.836167 0.538605
vt 0.537500 0.732336
vt 0.539805 0.732336
vt 0.525115 0.732336
vt 0.527693 0.732336
vt 0.508920 0.732336
vt 0.511683 0.732336
vt 0.497764 0.732336
vt 0.468280 0.732336
vt 0.470782 0.732336
vt 0.456647 0.732336
vt 0.458844 0.732336
vt 0.446822 0.732336
vt 0.448621 0.732336
vt 0.440541 0.732336
vt 0.434138 0.732336
vt 0.407217 0.729106
vt 0.379985 0.724411
vt 0.352488 0.718238
vt 0.326311 0.711050
vt 0.300056 0.702578
vt 0.273855 0.692882
vt 0.247876 0.682054
vt 0.222316 0.670213
vt 0.197387 0.657489
vt 0.173304 0.644023
vt 0.150273 0.629950
vt 0.128481 0.615400
vt 0.108078 0.600484
vt 0.089168 0.585291
vt 0.071809 0.569887
vt 0.056022 0.554316
vt 0.041809 0.538605
vt 0.431683 0.732336
vt 0.431809 0.732336
vt 0.432049 0.732336
vt 0.404273 0.729106
vt 0.432767 0.732336
vt 0.432322 0.732336
vt 0.436653 0.732336
vt 0.435657 0.732336
vt 0.441674 0.732336
vt 0.452075 0.732336
vt 0.450123 0.732336
vt 0.462969 0.732336
vt 0.460651 0.732336
vt 0.475406 0.732336
vt 0.472819 0.732336
vt 0.633724 0.554316
vt 0.628969 0.569887
vt 0.623741 0.585291
vt 0.618045 0.600484
vt 0.611900 0.615400
vt 0.605336 0.629950
vt 0.598399 0.644023
vt 0.591146 0.657489
vt 0.583637 0.670213
vt 0.575939 0.682054
vt 0.568114 0.692882
vt 0.560222 0.702578
vt 0.552314 0.711050
vt 0.544430 0.718238
vt 0.536148 0.724411
vt 0.527946 0.729106
vt 0.519837 0.732336
vt 0.531318 0.729106
vt 0.540509 0.724411
vt 0.549791 0.718238
vt 0.558626 0.711050
vt 0.567488 0.702578
vt 0.576332 0.692882
vt 0.585101 0.682054
vt 0.593729 0.670213
vt 0.602143 0.657489
vt 0.610272 0.644023
vt 0.618046 0.629950
vt 0.625401 0.615400
vt 0.632288 0.600484
vt 0.638671 0.585291
vt 0.644531 0.569887
vt 0.703265 0.538605
vt 0.712154 0.554316
vt 0.718987 0.569887
vt 0.723619 0.585291
vt 0.725924 0.600484
vt 0.725815 0.615400
vt 0.723250 0.629950
vt 0.718243 0.644023
vt 0.710861 0.657489
vt 0.701217 0.670213
vt 0.689463 0.682054
vt 0.675781 0.692882
vt 0.660368 0.702578
vt 0.643423 0.711050
vt 0.625137 0.718238
vt 0.604380 0.724411
vt 0.718946 0.538605
vt 0.664815 0.615400
vt 0.655147 0.629950
vt 0.667116 0.629950
vt 0.644931 0.644023
vt 0.656111 0.644023
vt 0.667080 0.644023
vt 0.634247 0.657489
vt 0.644603 0.657489
vt 0.654763 0.657489
vt 0.623187 0.670213
vt 0.632691 0.670213
vt 0.642014 0.670213
vt 0.611848 0.682054
vt 0.620477 0.682054
vt 0.628942 0.682054
vt 0.600324 0.692882
vt 0.608063 0.692882
vt 0.615656 0.692882
vt 0.588700 0.702578
vt 0.595543 0.702578
vt 0.602256 0.702578
vt 0.577053 0.711050
vt 0.582997 0.711050
vt 0.588829 0.711050
vt 0.565440 0.718238
vt 0.570488 0.718238
vt 0.575441 0.718238
vt 0.553241 0.724411
vt 0.557349 0.724411
vt 0.561378 0.724411
vt 0.541161 0.729106
vt 0.544336 0.729106
vt 0.547452 0.729106
vt 0.727061 0.554316
vt 0.733067 0.569887
vt 0.736825 0.585291
vt 0.738216 0.600484
vt 0.737161 0.615400
vt 0.733628 0.629950
vt 0.727642 0.644023
vt 0.719281 0.657489
vt 0.708671 0.670213
vt 0.695974 0.682054
vt 0.681383 0.692882
vt 0.665103 0.702578
vt 0.647343 0.711050
vt 0.628296 0.718238
vt 0.778495 0.538605
vt 0.783416 0.554316
vt 0.786045 0.569887
vt 0.786268 0.585291
vt 0.783996 0.600484
vt 0.779185 0.615400
vt 0.771840 0.629950
vt 0.762031 0.644023
vt 0.749882 0.657489
vt 0.735563 0.670213
vt 0.719280 0.682054
vt 0.792488 0.538605
vt 0.653245 0.682054
vt 0.637455 0.692882
vt 0.644361 0.692882
vt 0.621529 0.702578
vt 0.627635 0.702578
vt 0.633569 0.702578
vt 0.605571 0.711050
vt 0.610875 0.711050
vt 0.616029 0.711050
vt 0.621026 0.711050
vt 0.589660 0.718238
vt 0.594165 0.718238
vt 0.598543 0.718238
vt 0.602786 0.718238
vt 0.572947 0.724411
vt 0.576612 0.724411
vt 0.580173 0.724411
vt 0.583626 0.724411
vt 0.559229 0.729106
vt 0.796591 0.554316
vt 0.798364 0.569887
vt 0.797699 0.585291
vt 0.794517 0.600484
vt 0.788779 0.615400
vt 0.780503 0.629950
vt 0.769769 0.644023
vt 0.756711 0.657489
vt 0.741510 0.670213
vt 0.561982 0.729106
vt 0.564651 0.729106
vt 0.844316 0.538605
vt 0.845101 0.554316
vt 0.843437 0.569887
vt 0.839244 0.585291
vt 0.832473 0.600484
vt 0.823121 0.615400
vt 0.856148 0.538605
vt 0.572120 0.729106
vt 0.856099 0.554316
vt 0.853579 0.569887
vt 0.848515 0.585291
vt 0.840866 0.600484
vt 0.898502 0.538605
vt 0.932229 0.538605
vt 0.918822 0.554316
vt 0.903930 0.569887
vt 0.887554 0.585291
vt 0.869715 0.600484
vt 0.850468 0.615400
vt 0.829911 0.629950
vt 0.808185 0.644023
vt 0.785467 0.657489
vt 0.761950 0.670213
vt 0.737838 0.682054
vt 0.713332 0.692882
vt 0.688615 0.702578
vt 0.663848 0.711050
vt 0.639154 0.718238
vt 0.613214 0.724411
vt 0.587526 0.729106
vt 0.937414 0.554316
vt 0.921861 0.569887
vt 0.926705 0.569887
vt 0.904759 0.585291
vt 0.909406 0.585291
vt 0.913498 0.585291
vt 0.886128 0.600484
vt 0.890561 0.600484
vt 0.894466 0.600484
vt 0.897835 0.600484
vt 0.866027 0.615400
vt 0.870229 0.615400
vt 0.873930 0.615400
vt 0.877124 0.615400
vt 0.844557 0.629950
vt 0.848513 0.629950
vt 0.851997 0.629950
vt 0.855003 0.629950
vt 0.821866 0.644023
vt 0.825562 0.644023
vt 0.828817 0.644023
vt 0.831625 0.644023
vt 0.798139 0.657489
vt 0.801562 0.657489
vt 0.804577 0.657489
vt 0.807179 0.657489
vt 0.773579 0.670213
vt 0.776720 0.670213
vt 0.779486 0.670213
vt 0.781873 0.670213
vt 0.748397 0.682054
vt 0.751249 0.682054
vt 0.753760 0.682054
vt 0.755928 0.682054
vt 0.722802 0.692882
vt 0.725360 0.692882
vt 0.727613 0.692882
vt 0.729557 0.692882
vt 0.696988 0.702578
vt 0.699250 0.702578
vt 0.701242 0.702578
vt 0.702961 0.702578
vt 0.671121 0.711050
vt 0.673086 0.711050
vt 0.674816 0.711050
vt 0.676309 0.711050
vt 0.645331 0.718238
vt 0.647000 0.718238
vt 0.648470 0.718238
vt 0.649738 0.718238
vt 0.618240 0.724411
vt 0.619598 0.724411
vt 0.620793 0.724411
vt 0.621825 0.724411
vt 0.592461 0.729106
vt 0.593385 0.729106
vt 0.594183 0.729106
vt 0.965104 0.538605
vt 0.953883 0.554316
vt 0.940243 0.569887
vt 0.924221 0.585291
vt 0.905887 0.600484
vt 0.885366 0.615400
vt 0.862844 0.629950
vt 0.838567 0.644023
vt 0.812829 0.657489
vt 0.785954 0.670213
vt 0.758278 0.682054
vt 0.730136 0.692882
vt 0.701845 0.702578
vt 0.673689 0.711050
vt 0.645910 0.718238
vt 0.617246 0.724411
vt 0.968413 0.538605
vt 0.956474 0.554316
vt 0.942146 0.569887
vt 0.925471 0.585291
vt 0.906530 0.600484
vt 0.885453 0.615400
vt 0.862434 0.629950
vt 0.837725 0.644023
vt 0.811625 0.657489
vt 0.784462 0.670213
vt 0.756574 0.682054
vt 0.728295 0.692882
vt 0.699944 0.702578
vt 0.671802 0.711050
vt 0.644109 0.718238
vt 0.837343 0.644023
vt 0.812475 0.657489
vt 0.786733 0.670213
vt 0.760340 0.682054
vt 0.733515 0.692882
vt 0.706460 0.702578
vt 0.679349 0.711050
vt 0.652319 0.718238
vt 0.623926 0.724411
vt 0.595807 0.729106
vt 0.813396 0.657489
vt 0.787578 0.670213
vt 0.761108 0.682054
vt 0.734203 0.692882
vt 0.707068 0.702578
vt 0.679878 0.711050
vt 0.652768 0.718238
vt 0.624291 0.724411
vt 0.596089 0.729106
vt 0.568317 0.732336
vt 0.596242 0.729106
vt 0.624488 0.724411
vt 0.653010 0.718238
vt 0.680163 0.711050
vt 0.707396 0.702578
vt 0.734574 0.692882
vt 0.761521 0.682054
vt 0.788034 0.670213
vt 0.975269 0.538605
vt 0.960630 0.554316
vt 0.943750 0.569887
vt 0.924701 0.585291
vt 0.903594 0.600484
vt 0.880587 0.615400
vt 0.855899 0.629950
vt 0.829802 0.644023
vt 0.802613 0.657489
vt 0.774667 0.670213
vt 0.746308 0.682054
vt 0.975376 0.538605
vt 0.761580 0.682054
vt 0.734627 0.692882
vt 0.707443 0.702578
vt 0.680203 0.711050
vt 0.653045 0.718238
vt 0.624516 0.724411
vt 0.596263 0.729106
vt 0.960110 0.554316
vt 0.942647 0.569887
vt 0.923068 0.585291
vt 0.901489 0.600484
vt 0.878076 0.615400
vt 0.853052 0.629950
vt 0.826696 0.644023
vt 0.799325 0.657489
vt 0.771278 0.670213
vt 0.678862 0.711050
vt 0.651905 0.718238
vt 0.623589 0.724411
vt 0.595547 0.729106
vt 0.969375 0.538605
vt 0.951813 0.554316
vt 0.932263 0.569887
vt 0.910832 0.585291
vt 0.887664 0.600484
vt 0.862949 0.615400
vt 0.966277 0.538605
vt 0.651113 0.718238
vt 0.622944 0.724411
vt 0.622133 0.724411
vt 0.595048 0.729106
vt 0.594421 0.729106
vt 0.948199 0.554316
vt 0.928191 0.569887
vt 0.906369 0.585291
vt 0.882881 0.600484
vt 0.947621 0.538605
vt 0.919276 0.538605
vt 0.910743 0.538605
vt 0.906270 0.554316
vt 0.898002 0.554316
vt 0.891825 0.569887
vt 0.883850 0.569887
vt 0.875940 0.585291
vt 0.868289 0.585291
vt 0.858635 0.600484
vt 0.851337 0.600484
vt 0.839965 0.615400
vt 0.833046 0.615400
vt 0.820024 0.629950
vt 0.813511 0.629950
vt 0.798949 0.644023
vt 0.792865 0.644023
vt 0.776912 0.657489
vt 0.771276 0.657489
vt 0.754100 0.670213
vt 0.748928 0.670213
vt 0.730711 0.682054
vt 0.726015 0.682054
vt 0.706938 0.692882
vt 0.702727 0.692882
vt 0.682962 0.702578
vt 0.679239 0.702578
vt 0.658937 0.711050
vt 0.655703 0.711050
vt 0.634984 0.718238
vt 0.632237 0.718238
vt 0.609822 0.724411
vt 0.607587 0.724411
vt 0.583175 0.729106
vt 0.870009 0.554316
vt 0.856853 0.569887
vt 0.842386 0.585291
vt 0.826626 0.600484
vt 0.809622 0.615400
vt 0.791461 0.629950
vt 0.772267 0.644023
vt 0.752197 0.657489
vt 0.731421 0.670213
vt 0.710119 0.682054
vt 0.688469 0.692882
vt 0.666633 0.702578
vt 0.644752 0.711050
vt 0.622936 0.718238
vt 0.600020 0.724411
vt 0.577325 0.729106
vt 0.565233 0.729106
vt 0.584378 0.724411
vt 0.603711 0.718238
vt 0.622115 0.711050
vt 0.640574 0.702578
vt 0.658995 0.692882
vt 0.677260 0.682054
vt 0.695230 0.670213
vt 0.712757 0.657489
vt 0.729689 0.644023
vt 0.745881 0.629950
vt 0.761202 0.615400
vt 0.775547 0.600484
vt 0.788842 0.585291
vt 0.801047 0.569887
vt 0.812146 0.554316
vt 0.822138 0.538605
vt 0.748295 0.585291
vt 0.736866 0.600484
vt 0.724535 0.615400
vt 0.711364 0.629950
vt 0.697445 0.644023
vt 0.682890 0.657489
vt 0.667824 0.670213
vt 0.652376 0.682054
vt 0.636675 0.692882
vt 0.620840 0.702578
vt 0.604972 0.711050
vt 0.589152 0.718238
vt 0.572533 0.724411
vt 0.556075 0.729106
vt 0.723150 0.600484
vt 0.711533 0.615400
vt 0.699125 0.629950
vt 0.686012 0.644023
vt 0.672300 0.657489
vt 0.658106 0.670213
vt 0.643553 0.682054
vt 0.628761 0.692882
vt 0.613843 0.702578
vt 0.598894 0.711050
vt 0.583990 0.718238
vt 0.568333 0.724411
vt 0.552828 0.729106
vt 0.549493 0.729106
vt 0.564019 0.724411
vt 0.578687 0.718238
vt 0.592650 0.711050
vt 0.606655 0.702578
vt 0.620632 0.692882
vt 0.634489 0.682054
vt 0.648124 0.670213
vt 0.661421 0.657489
vt 0.674268 0.644023
vt 0.686553 0.629950
vt 0.698178 0.615400
vt 0.727530 0.538605
vt 0.703747 0.554316
vt 0.680043 0.569887
vt 0.656662 0.585291
vt 0.640343 0.585291
vt 0.623741 0.585291
vt 0.602032 0.600484
vt 0.581380 0.615400
vt 0.562037 0.629950
vt 0.544245 0.644023
vt 0.528219 0.657489
vt 0.514137 0.670213
vt 0.502140 0.682054
vt 0.492323 0.692882
vt 0.484738 0.702578
vt 0.479404 0.711050
vt 0.476304 0.718238
vt 0.710269 0.538605
vt 0.686680 0.554316
vt 0.663282 0.569887
vt 0.646275 0.569887
vt 0.628969 0.569887
vt 0.606955 0.585291
vt 0.585849 0.600484
vt 0.565903 0.615400
vt 0.547364 0.629950
vt 0.530464 0.644023
vt 0.515407 0.657489
vt 0.502357 0.670213
vt 0.491441 0.682054
vt 0.482738 0.692882
vt 0.476290 0.702578
vt 0.472099 0.711050
vt 0.627240 0.657489
vt 0.616758 0.670213
vt 0.605889 0.670213
vt 0.606011 0.682054
vt 0.596142 0.682054
vt 0.594852 0.670213
vt 0.595088 0.692882
vt 0.586236 0.692882
vt 0.586120 0.682054
vt 0.583637 0.670213
vt 0.584071 0.702578
vt 0.576244 0.702578
vt 0.577246 0.692882
vt 0.575939 0.682054
vt 0.573031 0.711050
vt 0.566233 0.711050
vt 0.568295 0.702578
vt 0.568114 0.692882
vt 0.562025 0.718238
vt 0.556251 0.718238
vt 0.559327 0.711050
vt 0.560222 0.702578
vt 0.550463 0.724411
vt 0.545765 0.724411
vt 0.550385 0.718238
vt 0.552314 0.711050
vt 0.539013 0.729106
vt 0.535381 0.729106
vt 0.540992 0.724411
vt 0.544430 0.718238
vt 0.522495 0.732336
vt 0.531691 0.729106
vt 0.527946 0.729106
vt 0.536148 0.724411
vt 0.600365 0.538605
vt 0.578756 0.554316
vt 0.557991 0.569887
vt 0.538310 0.585291
vt 0.519954 0.600484
vt 0.503154 0.615400
vt 0.488127 0.629950
vt 0.475063 0.644023
vt 0.464115 0.657489
vt 0.455394 0.670213
vt 0.535468 0.702578
vt 0.530810 0.711050
vt 0.526167 0.718238
vt 0.521289 0.724411
vt 0.516459 0.729106
vt 0.523523 0.711050
vt 0.519978 0.718238
vt 0.513756 0.718238
vt 0.516254 0.724411
vt 0.511191 0.724411
vt 0.512566 0.729106
vt 0.508652 0.729106
vt 0.503889 0.538605
vt 0.484927 0.554316
vt 0.467316 0.569887
vt 0.451283 0.585291
vt 0.437043 0.600484
vt 0.484445 0.538605
vt 0.466111 0.554316
vt 0.449224 0.569887
vt 0.434005 0.585291
vt 0.350872 0.538605
vt 0.355498 0.554316
vt 0.360636 0.569887
vt 0.366286 0.585291
vt 0.372441 0.600484
vt 0.379081 0.615400
vt 0.386174 0.629950
vt 0.393670 0.644023
vt 0.401508 0.657489
vt 0.409622 0.670213
vt 0.417941 0.682054
vt 0.426396 0.692882
vt 0.434924 0.702578
vt 0.443469 0.711050
vt 0.451989 0.718238
vt 0.460939 0.724411
vt 0.469802 0.729106
vt 0.310044 0.569887
vt 0.317745 0.585291
vt 0.326134 0.600484
vt 0.335185 0.615400
vt 0.344853 0.629950
vt 0.355069 0.644023
vt 0.365753 0.657489
vt 0.376813 0.670213
vt 0.388152 0.682054
vt 0.399676 0.692882
vt 0.411300 0.702578
vt 0.422947 0.711050
vt 0.434560 0.718238
vt 0.446759 0.724411
vt 0.458839 0.729106
vt 0.302138 0.585291
vt 0.311246 0.600484
vt 0.296674 0.600484
vt 0.321072 0.615400
vt 0.307259 0.615400
vt 0.331568 0.629950
vt 0.318564 0.629950
vt 0.342659 0.644023
vt 0.330512 0.644023
vt 0.354258 0.657489
vt 0.343007 0.657489
vt 0.366264 0.670213
vt 0.355940 0.670213
vt 0.378574 0.682054
vt 0.369200 0.682054
vt 0.391086 0.692882
vt 0.382677 0.692882
vt 0.403705 0.702578
vt 0.396271 0.702578
vt 0.416349 0.711050
vt 0.409892 0.711050
vt 0.428956 0.718238
vt 0.423472 0.718238
vt 0.442200 0.724411
vt 0.437737 0.724411
vt 0.455314 0.729106
vt 0.451865 0.729106
vt 0.229443 0.538605
vt 0.222564 0.554316
vt 0.218148 0.569887
vt 0.216326 0.585291
vt 0.217197 0.600484
vt 0.220815 0.615400
vt 0.227179 0.629950
vt 0.236218 0.644023
vt 0.247803 0.657489
vt 0.261754 0.670213
vt 0.277849 0.682054
vt 0.295838 0.692882
vt 0.315462 0.702578
vt 0.336461 0.711050
vt 0.358594 0.718238
vt 0.213683 0.538605
vt 0.295852 0.644023
vt 0.310901 0.657489
vt 0.326479 0.670213
vt 0.342451 0.682054
vt 0.358685 0.692882
vt 0.375058 0.702578
vt 0.391464 0.711050
vt 0.407822 0.718238
vt 0.425005 0.724411
vt 0.442021 0.729106
vt 0.207757 0.554316
vt 0.204339 0.569887
vt 0.203551 0.585291
vt 0.205483 0.600484
vt 0.210179 0.615400
vt 0.217623 0.629950
vt 0.227733 0.644023
vt 0.240365 0.657489
vt 0.255327 0.670213
vt 0.272385 0.682054
vt 0.291280 0.692882
vt 0.311740 0.702578
vt 0.333501 0.711050
vt 0.300809 0.657489
vt 0.317218 0.670213
vt 0.334043 0.682054
vt 0.351143 0.692882
vt 0.368390 0.702578
vt 0.385672 0.711050
vt 0.402902 0.718238
vt 0.421002 0.724411
vt 0.438927 0.729106
vt 0.435934 0.729106
vt 0.417132 0.724411
vt 0.398145 0.718238
vt 0.380070 0.711050
vt 0.361941 0.702578
vt 0.343850 0.692882
vt 0.325912 0.682054
vt 0.308263 0.670213
vt 0.142566 0.538605
vt 0.141522 0.554316
vt 0.143147 0.569887
vt 0.147516 0.585291
vt 0.154670 0.600484
vt 0.164597 0.615400
vt 0.177220 0.629950
vt 0.192395 0.644023
vt 0.209914 0.657489
vt 0.130046 0.538605
vt 0.344024 0.702578
vt 0.364506 0.711050
vt 0.359760 0.711050
vt 0.384926 0.718238
vt 0.380895 0.718238
vt 0.377064 0.718238
vt 0.406377 0.724411
vt 0.403098 0.724411
vt 0.399980 0.724411
vt 0.427620 0.729106
vt 0.425085 0.729106
vt 0.422675 0.729106
vt 0.129991 0.554316
vt 0.132622 0.569887
vt 0.138008 0.585291
vt 0.146177 0.600484
vt 0.157107 0.615400
vt 0.170710 0.629950
vt 0.186828 0.644023
vt 0.077113 0.538605
vt 0.081967 0.554316
vt 0.089534 0.569887
vt 0.068584 0.538605
vt 0.074401 0.554316
vt 0.406244 0.729106
vt 0.378728 0.724411
vt 0.350942 0.718238
vt 0.324491 0.711050
vt 0.297961 0.702578
vt 0.271485 0.692882
vt 0.245234 0.682054
vt 0.219406 0.670213
vt 0.194216 0.657489
vt 0.169880 0.644023
vt 0.146608 0.629950
vt 0.124587 0.615400
vt 0.103971 0.600484
vt 0.084862 0.585291
vt 0.067321 0.569887
vt 0.051369 0.554316
vt 0.037007 0.538605
vt 0.041938 0.554316
vt 0.058225 0.569887
vt 0.056666 0.569887
vt 0.076135 0.585291
vt 0.074639 0.585291
vt 0.073855 0.585291
vt 0.095645 0.600484
vt 0.094218 0.600484
vt 0.093470 0.600484
vt 0.093402 0.600484
vt 0.116696 0.615400
vt 0.115343 0.615400
vt 0.114634 0.615400
vt 0.114569 0.615400
vt 0.139179 0.629950
vt 0.137906 0.629950
vt 0.137238 0.629950
vt 0.137177 0.629950
vt 0.162940 0.644023
vt 0.161751 0.644023
vt 0.161127 0.644023
vt 0.161070 0.644023
vt 0.187787 0.657489
vt 0.186686 0.657489
vt 0.186108 0.657489
vt 0.186055 0.657489
vt 0.213507 0.670213
vt 0.212496 0.670213
vt 0.211966 0.670213
vt 0.211918 0.670213
vt 0.239878 0.682054
vt 0.238960 0.682054
vt 0.238479 0.682054
vt 0.238435 0.682054
vt 0.266681 0.692882
vt 0.265857 0.692882
vt 0.265426 0.692882
vt 0.265386 0.692882
vt 0.293713 0.702578
vt 0.292985 0.702578
vt 0.292604 0.702578
vt 0.292569 0.702578
vt 0.320801 0.711050
vt 0.320169 0.711050
vt 0.319837 0.711050
vt 0.319807 0.711050
vt 0.347808 0.718238
vt 0.347271 0.718238
vt 0.346990 0.718238
vt 0.346964 0.718238
vt 0.376178 0.724411
vt 0.375741 0.724411
vt 0.375512 0.724411
vt 0.375491 0.724411
vt 0.403936 0.729106
vt 0.403758 0.729106
vt 0.403742 0.729106
vt 0.025367 0.538605
vt 0.041553 0.554316
vt 0.060005 0.569887
vt 0.080613 0.585291
vt 0.103228 0.600484
vt 0.127652 0.615400
vt 0.153627 0.629950
vt 0.180840 0.644023
vt 0.208941 0.657489
vt 0.237561 0.670213
vt 0.266332 0.682054
vt 0.294899 0.692882
vt 0.322935 0.702578
vt 0.350155 0.711050
vt 0.376322 0.718238
vt 0.026877 0.538605
vt 0.043783 0.554316
vt 0.062892 0.569887
vt 0.084084 0.585291
vt 0.107204 0.600484
vt 0.132044 0.615400
vt 0.158341 0.629950
vt 0.185777 0.644023
vt 0.214001 0.657489
vt 0.242644 0.670213
vt 0.271338 0.682054
vt 0.299732 0.692882
vt 0.327504 0.702578
vt 0.354375 0.711050
vt 0.164298 0.644023
vt 0.189045 0.657489
vt 0.191085 0.657489
vt 0.214662 0.670213
vt 0.216534 0.670213
vt 0.218880 0.670213
vt 0.240926 0.682054
vt 0.242626 0.682054
vt 0.244756 0.682054
vt 0.267621 0.692882
vt 0.269146 0.692882
vt 0.271056 0.692882
vt 0.294544 0.702578
vt 0.295892 0.702578
vt 0.297582 0.702578
vt 0.321523 0.711050
vt 0.322694 0.711050
vt 0.324162 0.711050
vt 0.348421 0.718238
vt 0.349416 0.718238
vt 0.350662 0.718238
vt 0.376677 0.724411
vt 0.377486 0.724411
vt 0.378500 0.724411
vt 0.404659 0.729106
vt 0.405285 0.729106
vt 0.406069 0.729106
vt 0.046203 0.538605
vt 0.066264 0.554316
vt 0.088157 0.569887
vt 0.111723 0.585291
vt 0.136768 0.600484
vt 0.163053 0.615400
vt 0.190291 0.629950
vt 0.218152 0.644023
vt 0.246282 0.657489
vt 0.052379 0.538605
vt 0.072973 0.554316
vt 0.095317 0.569887
vt 0.119242 0.585291
vt 0.144549 0.600484
vt 0.170993 0.615400
vt 0.198283 0.629950
vt 0.226090 0.644023
vt 0.304668 0.702578
vt 0.330318 0.711050
vt 0.355891 0.718238
vt 0.382754 0.724411
vt 0.409357 0.729106
vt 0.332943 0.711050
vt 0.358120 0.718238
vt 0.360586 0.718238
vt 0.384568 0.724411
vt 0.386574 0.724411
vt 0.410759 0.729106
vt 0.412311 0.729106
vt 0.094239 0.538605
vt 0.116971 0.554316
vt 0.140993 0.569887
vt 0.104709 0.538605
vt 0.127758 0.554316
vt 0.153014 0.538605
vt 0.176937 0.554316
vt 0.201636 0.569887
vt 0.226888 0.585291
vt 0.252446 0.600484
vt 0.278036 0.615400
vt 0.303363 0.629950
vt 0.328116 0.644023
vt 0.351988 0.657489
vt 0.374686 0.670213
vt 0.395949 0.682054
vt 0.415552 0.692882
vt 0.433315 0.702578
vt 0.449098 0.711050
vt 0.462810 0.718238
vt 0.474708 0.724411
vt 0.484318 0.729106
vt 0.188878 0.585291
vt 0.203199 0.600484
vt 0.214815 0.600484
vt 0.218650 0.615400
vt 0.229662 0.615400
vt 0.241126 0.615400
vt 0.235153 0.629950
vt 0.245519 0.629950
vt 0.256310 0.629950
vt 0.252594 0.644023
vt 0.262277 0.644023
vt 0.272358 0.644023
vt 0.270832 0.657489
vt 0.279802 0.657489
vt 0.289139 0.657489
vt 0.289711 0.670213
vt 0.297942 0.670213
vt 0.306510 0.670213
vt 0.309067 0.682054
vt 0.316540 0.682054
vt 0.324320 0.682054
vt 0.328741 0.692882
vt 0.335444 0.692882
vt 0.342422 0.692882
vt 0.348583 0.702578
vt 0.354509 0.702578
vt 0.360679 0.702578
vt 0.368466 0.711050
vt 0.373614 0.711050
vt 0.378974 0.711050
vt 0.388290 0.718238
vt 0.392662 0.718238
vt 0.397214 0.718238
vt 0.409113 0.724411
vt 0.412671 0.724411
vt 0.416374 0.724411
vt 0.429736 0.729106
vt 0.432486 0.729106
vt 0.435349 0.729106
vt 0.319204 0.657489
vt 0.334098 0.670213
vt 0.349369 0.682054
vt 0.364890 0.692882
vt 0.380543 0.702578
vt 0.396230 0.711050
vt 0.411869 0.718238
vt 0.428297 0.724411
vt 0.444567 0.729106
vt 0.258934 0.538605
vt 0.282844 0.554316
vt 0.306764 0.569887
vt 0.330450 0.585291
vt 0.353648 0.600484
vt 0.376091 0.615400
vt 0.397508 0.629950
vt 0.417636 0.644023
vt 0.436227 0.657489
vt 0.453066 0.670213
vt 0.467977 0.682054
vt 0.480825 0.692882
vt 0.343870 0.670213
vt 0.358241 0.682054
vt 0.367351 0.682054
vt 0.372848 0.692882
vt 0.381019 0.692882
vt 0.387580 0.702578
vt 0.394804 0.702578
vt 0.402342 0.711050
vt 0.408618 0.711050
vt 0.417060 0.718238
vt 0.422390 0.718238
vt 0.432521 0.724411
vt 0.436857 0.724411
vt 0.447832 0.729106
vt 0.451184 0.729106
vt 0.275892 0.538605
vt 0.299640 0.554316
vt 0.323286 0.569887
vt 0.346586 0.585291
vt 0.369286 0.600484
vt 0.391122 0.615400
vt 0.411829 0.629950
vt 0.431152 0.644023
vt 0.448853 0.657489
vt 0.464731 0.670213
vt 0.478622 0.682054
vt 0.428319 0.711050
vt 0.439122 0.718238
vt 0.450470 0.724411
vt 0.461709 0.729106
vt 0.444916 0.718238
vt 0.455184 0.724411
vt 0.465353 0.729106
vt 0.469055 0.729106
vt 0.459973 0.724411
vt 0.365722 0.538605
vt 0.388068 0.554316
vt 0.409762 0.569887
vt 0.430562 0.585291
vt 0.450221 0.600484
vt 0.468498 0.615400
vt 0.384484 0.538605
vt 0.406435 0.554316
vt 0.427628 0.569887
vt 0.447820 0.585291
vt 0.466768 0.600484
vt 0.500000 0.274199
vt 0.508338 0.273998
vt 0.516665 0.273998
vt 0.524969 0.273998
vt 0.533203 0.273998
vt 0.541464 0.273998
vt 0.536631 0.282982
vt 0.545742 0.282982
vt 0.540022 0.292764
vt 0.549973 0.292764
vt 0.543356 0.303262
vt 0.554132 0.303262
vt 0.546613 0.314389
vt 0.558194 0.314389
vt 0.549771 0.326056
vt 0.562132 0.326056
vt 0.552810 0.338174
vt 0.565921 0.338174
vt 0.555711 0.350660
vt 0.569538 0.350660
vt 0.557463 0.358689
vt 0.571722 0.358689
vt 0.559151 0.366818
vt 0.573825 0.366818
vt 0.560772 0.375033
vt 0.575845 0.375033
vt 0.562325 0.383322
vt 0.577779 0.383322
vt 0.563808 0.391675
vt 0.579626 0.391675
vt 0.565220 0.400084
vt 0.581385 0.400084
vt 0.566561 0.408542
vt 0.583056 0.408542
vt 0.567832 0.417044
vt 0.584637 0.417044
vt 0.569401 0.428332
vt 0.586590 0.428332
vt 0.570847 0.439684
vt 0.588389 0.439684
vt 0.572171 0.451099
vt 0.590036 0.451099
vt 0.591003 0.462573
vt 0.607774 0.451099
vt 0.620811 0.462573
vt 0.625366 0.451099
vt 0.650168 0.462573
vt 0.642789 0.451099
vt 0.660017 0.451099
vt 0.640179 0.439684
vt 0.657091 0.439684
vt 0.637326 0.428332
vt 0.653893 0.428332
vt 0.634230 0.417044
vt 0.650423 0.417044
vt 0.631723 0.408542
vt 0.647612 0.408542
vt 0.629074 0.400084
vt 0.644643 0.400084
vt 0.626285 0.391675
vt 0.641517 0.391675
vt 0.623356 0.383322
vt 0.638234 0.383322
vt 0.620289 0.375033
vt 0.634796 0.375033
vt 0.617086 0.366818
vt 0.631206 0.366818
vt 0.613751 0.358689
vt 0.627468 0.358689
vt 0.610289 0.350660
vt 0.623588 0.350660
vt 0.604553 0.338174
vt 0.617160 0.338174
vt 0.598544 0.326056
vt 0.610426 0.326056
vt 0.592299 0.314389
vt 0.603426 0.314389
vt 0.585857 0.303262
vt 0.596207 0.303262
vt 0.579260 0.292764
vt 0.588815 0.292764
vt 0.572550 0.282982
vt 0.581295 0.282982
vt 0.565767 0.273998
vt 0.573693 0.273998
vt 0.549633 0.273998
vt 0.554753 0.282982
vt 0.563691 0.282982
vt 0.569582 0.292764
vt 0.557735 0.273998
vt 0.581527 0.273998
vt 0.589251 0.273998
vt 0.596826 0.273998
vt 0.604326 0.273998
vt 0.606817 0.282982
vt 0.615088 0.282982
vt 0.616699 0.292764
vt 0.625734 0.292764
vt 0.626416 0.303262
vt 0.636200 0.303262
vt 0.635904 0.314389
vt 0.646420 0.314389
vt 0.645104 0.326056
vt 0.656328 0.326056
vt 0.653956 0.338174
vt 0.665862 0.338174
vt 0.662406 0.350660
vt 0.674962 0.350660
vt 0.667507 0.358689
vt 0.680456 0.358689
vt 0.672421 0.366818
vt 0.685748 0.366818
vt 0.677141 0.375033
vt 0.690830 0.375033
vt 0.681661 0.383322
vt 0.695697 0.383322
vt 0.685977 0.391675
vt 0.700344 0.391675
vt 0.690088 0.400084
vt 0.704770 0.400084
vt 0.693991 0.408542
vt 0.708972 0.408542
vt 0.697688 0.417044
vt 0.712952 0.417044
vt 0.702252 0.428332
vt 0.717865 0.428332
vt 0.706458 0.439684
vt 0.722392 0.439684
vt 0.710307 0.451099
vt 0.726535 0.451099
vt 0.734464 0.462573
vt 0.742452 0.451099
vt 0.760954 0.462573
vt 0.758041 0.451099
vt 0.773276 0.451099
vt 0.768275 0.439684
vt 0.782879 0.439684
vt 0.777121 0.428332
vt 0.797092 0.439684
vt 0.791045 0.428332
vt 0.810903 0.439684
vt 0.804574 0.428332
vt 0.817688 0.428332
vt 0.810523 0.417044
vt 0.822927 0.417044
vt 0.816893 0.408542
vt 0.834890 0.417044
vt 0.828632 0.408542
vt 0.846399 0.417044
vt 0.839925 0.408542
vt 0.850740 0.408542
vt 0.843683 0.400084
vt 0.853854 0.400084
vt 0.846206 0.391675
vt 0.863523 0.400084
vt 0.855667 0.391675
vt 0.872701 0.400084
vt 0.864646 0.391675
vt 0.873123 0.391675
vt 0.864466 0.383322
vt 0.872269 0.383322
vt 0.863011 0.375033
vt 0.879558 0.383322
vt 0.870119 0.375033
vt 0.886333 0.383322
vt 0.876725 0.375033
vt 0.882809 0.375033
vt 0.872613 0.366818
vt 0.878054 0.366818
vt 0.867284 0.358689
vt 0.882971 0.366818
vt 0.872060 0.358689
vt 0.887368 0.366818
vt 0.876332 0.358689
vt 0.880078 0.358689
vt 0.868506 0.350660
vt 0.871670 0.350660
vt 0.852338 0.338174
vt 0.874315 0.350660
vt 0.854845 0.338174
vt 0.876452 0.350660
vt 0.856871 0.338174
vt 0.858410 0.338174
vt 0.837809 0.326056
vt 0.838808 0.326056
vt 0.817334 0.314389
vt 0.839345 0.326056
vt 0.817836 0.314389
vt 0.839421 0.326056
vt 0.817908 0.314389
vt 0.817553 0.314389
vt 0.795387 0.303262
vt 0.794649 0.303262
vt 0.772008 0.292764
vt 0.793516 0.303262
vt 0.770962 0.292764
vt 0.791985 0.303262
vt 0.769548 0.292764
vt 0.767783 0.292764
vt 0.745111 0.282982
vt 0.743137 0.282982
vt 0.720401 0.273998
vt 0.740847 0.282982
vt 0.718325 0.273998
vt 0.738231 0.282982
vt 0.715953 0.273998
vt 0.713306 0.273998
vt 0.710336 0.273998
vt 0.707097 0.273998
vt 0.703578 0.273998
vt 0.699783 0.273998
vt 0.695717 0.273998
vt 0.715906 0.282982
vt 0.711132 0.282982
vt 0.730664 0.292764
vt 0.725125 0.292764
vt 0.743864 0.303262
vt 0.719323 0.292764
vt 0.737576 0.303262
vt 0.713153 0.292764
vt 0.730895 0.303262
vt 0.723937 0.303262
vt 0.740741 0.314389
vt 0.732934 0.314389
vt 0.748697 0.326056
vt 0.724871 0.314389
vt 0.740083 0.326056
vt 0.715430 0.314389
vt 0.730009 0.326056
vt 0.719607 0.326056
vt 0.733000 0.338174
vt 0.721574 0.338174
vt 0.733731 0.350660
vt 0.721288 0.350660
vt 0.728236 0.358689
vt 0.715020 0.358689
vt 0.721326 0.366818
vt 0.701496 0.358689
vt 0.707400 0.366818
vt 0.687531 0.358689
vt 0.693031 0.366818
vt 0.678387 0.366818
vt 0.683268 0.375033
vt 0.667917 0.375033
vt 0.672199 0.383322
vt 0.656169 0.383322
vt 0.659877 0.391675
vt 0.643221 0.391675
vt 0.646386 0.400084
vt 0.629070 0.400084
vt 0.631719 0.408542
vt 0.613851 0.408542
vt 0.616019 0.417044
vt 0.597617 0.417044
vt 0.599870 0.428332
vt 0.580876 0.428332
vt 0.582557 0.439684
vt 0.563030 0.439684
vt 0.564205 0.451099
vt 0.544207 0.451099
vt 0.545693 0.462573
vt 0.524136 0.451099
vt 0.515250 0.462573
vt 0.504024 0.451099
vt 0.484750 0.462573
vt 0.483906 0.451099
vt 0.463814 0.451099
vt 0.484200 0.439684
vt 0.464476 0.439684
vt 0.484522 0.428332
vt 0.465199 0.428332
vt 0.484871 0.417044
vt 0.465984 0.417044
vt 0.485154 0.408542
vt 0.466620 0.408542
vt 0.485452 0.400084
vt 0.467291 0.400084
vt 0.485766 0.391675
vt 0.467998 0.391675
vt 0.486097 0.383322
vt 0.468740 0.383322
vt 0.486442 0.375033
vt 0.469518 0.375033
vt 0.486804 0.366818
vt 0.470329 0.366818
vt 0.487179 0.358689
vt 0.471175 0.358689
vt 0.487570 0.350660
vt 0.472052 0.350660
vt 0.488216 0.338174
vt 0.473506 0.338174
vt 0.488894 0.326056
vt 0.475029 0.326056
vt 0.489598 0.314389
vt 0.476611 0.314389
vt 0.490324 0.303262
vt 0.478244 0.303262
vt 0.491067 0.292764
vt 0.479916 0.292764
vt 0.491824 0.282982
vt 0.481616 0.282982
vt 0.492588 0.273998
vt 0.483335 0.273998
vt 0.611657 0.273998
vt 0.623175 0.282982
vt 0.631095 0.282982
vt 0.643221 0.292764
vt 0.638806 0.282982
vt 0.651648 0.292764
vt 0.646390 0.282982
vt 0.659931 0.292764
vt 0.667967 0.292764
vt 0.681949 0.303262
vt 0.690407 0.303262
vt 0.704695 0.314389
vt 0.698598 0.303262
vt 0.713501 0.314389
vt 0.706538 0.303262
vt 0.722036 0.314389
vt 0.730261 0.314389
vt 0.745843 0.326056
vt 0.754292 0.326056
vt 0.769800 0.338174
vt 0.762359 0.326056
vt 0.778362 0.338174
vt 0.770144 0.326056
vt 0.786619 0.338174
vt 0.794451 0.338174
vt 0.810607 0.350660
vt 0.818448 0.350660
vt 0.828447 0.358689
vt 0.825847 0.350660
vt 0.836079 0.358689
vt 0.832826 0.350660
vt 0.843276 0.358689
vt 0.849998 0.358689
vt 0.860262 0.366818
vt 0.866692 0.366818
vt 0.618836 0.273998
vt 0.625824 0.273998
vt 0.632701 0.273998
vt 0.653746 0.282982
vt 0.675775 0.292764
vt 0.683337 0.292764
vt 0.690667 0.292764
vt 0.714189 0.303262
vt 0.738174 0.314389
vt 0.745727 0.314389
vt 0.753022 0.314389
vt 0.777527 0.326056
vt 0.801884 0.338174
vt 0.808898 0.338174
vt 0.815514 0.338174
vt 0.839343 0.350660
vt 0.856245 0.358689
vt 0.861996 0.358689
vt 0.639369 0.273998
vt 0.645848 0.273998
vt 0.652120 0.273998
vt 0.658204 0.273998
vt 0.667813 0.282982
vt 0.674524 0.282982
vt 0.664064 0.273998
vt 0.680989 0.282982
vt 0.687209 0.282982
vt 0.704525 0.292764
vt 0.693137 0.282982
vt 0.711005 0.292764
vt 0.698879 0.282982
vt 0.717275 0.292764
vt 0.723213 0.292764
vt 0.741793 0.303262
vt 0.747897 0.303262
vt 0.766498 0.314389
vt 0.753653 0.303262
vt 0.772687 0.314389
vt 0.759089 0.303262
vt 0.778531 0.314389
vt 0.783984 0.314389
vt 0.803202 0.326056
vt 0.808614 0.326056
vt 0.827434 0.338174
vt 0.813592 0.326056
vt 0.832718 0.338174
vt 0.818177 0.326056
vt 0.837580 0.338174
vt 0.841970 0.338174
vt 0.860733 0.350660
vt 0.864875 0.350660
vt 0.669703 0.273998
vt 0.675074 0.273998
vt 0.680282 0.273998
vt 0.704314 0.282982
vt 0.728848 0.292764
vt 0.734160 0.292764
vt 0.739180 0.292764
vt 0.764162 0.303262
vt 0.789053 0.314389
vt 0.793715 0.314389
vt 0.798010 0.314389
vt 0.822314 0.326056
vt 0.845897 0.338174
vt 0.849337 0.338174
vt 0.685208 0.273998
vt 0.689884 0.273998
vt 0.694291 0.273998
vt 0.698457 0.273998
vt 0.714334 0.282982
vt 0.718929 0.282982
vt 0.702343 0.273998
vt 0.723216 0.282982
vt 0.727200 0.282982
vt 0.748216 0.292764
vt 0.730861 0.282982
vt 0.752216 0.292764
vt 0.734240 0.282982
vt 0.755907 0.292764
vt 0.759235 0.292764
vt 0.780813 0.303262
vt 0.784038 0.303262
vt 0.805351 0.314389
vt 0.786858 0.303262
vt 0.808385 0.314389
vt 0.789328 0.303262
vt 0.811038 0.314389
vt 0.813251 0.314389
vt 0.834449 0.326056
vt 0.836359 0.326056
vt 0.705955 0.273998
vt 0.709272 0.273998
vt 0.712336 0.273998
vt 0.737286 0.282982
vt 0.762212 0.292764
vt 0.764814 0.292764
vt 0.767095 0.292764
vt 0.791386 0.303262
vt 0.815039 0.314389
vt 0.816398 0.314389
vt 0.715098 0.273998
vt 0.717567 0.273998
vt 0.719725 0.273998
vt 0.721619 0.273998
vt 0.742392 0.282982
vt 0.744481 0.282982
vt 0.723196 0.273998
vt 0.746220 0.282982
vt 0.747626 0.282982
vt 0.770531 0.292764
vt 0.748693 0.282982
vt 0.771697 0.292764
vt 0.749429 0.282982
vt 0.772501 0.292764
vt 0.772933 0.292764
vt 0.795651 0.303262
vt 0.795718 0.303262
vt 0.724470 0.273998
vt 0.725437 0.273998
vt 0.726105 0.273998
vt 0.749824 0.282982
vt 0.772994 0.292764
vt 0.772690 0.292764
vt 0.726463 0.273998
vt 0.726514 0.273998
vt 0.726262 0.273998
vt 0.725696 0.273998
vt 0.749602 0.282982
vt 0.748978 0.282982
vt 0.724828 0.273998
vt 0.748020 0.282982
vt 0.746726 0.282982
vt 0.723655 0.273998
vt 0.722192 0.273998
vt 0.691387 0.273998
vt 0.706064 0.282982
vt 0.700756 0.282982
vt 0.695106 0.282982
vt 0.706729 0.292764
vt 0.716675 0.303262
vt 0.709180 0.303262
vt 0.700393 0.303262
vt 0.705688 0.314389
vt 0.708838 0.326056
vt 0.709778 0.338174
vt 0.708474 0.350660
vt 0.695365 0.350660
vt 0.681822 0.350660
vt 0.673305 0.358689
vt 0.663445 0.366818
vt 0.652285 0.375033
vt 0.639897 0.383322
vt 0.626280 0.391675
vt 0.611561 0.400084
vt 0.595793 0.408542
vt 0.579052 0.417044
vt 0.561747 0.428332
vt 0.543399 0.439684
vt 0.686795 0.273998
vt 0.681985 0.273998
vt 0.676861 0.273998
vt 0.689226 0.282982
vt 0.700025 0.292764
vt 0.693111 0.292764
vt 0.684994 0.292764
vt 0.691331 0.303262
vt 0.695602 0.314389
vt 0.697720 0.326056
vt 0.697631 0.338174
vt 0.685210 0.338174
vt 0.672365 0.338174
vt 0.668029 0.350660
vt 0.658788 0.358689
vt 0.648229 0.366818
vt 0.636417 0.375033
vt 0.623351 0.383322
vt 0.609150 0.391675
vt 0.593867 0.400084
vt 0.577575 0.408542
vt 0.560355 0.417044
vt 0.542515 0.428332
vt 0.523695 0.439684
vt 0.671531 0.273998
vt 0.665969 0.273998
vt 0.660239 0.273998
vt 0.653497 0.273998
vt 0.676765 0.282982
vt 0.669331 0.282982
vt 0.646556 0.273998
vt 0.661674 0.282982
vt 0.653746 0.282982
vt 0.667967 0.292764
vt 0.659025 0.292764
vt 0.672262 0.303262
vt 0.662287 0.303262
vt 0.674465 0.314389
vt 0.652103 0.303262
vt 0.663511 0.314389
vt 0.641540 0.303262
vt 0.652161 0.314389
vt 0.640618 0.314389
vt 0.650134 0.326056
vt 0.637558 0.326056
vt 0.645947 0.338174
vt 0.632360 0.338174
vt 0.639622 0.350660
vt 0.625070 0.350660
vt 0.628999 0.358689
vt 0.613744 0.358689
vt 0.617080 0.366818
vt 0.601198 0.366818
vt 0.603967 0.375033
vt 0.587477 0.375033
vt 0.589708 0.383322
vt 0.572647 0.383322
vt 0.574372 0.391675
vt 0.556782 0.391675
vt 0.558036 0.400084
vt 0.539960 0.400084
vt 0.540780 0.408542
vt 0.522265 0.408542
vt 0.522689 0.417044
vt 0.503783 0.417044
vt 0.503870 0.428332
vt 0.639369 0.273998
vt 0.645561 0.282982
vt 0.649817 0.292764
vt 0.640419 0.292764
vt 0.630664 0.292764
vt 0.630802 0.303262
vt 0.628839 0.314389
vt 0.624752 0.326056
vt 0.618563 0.338174
vt 0.610281 0.350660
vt 0.598315 0.358689
vt 0.585147 0.366818
vt 0.570840 0.375033
vt 0.555464 0.383322
vt 0.539096 0.391675
vt 0.521817 0.400084
vt 0.503712 0.408542
vt 0.631949 0.273998
vt 0.637132 0.282982
vt 0.628535 0.282982
vt 0.619601 0.282982
vt 0.620751 0.292764
vt 0.619846 0.303262
vt 0.616845 0.314389
vt 0.611747 0.326056
vt 0.604545 0.338174
vt 0.595322 0.350660
vt 0.582721 0.358689
vt 0.568954 0.366818
vt 0.554085 0.375033
vt 0.538189 0.383322
vt 0.521345 0.391675
vt 0.503638 0.400084
vt 0.624309 0.273998
vt 0.616519 0.273998
vt 0.608417 0.273998
vt 0.610528 0.282982
vt 0.610637 0.292764
vt 0.608689 0.303262
vt 0.604663 0.314389
vt 0.598536 0.326056
vt 0.590364 0.338174
vt 0.580203 0.350660
vt 0.566989 0.358689
vt 0.552645 0.366818
vt 0.537240 0.375033
vt 0.520850 0.383322
vt 0.503559 0.391675
vt 0.600192 0.273998
vt 0.591800 0.273998
vt 0.583254 0.273998
vt 0.574570 0.273998
vt 0.565759 0.273998
vt 0.556838 0.273998
vt 0.562702 0.282982
vt 0.552757 0.282982
vt 0.557637 0.292764
vt 0.546675 0.292764
vt 0.550560 0.303262
vt 0.538602 0.303262
vt 0.541498 0.314389
vt 0.528573 0.314389
vt 0.530507 0.326056
vt 0.516656 0.326056
vt 0.517672 0.338174
vt 0.502946 0.338174
vt 0.503108 0.350660
vt 0.547823 0.273998
vt 0.542723 0.282982
vt 0.535636 0.292764
vt 0.526579 0.303262
vt 0.515600 0.314389
vt 0.502777 0.326056
vt 0.538728 0.273998
vt 0.532618 0.282982
vt 0.524536 0.292764
vt 0.514511 0.303262
vt 0.502601 0.314389
vt 0.529568 0.273998
vt 0.522459 0.282982
vt 0.513396 0.292764
vt 0.502420 0.303262
vt 0.520359 0.273998
vt 0.512262 0.282982
vt 0.502234 0.292764
vt 0.511115 0.273998
vt 0.502044 0.282982
vt 0.501853 0.273998
vt 0.474110 0.273998
vt 0.464929 0.273998
vt 0.455806 0.273998
vt 0.446757 0.273998
vt 0.441265 0.282982
vt 0.431380 0.282982
vt 0.425033 0.292764
vt 0.414360 0.292764
vt 0.407232 0.303262
vt 0.395826 0.303262
vt 0.388008 0.314389
vt 0.375934 0.314389
vt 0.367538 0.326056
vt 0.354868 0.326056
vt 0.346017 0.338174
vt 0.332832 0.338174
vt 0.323660 0.350660
vt 0.310046 0.350660
vt 0.304082 0.358689
vt 0.290368 0.358689
vt 0.284221 0.366818
vt 0.270466 0.366818
vt 0.264186 0.375033
vt 0.250450 0.375033
vt 0.244086 0.383322
vt 0.230427 0.383322
vt 0.224025 0.391675
vt 0.210504 0.391675
vt 0.204109 0.400084
vt 0.190785 0.400084
vt 0.184438 0.408542
vt 0.171368 0.408542
vt 0.165110 0.417044
vt 0.152351 0.417044
vt 0.144331 0.428332
vt 0.131872 0.428332
vt 0.124223 0.439684
vt 0.112135 0.439684
vt 0.104910 0.451099
vt 0.093257 0.451099
vt 0.094550 0.462573
vt 0.077460 0.462573
vt 0.082285 0.451099
vt 0.072012 0.451099
vt 0.089925 0.439684
vt 0.079840 0.439684
vt 0.098272 0.428332
vt 0.088392 0.428332
vt 0.107331 0.417044
vt 0.097674 0.417044
vt 0.114669 0.408542
vt 0.105192 0.408542
vt 0.122419 0.400084
vt 0.113132 0.400084
vt 0.130579 0.391675
vt 0.121494 0.391675
vt 0.139148 0.383322
vt 0.130274 0.383322
vt 0.148122 0.375033
vt 0.139469 0.375033
vt 0.157494 0.366818
vt 0.149070 0.366818
vt 0.167252 0.358689
vt 0.159068 0.358689
vt 0.177381 0.350660
vt 0.169447 0.350660
vt 0.194162 0.338174
vt 0.186640 0.338174
vt 0.211741 0.326056
vt 0.204652 0.326056
vt 0.230012 0.314389
vt 0.223372 0.314389
vt 0.248857 0.303262
vt 0.242680 0.303262
vt 0.268155 0.292764
vt 0.262453 0.292764
vt 0.287785 0.282982
vt 0.282566 0.282982
vt 0.307629 0.273998
vt 0.302898 0.273998
vt 0.437797 0.273998
vt 0.421611 0.282982
vt 0.403831 0.292764
vt 0.384594 0.303262
vt 0.364067 0.314389
vt 0.342440 0.326056
vt 0.319926 0.338174
vt 0.296750 0.350660
vt 0.277006 0.358689
vt 0.257096 0.366818
vt 0.237131 0.375033
vt 0.217220 0.383322
vt 0.197468 0.391675
vt 0.177977 0.400084
vt 0.158848 0.408542
vt 0.140174 0.417044
vt 0.120030 0.428332
vt 0.100696 0.439684
vt 0.428941 0.273998
vt 0.411973 0.282982
vt 0.393462 0.292764
vt 0.373555 0.303262
vt 0.352427 0.314389
vt 0.330277 0.326056
vt 0.307322 0.338174
vt 0.283794 0.350660
vt 0.264016 0.358689
vt 0.244132 0.366818
vt 0.224252 0.375033
vt 0.204486 0.383322
vt 0.184937 0.391675
vt 0.165709 0.400084
vt 0.146898 0.408542
vt 0.128599 0.417044
vt 0.108824 0.428332
vt 0.420204 0.273998
vt 0.402482 0.282982
vt 0.383271 0.292764
vt 0.362728 0.303262
vt 0.341034 0.314389
vt 0.318397 0.326056
vt 0.295040 0.338174
vt 0.271200 0.350660
vt 0.251422 0.358689
vt 0.231596 0.366818
vt 0.211835 0.375033
vt 0.192246 0.383322
vt 0.172934 0.391675
vt 0.154000 0.400084
vt 0.135539 0.408542
vt 0.117645 0.417044
vt 0.411601 0.273998
vt 0.393154 0.282982
vt 0.373276 0.292764
vt 0.352130 0.303262
vt 0.329907 0.314389
vt 0.306821 0.326056
vt 0.283101 0.338174
vt 0.258989 0.350660
vt 0.239243 0.358689
vt 0.219509 0.366818
vt 0.199899 0.375033
vt 0.180521 0.383322
vt 0.161478 0.391675
vt 0.142869 0.400084
vt 0.124790 0.408542
vt 0.403145 0.273998
vt 0.384005 0.282982
vt 0.363493 0.292764
vt 0.341780 0.303262
vt 0.319065 0.314389
vt 0.295568 0.326056
vt 0.271525 0.338174
vt 0.247181 0.350660
vt 0.227500 0.358689
vt 0.207891 0.366818
vt 0.188466 0.375033
vt 0.169330 0.383322
vt 0.150588 0.391675
vt 0.132336 0.400084
vt 0.394852 0.273998
vt 0.386734 0.273998
vt 0.378806 0.273998
vt 0.371081 0.273998
vt 0.363572 0.273998
vt 0.356290 0.273998
vt 0.349249 0.273998
vt 0.333698 0.282982
vt 0.326209 0.282982
vt 0.310134 0.292764
vt 0.302270 0.292764
vt 0.285811 0.303262
vt 0.277651 0.303262
vt 0.260966 0.314389
vt 0.252594 0.314389
vt 0.235851 0.326056
vt 0.227354 0.326056
vt 0.210727 0.338174
vt 0.202195 0.338174
vt 0.185855 0.350660
vt 0.342461 0.273998
vt 0.319011 0.282982
vt 0.294737 0.292764
vt 0.269863 0.303262
vt 0.244635 0.314389
vt 0.219313 0.326056
vt 0.335936 0.273998
vt 0.312116 0.282982
vt 0.287547 0.292764
vt 0.262459 0.303262
vt 0.237103 0.314389
vt 0.329685 0.273998
vt 0.305535 0.282982
vt 0.280713 0.292764
vt 0.255454 0.303262
vt 0.323719 0.273998
vt 0.299279 0.282982
vt 0.274245 0.292764
vt 0.318048 0.273998
vt 0.293359 0.282982
vt 0.312682 0.273998
vt 0.298497 0.273998
vt 0.294433 0.273998
vt 0.290713 0.273998
vt 0.287342 0.273998
vt 0.265405 0.282982
vt 0.262080 0.282982
vt 0.240073 0.292764
vt 0.236875 0.292764
vt 0.214973 0.303262
vt 0.211986 0.303262
vt 0.190373 0.314389
vt 0.187680 0.314389
vt 0.166545 0.326056
vt 0.164227 0.326056
vt 0.143751 0.338174
vt 0.141888 0.338174
vt 0.122239 0.350660
vt 0.120906 0.350660
vt 0.109002 0.358689
vt 0.108281 0.358689
vt 0.096794 0.366818
vt 0.096727 0.366818
vt 0.085693 0.375033
vt 0.086317 0.375033
vt 0.075767 0.383322
vt 0.077116 0.383322
vt 0.067074 0.391675
vt 0.069179 0.391675
vt 0.059663 0.400084
vt 0.062552 0.400084
vt 0.053574 0.408542
vt 0.057269 0.408542
vt 0.048838 0.417044
vt 0.053359 0.417044
vt 0.043054 0.428332
vt 0.048443 0.428332
vt 0.039061 0.439684
vt 0.045333 0.439684
vt 0.036863 0.451099
vt 0.044027 0.451099
vt 0.030390 0.462573
vt 0.041738 0.462573
vt 0.051954 0.451099
vt 0.054792 0.462573
vt 0.060631 0.451099
vt 0.070043 0.451099
vt 0.068667 0.439684
vt 0.077906 0.439684
vt 0.077446 0.428332
vt 0.086498 0.428332
vt 0.086976 0.417044
vt 0.095823 0.417044
vt 0.094694 0.408542
vt 0.103376 0.408542
vt 0.102845 0.400084
vt 0.111352 0.400084
vt 0.111428 0.391675
vt 0.119752 0.391675
vt 0.120442 0.383322
vt 0.128573 0.383322
vt 0.129881 0.375033
vt 0.137810 0.375033
vt 0.139738 0.366818
vt 0.147456 0.366818
vt 0.150002 0.358689
vt 0.157499 0.358689
vt 0.160657 0.350660
vt 0.167926 0.350660
vt 0.178308 0.338174
vt 0.185199 0.338174
vt 0.196798 0.326056
vt 0.203293 0.326056
vt 0.216016 0.314389
vt 0.222099 0.314389
vt 0.235838 0.303262
vt 0.241497 0.303262
vt 0.256137 0.292764
vt 0.261360 0.292764
vt 0.276784 0.282982
vt 0.281565 0.282982
vt 0.297657 0.273998
vt 0.301991 0.273998
vt 0.284328 0.273998
vt 0.259153 0.282982
vt 0.234117 0.292764
vt 0.209480 0.303262
vt 0.185509 0.314389
vt 0.162471 0.326056
vt 0.140624 0.338174
vt 0.120207 0.350660
vt 0.108216 0.358689
vt 0.097334 0.366818
vt 0.087633 0.375033
vt 0.079173 0.383322
vt 0.072006 0.391675
vt 0.066173 0.400084
vt 0.061705 0.408542
vt 0.058626 0.417044
vt 0.054588 0.428332
vt 0.052366 0.439684
vt 0.281675 0.273998
vt 0.256629 0.282982
vt 0.231804 0.292764
vt 0.207461 0.303262
vt 0.183865 0.314389
vt 0.161280 0.326056
vt 0.139961 0.338174
vt 0.120143 0.350660
vt 0.108806 0.358689
vt 0.098615 0.366818
vt 0.089639 0.375033
vt 0.081934 0.383322
vt 0.075549 0.391675
vt 0.070520 0.400084
vt 0.066874 0.408542
vt 0.064633 0.417044
vt 0.061478 0.428332
vt 0.060149 0.439684
vt 0.279387 0.273998
vt 0.254512 0.282982
vt 0.229940 0.292764
vt 0.205931 0.303262
vt 0.182749 0.314389
vt 0.160655 0.326056
vt 0.139901 0.338174
vt 0.120715 0.350660
vt 0.110050 0.358689
vt 0.100567 0.366818
vt 0.092331 0.375033
vt 0.085395 0.383322
vt 0.079802 0.391675
vt 0.075585 0.400084
vt 0.072768 0.408542
vt 0.071367 0.417044
vt 0.069102 0.428332
vt 0.277467 0.273998
vt 0.252805 0.282982
vt 0.228528 0.292764
vt 0.204893 0.303262
vt 0.182164 0.314389
vt 0.160599 0.326056
vt 0.140443 0.338174
vt 0.121921 0.350660
vt 0.111947 0.358689
vt 0.103188 0.366818
vt 0.095706 0.375033
vt 0.089549 0.383322
vt 0.084758 0.391675
vt 0.081360 0.400084
vt 0.079377 0.408542
vt 0.078819 0.417044
vt 0.275921 0.273998
vt 0.251513 0.282982
vt 0.227570 0.292764
vt 0.204349 0.303262
vt 0.182111 0.314389
vt 0.161110 0.326056
vt 0.141587 0.338174
vt 0.123761 0.350660
vt 0.114493 0.358689
vt 0.106473 0.366818
vt 0.099757 0.375033
vt 0.094390 0.383322
vt 0.090408 0.391675
vt 0.087836 0.400084
vt 0.086690 0.408542
vt 0.274749 0.273998
vt 0.273954 0.273998
vt 0.273537 0.273998
vt 0.273499 0.273998
vt 0.273840 0.273998
vt 0.274560 0.273998
vt 0.275656 0.273998
vt 0.252514 0.282982
vt 0.254138 0.282982
vt 0.231396 0.292764
vt 0.233619 0.292764
vt 0.211446 0.303262
vt 0.214337 0.303262
vt 0.192901 0.314389
vt 0.196523 0.314389
vt 0.175987 0.326056
vt 0.180396 0.326056
vt 0.160905 0.338174
vt 0.166151 0.338174
vt 0.147833 0.350660
vt 0.153956 0.350660
vt 0.143090 0.358689
vt 0.277128 0.273998
vt 0.256173 0.282982
vt 0.236288 0.292764
vt 0.217706 0.303262
vt 0.200653 0.314389
vt 0.185340 0.326056
vt 0.171955 0.338174
vt 0.278973 0.273998
vt 0.258616 0.282982
vt 0.239398 0.292764
vt 0.221548 0.303262
vt 0.205284 0.314389
vt 0.190810 0.326056
vt 0.281188 0.273998
vt 0.261463 0.282982
vt 0.242945 0.292764
vt 0.225855 0.303262
vt 0.210407 0.314389
vt 0.283768 0.273998
vt 0.264709 0.282982
vt 0.246921 0.292764
vt 0.230621 0.303262
vt 0.286711 0.273998
vt 0.268348 0.282982
vt 0.251321 0.292764
vt 0.290010 0.273998
vt 0.293661 0.273998
vt 0.306657 0.273998
vt 0.311646 0.273998
vt 0.316951 0.273998
vt 0.298068 0.282982
vt 0.304257 0.282982
vt 0.286151 0.292764
vt 0.293271 0.292764
vt 0.276063 0.303262
vt 0.284150 0.303262
vt 0.267953 0.314389
vt 0.277035 0.314389
vt 0.261947 0.326056
vt 0.272041 0.326056
vt 0.258140 0.338174
vt 0.269255 0.338174
vt 0.256594 0.350660
vt 0.268727 0.350660
vt 0.261465 0.358689
vt 0.274377 0.358689
vt 0.267761 0.366818
vt 0.281440 0.366818
vt 0.275460 0.375033
vt 0.289890 0.375033
vt 0.284531 0.383322
vt 0.299689 0.383322
vt 0.294932 0.391675
vt 0.310793 0.391675
vt 0.306614 0.400084
vt 0.323149 0.400084
vt 0.319519 0.408542
vt 0.336695 0.408542
vt 0.333586 0.417044
vt 0.351367 0.417044
vt 0.347938 0.428332
vt 0.366385 0.428332
vt 0.363608 0.439684
vt 0.385043 0.428332
vt 0.382658 0.439684
vt 0.403917 0.428332
vt 0.401920 0.439684
vt 0.421339 0.439684
vt 0.419873 0.451099
vt 0.439787 0.451099
vt 0.439142 0.462573
vt 0.459802 0.451099
vt 0.469514 0.462573
vt 0.479884 0.451099
vt 0.500000 0.462573
vt 0.500000 0.448477
vt 0.480252 0.439684
vt 0.500000 0.434473
vt 0.480654 0.428332
vt 0.500000 0.420564
vt 0.481090 0.417044
vt 0.500000 0.406758
vt 0.481444 0.408542
vt 0.481817 0.400084
vt 0.463664 0.400084
vt 0.464450 0.391675
vt 0.446749 0.391675
vt 0.447984 0.383322
vt 0.430781 0.383322
vt 0.432502 0.375033
vt 0.415840 0.375033
vt 0.418081 0.366818
vt 0.399291 0.375033
vt 0.401971 0.366818
vt 0.382965 0.375033
vt 0.386082 0.366818
vt 0.370355 0.366818
vt 0.374048 0.358689
vt 0.358980 0.358689
vt 0.363273 0.350660
vt 0.348892 0.350660
vt 0.356752 0.338174
vt 0.343359 0.338174
vt 0.352362 0.326056
vt 0.339986 0.326056
vt 0.350128 0.314389
vt 0.338787 0.314389
vt 0.350040 0.303262
vt 0.339741 0.303262
vt 0.352056 0.292764
vt 0.342796 0.292764
vt 0.356106 0.282982
vt 0.347871 0.282982
vt 0.362097 0.273998
vt 0.354862 0.273998
vt 0.347871 0.273998
vt 0.341134 0.273998
vt 0.332178 0.282982
vt 0.324746 0.282982
vt 0.316655 0.292764
vt 0.308535 0.292764
vt 0.301393 0.303262
vt 0.292598 0.303262
vt 0.286490 0.314389
vt 0.322561 0.273998
vt 0.310774 0.282982
vt 0.300736 0.292764
vt 0.328469 0.273998
vt 0.317607 0.282982
vt 0.334663 0.273998
vt 0.369562 0.273998
vt 0.364582 0.282982
vt 0.361563 0.292764
vt 0.360589 0.303262
vt 0.361720 0.314389
vt 0.364986 0.326056
vt 0.370385 0.338174
vt 0.377883 0.350660
vt 0.389327 0.358689
vt 0.404761 0.358689
vt 0.420415 0.358689
vt 0.434300 0.366818
vt 0.449278 0.375033
vt 0.465274 0.383322
vt 0.482210 0.391675
vt 0.500000 0.393072
vt 0.377245 0.273998
vt 0.373284 0.282982
vt 0.371302 0.292764
vt 0.371372 0.303262
vt 0.373543 0.314389
vt 0.377835 0.326056
vt 0.384234 0.338174
vt 0.392697 0.350660
vt 0.407658 0.350660
vt 0.422838 0.350660
vt 0.436172 0.358689
vt 0.450628 0.366818
vt 0.466138 0.375033
vt 0.482623 0.383322
vt 0.385133 0.273998
vt 0.382198 0.282982
vt 0.381256 0.292764
vt 0.382370 0.303262
vt 0.385578 0.314389
vt 0.390888 0.326056
vt 0.398278 0.338174
vt 0.412458 0.338174
vt 0.426851 0.338174
vt 0.438115 0.350660
vt 0.452035 0.358689
vt 0.467040 0.366818
vt 0.483055 0.375033
vt 0.500000 0.379531
vt 0.393214 0.273998
vt 0.391310 0.282982
vt 0.391409 0.292764
vt 0.393565 0.303262
vt 0.397804 0.314389
vt 0.404125 0.326056
vt 0.417486 0.326056
vt 0.431056 0.326056
vt 0.441334 0.338174
vt 0.453495 0.350660
vt 0.467979 0.358689
vt 0.483506 0.366818
vt 0.500000 0.366170
vt 0.401473 0.273998
vt 0.409898 0.273998
vt 0.418473 0.273998
vt 0.427184 0.273998
vt 0.436017 0.273998
vt 0.444923 0.273998
vt 0.453990 0.273998
vt 0.439244 0.282982
vt 0.449244 0.282982
vt 0.433627 0.292764
vt 0.444549 0.292764
vt 0.428105 0.303262
vt 0.439933 0.303262
vt 0.422713 0.314389
vt 0.435426 0.314389
vt 0.463099 0.273998
vt 0.459293 0.282982
vt 0.469410 0.282982
vt 0.466580 0.292764
vt 0.477689 0.292764
vt 0.475832 0.303262
vt 0.487906 0.303262
vt 0.486998 0.314389
vt 0.500000 0.304281
vt 0.500000 0.315732
vt 0.472270 0.273998
vt 0.479578 0.282982
vt 0.488835 0.292764
vt 0.500000 0.293480
vt 0.481488 0.273998
vt 0.489780 0.282982
vt 0.500000 0.283424
vt 0.490736 0.273998
vt 0.486118 0.326056
vt 0.500000 0.327737
vt 0.485272 0.338174
vt 0.500000 0.340202
vt 0.484464 0.350660
vt 0.500000 0.353039
vt 0.483976 0.358689
vt 0.408997 0.462573
vt 0.400093 0.451099
vt 0.380476 0.451099
vt 0.361067 0.451099
vt 0.344779 0.439684
vt 0.329746 0.428332
vt 0.316082 0.417044
vt 0.302645 0.408542
vt 0.290402 0.400084
vt 0.279414 0.391675
vt 0.269734 0.383322
vt 0.261407 0.375033
vt 0.254470 0.366818
vt 0.248952 0.358689
vt 0.244869 0.350660
vt 0.247429 0.338174
vt 0.252250 0.326056
vt 0.259259 0.314389
vt 0.268351 0.303262
vt 0.279389 0.292764
vt 0.292216 0.282982
vt 0.379189 0.462573
vt 0.349832 0.462573
vt 0.341887 0.451099
vt 0.321033 0.462573
vt 0.322971 0.451099
vt 0.304351 0.451099
vt 0.307929 0.439684
vt 0.289971 0.439684
vt 0.294247 0.428332
vt 0.276998 0.428332
vt 0.282027 0.417044
vt 0.265533 0.417044
vt 0.269914 0.408542
vt 0.254113 0.408542
vt 0.259058 0.400084
vt 0.243978 0.400084
vt 0.249511 0.391675
vt 0.235176 0.391675
vt 0.241319 0.383322
vt 0.227749 0.383322
vt 0.234520 0.375033
vt 0.221731 0.375033
vt 0.229142 0.366818
vt 0.217147 0.366818
vt 0.225206 0.358689
vt 0.214013 0.358689
vt 0.222719 0.350660
vt 0.212330 0.350660
vt 0.227293 0.338174
vt 0.217901 0.338174
vt 0.234116 0.326056
vt 0.225709 0.326056
vt 0.243094 0.314389
vt 0.235649 0.314389
vt 0.254101 0.303262
vt 0.247588 0.303262
vt 0.266984 0.292764
vt 0.292899 0.462573
vt 0.286059 0.451099
vt 0.272365 0.439684
vt 0.260123 0.428332
vt 0.249431 0.417044
vt 0.238723 0.408542
vt 0.229326 0.400084
vt 0.221284 0.391675
vt 0.214634 0.383322
vt 0.209408 0.375033
vt 0.205626 0.366818
vt 0.203298 0.358689
vt 0.202423 0.350660
vt 0.208981 0.338174
vt 0.217760 0.326056
vt 0.228647 0.314389
vt 0.265536 0.462573
vt 0.268124 0.451099
vt 0.255139 0.439684
vt 0.243650 0.428332
vt 0.233748 0.417044
vt 0.223771 0.408542
vt 0.215127 0.400084
vt 0.207858 0.391675
vt 0.201997 0.383322
vt 0.197572 0.375033
vt 0.194597 0.366818
vt 0.193080 0.358689
vt 0.193014 0.350660
vt 0.200548 0.338174
vt 0.210284 0.326056
vt 0.250578 0.451099
vt 0.239046 0.462573
vt 0.233449 0.451099
vt 0.213526 0.462573
vt 0.216765 0.451099
vt 0.200556 0.451099
vt 0.206032 0.439684
vt 0.190611 0.439684
vt 0.196909 0.428332
vt 0.182309 0.428332
vt 0.189473 0.417044
vt 0.175722 0.417044
vt 0.181781 0.408542
vt 0.168819 0.408542
vt 0.175480 0.400084
vt 0.163322 0.400084
vt 0.170598 0.391675
vt 0.159254 0.391675
vt 0.167158 0.383322
vt 0.156633 0.383322
vt 0.165173 0.375033
vt 0.155470 0.375033
vt 0.164646 0.366818
vt 0.155763 0.366818
vt 0.165570 0.358689
vt 0.189071 0.462573
vt 0.184847 0.451099
vt 0.175708 0.439684
vt 0.168240 0.428332
vt 0.162513 0.417044
vt 0.156412 0.408542
vt 0.151727 0.400084
vt 0.148479 0.391675
vt 0.146684 0.383322
vt 0.146344 0.375033
vt 0.165774 0.462573
vt 0.169666 0.451099
vt 0.161347 0.439684
vt 0.154727 0.428332
vt 0.149869 0.417044
vt 0.144579 0.408542
vt 0.140714 0.400084
vt 0.138293 0.391675
vt 0.137325 0.383322
vt 0.155038 0.451099
vt 0.143720 0.462573
vt 0.140987 0.451099
vt 0.122991 0.462573
vt 0.127536 0.451099
vt 0.114708 0.451099
vt 0.121755 0.439684
vt 0.109795 0.439684
vt 0.117738 0.428332
vt 0.106660 0.428332
vt 0.115531 0.417044
vt 0.105347 0.417044
vt 0.112722 0.408542
vt 0.103664 0.462573
vt 0.102526 0.451099
vt 0.098488 0.439684
vt 0.096241 0.428332
vt 0.085812 0.462573
vt 0.091008 0.451099
vt 0.087852 0.439684
vt 0.080174 0.451099
vt 0.069501 0.462573
vt 0.030474 0.451099
vt 0.020788 0.462573
vt 0.024870 0.451099
vt 0.012969 0.462573
vt 0.020061 0.451099
vt 0.016055 0.451099
vt 0.024906 0.439684
vt 0.021768 0.439684
vt 0.031503 0.428332
vt 0.029212 0.428332
vt 0.039829 0.417044
vt 0.038361 0.417044
vt 0.046987 0.408542
vt 0.046304 0.408542
vt 0.055429 0.400084
vt 0.055503 0.400084
vt 0.065110 0.391675
vt 0.065910 0.391675
vt 0.075980 0.383322
vt 0.077471 0.383322
vt 0.087979 0.375033
vt 0.090122 0.375033
vt 0.101038 0.366818
vt 0.103792 0.366818
vt 0.115080 0.358689
vt 0.118399 0.358689
vt 0.130016 0.350660
vt 0.133854 0.350660
vt 0.152899 0.338174
vt 0.157117 0.338174
vt 0.176825 0.326056
vt 0.181342 0.326056
vt 0.201539 0.314389
vt 0.206269 0.314389
vt 0.226772 0.303262
vt 0.231629 0.303262
vt 0.252251 0.292764
vt 0.257149 0.292764
vt 0.277711 0.282982
vt 0.006962 0.462573
vt 0.012859 0.451099
vt 0.019430 0.439684
vt 0.027710 0.428332
vt 0.037665 0.417044
vt 0.046380 0.408542
vt 0.056321 0.400084
vt 0.067437 0.391675
vt 0.079669 0.383322
vt 0.092952 0.375033
vt 0.107209 0.366818
vt 0.122357 0.358689
vt 0.138304 0.350660
vt 0.161909 0.338174
vt 0.186392 0.326056
vt 0.211491 0.314389
vt 0.236935 0.303262
vt 0.002789 0.462573
vt 0.010478 0.451099
vt 0.017897 0.439684
vt 0.026998 0.428332
vt 0.037742 0.417044
vt 0.047215 0.408542
vt 0.057882 0.400084
vt 0.069687 0.391675
vt 0.082571 0.383322
vt 0.096462 0.375033
vt 0.111283 0.366818
vt 0.126947 0.358689
vt 0.143359 0.350660
vt 0.167267 0.338174
vt 0.191967 0.326056
vt 0.217195 0.314389
vt 0.008916 0.451099
vt 0.000465 0.462573
vt 0.008175 0.451099
vt 0.000000 0.462573
vt 0.008257 0.451099
vt 0.009162 0.451099
vt 0.018139 0.439684
vt 0.019834 0.439684
vt 0.029608 0.428332
vt 0.032055 0.428332
vt 0.042608 0.417044
vt 0.045765 0.417044
vt 0.054253 0.408542
vt 0.058097 0.408542
vt 0.066984 0.400084
vt 0.071475 0.400084
vt 0.080737 0.391675
vt 0.085833 0.391675
vt 0.095440 0.383322
vt 0.101094 0.383322
vt 0.111015 0.375033
vt 0.117179 0.375033
vt 0.127374 0.366818
vt 0.133998 0.366818
vt 0.144425 0.358689
vt 0.151455 0.358689
vt 0.162066 0.350660
vt 0.001395 0.462573
vt 0.010889 0.451099
vt 0.022332 0.439684
vt 0.035285 0.428332
vt 0.049682 0.417044
vt 0.062680 0.408542
vt 0.076684 0.400084
vt 0.091621 0.391675
vt 0.107416 0.383322
vt 0.123984 0.375033
vt 0.141234 0.366818
vt 0.004645 0.462573
vt 0.013433 0.451099
vt 0.025629 0.439684
vt 0.039292 0.428332
vt 0.054353 0.417044
vt 0.067995 0.408542
vt 0.082600 0.400084
vt 0.098093 0.391675
vt 0.114394 0.383322
vt 0.131418 0.375033
vt 0.016792 0.451099
vt 0.009737 0.462573
vt 0.020959 0.451099
vt 0.016654 0.462573
vt 0.025927 0.451099
vt 0.025368 0.462573
vt 0.031689 0.451099
vt 0.038234 0.451099
vt 0.046679 0.439684
vt 0.053863 0.439684
vt 0.062945 0.428332
vt 0.070713 0.428332
vt 0.080394 0.417044
vt 0.088690 0.417044
vt 0.096376 0.408542
vt 0.035848 0.462573
vt 0.045552 0.451099
vt 0.061794 0.439684
vt 0.079201 0.428332
vt 0.048055 0.462573
vt 0.053630 0.451099
vt 0.070457 0.439684
vt 0.062455 0.451099
vt 0.061943 0.462573
vt 0.113148 0.462573
vt 0.117223 0.451099
vt 0.136940 0.439684
vt 0.157384 0.428332
vt 0.178429 0.417044
vt 0.198037 0.408542
vt 0.217929 0.400084
vt 0.238008 0.391675
vt 0.258172 0.383322
vt 0.278317 0.375033
vt 0.298336 0.366818
vt 0.318123 0.358689
vt 0.337568 0.350660
vt 0.359460 0.338174
vt 0.380430 0.326056
vt 0.400271 0.314389
vt 0.418793 0.303262
vt 0.435832 0.292764
vt 0.451247 0.282982
vt 0.130177 0.451099
vt 0.133185 0.462573
vt 0.143749 0.451099
vt 0.154586 0.462573
vt 0.157918 0.451099
vt 0.172659 0.451099
vt 0.178646 0.439684
vt 0.193655 0.439684
vt 0.199890 0.428332
vt 0.215096 0.428332
vt 0.221521 0.417044
vt 0.236850 0.417044
vt 0.241767 0.408542
vt 0.257241 0.408542
vt 0.262124 0.400084
vt 0.277685 0.400084
vt 0.282489 0.391675
vt 0.298078 0.391675
vt 0.302762 0.383322
vt 0.318319 0.383322
vt 0.322837 0.375033
vt 0.338304 0.375033
vt 0.342610 0.366818
vt 0.357928 0.366818
vt 0.361976 0.358689
vt 0.377088 0.358689
vt 0.380830 0.350660
vt 0.395682 0.350660
vt 0.401108 0.338174
vt 0.415352 0.338174
vt 0.420218 0.326056
vt 0.433777 0.326056
vt 0.437975 0.314389
vt 0.450778 0.314389
vt 0.454214 0.303262
vt 0.466201 0.303262
vt 0.468798 0.292764
vt 0.177272 0.462573
vt 0.187948 0.451099
vt 0.209176 0.439684
vt 0.230778 0.428332
vt 0.252619 0.417044
vt 0.273122 0.408542
vt 0.293618 0.400084
vt 0.314004 0.391675
vt 0.334180 0.383322
vt 0.354041 0.375033
vt 0.373484 0.366818
vt 0.392406 0.358689
vt 0.410708 0.350660
vt 0.429739 0.338174
vt 0.447447 0.326056
vt 0.463665 0.314389
vt 0.201159 0.462573
vt 0.203758 0.451099
vt 0.225185 0.439684
vt 0.246911 0.428332
vt 0.268801 0.417044
vt 0.289382 0.408542
vt 0.309896 0.400084
vt 0.330242 0.391675
vt 0.350318 0.383322
vt 0.370022 0.375033
vt 0.389251 0.366818
vt 0.407904 0.358689
vt 0.425884 0.350660
vt 0.444243 0.338174
vt 0.461206 0.326056
vt 0.220065 0.451099
vt 0.226158 0.462573
vt 0.236840 0.451099
vt 0.252176 0.462573
vt 0.254055 0.451099
vt 0.271681 0.451099
vt 0.275857 0.439684
vt 0.293536 0.439684
vt 0.297738 0.428332
vt 0.315396 0.428332
vt 0.319559 0.417044
vt 0.337121 0.417044
vt 0.340164 0.408542
vt 0.357665 0.408542
vt 0.360527 0.400084
vt 0.377909 0.400084
vt 0.380548 0.391675
vt 0.397754 0.391675
vt 0.400126 0.383322
vt 0.417100 0.383322
vt 0.419162 0.375033
vt 0.435849 0.375033
vt 0.437558 0.366818
vt 0.453905 0.366818
vt 0.455218 0.358689
vt 0.279115 0.462573
vt 0.289690 0.451099
vt 0.311560 0.439684
vt 0.333363 0.428332
vt 0.354954 0.417044
vt 0.375404 0.408542
vt 0.395496 0.400084
vt 0.415132 0.391675
vt 0.434213 0.383322
vt 0.452644 0.375033
vt 0.306876 0.462573
vt 0.308050 0.451099
vt 0.329900 0.439684
vt 0.351608 0.428332
vt 0.373031 0.417044
vt 0.393351 0.408542
vt 0.413257 0.400084
vt 0.432651 0.391675
vt 0.451436 0.383322
vt 0.326731 0.451099
vt 0.335355 0.462573
vt 0.345703 0.451099
vt 0.364448 0.462573
vt 0.364932 0.451099
vt 0.384388 0.451099
vt 0.386502 0.439684
vt 0.405792 0.439684
vt 0.407709 0.428332
vt 0.426761 0.428332
vt 0.428413 0.417044
vt 0.447154 0.417044
vt 0.448142 0.408542
vt 0.394044 0.462573
vt 0.404037 0.451099
vt 0.425239 0.439684
vt 0.445935 0.428332
vt 0.424034 0.462573
vt 0.423846 0.451099
vt 0.444811 0.439684
vt 0.443783 0.451099
vt 0.454307 0.462573
vt 0.575966 0.462573
vt 0.584095 0.451099
vt 0.601945 0.439684
vt 0.618696 0.428332
vt 0.634227 0.417044
vt 0.649391 0.408542
vt 0.663409 0.400084
vt 0.676289 0.391675
vt 0.687942 0.383322
vt 0.698312 0.375033
vt 0.713070 0.375033
vt 0.727381 0.375033
vt 0.734929 0.366818
vt 0.741070 0.358689
vt 0.745784 0.350660
vt 0.744035 0.338174
vt 0.754718 0.338174
vt 0.763864 0.338174
vt 0.757032 0.326056
vt 0.748221 0.314389
vt 0.755400 0.314389
vt 0.762163 0.314389
vt 0.749866 0.303262
vt 0.735877 0.292764
vt 0.720392 0.282982
vt 0.605956 0.462573
vt 0.603844 0.451099
vt 0.621162 0.439684
vt 0.637324 0.428332
vt 0.652238 0.417044
vt 0.666763 0.408542
vt 0.680183 0.400084
vt 0.692405 0.391675
vt 0.703370 0.383322
vt 0.718500 0.383322
vt 0.733180 0.383322
vt 0.741357 0.375033
vt 0.748140 0.366818
vt 0.753501 0.358689
vt 0.757425 0.350660
vt 0.768688 0.350660
vt 0.778341 0.350660
vt 0.772707 0.338174
vt 0.765019 0.326056
vt 0.772681 0.326056
vt 0.779904 0.326056
vt 0.768618 0.314389
vt 0.755511 0.303262
vt 0.740777 0.292764
vt 0.724578 0.282982
vt 0.623419 0.451099
vt 0.635552 0.462573
vt 0.642788 0.451099
vt 0.664645 0.462573
vt 0.661954 0.451099
vt 0.680778 0.451099
vt 0.677472 0.439684
vt 0.695689 0.439684
vt 0.691706 0.428332
vt 0.709232 0.428332
vt 0.704513 0.417044
vt 0.721302 0.417044
vt 0.717166 0.408542
vt 0.737746 0.417044
vt 0.733308 0.408542
vt 0.753740 0.417044
vt 0.748998 0.408542
vt 0.764303 0.408542
vt 0.758988 0.400084
vt 0.773551 0.400084
vt 0.767639 0.391675
vt 0.781440 0.391675
vt 0.774911 0.383322
vt 0.787932 0.383322
vt 0.780771 0.375033
vt 0.800512 0.383322
vt 0.793043 0.375033
vt 0.811327 0.383322
vt 0.803584 0.375033
vt 0.813759 0.375033
vt 0.805403 0.366818
vt 0.814893 0.366818
vt 0.805921 0.358689
vt 0.823983 0.366818
vt 0.814756 0.358689
vt 0.832579 0.366818
vt 0.823104 0.358689
vt 0.831071 0.358689
vt 0.820990 0.350660
vt 0.828230 0.350660
vt 0.811158 0.338174
vt 0.817622 0.338174
vt 0.799365 0.326056
vt 0.805052 0.326056
vt 0.785717 0.314389
vt 0.790656 0.314389
vt 0.770368 0.303262
vt 0.774596 0.303262
vt 0.753496 0.292764
vt 0.778470 0.303262
vt 0.757073 0.292764
vt 0.781931 0.303262
vt 0.760267 0.292764
vt 0.763125 0.292764
vt 0.693124 0.462573
vt 0.699334 0.451099
vt 0.713579 0.439684
vt 0.726407 0.428332
vt 0.743224 0.428332
vt 0.759594 0.428332
vt 0.769336 0.417044
vt 0.779165 0.408542
vt 0.787657 0.400084
vt 0.794770 0.391675
vt 0.807644 0.391675
vt 0.818720 0.391675
vt 0.821761 0.383322
vt 0.823508 0.375033
vt 0.832845 0.375033
vt 0.841679 0.375033
vt 0.840781 0.366818
vt 0.838536 0.358689
vt 0.835049 0.350660
vt 0.823655 0.338174
vt 0.810326 0.326056
vt 0.795202 0.314389
vt 0.799365 0.314389
vt 0.803086 0.314389
vt 0.785027 0.303262
vt 0.765627 0.292764
vt 0.720885 0.462573
vt 0.717558 0.451099
vt 0.731112 0.439684
vt 0.748271 0.439684
vt 0.764988 0.439684
vt 0.775550 0.428332
vt 0.784481 0.417044
vt 0.793560 0.408542
vt 0.801281 0.400084
vt 0.814435 0.400084
vt 0.825761 0.400084
vt 0.829402 0.391675
vt 0.831759 0.383322
vt 0.841331 0.383322
vt 0.850393 0.383322
vt 0.850108 0.375033
vt 0.848464 0.366818
vt 0.845569 0.358689
vt 0.841413 0.350660
vt 0.829250 0.338174
vt 0.815178 0.326056
vt 0.819622 0.326056
vt 0.823597 0.326056
vt 0.806415 0.314389
vt 0.787737 0.303262
vt 0.790071 0.303262
vt 0.735417 0.451099
vt 0.747824 0.462573
vt 0.752889 0.451099
vt 0.773842 0.462573
vt 0.769925 0.451099
vt 0.786515 0.451099
vt 0.781275 0.439684
vt 0.797092 0.439684
vt 0.791045 0.428332
vt 0.806053 0.428332
vt 0.799151 0.417044
vt 0.813320 0.417044
vt 0.807465 0.408542
vt 0.826990 0.417044
vt 0.820884 0.408542
vt 0.838777 0.417044
vt 0.832447 0.408542
vt 0.843588 0.408542
vt 0.836678 0.400084
vt 0.847140 0.400084
vt 0.839637 0.391675
vt 0.857151 0.400084
vt 0.849434 0.391675
vt 0.866638 0.400084
vt 0.858714 0.391675
vt 0.867567 0.391675
vt 0.859038 0.383322
vt 0.867128 0.383322
vt 0.857998 0.375033
vt 0.865435 0.375033
vt 0.855703 0.366818
vt 0.862460 0.366818
vt 0.852134 0.358689
vt 0.858221 0.358689
vt 0.847315 0.350660
vt 0.852747 0.350660
vt 0.834399 0.338174
vt 0.857716 0.350660
vt 0.839111 0.338174
vt 0.862168 0.350660
vt 0.843331 0.338174
vt 0.847101 0.338174
vt 0.827151 0.326056
vt 0.830261 0.326056
vt 0.809329 0.314389
vt 0.832938 0.326056
vt 0.811837 0.314389
vt 0.835136 0.326056
vt 0.813895 0.314389
vt 0.815541 0.314389
vt 0.798841 0.462573
vt 0.802627 0.451099
vt 0.812412 0.439684
vt 0.820548 0.428332
vt 0.834527 0.428332
vt 0.846593 0.428332
vt 0.850131 0.417044
vt 0.854265 0.408542
vt 0.864478 0.408542
vt 0.874163 0.408542
vt 0.875689 0.400084
vt 0.875847 0.391675
vt 0.874755 0.383322
vt 0.872377 0.375033
vt 0.868726 0.366818
vt 0.863823 0.358689
vt 0.868946 0.358689
vt 0.873540 0.358689
vt 0.866146 0.350660
vt 0.850402 0.338174
vt 0.853240 0.338174
vt 0.855574 0.338174
vt 0.836894 0.326056
vt 0.816760 0.314389
vt 0.822728 0.462573
vt 0.818232 0.451099
vt 0.827209 0.439684
vt 0.841471 0.439684
vt 0.853795 0.439684
vt 0.858209 0.428332
vt 0.861011 0.417044
vt 0.871416 0.417044
vt 0.881288 0.417044
vt 0.883402 0.408542
vt 0.884149 0.400084
vt 0.883655 0.391675
vt 0.881874 0.383322
vt 0.878814 0.375033
vt 0.874492 0.366818
vt 0.879765 0.366818
vt 0.884494 0.366818
vt 0.877643 0.358689
vt 0.869628 0.350660
vt 0.872620 0.350660
vt 0.875084 0.350660
vt 0.857439 0.338174
vt 0.838195 0.326056
vt 0.839041 0.326056
vt 0.833304 0.451099
vt 0.845414 0.462573
vt 0.847826 0.451099
vt 0.866815 0.462573
vt 0.860386 0.451099
vt 0.872464 0.451099
vt 0.865652 0.439684
vt 0.877014 0.439684
vt 0.869340 0.428332
vt 0.887873 0.439684
vt 0.879981 0.428332
vt 0.898190 0.439684
vt 0.890085 0.428332
vt 0.899722 0.428332
vt 0.890705 0.417044
vt 0.899499 0.417044
vt 0.892033 0.408542
vt 0.900177 0.408542
vt 0.892129 0.400084
vt 0.899578 0.400084
vt 0.890942 0.391675
vt 0.897701 0.391675
vt 0.888475 0.383322
vt 0.894550 0.383322
vt 0.884738 0.375033
vt 0.900103 0.383322
vt 0.890154 0.375033
vt 0.905088 0.383322
vt 0.895014 0.375033
vt 0.899353 0.375033
vt 0.888717 0.366818
vt 0.892413 0.366818
vt 0.881233 0.358689
vt 0.895588 0.366818
vt 0.884319 0.358689
vt 0.898205 0.366818
vt 0.886861 0.358689
vt 0.888890 0.358689
vt 0.877051 0.350660
vt 0.878507 0.350660
vt 0.858819 0.338174
vt 0.879453 0.350660
vt 0.859717 0.338174
vt 0.879879 0.350660
vt 0.860120 0.338174
vt 0.860039 0.338174
vt 0.886852 0.462573
vt 0.884038 0.451099
vt 0.895094 0.451099
vt 0.905608 0.451099
vt 0.908031 0.439684
vt 0.908716 0.428332
vt 0.907798 0.417044
vt 0.907779 0.408542
vt 0.906486 0.400084
vt 0.903920 0.391675
vt 0.909603 0.391675
vt 0.914708 0.391675
vt 0.909537 0.383322
vt 0.903150 0.375033
vt 0.906411 0.375033
vt 0.909101 0.375033
vt 0.900294 0.366818
vt 0.890392 0.358689
vt 0.891368 0.358689
vt 0.891807 0.358689
vt 0.879793 0.350660
vt 0.859470 0.338174
vt 0.905450 0.462573
vt 0.922540 0.462573
vt 0.915635 0.451099
vt 0.924980 0.451099
vt 0.917208 0.439684
vt 0.925875 0.439684
vt 0.917207 0.428332
vt 0.925132 0.428332
vt 0.915545 0.417044
vt 0.922728 0.417044
vt 0.914829 0.408542
vt 0.921316 0.408542
vt 0.912842 0.400084
vt 0.927241 0.408542
vt 0.918650 0.400084
vt 0.932569 0.408542
vt 0.923869 0.400084
vt 0.928525 0.400084
vt 0.919263 0.391675
vt 0.923250 0.391675
vt 0.913431 0.383322
vt 0.926671 0.391675
vt 0.916775 0.383322
vt 0.929497 0.391675
vt 0.919534 0.383322
vt 0.921734 0.383322
vt 0.911246 0.375033
vt 0.912835 0.375033
vt 0.901840 0.366818
vt 0.913866 0.375033
vt 0.902844 0.366818
vt 0.914331 0.375033
vt 0.903297 0.366818
vt 0.903206 0.366818
vt 0.891719 0.358689
vt 0.891099 0.358689
vt 0.879193 0.350660
vt 0.889947 0.358689
vt 0.878076 0.350660
vt 0.888272 0.358689
vt 0.938057 0.462573
vt 0.933809 0.451099
vt 0.933965 0.439684
vt 0.932481 0.428332
vt 0.929339 0.417044
vt 0.935375 0.417044
vt 0.940806 0.417044
vt 0.937320 0.408542
vt 0.932599 0.400084
vt 0.936095 0.400084
vt 0.938985 0.400084
vt 0.931750 0.391675
vt 0.923363 0.383322
vt 0.924421 0.383322
vt 0.924898 0.383322
vt 0.914238 0.375033
vt 0.902568 0.366818
vt 0.901383 0.366818
vt 0.899658 0.366818
vt 0.886068 0.358689
vt 0.951945 0.462573
vt 0.942050 0.451099
vt 0.941467 0.439684
vt 0.939244 0.428332
vt 0.945418 0.428332
vt 0.950976 0.428332
vt 0.945647 0.417044
vt 0.941478 0.408542
vt 0.945044 0.408542
vt 0.947994 0.408542
vt 0.941287 0.400084
vt 0.933417 0.391675
vt 0.934500 0.391675
vt 0.934988 0.391675
vt 0.924802 0.383322
vt 0.913583 0.375033
vt 0.912365 0.375033
vt 0.910593 0.375033
vt 0.897389 0.366818
vt 0.883341 0.358689
vt 0.949691 0.451099
vt 0.964152 0.462573
vt 0.956724 0.451099
vt 0.963139 0.451099
vt 0.948371 0.439684
vt 0.954671 0.439684
vt 0.974632 0.462573
vt 0.968923 0.451099
vt 0.960347 0.439684
vt 0.983346 0.462573
vt 0.974073 0.451099
vt 0.965402 0.439684
vt 0.969828 0.439684
vt 0.960264 0.428332
vt 0.973619 0.439684
vt 0.963980 0.428332
vt 0.976763 0.439684
vt 0.967058 0.428332
vt 0.969508 0.428332
vt 0.958920 0.417044
vt 0.960692 0.417044
vt 0.952083 0.408542
vt 0.961842 0.417044
vt 0.953212 0.408542
vt 0.962362 0.417044
vt 0.953722 0.408542
vt 0.953620 0.408542
vt 0.944497 0.400084
vt 0.943794 0.400084
vt 0.934203 0.391675
vt 0.942488 0.400084
vt 0.932925 0.391675
vt 0.940586 0.400084
vt 0.931064 0.391675
vt 0.928617 0.391675
vt 0.918674 0.383322
vt 0.915716 0.383322
vt 0.905378 0.375033
vt 0.912183 0.383322
vt 0.901931 0.375033
vt 0.908116 0.383322
vt 0.897966 0.375033
vt 0.893449 0.375033
vt 0.978580 0.451099
vt 0.990263 0.462573
vt 0.982441 0.451099
vt 0.985645 0.451099
vt 0.995355 0.462573
vt 0.988192 0.451099
vt 0.979263 0.439684
vt 0.981114 0.439684
vt 0.971321 0.428332
vt 0.982314 0.439684
vt 0.972497 0.428332
vt 0.982859 0.439684
vt 0.973030 0.428332
vt 0.972923 0.428332
vt 0.962258 0.417044
vt 0.961527 0.417044
vt 0.952902 0.408542
vt 0.960169 0.417044
vt 0.951570 0.408542
vt 0.958191 0.417044
vt 0.949628 0.408542
vt 0.947076 0.408542
vt 0.938085 0.400084
vt 0.934990 0.400084
vt 0.925589 0.391675
vt 0.931296 0.400084
vt 0.921973 0.391675
vt 0.927037 0.400084
vt 0.917808 0.391675
vt 0.913065 0.391675
vt 0.903483 0.383322
vt 0.898304 0.383322
vt 0.888398 0.375033
vt 0.892573 0.383322
vt 0.998605 0.462573
vt 0.990077 0.451099
vt 0.991299 0.451099
vt 0.991854 0.451099
vt 0.982749 0.439684
vt 0.972175 0.428332
vt 0.970787 0.428332
vt 0.968762 0.428332
vt 0.955590 0.417044
vt 0.943918 0.408542
vt 0.940149 0.408542
vt 0.935801 0.408542
vt 0.922190 0.400084
vt 0.907762 0.391675
vt 0.901897 0.391675
vt 0.895507 0.391675
vt 1.000000 0.462573
vt 0.991743 0.451099
vt 0.981986 0.439684
vt 0.980569 0.439684
vt 0.978502 0.439684
vt 0.966101 0.428332
vt 0.952371 0.417044
vt 0.948532 0.417044
vt 0.944100 0.417044
vt 0.930854 0.408542
vt 0.916770 0.400084
vt 0.910776 0.400084
vt 0.904244 0.400084
vt 0.888572 0.391675
vt 0.999535 0.462573
vt 0.990965 0.451099
vt 0.989522 0.451099
vt 0.987416 0.451099
vt 0.975785 0.439684
vt 0.962808 0.428332
vt 0.958882 0.428332
vt 0.954347 0.428332
vt 0.939059 0.417044
vt 0.925324 0.408542
vt 0.919208 0.408542
vt 0.912541 0.408542
vt 0.897155 0.400084
vt 0.881109 0.391675
vt 0.997211 0.462573
vt 0.993038 0.462573
vt 0.984649 0.451099
vt 0.981225 0.451099
vt 0.972424 0.439684
vt 0.977147 0.451099
vt 0.968419 0.439684
vt 0.972427 0.451099
vt 0.963787 0.439684
vt 0.958522 0.439684
vt 0.949189 0.428332
vt 0.943423 0.428332
vt 0.933423 0.417044
vt 0.937050 0.428332
vt 0.927192 0.417044
vt 0.930096 0.428332
vt 0.920397 0.417044
vt 0.913024 0.417044
vt 0.905306 0.408542
vt 0.897522 0.408542
vt 0.889528 0.400084
vt 0.889194 0.408542
vt 0.881366 0.400084
vt 0.880350 0.408542
vt 0.987031 0.462573
vt 0.979212 0.462573
vt 0.967064 0.451099
vt 0.969610 0.462573
vt 0.961068 0.451099
vt 0.954446 0.451099
vt 0.952636 0.439684
vt 0.946133 0.439684
vt 0.958262 0.462573
vt 0.947211 0.451099
vt 0.939033 0.439684
vt 0.945208 0.462573
vt 0.939369 0.451099
vt 0.931333 0.439684
vt 0.923050 0.439684
vt 0.914439 0.428332
vt 0.914190 0.439684
vt 0.905758 0.428332
vt 0.904774 0.439684
vt 0.896535 0.428332
vt 0.886771 0.428332
vt 0.878049 0.417044
vt 0.867993 0.417044
vt 0.861116 0.408542
vt 0.857422 0.417044
vt 0.930931 0.451099
vt 0.930499 0.462573
vt 0.921908 0.451099
vt 0.912315 0.451099
vt 0.914188 0.462573
vt 0.902162 0.451099
vt 0.894807 0.439684
vt 0.884306 0.439684
vt 0.876483 0.428332
vt 0.873274 0.439684
vt 0.865672 0.428332
vt 0.861754 0.439684
vt 0.854391 0.428332
vt 0.842616 0.428332
vt 0.896336 0.462573
vt 0.891465 0.451099
vt 0.880232 0.451099
vt 0.868493 0.451099
vt 0.849735 0.439684
vt 0.830378 0.428332
vt 0.877009 0.462573
vt 0.856251 0.451099
vt 0.837242 0.439684
vt 0.824290 0.439684
vt 0.856280 0.462573
vt 0.843525 0.451099
vt 0.830333 0.451099
vt 0.816695 0.451099
vt 0.834226 0.462573
vt 0.810929 0.462573
vt 0.802627 0.451099
vt 0.788149 0.451099
vt 0.786474 0.462573
vt 0.707101 0.462573
vt 0.693801 0.451099
vt 0.690257 0.439684
vt 0.686384 0.428332
vt 0.682181 0.417044
vt 0.678776 0.408542
vt 0.675181 0.400084
vt 0.671395 0.391675
vt 0.667419 0.383322
vt 0.663256 0.375033
vt 0.658908 0.366818
vt 0.654380 0.358689
vt 0.649681 0.350660
vt 0.641895 0.338174
vt 0.633739 0.326056
vt 0.625263 0.314389
vt 0.616519 0.303262
vt 0.607566 0.292764
vt 0.598458 0.282982
vt 0.678967 0.462573
vt 0.677029 0.451099
vt 0.673791 0.439684
vt 0.560858 0.462573
vt 0.554217 0.451099
vt 0.553226 0.439684
vt 0.552142 0.428332
vt 0.550966 0.417044
vt 0.550014 0.408542
vt 0.549008 0.400084
vt 0.547949 0.391675
vt 0.546837 0.383322
vt 0.545672 0.375033
vt 0.544456 0.366818
vt 0.543189 0.358689
vt 0.541874 0.350660
vt 0.539696 0.338174
vt 0.537415 0.326056
vt 0.535043 0.314389
vt 0.532597 0.303262
vt 0.530092 0.292764
vt 0.527544 0.282982
vt 0.536186 0.451099
vt 0.530486 0.462573
vt 0.518105 0.451099
vt 0.517774 0.439684
vt 0.517412 0.428332
vt 0.517020 0.417044
vt 0.516702 0.408542
vt 0.516366 0.400084
vt 0.533380 0.408542
vt 0.532709 0.400084
vt 0.516012 0.391675
vt 0.532002 0.391675
vt 0.515641 0.383322
vt 0.515252 0.375033
vt 0.514845 0.366818
vt 0.514422 0.358689
vt 0.529671 0.366818
vt 0.528825 0.358689
vt 0.513983 0.350660
vt 0.527948 0.350660
vt 0.513256 0.338174
vt 0.526494 0.338174
vt 0.512494 0.326056
vt 0.524971 0.326056
vt 0.511702 0.314389
vt 0.523389 0.314389
vt 0.510885 0.303262
vt 0.521756 0.303262
vt 0.510049 0.292764
vt 0.520084 0.292764
vt 0.509198 0.282982
vt 0.518384 0.282982
vt 0.530482 0.375033
vt 0.531260 0.383322
vt 0.534016 0.417044
vt 0.534801 0.428332
vt 0.535524 0.439684
vt 0.559818 0.292764
vt 0.564797 0.303262
vt 0.569659 0.314389
vt 0.574373 0.326056
vt 0.578909 0.338174
vt 0.583238 0.350660
vt 0.585852 0.358689
vt 0.588369 0.366818
vt 0.590787 0.375033
vt 0.593103 0.383322
vt 0.595314 0.391675
vt 0.597419 0.400084
vt 0.599419 0.408542
vt 0.601312 0.417044
vt 0.603649 0.428332
vt 0.605803 0.439684
vt 0.575374 0.303262
vt 0.581030 0.314389
vt 0.586513 0.326056
vt 0.591789 0.338174
vt 0.596825 0.350660
vt 0.599866 0.358689
vt 0.602794 0.366818
vt 0.605607 0.375033
vt 0.608300 0.383322
vt 0.610872 0.391675
vt 0.613321 0.400084
vt 0.615647 0.408542
vt 0.617849 0.417044
vt 0.620568 0.428332
vt 0.623073 0.439684
vt 0.589938 0.282982
vt 0.598257 0.292764
vt 0.606435 0.303262
vt 0.614422 0.314389
vt 0.622165 0.326056
vt 0.629615 0.338174
vt 0.636727 0.350660
vt 0.641020 0.358689
vt 0.645155 0.366818
vt 0.649127 0.375033
vt 0.652930 0.383322
vt 0.656562 0.391675
vt 0.660020 0.400084
vt 0.663305 0.408542
vt 0.666414 0.417044
vt 0.670254 0.428332
vt 0.634568 0.292764
vt 0.645770 0.303262
vt 0.656708 0.314389
vt 0.667313 0.326056
vt 0.677516 0.338174
vt 0.687256 0.350660
vt 0.693136 0.358689
vt 0.698799 0.366818
vt 0.704239 0.375033
vt 0.709447 0.383322
vt 0.714421 0.391675
vt 0.719158 0.400084
vt 0.723656 0.408542
vt 0.727915 0.417044
vt 0.733173 0.428332
vt 0.738018 0.439684
vt 0.655142 0.303262
vt 0.666784 0.314389
vt 0.678070 0.326056
vt 0.688930 0.338174
vt 0.699296 0.350660
vt 0.705553 0.358689
vt 0.711581 0.366818
vt 0.717370 0.375033
vt 0.722914 0.383322
vt 0.728208 0.391675
vt 0.733249 0.400084
vt 0.738036 0.408542
vt 0.742569 0.417044
vt 0.748165 0.428332
vt 0.753322 0.439684
vt 0.664273 0.303262
vt 0.676603 0.314389
vt 0.688557 0.326056
vt 0.700058 0.338174
vt 0.711038 0.350660
vt 0.717667 0.358689
vt 0.724052 0.366818
vt 0.730185 0.375033
vt 0.736057 0.383322
vt 0.741666 0.391675
vt 0.747006 0.400084
vt 0.752078 0.408542
vt 0.756881 0.417044
vt 0.762811 0.428332
vt 0.673244 0.303262
vt 0.686244 0.314389
vt 0.695602 0.314389
vt 0.698847 0.326056
vt 0.708838 0.326056
vt 0.718547 0.326056
vt 0.710974 0.338174
vt 0.721574 0.338174
vt 0.731874 0.338174
vt 0.727950 0.326056
vt 0.722549 0.350660
vt 0.733731 0.350660
vt 0.744597 0.350660
vt 0.741852 0.338174
vt 0.737062 0.326056
vt 0.729537 0.358689
vt 0.741070 0.358689
vt 0.752277 0.358689
vt 0.755123 0.350660
vt 0.751518 0.338174
vt 0.760836 0.338174
vt 0.736268 0.366818
vt 0.748140 0.366818
vt 0.759675 0.366818
vt 0.763134 0.358689
vt 0.765319 0.350660
vt 0.775147 0.350660
vt 0.784603 0.350660
vt 0.742733 0.375033
vt 0.754929 0.375033
vt 0.766780 0.375033
vt 0.770851 0.366818
vt 0.773649 0.358689
vt 0.783786 0.358689
vt 0.793539 0.358689
vt 0.793639 0.350660
vt 0.748923 0.383322
vt 0.761430 0.383322
vt 0.773583 0.383322
vt 0.778262 0.375033
vt 0.781674 0.366818
vt 0.792109 0.366818
vt 0.802147 0.366818
vt 0.802862 0.358689
vt 0.802345 0.350660
vt 0.754835 0.391675
vt 0.767639 0.391675
vt 0.780080 0.391675
vt 0.785359 0.383322
vt 0.789381 0.375033
vt 0.800101 0.375033
vt 0.810414 0.375033
vt 0.811746 0.366818
vt 0.811838 0.358689
vt 0.820360 0.358689
vt 0.760464 0.400084
vt 0.773551 0.400084
vt 0.786267 0.400084
vt 0.792137 0.391675
vt 0.796761 0.383322
vt 0.807754 0.383322
vt 0.818331 0.383322
vt 0.820278 0.375033
vt 0.820983 0.366818
vt 0.829754 0.366818
vt 0.838079 0.366818
vt 0.765810 0.408542
vt 0.779165 0.408542
vt 0.792143 0.408542
vt 0.798591 0.400084
vt 0.803809 0.391675
vt 0.815063 0.391675
vt 0.825890 0.391675
vt 0.828449 0.383322
vt 0.829765 0.375033
vt 0.838777 0.375033
vt 0.847329 0.375033
vt 0.845936 0.366818
vt 0.770871 0.417044
vt 0.784481 0.417044
vt 0.797706 0.417044
vt 0.804720 0.408542
vt 0.810520 0.400084
vt 0.822023 0.400084
vt 0.833089 0.400084
vt 0.836252 0.391675
vt 0.838175 0.383322
vt 0.847416 0.383322
vt 0.856187 0.383322
vt 0.855402 0.375033
vt 0.853343 0.366818
vt 0.660893 0.282982
vt 0.697730 0.292764
vt 0.721550 0.303262
vt 0.728572 0.303262
vt 0.735361 0.303262
vt 0.759936 0.314389
vt 0.784533 0.326056
vt 0.791142 0.326056
vt 0.797379 0.326056
vt 0.821692 0.338174
vt 0.845400 0.350660
vt 0.850975 0.350660
vt 0.856102 0.350660
vt 0.870984 0.408542
vt 0.887593 0.417044
vt 0.896606 0.417044
vt 0.905092 0.417044
vt 0.922554 0.428332
vt 0.709472 0.282982
vt 0.743863 0.292764
vt 0.768877 0.303262
vt 0.773212 0.303262
vt 0.777209 0.303262
vt 0.801885 0.314389
vt 0.826015 0.326056
vt 0.829256 0.326056
vt 0.832087 0.326056
vt 0.740011 0.282982
vt 0.891225 0.366818
vt 0.768995 0.292764
vt 0.894582 0.366818
vt 0.908262 0.375033
vt 0.921064 0.383322
vt 0.922882 0.383322
vt 0.924130 0.383322
vt 0.934890 0.391675
vt 0.944597 0.400084
vt 0.944097 0.400084
vt 0.942991 0.400084
vt 0.950344 0.408542
vt 0.956525 0.417044
vt 0.953518 0.417044
vt 0.949885 0.417044
vt 0.955929 0.428332
vt 0.793050 0.303262
vt 0.794313 0.303262
vt 0.795183 0.303262
vt 0.749881 0.282982
vt 0.735309 0.282982
vt 0.732033 0.282982
vt 0.749593 0.292764
vt 0.765774 0.303262
vt 0.780391 0.314389
vt 0.793273 0.326056
vt 0.804291 0.338174
vt 0.813268 0.350660
vt 0.805176 0.350660
vt 0.796608 0.350660
vt 0.796702 0.358689
vt 0.795499 0.366818
vt 0.785243 0.366818
vt 0.773294 0.366818
vt 0.768074 0.375033
vt 0.761430 0.383322
vt 0.753390 0.391675
vt 0.743991 0.400084
vt 0.728620 0.400084
vt 0.712799 0.400084
vt 0.700691 0.408542
vt 0.687382 0.417044
vt 0.673859 0.428332
vt 0.658990 0.439684
vt 0.728460 0.282982
vt 0.745351 0.292764
vt 0.760819 0.303262
vt 0.774684 0.314389
vt 0.786799 0.326056
vt 0.796974 0.338174
vt 0.789306 0.338174
vt 0.781180 0.338174
vt 0.787670 0.350660
vt 0.787081 0.358689
vt 0.777120 0.358689
vt 0.765508 0.358689
vt 0.760935 0.366818
vt 0.754929 0.375033
vt 0.747512 0.383322
vt 0.738718 0.391675
vt 0.723684 0.391675
vt 0.708199 0.391675
vt 0.696655 0.400084
vt 0.683881 0.408542
vt 0.669938 0.417044
vt 0.655752 0.428332
vt 0.640177 0.439684
vt 0.683090 0.282982
vt 0.676629 0.292764
vt 0.681949 0.303262
vt 0.685188 0.314389
vt 0.686271 0.326056
vt 0.674570 0.326056
vt 0.662458 0.326056
vt 0.659289 0.338174
vt 0.653954 0.350660
vt 0.644006 0.358689
vt 0.632783 0.366818
vt 0.620283 0.375033
vt 0.606618 0.383322
vt 0.591838 0.391675
vt 0.576015 0.400084
vt 0.559227 0.408542
vt 0.541557 0.417044
vt 0.523212 0.428332
vt 0.503951 0.439684
vt 0.601270 0.282982
vt 0.600337 0.292764
vt 0.597356 0.303262
vt 0.592291 0.314389
vt 0.585170 0.326056
vt 0.576031 0.338174
vt 0.564950 0.350660
vt 0.551145 0.358689
vt 0.536248 0.366818
vt 0.520332 0.375033
vt 0.503476 0.383322
vt 0.591842 0.282982
vt 0.589874 0.292764
vt 0.585849 0.303262
vt 0.579772 0.314389
vt 0.571661 0.326056
vt 0.561571 0.338174
vt 0.549588 0.350660
vt 0.535215 0.358689
vt 0.519790 0.366818
vt 0.503390 0.375033
vt 0.582263 0.282982
vt 0.579252 0.292764
vt 0.574204 0.303262
vt 0.567119 0.314389
vt 0.558032 0.326056
vt 0.547009 0.338174
vt 0.534143 0.350660
vt 0.519227 0.358689
vt 0.503300 0.366818
vt 0.572542 0.282982
vt 0.568502 0.292764
vt 0.562434 0.303262
vt 0.554354 0.314389
vt 0.544307 0.326056
vt 0.532367 0.338174
vt 0.518641 0.350660
vt 0.503206 0.358689
vt 0.471440 0.282982
vt 0.461311 0.282982
vt 0.458840 0.338174
vt 0.456581 0.350660
vt 0.450283 0.391675
vt 0.449185 0.400084
vt 0.457732 0.292764
vt 0.442304 0.303262
vt 0.425275 0.314389
vt 0.406792 0.326056
vt 0.387028 0.338174
vt 0.366177 0.350660
vt 0.347094 0.358689
vt 0.327555 0.366818
vt 0.307667 0.375033
vt 0.287535 0.383322
vt 0.267265 0.391675
vt 0.246960 0.400084
vt 0.226725 0.408542
vt 0.206658 0.417044
vt 0.185187 0.428332
vt 0.164174 0.439684
vt 0.441183 0.350660
vt 0.439337 0.358689
vt 0.431163 0.400084
vt 0.429750 0.408542
vt 0.446737 0.292764
vt 0.423556 0.358689
vt 0.421315 0.366818
vt 0.411477 0.408542
vt 0.409791 0.417044
vt 0.430490 0.303262
vt 0.412700 0.314389
vt 0.393522 0.326056
vt 0.373138 0.338174
vt 0.351749 0.350660
vt 0.332468 0.358689
vt 0.312789 0.366818
vt 0.292819 0.375033
vt 0.272663 0.383322
vt 0.252429 0.391675
vt 0.232221 0.400084
vt 0.212140 0.408542
vt 0.192286 0.417044
vt 0.171010 0.428332
vt 0.150265 0.439684
vt 0.405204 0.366818
vt 0.402610 0.375033
vt 0.391320 0.417044
vt 0.388813 0.428332
vt 0.386221 0.375033
vt 0.383319 0.383322
vt 0.366707 0.383322
vt 0.363542 0.391675
vt 0.343379 0.400084
vt 0.322931 0.408542
vt 0.302300 0.417044
vt 0.280419 0.428332
vt 0.258553 0.439684
vt 0.370102 0.428332
vt 0.367403 0.439684
vt 0.348525 0.439684
vt 0.346764 0.391675
vt 0.326492 0.400084
vt 0.305994 0.408542
vt 0.285371 0.417044
vt 0.263467 0.428332
vt 0.241652 0.439684
vt 0.375050 0.282982
vt 0.353938 0.292764
vt 0.331694 0.303262
vt 0.308525 0.314389
vt 0.284657 0.326056
vt 0.260331 0.338174
vt 0.235796 0.350660
vt 0.216214 0.358689
vt 0.196763 0.366818
vt 0.177554 0.375033
vt 0.158693 0.383322
vt 0.140282 0.391675
vt 0.366304 0.282982
vt 0.357782 0.282982
vt 0.349498 0.282982
vt 0.341466 0.282982
vt 0.344627 0.292764
vt 0.321890 0.303262
vt 0.298306 0.314389
vt 0.274107 0.326056
vt 0.249538 0.338174
vt 0.224853 0.350660
vt 0.205402 0.358689
vt 0.186141 0.366818
vt 0.167181 0.375033
vt 0.148627 0.383322
vt 0.335577 0.292764
vt 0.326801 0.292764
vt 0.318316 0.292764
vt 0.312385 0.303262
vt 0.288424 0.314389
vt 0.263934 0.326056
vt 0.239164 0.338174
vt 0.214370 0.350660
vt 0.195083 0.358689
vt 0.176045 0.366818
vt 0.157365 0.375033
vt 0.303193 0.303262
vt 0.294330 0.303262
vt 0.278897 0.314389
vt 0.254157 0.326056
vt 0.229227 0.338174
vt 0.204365 0.350660
vt 0.185274 0.358689
vt 0.166490 0.366818
vt 0.269739 0.314389
vt 0.244790 0.326056
vt 0.219742 0.338174
vt 0.194855 0.350660
vt 0.175992 0.358689
vt 0.198057 0.326056
vt 0.179643 0.338174
vt 0.122018 0.383322
vt 0.113042 0.391675
vt 0.104494 0.400084
vt 0.273227 0.282982
vt 0.247767 0.292764
vt 0.222372 0.303262
vt 0.197309 0.314389
vt 0.172849 0.326056
vt 0.149261 0.338174
vt 0.126798 0.350660
vt 0.112404 0.358689
vt 0.098952 0.366818
vt 0.086525 0.375033
vt 0.075198 0.383322
vt 0.065037 0.391675
vt 0.056098 0.400084
vt 0.048429 0.408542
vt 0.042068 0.417044
vt 0.034576 0.428332
vt 0.028838 0.439684
vt 0.173182 0.338174
vt 0.155250 0.350660
vt 0.105237 0.391675
vt 0.096517 0.400084
vt 0.088236 0.408542
vt 0.269123 0.282982
vt 0.243706 0.292764
vt 0.218437 0.303262
vt 0.193585 0.314389
vt 0.169421 0.326056
vt 0.146210 0.338174
vt 0.124204 0.350660
vt 0.110377 0.358689
vt 0.097536 0.366818
vt 0.085762 0.375033
vt 0.075127 0.383322
vt 0.065692 0.391675
vt 0.057510 0.400084
vt 0.050625 0.408542
vt 0.045072 0.417044
vt 0.038429 0.428332
vt 0.033559 0.439684
vt 0.149011 0.350660
vt 0.137990 0.358689
vt 0.089215 0.400084
vt 0.080784 0.408542
vt 0.072801 0.417044
vt 0.132161 0.358689
vt 0.121374 0.366818
vt 0.074033 0.408542
vt 0.065922 0.417044
vt 0.055907 0.428332
vt 0.116007 0.366818
vt 0.105501 0.375033
vt 0.100647 0.375033
vt 0.090463 0.383322
vt 0.076343 0.391675
vt 0.063217 0.400084
vt 0.051155 0.408542
vt 0.040216 0.417044
vt 0.027947 0.428332
vt 0.017251 0.439684
vt 0.059769 0.417044
vt 0.049612 0.428332
vt 0.044071 0.428332
vt 0.040254 0.439684
vt 0.034598 0.439684
vt 0.029720 0.439684
vt 0.086170 0.383322
vt 0.072658 0.391675
vt 0.060182 0.400084
vt 0.048808 0.408542
vt 0.038593 0.417044
vt 0.027077 0.428332
vt 0.017170 0.439684
vt 0.250636 0.282982
vt 0.227067 0.292764
vt 0.204300 0.303262
vt 0.182589 0.314389
vt 0.162188 0.326056
vt 0.143330 0.338174
vt 0.126229 0.350660
vt 0.117684 0.358689
vt 0.110416 0.366818
vt 0.104477 0.375033
vt 0.099910 0.383322
vt 0.096744 0.391675
vt 0.095002 0.400084
vt 0.250176 0.282982
vt 0.250134 0.282982
vt 0.250510 0.282982
vt 0.251304 0.282982
vt 0.227022 0.292764
vt 0.204745 0.303262
vt 0.183599 0.314389
vt 0.163831 0.326056
vt 0.145670 0.338174
vt 0.129323 0.350660
vt 0.121515 0.358689
vt 0.115011 0.366818
vt 0.109859 0.375033
vt 0.106099 0.383322
vt 0.103755 0.391675
vt 0.227433 0.292764
vt 0.228300 0.292764
vt 0.229622 0.292764
vt 0.205684 0.303262
vt 0.185138 0.314389
vt 0.166037 0.326056
vt 0.148603 0.338174
vt 0.133037 0.350660
vt 0.125979 0.358689
vt 0.120250 0.366818
vt 0.115894 0.375033
vt 0.112947 0.383322
vt 0.207116 0.303262
vt 0.209037 0.303262
vt 0.187204 0.314389
vt 0.168801 0.326056
vt 0.152124 0.338174
vt 0.137365 0.350660
vt 0.131069 0.358689
vt 0.126124 0.366818
vt 0.122572 0.375033
vt 0.189793 0.314389
vt 0.172120 0.326056
vt 0.156227 0.338174
vt 0.142300 0.350660
vt 0.136776 0.358689
vt 0.132624 0.366818
vt 0.272376 0.282982
vt 0.286712 0.282982
vt 0.192616 0.338174
vt 0.175751 0.350660
vt 0.128712 0.391675
vt 0.120510 0.400084
vt 0.272997 0.292764
vt 0.261026 0.303262
vt 0.250968 0.314389
vt 0.242968 0.326056
vt 0.237141 0.338174
vt 0.233571 0.350660
vt 0.236859 0.358689
vt 0.241590 0.366818
vt 0.247752 0.375033
vt 0.255322 0.383322
vt 0.264266 0.391675
vt 0.274542 0.400084
vt 0.286101 0.408542
vt 0.298887 0.417044
vt 0.311839 0.428332
vt 0.326209 0.439684
vt 0.184118 0.350660
vt 0.174200 0.358689
vt 0.130303 0.400084
vt 0.122715 0.408542
vt 0.183375 0.358689
vt 0.174090 0.366818
vt 0.133340 0.408542
vt 0.126358 0.417044
vt 0.184079 0.366818
vt 0.175435 0.375033
vt 0.186241 0.375033
vt 0.178239 0.383322
vt 0.182494 0.391675
vt 0.188181 0.400084
vt 0.195276 0.408542
vt 0.203744 0.417044
vt 0.212016 0.428332
vt 0.221945 0.439684
vt 0.137810 0.417044
vt 0.129454 0.428332
vt 0.141791 0.428332
vt 0.134348 0.439684
vt 0.189859 0.383322
vt 0.147552 0.439684
vt 0.194920 0.391675
vt 0.201404 0.400084
vt 0.209280 0.408542
vt 0.218510 0.417044
vt 0.227605 0.428332
vt 0.238323 0.439684
vt 0.339890 0.282982
vt 0.325081 0.292764
vt 0.333799 0.292764
vt 0.310521 0.303262
vt 0.319965 0.303262
vt 0.329710 0.303262
vt 0.296302 0.314389
vt 0.306455 0.314389
vt 0.316932 0.314389
vt 0.327715 0.314389
vt 0.282518 0.326056
vt 0.293358 0.326056
vt 0.304544 0.326056
vt 0.316057 0.326056
vt 0.327877 0.326056
vt 0.280756 0.338174
vt 0.281246 0.350660
vt 0.287667 0.358689
vt 0.295486 0.366818
vt 0.304671 0.375033
vt 0.315182 0.383322
vt 0.326971 0.391675
vt 0.339980 0.400084
vt 0.354145 0.408542
vt 0.369398 0.417044
vt 0.387631 0.417044
vt 0.406084 0.417044
vt 0.422940 0.428332
vt 0.440889 0.439684
vt 0.292624 0.338174
vt 0.304839 0.338174
vt 0.317381 0.338174
vt 0.330228 0.338174
vt 0.294131 0.350660
vt 0.301312 0.358689
vt 0.309873 0.366818
vt 0.319779 0.375033
vt 0.330985 0.383322
vt 0.343438 0.391675
vt 0.357078 0.400084
vt 0.371838 0.408542
vt 0.389728 0.408542
vt 0.407839 0.408542
vt 0.424678 0.417044
vt 0.442092 0.428332
vt 0.460537 0.439684
vt 0.307361 0.350660
vt 0.320913 0.350660
vt 0.334764 0.350660
vt 0.315290 0.358689
vt 0.324578 0.366818
vt 0.335188 0.375033
vt 0.347070 0.383322
vt 0.360167 0.391675
vt 0.374416 0.400084
vt 0.391943 0.400084
vt 0.409692 0.400084
vt 0.426085 0.408542
vt 0.443398 0.417044
vt 0.461341 0.428332
vt 0.329576 0.358689
vt 0.344148 0.358689
vt 0.400603 0.282982
vt 0.401743 0.292764
vt 0.404937 0.303262
vt 0.410201 0.314389
vt 0.410062 0.282982
vt 0.419672 0.282982
vt 0.429417 0.282982
vt 0.339577 0.366818
vt 0.350873 0.375033
vt 0.363411 0.383322
vt 0.377130 0.391675
vt 0.394276 0.391675
vt 0.411644 0.391675
vt 0.427572 0.400084
vt 0.444455 0.408542
vt 0.462212 0.417044
vt 0.354845 0.366818
vt 0.412242 0.292764
vt 0.416469 0.303262
vt 0.366808 0.375033
vt 0.379980 0.383322
vt 0.396726 0.383322
vt 0.413693 0.383322
vt 0.429137 0.391675
vt 0.445572 0.400084
vt 0.462919 0.408542
vt 0.422888 0.292764
vt 0.455527 0.292764
vt 0.451825 0.303262
vt 0.448210 0.314389
vt 0.444706 0.326056
vt 0.463798 0.303262
vt 0.461082 0.314389
vt 0.458448 0.326056
vt 0.455914 0.338174
vt 0.474018 0.314389
vt 0.472260 0.326056
vt 0.470568 0.338174
vt 0.468954 0.350660
vn 0.014237 -0.279753 -0.959966
vn -0.000296 -0.302740 -0.953073
vn -0.030222 -0.155054 -0.987444
vn -0.016331 -0.308116 -0.951209
vn -0.031570 -0.316472 -0.948076
vn -0.047133 -0.320628 -0.946032
vn -0.053518 -0.213583 -0.975458
vn 0.009889 -0.039789 -0.999159
vn 0.045159 -0.224972 -0.973318
vn 0.038320 -0.258466 -0.965260
vn -0.054239 -0.176223 -0.982855
vn -0.057665 -0.160388 -0.985368
vn -0.060166 -0.145663 -0.987503
vn -0.061903 -0.132084 -0.989304
vn -0.074368 -0.139021 -0.987493
vn -0.064946 -0.107286 -0.992105
vn -0.064934 -0.096790 -0.993184
vn -0.012284 -0.016587 -0.999787
vn 0.034257 -0.112928 -0.993012
vn 0.031369 -0.087173 -0.995699
vn 0.033069 -0.080258 -0.996225
vn 0.042113 -0.089058 -0.995136
vn 0.036259 -0.067563 -0.997056
vn 0.037039 -0.062070 -0.997384
vn 0.046339 -0.069362 -0.996515
vn 0.026717 -0.035893 -0.998998
vn -0.027532 -0.033771 -0.999050
vn 0.025450 -0.031127 -0.999191
vn -0.033600 -0.037035 -0.998749
vn 0.030730 -0.033908 -0.998952
vn -0.010586 -0.010491 -0.999889
vn 0.034446 -0.034328 -0.998817
vn 0.034520 -0.031410 -0.998910
vn 0.043222 -0.035481 -0.998435
vn 0.034727 -0.025667 -0.999067
vn 0.009900 -0.006643 -0.999929
vn -0.030742 -0.027759 -0.999142
vn -0.030959 -0.025448 -0.999197
vn -0.031107 -0.023234 -0.999246
vn -0.039860 -0.026609 -0.998851
vn -0.021459 -0.012732 -0.999689
vn 0.025655 -0.015380 -0.999553
vn -0.020899 -0.011119 -0.999720
vn 0.019794 -0.010536 -0.999749
vn -0.020410 -0.009670 -0.999745
vn 0.019370 -0.009207 -0.999770
vn -0.012071 -0.005047 -0.999914
vn 0.035323 -0.014636 -0.999269
vn 0.028031 -0.009978 -0.999557
vn 0.019056 -0.005823 -0.999801
vn -0.024627 -0.008801 -0.999658
vn 0.018145 -0.004548 -0.999825
vn -0.027671 -0.008262 -0.999583
vn -0.018875 -0.004692 -0.999811
vn 0.013865 -0.002734 -0.999900
vn -0.027404 -0.005473 -0.999609
vn -0.018701 -0.002838 -0.999821
vn 0.018027 -0.002710 -0.999834
vn -0.024084 -0.002362 -0.999707
vn 0.022906 -0.002258 -0.999735
vn -0.018529 -0.000827 -0.999828
vn 0.017932 -0.000851 -0.999839
vn -0.018489 0.000034 -0.999829
vn 0.017933 -0.000036 -0.999839
vn -0.018489 0.000893 -0.999829
vn 0.022922 0.001122 -0.999737
vn -0.018531 0.001760 -0.999827
vn 0.018042 0.001805 -0.999836
vn -0.024076 0.003580 -0.999704
vn 0.018161 0.002656 -0.999832
vn -0.014284 0.002906 -0.999894
vn 0.033664 0.006690 -0.999411
vn 0.018292 0.004614 -0.999822
vn -0.014629 0.003692 -0.999886
vn 0.026847 0.008086 -0.999607
vn 0.023524 0.008414 -0.999688
vn -0.019666 0.005949 -0.999789
vn 0.011714 0.004874 -0.999920
vn -0.028895 0.010229 -0.999530
vn -0.036913 0.015306 -0.999201
vn -0.019952 0.009542 -0.999755
vn 0.019840 0.009333 -0.999760
vn -0.020375 0.010935 -0.999733
vn 0.025748 0.013755 -0.999574
vn -0.020861 0.012478 -0.999705
vn 0.020766 0.012489 -0.999706
vn -0.010254 0.006800 -0.999924
vn 0.030491 0.020282 -0.999329
vn 0.038011 0.028181 -0.998880
vn 0.030080 0.024768 -0.999241
vn 0.029902 0.026991 -0.999188
vn 0.013382 0.013402 -0.999821
vn -0.045123 0.033490 -0.998420
vn -0.035554 0.029441 -0.998934
vn -0.035525 0.032313 -0.998846
vn -0.035411 0.035350 -0.998747
vn -0.025315 0.027735 -0.999295
vn 0.026349 0.029282 -0.999224
vn -0.033314 0.040616 -0.998619
vn 0.027642 0.033749 -0.999048
vn -0.027286 0.037120 -0.998938
vn 0.029104 0.039110 -0.998811
vn -0.015435 0.023185 -0.999612
vn 0.041472 0.061510 -0.997245
vn 0.049605 0.082726 -0.995337
vn 0.039141 0.073877 -0.996499
vn 0.037977 0.080512 -0.996030
vn 0.016123 0.038747 -0.999119
vn -0.052252 0.087006 -0.994837
vn -0.051615 0.095770 -0.994064
vn -0.059178 0.125228 -0.990361
vn -0.047589 0.116298 -0.992074
vn -0.036538 0.102648 -0.994046
vn 0.040640 0.112079 -0.992868
vn -0.038086 0.125109 -0.991412
vn 0.048372 0.159297 -0.986045
vn -0.039010 0.153409 -0.987392
vn 0.041777 0.169320 -0.984675
vn -0.035201 0.177222 -0.983541
vn 0.044978 0.227277 -0.972791
vn 0.036865 0.245841 -0.968609
vn 0.027117 0.264035 -0.964132
vn 0.014355 0.290845 -0.956662
vn -0.001052 0.296111 -0.955153
vn -0.015417 0.308116 -0.951224
vn -0.030631 0.316570 -0.948074
vn -0.046187 0.320831 -0.946009
vn 0.025350 -0.262499 -0.964599
vn -0.010705 -0.059136 0.998193
vn 0.005110 -0.065175 0.997861
vn 0.015001 -0.052536 0.998506
vn 0.019683 -0.081796 0.996455
vn 0.020590 -0.094222 0.995338
vn 0.025599 -0.139726 0.989859
vn 0.030725 -0.138689 0.989859
vn 0.034325 -0.186654 0.981826
vn 0.041173 -0.185264 0.981826
vn 0.042584 -0.230732 0.972085
vn 0.051046 -0.229008 0.972085
vn 0.050433 -0.273038 0.960680
vn 0.060449 -0.270996 0.960680
vn 0.057732 -0.312188 0.948264
vn 0.069185 -0.309852 0.948264
vn 0.064645 -0.349235 0.934802
vn 0.077456 -0.346619 0.934802
vn 0.071202 -0.384348 0.920438
vn 0.085301 -0.381467 0.920438
vn 0.077480 -0.417950 0.905160
vn 0.092811 -0.414814 0.905160
vn 0.083584 -0.450611 0.888799
vn 0.100113 -0.447230 0.888799
vn 0.089635 -0.482975 0.871034
vn 0.107350 -0.479349 0.871034
vn 0.095748 -0.515681 0.851414
vn 0.114663 -0.511807 0.851414
vn 0.102028 -0.549285 0.829383
vn 0.122176 -0.545158 0.829383
vn 0.108544 -0.584171 0.804340
vn 0.129972 -0.579780 0.804340
vn 0.115327 -0.620497 0.775683
vn 0.138087 -0.615831 0.775683
vn 0.122367 -0.658219 0.742815
vn 0.146510 -0.653269 0.742815
vn 0.129629 -0.697142 0.705116
vn 0.155200 -0.691899 0.705116
vn 0.137051 -0.736934 0.661926
vn 0.164082 -0.731390 0.661926
vn 0.146695 -0.772470 0.617875
vn 0.174486 -0.774158 0.608468
vn 0.185744 -0.963347 0.193552
vn 0.245364 -0.954912 0.167150
vn -0.000205 -0.099645 0.995023
vn 0.018382 -0.106082 0.994187
vn 0.007235 -0.107677 0.994160
vn 0.011156 -0.106991 0.994197
vn 0.010043 -0.141697 0.989859
vn 0.015251 -0.141231 0.989859
vn 0.013543 -0.189300 0.981826
vn 0.020502 -0.188673 0.981826
vn 0.016892 -0.234020 0.972085
vn 0.025493 -0.233239 0.972085
vn 0.020032 -0.276933 0.960680
vn 0.030210 -0.276008 0.960680
vn 0.022971 -0.316649 0.948264
vn 0.034610 -0.315589 0.948264
vn 0.025758 -0.354233 0.934802
vn 0.038780 -0.353045 0.934802
vn 0.028405 -0.389854 0.920438
vn 0.042736 -0.388545 0.920438
vn 0.030941 -0.423943 0.905160
vn 0.046524 -0.422517 0.905160
vn 0.033408 -0.457079 0.888799
vn 0.050210 -0.455539 0.888799
vn 0.035854 -0.489912 0.871034
vn 0.053862 -0.488260 0.871034
vn 0.038326 -0.523093 0.851414
vn 0.057552 -0.521327 0.851414
vn 0.040862 -0.557184 0.829383
vn 0.061343 -0.555302 0.829383
vn 0.043493 -0.592575 0.804340
vn 0.065276 -0.590573 0.804340
vn 0.046231 -0.629428 0.775683
vn 0.069367 -0.627300 0.775683
vn 0.049071 -0.667696 0.742815
vn 0.073613 -0.665437 0.742815
vn 0.051998 -0.707182 0.705117
vn 0.077992 -0.704790 0.705116
vn 0.054990 -0.747550 0.661926
vn 0.082467 -0.745019 0.661926
vn 0.064111 -0.791064 0.608365
vn 0.089507 -0.781487 0.617468
vn 0.125406 -0.973015 0.193687
vn 0.119590 -0.784510 0.608475
vn -0.000252 -0.123166 0.992386
vn 0.018135 -0.137056 0.990397
vn -0.000330 -0.161381 0.986892
vn 0.018817 -0.185285 0.982505
vn -0.000383 -0.187388 0.982286
vn -0.000437 -0.213877 0.976861
vn 0.016300 -0.229447 0.973185
vn -0.000509 -0.248834 0.968546
vn 0.016376 -0.272497 0.962017
vn -0.000551 -0.269505 0.962999
vn -0.000606 -0.296233 0.955116
vn 0.016068 -0.312406 0.949813
vn -0.000684 -0.334090 0.942541
vn 0.011439 -0.349791 0.936758
vn -0.000756 -0.369602 0.929190
vn 0.013426 -0.387668 0.921701
vn -0.000841 -0.411118 0.911582
vn 0.014346 -0.423806 0.905640
vn -0.000907 -0.443140 0.896452
vn 0.019688 -0.455623 0.889955
vn -0.000971 -0.474794 0.880096
vn 0.020537 -0.489193 0.871934
vn -0.001014 -0.495799 0.868437
vn -0.001049 -0.512741 0.858542
vn 0.022250 -0.521337 0.853061
vn -0.001103 -0.539549 0.841954
vn 0.022820 -0.555779 0.831017
vn -0.001145 -0.559972 0.828511
vn -0.001185 -0.579562 0.814927
vn 0.024865 -0.590349 0.806765
vn -0.001244 -0.608364 0.793657
vn 0.025313 -0.627186 0.778458
vn -0.001286 -0.628727 0.777625
vn -0.001333 -0.651595 0.758566
vn 0.027568 -0.664935 0.746392
vn -0.001396 -0.682554 0.730834
vn 0.027970 -0.704048 0.709601
vn -0.001436 -0.702480 0.711702
vn -0.001490 -0.728492 0.685053
vn 0.029536 -0.746607 0.664610
vn -0.001541 -0.753641 0.657285
vn -0.001586 -0.775270 0.631628
vn 0.031442 -0.792657 0.608856
vn -0.001647 -0.805314 0.592846
vn 0.007357 -0.984581 0.174774
vn 0.067429 -0.983619 0.167171
vn 0.207611 -0.766011 0.608378
vn 0.300490 -0.933917 0.193663
vn 0.231022 -0.751846 0.617541
vn 0.260961 -0.749435 0.608479
vn 0.243698 -0.708848 0.661926
vn 0.269624 -0.699398 0.661926
vn 0.255044 -0.661637 0.705116
vn 0.279224 -0.651802 0.705116
vn 0.263609 -0.615415 0.742815
vn 0.286083 -0.605295 0.742815
vn 0.269661 -0.570613 0.775683
vn 0.290481 -0.560301 0.775683
vn 0.273446 -0.527508 0.804340
vn 0.292677 -0.517086 0.804340
vn 0.275166 -0.486217 0.829383
vn 0.292876 -0.475760 0.829383
vn 0.274923 -0.446667 0.851414
vn 0.291177 -0.436246 0.851414
vn 0.272673 -0.408594 0.871034
vn 0.287527 -0.398281 0.871034
vn 0.268221 -0.371611 0.888798
vn 0.281717 -0.361487 0.888798
vn 0.261256 -0.335306 0.905160
vn 0.273421 -0.325462 0.905160
vn 0.251397 -0.299321 0.920438
vn 0.262244 -0.289865 0.920438
vn 0.238242 -0.263411 0.934802
vn 0.247775 -0.254464 0.934802
vn 0.221445 -0.227501 0.948264
vn 0.229669 -0.219196 0.948264
vn 0.200819 -0.191741 0.960680
vn 0.207740 -0.184220 0.960680
vn 0.175524 -0.155698 0.972085
vn 0.181135 -0.149132 0.972085
vn 0.146438 -0.120721 0.981826
vn 0.150783 -0.115250 0.981826
vn 0.112803 -0.086339 0.989859
vn 0.115904 -0.082129 0.989859
vn 0.068165 -0.048867 0.996477
vn 0.080481 -0.053020 0.995345
vn 0.018517 -0.010670 0.999772
vn 0.082435 -0.050056 0.995339
vn 0.084218 -0.046986 0.995339
vn 0.121632 -0.073379 0.989859
vn 0.124250 -0.068853 0.989859
vn 0.162567 -0.097928 0.981826
vn 0.166061 -0.091878 0.981826
vn 0.201057 -0.120940 0.972085
vn 0.205372 -0.113458 0.972085
vn 0.237950 -0.143083 0.960680
vn 0.243056 -0.134227 0.960680
vn 0.272115 -0.163549 0.948264
vn 0.277950 -0.153422 0.948264
vn 0.304447 -0.182911 0.934802
vn 0.310973 -0.171581 0.934802
vn 0.335095 -0.201258 0.920438
vn 0.342275 -0.188788 0.920438
vn 0.364425 -0.218813 0.905160
vn 0.372232 -0.205252 0.905160
vn 0.392937 -0.235876 0.888799
vn 0.401353 -0.221253 0.888799
vn 0.421189 -0.252782 0.871034
vn 0.430209 -0.237107 0.871034
vn 0.449740 -0.269867 0.851414
vn 0.459369 -0.253130 0.851414
vn 0.479075 -0.287422 0.829383
vn 0.489329 -0.269594 0.829383
vn 0.509525 -0.305650 0.804340
vn 0.520430 -0.286688 0.804340
vn 0.541230 -0.324632 0.775683
vn 0.552813 -0.304490 0.775683
vn 0.574153 -0.344346 0.742815
vn 0.586438 -0.322979 0.742815
vn 0.608122 -0.364689 0.705117
vn 0.621134 -0.342058 0.705116
vn 0.642849 -0.385486 0.661926
vn 0.656601 -0.361564 0.661926
vn 0.675936 -0.401848 0.617761
vn 0.696227 -0.380803 0.608487
vn 0.847948 -0.493465 0.193590
vn 0.877024 -0.439716 0.193592
vn 0.358057 -0.913417 0.193555
vn 0.285613 -0.732576 0.617865
vn 0.295184 -0.689000 0.661926
vn 0.303025 -0.641083 0.705116
vn 0.308168 -0.594355 0.742815
vn 0.310907 -0.549229 0.775683
vn 0.311511 -0.505963 0.804340
vn 0.310189 -0.464658 0.829383
vn 0.307037 -0.425232 0.851414
vn 0.301991 -0.387428 0.871034
vn 0.294831 -0.350873 0.888799
vn 0.285215 -0.315178 0.905160
vn 0.272734 -0.280017 0.920438
vn 0.256973 -0.245172 0.934803
vn 0.237581 -0.210594 0.948264
vn 0.214380 -0.176449 0.960680
vn 0.186502 -0.142364 0.972085
vn 0.154922 -0.109622 0.981826
vn 0.118848 -0.077807 0.989859
vn 0.313041 -0.729231 0.608463
vn 0.415100 -0.894292 0.167133
vn 0.344114 -0.715154 0.608392
vn 0.465529 -0.863589 0.193641
vn 0.364713 -0.696812 0.617606
vn 0.393539 -0.689113 0.608482
vn 0.369328 -0.652266 0.661926
vn 0.393087 -0.638230 0.661926
vn 0.371840 -0.603776 0.705117
vn 0.393812 -0.589680 0.705116
vn 0.371802 -0.556766 0.742815
vn 0.392043 -0.542704 0.742815
vn 0.369551 -0.511614 0.775683
vn 0.388131 -0.497665 0.775683
vn 0.365382 -0.468545 0.804339
vn 0.382380 -0.454779 0.804340
vn 0.359514 -0.427637 0.829383
vn 0.375011 -0.414114 0.829383
vn 0.352036 -0.388799 0.851414
vn 0.366109 -0.375578 0.851414
vn 0.342855 -0.351781 0.871034
vn 0.355571 -0.338923 0.871034
vn 0.331709 -0.316238 0.888799
vn 0.343124 -0.303814 0.888799
vn 0.318217 -0.281821 0.905160
vn 0.328374 -0.269917 0.905160
vn 0.301937 -0.248248 0.920438
vn 0.310870 -0.236967 0.920438
vn 0.282431 -0.215353 0.934802
vn 0.290166 -0.204812 0.934802
vn 0.259346 -0.183124 0.948264
vn 0.265911 -0.173454 0.948264
vn 0.232522 -0.151745 0.960680
vn 0.518399 -0.832945 0.193561
vn 0.414885 -0.667933 0.617848
vn 0.416311 -0.623329 0.661926
vn 0.415250 -0.574786 0.705116
vn 0.411753 -0.527906 0.742815
vn 0.406186 -0.483042 0.775682
vn 0.398860 -0.440396 0.804340
vn 0.389999 -0.400030 0.829383
vn 0.379685 -0.361848 0.851414
vn 0.367805 -0.325605 0.871034
vn 0.354074 -0.290979 0.888799
vn 0.338087 -0.257648 0.905160
vn 0.319381 -0.225364 0.920438
vn 0.297509 -0.193992 0.934802
vn 0.441054 -0.659737 0.608456
vn 0.570965 -0.803785 0.167120
vn 0.469022 -0.640206 0.608404
vn 0.615002 -0.764384 0.193622
vn 0.486068 -0.618246 0.617665
vn 0.512858 -0.605577 0.608485
vn 0.482479 -0.573645 0.661926
vn 0.503266 -0.555497 0.661926
vn 0.476074 -0.525514 0.705116
vn 0.495094 -0.507635 0.705116
vn 0.467431 -0.479305 0.742815
vn 0.484755 -0.461776 0.742815
vn 0.456953 -0.435328 0.775683
vn 0.472666 -0.418214 0.775683
vn 0.444971 -0.393750 0.804340
vn 0.459162 -0.377104 0.804340
vn 0.431715 -0.354606 0.829383
vn 0.444475 -0.338476 0.829383
vn 0.417255 -0.317794 0.851414
vn 0.428669 -0.302221 0.851414
vn 0.401453 -0.283081 0.871034
vn 0.411599 -0.268114 0.871034
vn 0.383989 -0.250179 0.888799
vn 0.661404 -0.724621 0.193569
vn 0.530147 -0.580723 0.617822
vn 0.523372 -0.536597 0.661926
vn 0.513443 -0.489068 0.705116
vn 0.501424 -0.443621 0.742815
vn 0.487739 -0.400533 0.775683
vn 0.472731 -0.359948 0.804340
vn 0.456632 -0.321887 0.829383
vn 0.439502 -0.286238 0.851414
vn 0.554210 -0.568016 0.608448
vn 0.707748 -0.686415 0.167112
vn 0.578126 -0.543693 0.608415
vn 0.743912 -0.639618 0.193605
vn 0.590989 -0.518805 0.617717
vn 0.614900 -0.501640 0.608486
vn 0.579328 -0.475640 0.661926
vn 0.596441 -0.453995 0.661927
vn 0.564221 -0.429495 0.705116
vn 0.579647 -0.408437 0.705117
vn 0.547266 -0.385649 0.742815
vn 0.561090 -0.365245 0.742815
vn 0.528915 -0.344333 0.775683
vn 0.782294 -0.592068 0.193578
vn 0.627506 -0.473889 0.617790
vn 0.612747 -0.431733 0.661927
vn 0.594287 -0.386825 0.705117
vn 0.648697 -0.457159 0.608439
vn 0.820879 -0.546106 0.167108
vn 0.667752 -0.428865 0.608426
vn 0.906578 -0.387545 0.167109
vn 0.721331 -0.330898 0.608431
vn 0.703673 -0.351037 0.617752
vn 0.669465 -0.337151 0.661926
vn 0.633303 -0.318964 0.705116
vn 0.597929 -0.301175 0.742815
vn 0.563645 -0.283937 0.775683
vn 0.530630 -0.267338 0.804340
vn 0.498921 -0.251400 0.829383
vn 0.468374 -0.236051 0.851414
vn 0.438644 -0.221113 0.871034
vn 0.409225 -0.206330 0.888799
vn 0.379535 -0.191411 0.905160
vn 0.348992 -0.176062 0.920438
vn 0.317078 -0.160019 0.934802
vn 0.283409 -0.143087 0.948264
vn 0.247832 -0.125190 0.960680
vn 0.209409 -0.105822 0.972085
vn 0.169330 -0.085704 0.981826
vn 0.126701 -0.064232 0.989859
vn 0.085825 -0.043820 0.995346
vn 0.734881 -0.299592 0.608436
vn 0.923630 -0.330809 0.193578
vn 0.738043 -0.271325 0.617799
vn 0.754099 -0.247140 0.608487
vn 0.711688 -0.235272 0.661927
vn 0.719866 -0.208917 0.661927
vn 0.680986 -0.197657 0.705117
vn 0.687800 -0.172457 0.705117
vn 0.649388 -0.162851 0.742815
vn 0.654942 -0.138838 0.742815
vn 0.617397 -0.130907 0.775683
vn 0.621798 -0.108093 0.775683
vn 0.585385 -0.101794 0.804340
vn 0.588735 -0.080178 0.804340
vn 0.553566 -0.075422 0.829383
vn 0.555967 -0.054997 0.829383
vn 0.521944 -0.051668 0.851414
vn 0.523491 -0.032422 0.851414
vn 0.490280 -0.030405 0.871034
vn 0.491067 -0.012338 0.871034
vn 0.458153 -0.011554 0.888798
vn 0.458267 0.005317 0.888799
vn 0.425042 0.004886 0.905160
vn 0.424575 0.020527 0.905160
vn 0.390434 0.018828 0.920438
vn 0.389476 0.033186 0.920438
vn 0.353890 0.030103 0.934802
vn 0.352542 0.043108 0.934802
vn 0.315141 0.038480 0.948264
vn 0.313511 0.050054 0.948264
vn 0.274193 0.043718 0.960680
vn 0.272398 0.053781 0.960680
vn 0.230192 0.045412 0.972085
vn 0.228365 0.053853 0.972085
vn 0.184745 0.043443 0.981826
vn 0.183021 0.050213 0.981826
vn 0.137015 0.037493 0.989859
vn 0.135542 0.042511 0.989859
vn 0.092110 0.028598 0.995338
vn 0.090975 0.031963 0.995340
vn 0.020192 0.006483 0.999775
vn 0.089652 0.035256 0.995349
vn 0.076793 0.033711 0.996477
vn 0.132047 0.052367 0.989859
vn 0.130030 0.057192 0.989859
vn 0.176371 0.070080 0.981826
vn 0.173672 0.076525 0.981826
vn 0.217991 0.086778 0.972085
vn 0.214649 0.094744 0.972085
vn 0.257952 0.102732 0.960680
vn 0.253996 0.112156 0.960681
vn 0.294927 0.117527 0.948264
vn 0.290401 0.128304 0.948264
vn 0.329913 0.131535 0.934802
vn 0.324848 0.143590 0.934802
vn 0.363072 0.144816 0.920438
vn 0.357496 0.158082 0.920438
vn 0.394803 0.157529 0.905160
vn 0.388737 0.171954 0.905160
vn 0.425646 0.169889 0.888799
vn 0.419105 0.185440 0.888799
vn 0.456208 0.182136 0.871034
vn 0.449195 0.198804 0.871034
vn 0.487093 0.194513 0.851414
vn 0.479604 0.212309 0.851414
vn 0.518826 0.207227 0.829383
vn 0.510848 0.226183 0.829383
vn 0.551770 0.220424 0.804340
vn 0.543283 0.240584 0.804340
vn 0.586075 0.234163 0.775683
vn 0.577059 0.255576 0.775683
vn 0.621699 0.248427 0.742815
vn 0.612133 0.271142 0.742815
vn 0.658458 0.263143 0.705116
vn 0.648326 0.287201 0.705116
vn 0.696036 0.278186 0.661926
vn 0.685325 0.303617 0.661926
vn 0.729008 0.294578 0.617877
vn 0.725080 0.322513 0.608477
vn 0.907965 0.371668 0.193551
vn 0.883041 0.427462 0.193689
vn 0.942428 -0.272664 0.193606
vn 0.756074 -0.216316 0.617706
vn 0.727069 -0.182278 0.661926
vn 0.693683 -0.147023 0.705116
vn 0.659609 -0.114637 0.742815
vn 0.625355 -0.085133 0.775682
vn 0.591287 -0.058454 0.804340
vn 0.557614 -0.034496 0.829383
vn 0.524330 -0.013131 0.851414
vn 0.491189 0.005744 0.871034
vn 0.457761 0.022180 0.888799
vn 0.423531 0.036141 0.905160
vn 0.387991 0.047500 0.920438
vn 0.350717 0.056055 0.934802
vn 0.311456 0.061560 0.948264
vn 0.270234 0.063770 0.960680
vn 0.226228 0.062222 0.972085
vn 0.181048 0.056916 0.981826
vn 0.133885 0.047471 0.989859
vn 0.769667 -0.193487 0.608420
vn 0.961979 -0.216033 0.167113
vn 0.777252 -0.160230 0.608445
vn 0.968429 -0.157091 0.193568
vn 0.775214 -0.131646 0.617829
vn 0.786568 -0.105149 0.608485
vn 0.742730 -0.101029 0.661926
vn 0.745945 -0.073623 0.661926
vn 0.705661 -0.069668 0.705116
vn 0.707747 -0.043648 0.705116
vn 0.668226 -0.041235 0.742815
vn 0.669291 -0.016611 0.742815
vn 0.630928 -0.015686 0.775683
vn 0.631078 0.007548 0.775682
vn 0.594127 0.007075 0.804340
vn 0.593465 0.028939 0.804340
vn 0.558019 0.027177 0.829383
vn 0.556641 0.047697 0.829383
vn 0.522583 0.044742 0.851414
vn 0.520582 0.063946 0.851414
vn 0.487563 0.059850 0.871034
vn 0.485029 0.077755 0.871034
vn 0.452527 0.072501 0.888799
vn 0.449552 0.089108 0.888799
vn 0.416967 0.082603 0.905160
vn 0.413644 0.097894 0.905160
vn 0.380392 0.089975 0.920438
vn 0.376822 0.103916 0.920438
vn 0.342401 0.094370 0.934803
vn 0.338695 0.106910 0.934803
vn 0.302773 0.095513 0.948264
vn 0.299053 0.106593 0.948264
vn 0.261559 0.093168 0.960680
vn 0.976319 -0.096494 0.193623
vn 0.782936 -0.074274 0.617652
vn 0.748149 -0.046117 0.661926
vn 0.708874 -0.017568 0.705116
vn 0.669448 0.008035 0.742815
vn 0.630373 0.030771 0.775682
vn 0.591997 0.050763 0.804340
vn 0.554508 0.068153 0.829383
vn 0.517875 0.083063 0.851414
vn 0.481839 0.095554 0.871034
vn 0.445967 0.105594 0.888799
vn 0.409761 0.113053 0.905160
vn 0.372742 0.117715 0.920438
vn 0.334531 0.119303 0.934802
vn 0.792075 -0.049556 0.608408
vn 0.985230 -0.037303 0.167122
vn 0.793440 -0.015472 0.608452
vn 0.980844 0.021879 0.193560
vn 0.786196 0.012473 0.617851
vn 0.792538 0.040384 0.608483
vn 0.748674 0.036627 0.661926
vn 0.746818 0.064159 0.661926
vn 0.706491 0.060673 0.705116
vn 0.703780 0.086635 0.705116
vn 0.664484 0.081773 0.742815
vn 0.661024 0.106176 0.742815
vn 0.623140 0.100063 0.775683
vn 0.619035 0.122933 0.775683
vn 0.582795 0.115704 0.804340
vn 0.578141 0.137078 0.804340
vn 0.543617 0.128857 0.829383
vn 0.538506 0.148778 0.829383
vn 0.505565 0.139639 0.851414
vn 0.500082 0.158152 0.851414
vn 0.468371 0.148081 0.871034
vn 0.462603 0.165221 0.871034
vn 0.431611 0.154106 0.888799
vn 0.977563 0.082900 0.193643
vn 0.783350 0.070294 0.617593
vn 0.743951 0.091603 0.661926
vn 0.700114 0.112481 0.705116
vn 0.656668 0.130435 0.742815
vn 0.614090 0.145634 0.775683
vn 0.572704 0.158264 0.804340
vn 0.532665 0.168499 0.829383
vn 0.493922 0.176453 0.851414
vn 0.787799 0.096048 0.608397
vn 0.975556 0.142674 0.167136
vn 0.782897 0.129805 0.608460
vn 0.960463 0.200120 0.193555
vn 0.770618 0.156165 0.617868
vn 0.771809 0.184557 0.608481
vn 0.729321 0.173046 0.661925
vn 0.722458 0.199772 0.661926
vn 0.683451 0.188964 0.705116
vn 0.676032 0.213991 0.705116
vn 0.638290 0.202020 0.742815
vn 0.630421 0.225376 0.742815
vn 0.594297 0.212433 0.775683
vn 0.946120 0.259521 0.193665
vn 0.757301 0.212504 0.617526
vn 0.714615 0.226228 0.661926
vn 0.667697 0.238729 0.705116
vn 0.756984 0.238419 0.608385
vn 0.933279 0.317882 0.167153
vn 0.745980 0.270709 0.608466
vn 0.859814 0.482466 0.167176
vn 0.700666 0.372763 0.608371
vn 0.705662 0.347556 0.617451
vn 0.673686 0.328636 0.661926
vn 0.637316 0.310869 0.705116
vn 0.601739 0.293489 0.742815
vn 0.567261 0.276643 0.775683
vn 0.534060 0.260418 0.804340
vn 0.502176 0.244833 0.829383
vn 0.471464 0.229819 0.851414
vn 0.441573 0.215203 0.871034
vn 0.411995 0.200741 0.888799
vn 0.382145 0.186146 0.905160
vn 0.351435 0.171133 0.920438
vn 0.319343 0.155449 0.934802
vn 0.285482 0.138906 0.948264
vn 0.249696 0.121429 0.960680
vn 0.211017 0.102579 0.972085
vn 0.170737 0.082865 0.981826
vn 0.127837 0.061939 0.989859
vn 0.086805 0.041751 0.995350
vn 0.021045 0.012204 0.999704
vn 0.688453 0.402848 0.603113
vn 0.825107 0.530789 0.193551
vn 0.665809 0.418273 0.617856
vn 0.652551 0.446221 0.612425
vn 0.633228 0.401168 0.661881
vn 0.612491 0.420120 0.669592
vn 0.599022 0.379522 0.705079
vn 0.579198 0.397289 0.711823
vn 0.565558 0.358350 0.742785
vn 0.546686 0.374994 0.748675
vn 0.533126 0.337833 0.775658
vn 0.515218 0.353412 0.780801
vn 0.501894 0.318077 0.804319
vn 0.484936 0.332645 0.808816
vn 0.471897 0.299106 0.829366
vn 0.455854 0.312700 0.833316
vn 0.443000 0.280835 0.851400
vn 0.427808 0.293465 0.854903
vn 0.414876 0.263053 0.871023
vn 0.400443 0.274697 0.874178
vn 0.387046 0.245458 0.888789
vn 0.373277 0.256065 0.891681
vn 0.358960 0.227700 0.905152
vn 0.345763 0.237193 0.907848
vn 0.330068 0.209430 0.920432
vn 0.317370 0.217719 0.922970
vn 0.299878 0.190335 0.934797
vn 0.287630 0.197319 0.937195
vn 0.268030 0.170185 0.948260
vn 0.256218 0.175772 0.950503
vn 0.234377 0.148885 0.960677
vn 0.223033 0.153007 0.962728
vn 0.198038 0.125843 0.972083
vn 0.187098 0.128357 0.973919
vn 0.160122 0.101892 0.981824
vn 0.149529 0.102585 0.983421
vn 0.119799 0.076346 0.989858
vn 0.109851 0.075364 0.991087
vn 0.081154 0.052046 0.995342
vn 0.073970 0.050748 0.995968
vn 0.067709 0.049492 0.996477
vn 0.021154 0.019033 0.999595
vn 0.075578 0.059779 0.995346
vn 0.073384 0.062570 0.995339
vn 0.111160 0.088444 0.989859
vn 0.107830 0.092475 0.989859
vn 0.148433 0.118261 0.981826
vn 0.143980 0.123643 0.981826
vn 0.183414 0.146321 0.972085
vn 0.177904 0.152973 0.972085
vn 0.217023 0.173188 0.960680
vn 0.210502 0.181058 0.960680
vn 0.248110 0.198081 0.948264
vn 0.240652 0.207078 0.948264
vn 0.277524 0.221640 0.934803
vn 0.269178 0.231706 0.934802
vn 0.305400 0.243975 0.920438
vn 0.296213 0.255051 0.920438
vn 0.332074 0.265352 0.905160
vn 0.322083 0.277394 0.905160
vn 0.358002 0.286131 0.888799
vn 0.347228 0.299115 0.888799
vn 0.383693 0.306723 0.871034
vn 0.372143 0.320638 0.871034
vn 0.409655 0.327533 0.851414
vn 0.397322 0.342389 0.851414
vn 0.436331 0.348912 0.829383
vn 0.423193 0.364735 0.829383
vn 0.464026 0.371103 0.804340
vn 0.450052 0.387931 0.804340
vn 0.492865 0.394208 0.775683
vn 0.478021 0.412082 0.775683
vn 0.522814 0.418199 0.742815
vn 0.507067 0.437160 0.742815
vn 0.553718 0.442953 0.705116
vn 0.537039 0.463034 0.705116
vn 0.585312 0.468256 0.661926
vn 0.567680 0.489483 0.661926
vn 0.612346 0.493706 0.617485
vn 0.598846 0.520711 0.608476
vn 0.755099 0.626349 0.193682
vn 0.714658 0.672162 0.193552
vn 0.795072 0.583023 0.167167
vn 0.634062 0.477341 0.608368
vn 0.602151 0.446395 0.661925
vn 0.675252 0.717668 0.170257
vn 0.559309 0.562142 0.609238
vn 0.574144 0.537206 0.617874
vn 0.549279 0.510046 0.661926
vn 0.519632 0.482486 0.705117
vn 0.490633 0.455527 0.742815
vn 0.462530 0.429398 0.775683
vn 0.435468 0.404233 0.804340
vn 0.409481 0.380064 0.829383
vn 0.384450 0.356781 0.851414
vn 0.360089 0.334119 0.871034
vn 0.335983 0.311693 0.888799
vn 0.311655 0.289061 0.905160
vn 0.286625 0.265780 0.920438
vn 0.260468 0.241455 0.934802
vn 0.232866 0.215796 0.948264
vn 0.203695 0.188684 0.960680
vn 0.172153 0.159417 0.972085
vn 0.139331 0.128859 0.981826
vn 0.104353 0.096381 0.989859
vn 0.071036 0.065232 0.995339
vn 0.533705 0.586266 0.609467
vn 0.627146 0.752974 0.199297
vn 0.506294 0.601589 0.617865
vn 0.487058 0.625506 0.609522
vn 0.461293 0.590816 0.661926
vn 0.436745 0.609187 0.661926
vn 0.413180 0.576275 0.705116
vn 0.389268 0.592690 0.705116
vn 0.367554 0.559580 0.742815
vn 0.344364 0.574142 0.742815
vn 0.324651 0.541219 0.775683
vn 0.302246 0.554043 0.775683
vn 0.284579 0.521586 0.804340
vn 0.263010 0.532788 0.804340
vn 0.247333 0.500949 0.829383
vn 0.226642 0.510644 0.829383
vn 0.212810 0.479381 0.851414
vn 0.194795 0.492901 0.848000
vn 0.182519 0.461840 0.867981
vn 0.172381 0.495365 0.851410
vn 0.161403 0.463955 0.871031
vn 0.150608 0.496445 0.854903
vn 0.140974 0.464692 0.874178
vn 0.123557 0.475429 0.871034
vn 0.115322 0.443551 0.888799
vn 0.097087 0.447896 0.888799
vn 0.090097 0.415412 0.905160
vn 0.073033 0.418749 0.905160
vn 0.067213 0.385066 0.920438
vn 0.051407 0.387493 0.920438
vn 0.046766 0.352076 0.934802
vn 0.032329 0.353694 0.934802
vn 0.028959 0.316158 0.948264
vn 0.016006 0.317078 0.948264
vn 0.014062 0.277300 0.960680
vn 0.002711 0.277643 0.960680
vn 0.002330 0.234617 0.972085
vn -0.007266 0.234516 0.972085
vn -0.005744 0.189697 0.981826
vn -0.013496 0.189303 0.981826
vn -0.009998 0.141700 0.989859
vn -0.015783 0.141173 0.989859
vn -0.009061 0.084183 0.996409
vn -0.014313 0.095305 0.995345
vn -0.011529 0.053366 0.998508
vn -0.018211 0.094710 0.995338
vn -0.022065 0.093871 0.995340
vn -0.027268 0.139411 0.989859
vn -0.032946 0.138179 0.989859
vn -0.036568 0.186228 0.981826
vn -0.044153 0.184577 0.981826
vn -0.045371 0.230200 0.972085
vn -0.054747 0.228152 0.972085
vn -0.053737 0.272407 0.960680
vn -0.064832 0.269981 0.960680
vn -0.061518 0.311465 0.948264
vn -0.074203 0.308688 0.948264
vn -0.068886 0.348424 0.934802
vn -0.083077 0.345315 0.934802
vn -0.075875 0.383453 0.920438
vn -0.091493 0.380030 0.920438
vn -0.082567 0.416974 0.905160
vn -0.099550 0.413249 0.905160
vn -0.089075 0.449558 0.888799
vn -0.107385 0.445539 0.888799
vn -0.095524 0.481845 0.871034
vn -0.115149 0.477536 0.871034
vn -0.102040 0.514473 0.851414
vn -0.122994 0.509869 0.851414
vn -0.108734 0.547997 0.829383
vn -0.131054 0.543092 0.829383
vn -0.115682 0.582800 0.804339
vn -0.139418 0.577582 0.804340
vn -0.122911 0.619039 0.775683
vn -0.148123 0.613495 0.775683
vn -0.130416 0.656672 0.742815
vn -0.157160 0.650789 0.742815
vn -0.138156 0.695502 0.705116
vn -0.166482 0.689271 0.705116
vn -0.146068 0.735200 0.661925
vn -0.176010 0.728612 0.661925
vn -0.154597 0.777596 0.609463
vn -0.189902 0.769680 0.609533
vn -0.216403 0.961342 0.170266
vn -0.272879 0.941178 0.199303
vn 0.582860 0.794537 0.170251
vn 0.458032 0.647105 0.609477
vn 0.411468 0.626536 0.661927
vn 0.364706 0.608112 0.705116
vn 0.320595 0.587745 0.742815
vn 0.279335 0.565940 0.775683
vn 0.241002 0.543098 0.804340
vn 0.207436 0.524886 0.825509
vn 0.183658 0.527638 0.829378
vn 0.160482 0.528989 0.833316
vn 0.131879 0.507644 0.851414
vn 0.104010 0.480085 0.871034
vn 0.078687 0.451493 0.888798
vn 0.055846 0.421386 0.905160
vn 0.035520 0.389270 0.920438
vn 0.017840 0.354720 0.934802
vn 0.003026 0.317467 0.948264
vn -0.008646 0.277522 0.960680
vn -0.016850 0.234023 0.972085
vn -0.021227 0.188593 0.981826
vn -0.021544 0.140409 0.989859
vn 0.530780 0.823744 0.199294
vn 0.428844 0.659034 0.617873
vn 0.385502 0.642839 0.661927
vn 0.339531 0.622519 0.705116
vn 0.296291 0.600365 0.742815
vn 0.255958 0.576890 0.775683
vn 0.220573 0.558124 0.799903
vn 0.195361 0.561143 0.804334
vn 0.170720 0.562734 0.808817
vn 0.140432 0.540743 0.829383
vn 0.111009 0.512613 0.851414
vn 0.084290 0.483937 0.871034
vn 0.060159 0.454333 0.888798
vn 0.038568 0.423317 0.905160
vn 0.019571 0.390398 0.920438
vn 0.003317 0.355153 0.934802
vn -0.009960 0.317325 0.948264
vn -0.019988 0.276936 0.960680
vn -0.026407 0.233138 0.972085
vn -0.028922 0.187567 0.981826
vn 0.406944 0.680359 0.609515
vn 0.481795 0.859587 0.170248
vn 0.375488 0.698237 0.609487
vn 0.426513 0.882252 0.199294
vn 0.344944 0.706570 0.617878
vn 0.320724 0.725008 0.609508
vn 0.303912 0.685194 0.661926
vn 0.277980 0.703366 0.654220
vn 0.263061 0.665620 0.698390
vn 0.246583 0.707862 0.661913
vn 0.233244 0.669645 0.705105
vn 0.215627 0.710738 0.669594
vn 0.203906 0.672109 0.711823
vn 0.178096 0.686362 0.705116
vn 0.168177 0.648029 0.742815
vn 0.141536 0.654365 0.742815
vn 0.133453 0.616852 0.775683
vn 0.108114 0.621794 0.775683
vn 0.101818 0.585381 0.804340
vn 0.077792 0.589055 0.804340
vn 0.073183 0.553867 0.829383
vn 0.050472 0.556396 0.829383
vn 0.047425 0.522347 0.851413
vn 0.026024 0.523849 0.851414
vn 0.024417 0.490615 0.871034
vn 0.004335 0.491203 0.871035
vn 0.004091 0.458280 0.888799
vn -0.014652 0.458063 0.888799
vn -0.013540 0.424855 0.905160
vn -0.030904 0.423945 0.905160
vn -0.028365 0.389857 0.920438
vn -0.044285 0.388371 0.920438
vn -0.040182 0.352888 0.934802
vn -0.054580 0.350949 0.934802
vn -0.048729 0.313720 0.948264
vn 0.373561 0.911849 0.170246
vn 0.290750 0.741899 0.604194
vn 0.261788 0.741420 0.617870
vn 0.230909 0.755282 0.613376
vn 0.188237 0.725548 0.661927
vn 0.149879 0.693071 0.705116
vn 0.114656 0.659605 0.742815
vn 0.082596 0.625695 0.775683
vn 0.053639 0.591744 0.804340
vn 0.027677 0.557995 0.829383
vn 0.004579 0.524475 0.851414
vn -0.015758 0.490970 0.871034
vn -0.033375 0.457081 0.888798
vn -0.048216 0.422327 0.905160
vn -0.060130 0.386235 0.920438
vn 0.315897 0.927627 0.199292
vn 0.259773 0.950544 0.170246
vn 0.194834 0.768469 0.609504
vn 0.200580 0.959192 0.199294
vn 0.162924 0.769210 0.617877
vn 0.135216 0.781177 0.609491
vn 0.128315 0.738505 0.661926
vn 0.098007 0.743135 0.661926
vn 0.092738 0.703001 0.705116
vn 0.063913 0.706205 0.705117
vn 0.060369 0.666769 0.742815
vn 0.033053 0.668679 0.742816
vn 0.031188 0.630352 0.775683
vn 0.005383 0.631100 0.775683
vn 0.005102 0.594148 0.804340
vn -0.019201 0.593860 0.804340
vn -0.018016 0.558390 0.829383
vn -0.040836 0.557186 0.829383
vn -0.038296 0.523094 0.851414
vn -0.059656 0.521091 0.851414
vn -0.055827 0.488040 0.871034
vn -0.075739 0.485348 0.871034
vn -0.070616 0.452825 0.888799
vn 0.142114 0.975099 0.170249
vn 0.099431 0.786517 0.609512
vn 0.067535 0.746521 0.661926
vn 0.034978 0.708229 0.705116
vn 0.005678 0.669473 0.742815
vn -0.020431 0.630792 0.775683
vn -0.043470 0.592577 0.804340
vn -0.063588 0.555050 0.829383
vn -0.080916 0.518216 0.851414
vn 0.082274 0.976480 0.199295
vn 0.067538 0.783374 0.617870
vn 0.036949 0.748658 0.661925
vn 0.005986 0.709067 0.705116
vn -0.021705 0.669145 0.742815
vn -0.046210 0.629430 0.775682
vn -0.067667 0.590304 0.804340
vn -0.086233 0.551985 0.829383
vn 0.038709 0.791855 0.609481
vn 0.022348 0.985147 0.170252
vn 0.002540 0.792767 0.609519
vn -0.037256 0.979231 0.199296
vn -0.028863 0.785756 0.617863
vn -0.058382 0.790656 0.609471
vn -0.054973 0.747550 0.661926
vn -0.085496 0.744677 0.661927
vn -0.080856 0.704467 0.705116
vn -0.109598 0.700571 0.705116
vn -0.103452 0.661455 0.742815
vn -0.097753 0.980539 0.170257
vn -0.094390 0.787127 0.609526
vn -0.115880 0.740558 0.661926
vn -0.156228 0.967405 0.199301
vn -0.124833 0.776322 0.617852
vn -0.331828 0.927845 0.170274
vn -0.248496 0.752875 0.609450
vn -0.218927 0.755215 0.617836
vn -0.205660 0.720804 0.661925
vn -0.194531 0.681886 0.705116
vn -0.183643 0.643817 0.742815
vn -0.173088 0.606924 0.775683
vn -0.162921 0.571397 0.804340
vn -0.153153 0.537278 0.829383
vn -0.143742 0.504413 0.851414
vn -0.134582 0.472427 0.871034
vn -0.125514 0.440776 0.888799
vn -0.116366 0.408832 0.905160
vn -0.106958 0.375970 0.920438
vn -0.097129 0.341629 0.934802
vn -0.086765 0.305396 0.948264
vn -0.075819 0.267104 0.960680
vn -0.064031 0.225722 0.972085
vn -0.051664 0.182617 0.981826
vn -0.038570 0.136716 0.989859
vn -0.025859 0.092792 0.995350
vn -0.282564 0.740690 0.609537
vn -0.385463 0.900941 0.199308
vn -0.309731 0.722749 0.617820
vn -0.338670 0.716859 0.609438
vn -0.320328 0.677675 0.661927
vn -0.347773 0.664008 0.661926
vn -0.328971 0.628162 0.705117
vn -0.354386 0.614183 0.705117
vn -0.334573 0.579901 0.742816
vn -0.358009 0.565734 0.742815
vn -0.337463 0.533325 0.775683
vn -0.358993 0.519078 0.775682
vn -0.337944 0.488704 0.804340
vn -0.357647 0.474475 0.804340
vn -0.336255 0.446157 0.829383
vn -0.354219 0.432033 0.829383
vn -0.332513 0.405623 0.851414
vn -0.348822 0.391686 0.851414
vn -0.326660 0.366868 0.871034
vn -0.341390 0.353203 0.871034
vn -0.318474 0.329562 0.888799
vn -0.331686 0.316262 0.888798
vn -0.307602 0.293370 0.905160
vn -0.319343 0.280544 0.905160
vn -0.293627 0.258024 0.920438
vn -0.303934 0.245800 0.920438
vn -0.276124 0.223383 0.934802
vn -0.285028 0.211904 0.934802
vn -0.254748 0.189468 0.948264
vn -0.262284 0.178891 0.948264
vn -0.229346 0.156504 0.960680
vn -0.235555 0.146994 0.960680
vn -0.199030 0.124248 0.972085
vn -0.203944 0.116006 0.972085
vn -0.164898 0.093950 0.981826
vn -0.168602 0.087128 0.981826
vn -0.126150 0.065308 0.989859
vn -0.128715 0.060094 0.989859
vn -0.076810 0.035623 0.996409
vn -0.088723 0.037416 0.995353
vn -0.018757 0.006256 0.999805
vn -0.090294 0.033799 0.995341
vn -0.091635 0.030090 0.995338
vn -0.133195 0.049375 0.989859
vn -0.135103 0.043886 0.989859
vn -0.178000 0.065833 0.981826
vn -0.180543 0.058499 0.981826
vn -0.220117 0.081235 0.972085
vn -0.223255 0.072165 0.972085
vn -0.260500 0.096088 0.960680
vn -0.264212 0.085354 0.960680
vn -0.297890 0.109801 0.948264
vn -0.302131 0.097526 0.948264
vn -0.333274 0.122771 0.934802
vn -0.338016 0.109039 0.934802
vn -0.366814 0.135059 0.920438
vn -0.372030 0.119946 0.920438
vn -0.398911 0.146816 0.905160
vn -0.404581 0.130380 0.905160
vn -0.430112 0.158242 0.888799
vn -0.436224 0.140520 0.888799
vn -0.461030 0.169562 0.871034
vn -0.467578 0.150567 0.871034
vn -0.492273 0.181003 0.851414
vn -0.499264 0.160719 0.851414
vn -0.524374 0.192758 0.829383
vn -0.531818 0.171153 0.829383
vn -0.557697 0.204966 0.804340
vn -0.565613 0.181987 0.804340
vn -0.592395 0.217680 0.775683
vn -0.600802 0.193271 0.775682
vn -0.628425 0.230885 0.742815
vn -0.637341 0.204993 0.742815
vn -0.665601 0.244513 0.705116
vn -0.675043 0.217090 0.705116
vn -0.703604 0.258447 0.661926
vn -0.713585 0.229457 0.661926
vn -0.745085 0.270711 0.609560
vn -0.749738 0.237598 0.617609
vn -0.932638 0.300734 0.199364
vn -0.763845 0.212709 0.609340
vn -0.954504 0.244708 0.170414
vn -0.772590 0.177599 0.609560
vn -0.967418 0.187223 0.170438
vn -0.780075 0.142197 0.609314
vn -0.971513 0.128107 0.199378
vn -0.778458 0.112299 0.617570
vn -0.788505 0.081823 0.609561
vn -0.745316 0.079740 0.661926
vn -0.747953 0.049194 0.661926
vn -0.707561 0.046562 0.705116
vn -0.708874 0.017587 0.705116
vn -0.669290 0.016632 0.742815
vn -0.669410 -0.010753 0.742815
vn -0.631042 -0.010107 0.775683
vn -0.630101 -0.035905 0.775682
vn -0.593209 -0.033769 0.804340
vn -0.591332 -0.058000 0.804340
vn -0.556016 -0.054498 0.829383
vn -0.553322 -0.077191 0.829383
vn -0.519470 -0.072426 0.851414
vn -0.516074 -0.093610 0.851414
vn -0.483343 -0.087627 0.871034
vn -0.479356 -0.107320 0.871034
vn -0.447237 -0.100080 0.888799
vn -0.442770 -0.118286 0.888799
vn -0.410682 -0.109661 0.905160
vn -0.405853 -0.126365 0.905160
vn -0.373232 -0.116152 0.920438
vn -0.368170 -0.131318 0.920438
vn -0.334545 -0.119264 0.934802
vn -0.329388 -0.132845 0.934802
vn -0.294460 -0.118693 0.948264
vn -0.289359 -0.130637 0.948264
vn -0.253088 -0.114191 0.960680
vn -0.248207 -0.124445 0.960680
vn -0.209760 -0.105125 0.972085
vn -0.205286 -0.113614 0.972085
vn -0.166114 -0.091783 0.981826
vn -0.162222 -0.098498 0.981826
vn -0.121477 -0.073636 0.989859
vn -0.118364 -0.078542 0.989859
vn -0.080443 -0.053010 0.995349
vn -0.068669 -0.049529 0.996409
vn -0.020589 -0.011938 0.999717
vn -0.021584 -0.019420 0.999578
vn -0.075850 -0.059413 0.995348
vn -0.073424 -0.062523 0.995339
vn -0.111549 -0.087953 0.989859
vn -0.107859 -0.092441 0.989859
vn -0.148944 -0.117616 0.981826
vn -0.144010 -0.123608 0.981826
vn -0.184037 -0.145537 0.972085
vn -0.177931 -0.152942 0.972085
vn -0.217757 -0.172264 0.960680
vn -0.210530 -0.181025 0.960680
vn -0.248945 -0.197030 0.948264
vn -0.240680 -0.207046 0.948264
vn -0.278455 -0.220471 0.934802
vn -0.269205 -0.231674 0.934802
vn -0.306421 -0.242693 0.920438
vn -0.296239 -0.255021 0.920438
vn -0.333181 -0.263961 0.905160
vn -0.322107 -0.277366 0.905160
vn -0.359191 -0.284638 0.888799
vn -0.347250 -0.299089 0.888799
vn -0.384964 -0.305127 0.871034
vn -0.372164 -0.320614 0.871034
vn -0.411009 -0.325831 0.851414
vn -0.397341 -0.342367 0.851414
vn -0.437771 -0.347103 0.829383
vn -0.423210 -0.364715 0.829383
vn -0.465554 -0.369184 0.804340
vn -0.450068 -0.387913 0.804340
vn -0.494487 -0.392172 0.775683
vn -0.478036 -0.412066 0.775683
vn -0.524533 -0.416042 0.742815
vn -0.507080 -0.437144 0.742815
vn -0.555537 -0.440669 0.705116
vn -0.537051 -0.463020 0.705116
vn -0.587233 -0.465844 0.661926
vn -0.567691 -0.489469 0.661927
vn -0.617721 -0.497021 0.609419
vn -0.593364 -0.515985 0.617801
vn -0.734466 -0.648716 0.199314
vn -0.577636 -0.542947 0.609545
vn -0.696914 -0.696645 0.170285
vn -0.552323 -0.568799 0.609432
vn -0.649999 -0.733333 0.199309
vn -0.525730 -0.584726 0.617822
vn -0.506935 -0.609489 0.609541
vn -0.480376 -0.575406 0.661926
vn -0.456444 -0.594570 0.661926
vn -0.431814 -0.562448 0.705116
vn -0.408452 -0.579636 0.705116
vn -0.385666 -0.547255 0.742815
vn -0.362964 -0.562568 0.742815
vn -0.342185 -0.530308 0.775683
vn -0.320212 -0.543857 0.775683
vn -0.301492 -0.511996 0.804340
vn -0.280302 -0.523898 0.804340
vn -0.263593 -0.492587 0.829383
vn -0.243228 -0.502955 0.829383
vn -0.228382 -0.472161 0.851414
vn -0.208882 -0.481106 0.851414
vn -0.195673 -0.450568 0.871034
vn -0.177082 -0.458193 0.871034
vn -0.165258 -0.427466 0.888799
vn -0.147638 -0.433867 0.888799
vn -0.136982 -0.402394 0.905160
vn -0.120412 -0.407659 0.905160
vn -0.110780 -0.374862 0.920438
vn -0.095357 -0.379078 0.920438
vn -0.086698 -0.344424 0.934802
vn -0.072540 -0.347682 0.934802
vn -0.064902 -0.310777 0.948264
vn -0.052139 -0.313171 0.948264
vn -0.045662 -0.273876 0.960680
vn -0.034424 -0.275514 0.960680
vn -0.029128 -0.232814 0.972085
vn -0.019584 -0.233810 0.972085
vn -0.015974 -0.189110 0.981826
vn -0.018262 -0.192816 0.981065
vn -0.016993 -0.145515 0.989210
vn -0.442319 0.880544 0.170285
vn -0.370988 0.700590 0.609542
vn -0.374638 0.649230 0.661926
vn -0.379206 0.599177 0.705116
vn -0.380845 0.550620 0.742816
vn -0.379919 0.503963 0.775682
vn -0.376751 0.459452 0.804340
vn -0.371591 0.417186 0.829383
vn -0.364548 0.377093 0.851414
vn -0.355549 0.338946 0.871034
vn -0.344342 0.302433 0.888798
vn -0.330548 0.267250 0.905160
vn -0.313731 0.233166 0.920438
vn -0.293455 0.200071 0.934802
vn -0.269379 0.168016 0.948264
vn -0.241368 0.137239 0.960680
vn -0.208518 0.107568 0.972085
vn -0.172024 0.080159 0.981826
vn -0.131065 0.054780 0.989859
vn -0.492313 0.847291 0.199313
vn -0.395884 0.679412 0.617799
vn -0.400874 0.633367 0.661926
vn -0.403392 0.583169 0.705117
vn -0.403044 0.534585 0.742815
vn -0.400211 0.488004 0.775682
vn -0.395226 0.443660 0.804339
vn -0.388341 0.401641 0.829383
vn -0.379665 0.361869 0.851414
vn -0.369113 0.324122 0.871034
vn -0.356421 0.288099 0.888799
vn -0.341201 0.253509 0.905160
vn -0.323004 0.220141 0.920438
vn -0.301391 0.187903 0.934803
vn -0.276025 0.156859 0.948264
vn -0.246779 0.127253 0.960680
vn -0.212743 0.098950 0.972085
vn -0.175159 0.073058 0.981826
vn -0.423768 0.670091 0.609425
vn -0.546228 0.820143 0.170298
vn -0.453847 0.649982 0.609546
vn -0.591832 0.781029 0.199320
vn -0.476085 0.625858 0.617774
vn -0.502510 0.613270 0.609413
vn -0.475391 0.579532 0.661926
vn -0.498692 0.559607 0.661926
vn -0.471744 0.529404 0.705116
vn -0.493000 0.509669 0.705116
vn -0.465451 0.481228 0.742815
vn -0.484742 0.461791 0.742815
vn -0.456937 0.435344 0.775683
vn -0.474359 0.416293 0.775683
vn -0.446562 0.391944 0.804340
vn -0.462217 0.373354 0.804340
vn -0.434585 0.351084 0.829383
vn -0.448579 0.333017 0.829383
vn -0.421106 0.312673 0.851414
vn -0.433540 0.295191 0.851414
vn -0.406012 0.276502 0.871034
vn -0.416980 0.259666 0.871034
vn -0.389007 0.242302 0.888799
vn -0.398591 0.226191 0.888799
vn -0.369667 0.209836 0.905160
vn -0.377939 0.194543 0.905160
vn -0.347522 0.178946 0.920438
vn -0.354549 0.164584 0.920438
vn -0.322126 0.149596 0.934802
vn -0.327974 0.136298 0.934803
vn -0.293151 0.121891 0.948264
vn -0.642009 0.747541 0.170313
vn -0.529896 0.589625 0.609551
vn -0.521161 0.538745 0.661926
vn -0.513431 0.489081 0.705116
vn -0.503222 0.441581 0.742815
vn -0.490986 0.396547 0.775683
vn -0.477098 0.354140 0.804340
vn -0.461823 0.314394 0.829383
vn -0.445250 0.277214 0.851414
vn -0.427251 0.242396 0.871034
vn -0.407508 0.209702 0.888798
vn -0.385579 0.178924 0.905160
vn -0.360984 0.149947 0.920438
vn -0.682540 0.703142 0.199328
vn -0.549130 0.562888 0.617748
vn -0.542756 0.516982 0.661926
vn -0.533001 0.467676 0.705117
vn -0.520858 0.420633 0.742815
vn -0.506791 0.376136 0.775683
vn -0.491181 0.334333 0.804340
vn -0.474293 0.295245 0.829383
vn -0.456213 0.258774 0.851414
vn -0.436806 0.224722 0.871034
vn -0.415742 0.192862 0.888799
vn -0.392574 0.163006 0.905160
vn -0.573716 0.547249 0.609400
vn -0.728240 0.663818 0.170329
vn -0.597998 0.520425 0.609554
vn -0.763088 0.614786 0.199335
vn -0.613924 0.491450 0.617717
vn -0.636321 0.473017 0.609385
vn -0.601959 0.446654 0.661925
vn -0.619721 0.421664 0.661925
vn -0.586241 0.398913 0.705117
vn -0.602064 0.374606 0.705117
vn -0.568431 0.353711 0.742815
vn -0.582421 0.330169 0.742816
vn -0.549024 0.311271 0.775683
vn -0.561294 0.288558 0.775683
vn -0.528414 0.271692 0.804340
vn -0.539082 0.249856 0.804340
vn -0.506868 0.234966 0.829383
vn -0.516052 0.214041 0.829383
vn -0.484459 0.200982 0.851414
vn -0.803637 0.570219 0.170349
vn -0.657130 0.443420 0.609556
vn -0.636446 0.395968 0.661926
vn -0.616880 0.349670 0.705117
vn -0.595436 0.306075 0.742815
vn -0.572624 0.265363 0.775683
vn -0.548849 0.227601 0.804340
vn -0.832276 0.517280 0.199344
vn -0.669487 0.412619 0.617684
vn -0.652106 0.369609 0.661926
vn -0.630663 0.324151 0.705117
vn -0.607454 0.281469 0.742815
vn -0.582997 0.241724 0.775683
vn -0.689381 0.391690 0.609370
vn -0.867076 0.468139 0.170368
vn -0.706406 0.359763 0.609558
vn -0.889075 0.412073 0.199354
vn -0.714987 0.327574 0.617648
vn -0.732103 0.304485 0.609355
vn -0.692447 0.287005 0.661926
vn -0.917616 0.359095 0.170390
vn -0.983020 0.068053 0.170413
vn -0.791594 0.045771 0.609331
vn -0.749339 0.018566 0.661926
vn -0.708999 -0.011417 0.705117
vn -0.668410 -0.038119 0.742816
vn -0.628106 -0.061642 0.775683
vn -0.588465 -0.082133 0.804340
vn -0.549703 -0.099754 0.829383
vn -0.511814 -0.114636 0.851414
vn -0.474566 -0.126833 0.871034
vn -0.437563 -0.136294 0.888799
vn -0.400346 -0.142856 0.905160
vn -0.362492 -0.146264 0.920438
vn -0.323679 -0.146205 0.934802
vn -0.283775 -0.142361 0.948264
vn -0.242910 -0.134491 0.960680
vn -0.200468 -0.121914 0.972085
vn -0.158058 -0.105050 0.981826
vn -0.115053 -0.083317 0.989859
vn -0.979885 0.008840 0.199366
vn -0.786317 0.016164 0.617612
vn -0.749472 -0.012095 0.661925
vn -0.707940 -0.040402 0.705116
vn -0.666292 -0.065422 0.742815
vn -0.625059 -0.087277 0.775683
vn -0.584614 -0.106130 0.804340
vn -0.545163 -0.122150 0.829383
vn -0.506697 -0.135470 0.851414
vn -0.468982 -0.146134 0.871034
vn -0.431623 -0.154074 0.888799
vn -0.394169 -0.159108 0.905160
vn -0.356207 -0.160966 0.920438
vn -0.317430 -0.159320 0.934802
vn -0.277716 -0.153846 0.948264
vn -0.237207 -0.144312 0.960680
vn -0.195315 -0.130011 0.972085
vn -0.153630 -0.111426 0.981826
vn -0.792595 -0.015181 0.609560
vn -0.983997 -0.052129 0.170389
vn -0.791240 -0.051338 0.609347
vn -0.973671 -0.110556 0.199355
vn -0.782351 -0.080209 0.617652
vn -0.784795 -0.111957 0.609559
vn -0.742355 -0.103747 0.661926
vn -0.737491 -0.134018 0.661926
vn -0.697670 -0.126758 0.705116
vn -0.691903 -0.155182 0.705117
vn -0.653273 -0.146491 0.742815
vn -0.646736 -0.173084 0.742815
vn -0.609675 -0.163135 0.775682
vn -0.602494 -0.187931 0.775682
vn -0.567226 -0.176895 0.804340
vn -0.559518 -0.199943 0.804340
vn -0.526111 -0.187965 0.829383
vn -0.517984 -0.209323 0.829383
vn -0.486304 -0.196476 0.851414
vn -0.477862 -0.216199 0.851414
vn -0.447566 -0.202444 0.871034
vn -0.438913 -0.220577 0.871034
vn -0.409516 -0.205751 0.888799
vn -0.400760 -0.222326 0.888799
vn -0.371728 -0.206163 0.905160
vn -0.362986 -0.221192 0.905160
vn -0.333824 -0.203359 0.920438
vn -0.325228 -0.216841 0.920438
vn -0.295540 -0.196978 0.934802
vn -0.287237 -0.208900 0.934802
vn -0.256795 -0.186685 0.948264
vn -0.970335 -0.171537 0.170367
vn -0.779018 -0.147675 0.609362
vn -0.731394 -0.164066 0.661926
vn -0.684978 -0.183348 0.705116
vn -0.639117 -0.199387 0.742815
vn -0.594304 -0.212412 0.775683
vn -0.550873 -0.222658 0.804340
vn -0.508991 -0.230331 0.829383
vn -0.468621 -0.235561 0.851414
vn -0.429526 -0.238342 0.871034
vn -0.391333 -0.238529 0.888799
vn -0.353637 -0.235851 0.905160
vn -0.316089 -0.229959 0.920438
vn -0.952962 -0.228309 0.199346
vn -0.766621 -0.175367 0.617688
vn -0.724072 -0.193839 0.661926
vn -0.676907 -0.211206 0.705116
vn -0.630428 -0.225357 0.742815
vn -0.585121 -0.236538 0.775683
vn -0.541307 -0.244999 0.804340
vn -0.499145 -0.250954 0.829383
vn -0.458596 -0.254528 0.851414
vn -0.419419 -0.255708 0.871034
vn -0.381250 -0.254333 0.888799
vn -0.343696 -0.250116 0.905160
vn -0.765224 -0.207053 0.609558
vn -0.942237 -0.288394 0.170347
vn -0.755113 -0.241794 0.609377
vn -0.918067 -0.342663 0.199336
vn -0.739364 -0.267882 0.617721
vn -0.734176 -0.299045 0.609555
vn -0.694899 -0.281015 0.661926
vn -0.682826 -0.309197 0.661926
vn -0.645962 -0.292478 0.705116
vn -0.633461 -0.318651 0.705116
vn -0.598101 -0.300833 0.742815
vn -0.585298 -0.325042 0.742815
vn -0.551765 -0.306385 0.775683
vn -0.538774 -0.328693 0.775682
vn -0.507245 -0.309418 0.804340
vn -0.494168 -0.329903 0.804340
vn -0.464672 -0.310166 0.829383
vn -0.451599 -0.328910 0.829383
vn -0.423990 -0.308751 0.851414
vn -0.900121 -0.400961 0.170329
vn -0.719881 -0.332284 0.609392
vn -0.669610 -0.336863 0.661926
vn -0.619900 -0.344289 0.705117
vn -0.571516 -0.348704 0.742815
vn -0.524882 -0.350451 0.775682
vn -0.480263 -0.349837 0.804340
vn -0.869505 -0.451916 0.199329
vn -0.700992 -0.356362 0.617751
vn -0.655274 -0.363964 0.661926
vn -0.605302 -0.369352 0.705117
vn -0.556778 -0.371785 0.742816
vn -0.510111 -0.371622 0.775683
vn -0.692115 -0.386551 0.609553
vn -0.844613 -0.507565 0.170313
vn -0.673854 -0.417787 0.609406
vn -0.808000 -0.554444 0.199321
vn -0.652080 -0.439480 0.617778
vn -0.639673 -0.468261 0.609549
vn -0.605793 -0.441440 0.661926
vn -0.776540 -0.606617 0.170298
vn -0.606919 -0.776309 0.170274
vn -0.478643 -0.632043 0.609444
vn -0.431747 -0.612738 0.661926
vn -0.384406 -0.595855 0.705116
vn -0.339654 -0.576941 0.742815
vn -0.297703 -0.556497 0.775683
vn -0.258643 -0.534922 0.804340
vn -0.222456 -0.512481 0.829383
vn -0.189032 -0.489246 0.851414
vn -0.158196 -0.465052 0.871034
vn -0.129772 -0.439541 0.888799
vn -0.103640 -0.412242 0.905160
vn -0.079775 -0.382661 0.920438
vn -0.058262 -0.350357 0.934802
vn -0.039288 -0.315041 0.948264
vn -0.023129 -0.276691 0.960680
vn -0.016836 -0.237313 0.971287
vn -0.555856 -0.807033 0.199304
vn -0.450191 -0.644673 0.617839
vn -0.406328 -0.629882 0.661926
vn -0.359717 -0.611076 0.705116
vn -0.315776 -0.590348 0.742815
vn -0.274697 -0.568206 0.775683
vn -0.236551 -0.545052 0.804340
vn -0.201312 -0.521150 0.829383
vn -0.168867 -0.496567 0.851414
vn -0.139046 -0.471132 0.871034
vn -0.111689 -0.444480 0.888799
vn -0.086695 -0.416136 0.905160
vn -0.064060 -0.385603 0.920438
vn -0.043886 -0.352446 0.934802
vn -0.026372 -0.316385 0.948264
vn -0.017190 -0.279090 0.960111
vn -0.428629 -0.666891 0.609536
vn -0.507895 -0.844424 0.170265
vn -0.397786 -0.685807 0.609455
vn -0.453437 -0.868720 0.199301
vn -0.367886 -0.694923 0.617853
vn -0.343893 -0.714290 0.609530
vn -0.326168 -0.674884 0.661926
vn -0.298296 -0.687658 0.661926
vn -0.282210 -0.650514 0.705116
vn -0.255371 -0.661511 0.705116
vn -0.241137 -0.624563 0.742815
vn -0.215393 -0.633902 0.742815
vn -0.203076 -0.597559 0.775683
vn -0.178469 -0.605364 0.775683
vn -0.168051 -0.569909 0.804340
vn -0.144605 -0.576305 0.804340
vn -0.136004 -0.541874 0.829383
vn -0.113730 -0.546982 0.829383
vn -0.106811 -0.513504 0.851414
vn -0.085722 -0.517442 0.851414
vn -0.080329 -0.484610 0.871034
vn -0.060444 -0.487489 0.871034
vn -0.056439 -0.454810 0.888798
vn -0.037793 -0.456737 0.888799
vn -0.035103 -0.423619 0.905160
vn -0.016678 -0.428996 0.903153
vn -0.015621 -0.393157 0.919338
vn -0.401313 -0.899978 0.170258
vn -0.310964 -0.729282 0.609466
vn -0.269925 -0.699282 0.661926
vn -0.228105 -0.671401 0.705116
vn -0.189290 -0.642180 0.742815
vn -0.153564 -0.612156 0.775683
vn -0.120916 -0.581736 0.804340
vn -0.091267 -0.551175 0.829383
vn -0.064491 -0.520514 0.851414
vn -0.040458 -0.489553 0.871034
vn -0.021856 -0.461325 0.886962
vn -0.344269 -0.917474 0.199297
vn -0.280050 -0.734722 0.617864
vn -0.241102 -0.709735 0.661926
vn -0.200457 -0.680167 0.705116
vn -0.162870 -0.649384 0.742815
vn -0.128401 -0.617923 0.775683
vn -0.097025 -0.586194 0.804340
vn -0.068651 -0.554446 0.829383
vn -0.043150 -0.522717 0.851414
vn -0.022637 -0.494329 0.868980
vn -0.253999 -0.750977 0.609523
vn -0.288763 -0.942141 0.170252
vn -0.219480 -0.761818 0.609476
vn -0.229976 -0.952572 0.199295
vn -0.188005 -0.763471 0.617872
vn -0.160292 -0.776400 0.609516
vn -0.152409 -0.733911 0.661926
vn -0.122269 -0.739530 0.661926
vn -0.115691 -0.699590 0.705116
vn -0.086984 -0.703737 0.705116
vn -0.082153 -0.664437 0.742815
vn -0.054912 -0.667241 0.742815
vn -0.051795 -0.628994 0.775683
vn -0.027980 -0.633098 0.773565
vn -0.027583 -0.596663 0.802018
vn -0.171916 -0.970289 0.170248
vn -0.124705 -0.782927 0.609486
vn -0.091924 -0.743911 0.661926
vn -0.058132 -0.706705 0.705116
vn -0.030616 -0.671746 0.740149
vn -0.112259 -0.973488 0.199294
vn -0.093133 -0.780739 0.617877
vn -0.061425 -0.747048 0.661926
vn -0.030952 -0.710343 0.703174
vn -0.064181 -0.790177 0.609509
vn -0.052510 -0.984001 0.170247
vn -0.031785 -0.795696 0.604861
vn -0.032669 -0.752972 0.657241
vn -0.025192 -0.561224 0.827280
vn -0.024675 -0.527184 0.849393
vn -0.013627 -0.355712 0.934496
vn -0.017483 -0.319346 0.947477
vn -0.021524 -0.098577 0.994897
vn -0.008480 -0.095902 0.995355
vn -0.012061 -0.141539 0.989859
vn -0.017839 -0.140928 0.989859
vn -0.023694 -0.188299 0.981826
vn -0.031375 -0.187172 0.981826
vn -0.038625 -0.231427 0.972085
vn -0.048057 -0.229654 0.972085
vn -0.056825 -0.271779 0.960680
vn -0.067891 -0.269228 0.960680
vn -0.077557 -0.307863 0.948264
vn -0.090083 -0.304433 0.948264
vn -0.100711 -0.340590 0.934802
vn -0.114556 -0.336186 0.934803
vn -0.126017 -0.370018 0.920438
vn -0.141044 -0.364554 0.920438
vn -0.153324 -0.396455 0.905160
vn -0.169408 -0.389853 0.905160
vn -0.182601 -0.420350 0.888799
vn -0.199638 -0.412531 0.888799
vn -0.213934 -0.442190 0.871034
vn -0.231838 -0.433071 0.871034
vn -0.247500 -0.462427 0.851414
vn -0.266203 -0.451919 0.851414
vn -0.283516 -0.481396 0.829383
vn -0.302966 -0.469399 0.829383
vn -0.322177 -0.499239 0.804340
vn -0.342325 -0.485645 0.804340
vn -0.363585 -0.515870 0.775683
vn -0.384378 -0.500569 0.775683
vn -0.407723 -0.531025 0.742815
vn -0.429098 -0.513907 0.742815
vn -0.454454 -0.544318 0.705116
vn -0.476334 -0.525278 0.705116
vn -0.503506 -0.555280 0.661926
vn -0.525793 -0.534225 0.661926
vn -0.010344 -0.084035 0.996409
vn -0.012835 -0.058366 0.998213
vn -0.016309 -0.095006 0.995343
vn -0.020192 -0.094312 0.995338
vn -0.029296 -0.138999 0.989859
vn -0.034955 -0.137684 0.989859
vn -0.046565 -0.183983 0.981826
vn -0.054051 -0.181924 0.981826
vn -0.066664 -0.224959 0.972085
vn -0.075808 -0.222044 0.972085
vn -0.089666 -0.262780 0.960680
vn -0.100337 -0.258893 0.960680
vn -0.114660 -0.296054 0.948264
vn -0.126671 -0.291117 0.948264
vn -0.141645 -0.325701 0.934802
vn -0.154846 -0.319636 0.934802
vn -0.170363 -0.351809 0.920438
vn -0.184608 -0.344548 0.920438
vn -0.200700 -0.374706 0.905160
vn -0.215856 -0.366185 0.905160
vn -0.232683 -0.394836 0.888799
vn -0.248635 -0.384991 0.888798
vn -0.266454 -0.412676 0.871034
vn -0.283107 -0.401434 0.871034
vn -0.302244 -0.428652 0.851414
vn -0.319521 -0.415934 0.851414
vn -0.340312 -0.443071 0.829383
vn -0.358147 -0.428783 0.829383
vn -0.380867 -0.456046 0.804340
vn -0.399198 -0.440089 0.804340
vn -0.423999 -0.467484 0.775683
vn -0.442762 -0.449753 0.775683
vn -0.469660 -0.477121 0.742815
vn -0.488779 -0.457516 0.742815
vn -0.517667 -0.484594 0.705116
vn -0.019955 -0.044246 0.998821
vn -0.027304 -0.080145 0.996409
vn -0.027788 -0.092200 0.995353
vn -0.024024 -0.093375 0.995341
vn -0.040557 -0.136139 0.989859
vn -0.021956 -0.030056 0.999307
vn -0.043109 -0.072870 0.996409
vn -0.045945 -0.084651 0.995351
vn -0.042492 -0.086557 0.995340
vn -0.067363 -0.125065 0.989859
vn -0.062193 -0.127714 0.989859
vn -0.089874 -0.167154 0.981826
vn -0.082964 -0.170690 0.981826
vn -0.110966 -0.206730 0.972085
vn -0.102418 -0.211095 0.972085
vn -0.131274 -0.244663 0.960680
vn -0.121158 -0.249828 0.960680
vn -0.150038 -0.279792 0.948264
vn -0.138470 -0.285693 0.948264
vn -0.167788 -0.313036 0.934802
vn -0.057095 -0.062519 0.996409
vn -0.062191 -0.073568 0.995349
vn -0.059191 -0.076128 0.995340
vn -0.091360 -0.108776 0.989859
vn -0.086835 -0.112421 0.989859
vn -0.121951 -0.145416 0.981826
vn -0.115903 -0.150281 0.981826
vn -0.150641 -0.179883 0.972085
vn -0.143159 -0.185893 0.972085
vn -0.178231 -0.212901 0.960680
vn -0.169375 -0.220012 0.960680
vn -0.203739 -0.243486 0.948264
vn -0.193610 -0.251614 0.948264
vn -0.227871 -0.272432 0.934802
vn -0.216539 -0.281523 0.934802
vn -0.250741 -0.299871 0.920438
vn -0.238268 -0.309874 0.920438
vn -0.272623 -0.326131 0.905160
vn -0.259058 -0.337008 0.905160
vn -0.293892 -0.351660 0.888799
vn -0.279265 -0.363384 0.888799
vn -0.314966 -0.376956 0.871034
vn -0.299287 -0.389521 0.871034
vn -0.336263 -0.402519 0.851414
vn -0.019670 -0.006480 0.999786
vn -0.077345 -0.034446 0.996409
vn -0.086350 -0.042776 0.995346
vn -0.084597 -0.046309 0.995339
vn -0.127088 -0.063463 0.989859
vn -0.124386 -0.068607 0.989859
vn -0.169729 -0.084912 0.981826
vn -0.019054 -0.002124 0.999816
vn -0.082754 -0.017909 0.996409
vn -0.093252 -0.024350 0.995345
vn -0.092243 -0.028163 0.995338
vn -0.137329 -0.036328 0.989859
vn -0.135728 -0.041913 0.989859
vn -0.183437 -0.048669 0.981826
vn -0.181293 -0.056130 0.981826
vn -0.226740 -0.060329 0.972085
vn -0.224083 -0.069552 0.972085
vn -0.268309 -0.071439 0.960680
vn -0.265163 -0.082351 0.960680
vn -0.306774 -0.081757 0.948264
vn -0.303174 -0.094234 0.948264
vn -0.343172 -0.091526 0.934803
vn -0.339142 -0.105484 0.934803
vn -0.377670 -0.100791 0.920438
vn -0.019931 0.002111 0.999799
vn -0.084670 -0.000615 0.996409
vn -0.096266 -0.004903 0.995344
vn -0.096042 -0.008841 0.995338
vn -0.141845 -0.007678 0.989859
vn -0.141412 -0.013472 0.989859
vn -0.189499 -0.010397 0.981826
vn -0.188915 -0.018139 0.981826
vn -0.234267 -0.013020 0.972085
vn -0.233539 -0.022588 0.972085
vn -0.277226 -0.015454 0.960680
vn -0.276362 -0.026778 0.960680
vn -0.316986 -0.017744 0.948264
vn -0.315995 -0.030692 0.948264
vn -0.354609 -0.019918 0.934802
vn -0.353498 -0.034402 0.934802
vn -0.390269 -0.021983 0.920438
vn -0.389044 -0.037925 0.920438
vn -0.424395 -0.023964 0.905160
vn -0.423060 -0.041299 0.905160
vn -0.457566 -0.025891 0.888799
vn -0.456124 -0.044581 0.888799
vn -0.490435 -0.027802 0.871034
vn -0.488888 -0.047834 0.871034
vn -0.523651 -0.029732 0.851414
vn -0.521997 -0.051122 0.851414
vn -0.557779 -0.031714 0.829383
vn -0.082472 0.019171 0.996409
vn -0.094453 0.018612 0.995355
vn -0.095267 0.014754 0.995342
vn -0.139459 0.027018 0.989859
vn -0.140448 0.021292 0.989859
vn -0.186346 0.035959 0.981826
vn -0.187661 0.028309 0.981826
vn -0.230410 0.044293 0.972085
vn -0.232028 0.034834 0.972085
vn -0.272673 0.052370 0.960680
vn -0.274587 0.041174 0.960680
vn -0.311797 0.059809 0.948264
vn -0.313982 0.047008 0.948264
vn -0.348822 0.066842 0.934802
vn -0.351263 0.052521 0.934802
vn -0.383915 0.073503 0.920438
vn -0.386599 0.057742 0.920438
vn -0.417498 0.079874 0.905160
vn -0.420416 0.062734 0.905160
vn -0.450145 0.086064 0.888798
vn -0.453287 0.067584 0.888799
vn -0.482492 0.092197 0.871034
vn -0.485859 0.072389 0.871034
vn -0.515182 0.098396 0.851414
vn -0.518775 0.077245 0.851414
vn -0.548769 0.104766 0.829383
vn -0.552595 0.082236 0.829383
vn -0.583637 0.111382 0.804340
vn -0.587703 0.087421 0.804340
vn -0.619942 0.118274 0.775683
vn -0.624260 0.092822 0.775682
vn -0.657642 0.125434 0.742815
vn -0.662221 0.098435 0.742815
vn -0.696540 0.132824 0.705117
vn -0.701389 0.104229 0.705117
vn -0.736306 0.140381 0.661927
vn -0.741431 0.110152 0.661926
vn -0.019018 0.011121 0.999757
vn -0.085455 0.044586 0.995344
vn -0.123374 0.070412 0.989859
vn -0.160918 0.100614 0.981826
vn -0.193782 0.132284 0.972085
vn -0.222754 0.165752 0.960680
vn -0.246787 0.199727 0.948264
vn -0.266758 0.234488 0.934802
vn -0.282829 0.269817 0.920438
vn -0.295348 0.305703 0.905160
vn -0.304731 0.342310 0.888799
vn -0.311384 0.379919 0.871034
vn -0.315646 0.418882 0.851414
vn -0.317728 0.459535 0.829383
vn -0.317675 0.502115 0.804340
vn -0.315371 0.546679 0.775683
vn -0.310579 0.593099 0.742815
vn -0.303008 0.641090 0.705116
vn -0.292347 0.690208 0.661927
vn -0.019338 0.017529 0.999659
vn -0.067905 0.050571 0.996409
vn -0.079291 0.054667 0.995351
vn -0.081555 0.051438 0.995341
vn -0.117207 0.080258 0.989859
vn -0.120391 0.075398 0.989859
vn -0.156669 0.107111 0.981826
vn -0.019199 0.026487 0.999465
vn -0.056134 0.063384 0.996409
vn -0.066546 0.069646 0.995350
vn -0.069413 0.066937 0.995340
vn -0.098462 0.102391 0.989859
vn -0.102568 0.098278 0.989859
vn -0.131648 0.136699 0.981826
vn -0.137128 0.131201 0.981826
vn -0.162875 0.168885 0.972085
vn -0.169646 0.162083 0.972085
vn -0.192778 0.199824 0.960680
vn -0.200789 0.191773 0.960680
vn -0.220482 0.228434 0.948264
vn -0.229640 0.219226 0.948264
vn -0.246703 0.255504 0.934802
vn -0.256945 0.245201 0.934802
vn -0.271559 0.281157 0.920438
vn -0.017355 0.038863 0.999094
vn -0.041992 0.073520 0.996409
vn -0.051023 0.081724 0.995348
vn -0.054374 0.079645 0.995339
vn -0.075614 0.120255 0.989859
vn -0.080469 0.117062 0.989859
vn -0.101140 0.160588 0.981826
vn -0.107623 0.156318 0.981826
vn -0.125178 0.198447 0.972085
vn -0.133190 0.193161 0.972085
vn -0.148174 0.234814 0.960680
vn -0.157653 0.228558 0.960680
vn -0.169490 0.268455 0.948264
vn -0.180326 0.261299 0.948264
vn -0.189666 0.300285 0.934802
vn -0.201787 0.292278 0.934802
vn -0.208793 0.330452 0.920438
vn -0.222132 0.321637 0.920438
vn -0.227101 0.359319 0.905160
vn -0.241604 0.349731 0.905160
vn -0.244900 0.387377 0.888799
vn -0.260537 0.377039 0.888798
vn -0.262537 0.415179 0.871034
vn -0.279296 0.404096 0.871034
vn -0.280360 0.443275 0.851414
vn -0.298252 0.431439 0.851414
vn -0.298670 0.472144 0.829383
vn -0.026078 0.080552 0.996409
vn -0.033365 0.090399 0.995347
vn -0.037066 0.089034 0.995339
vn -0.049613 0.133107 0.989859
vn -0.055015 0.130966 0.989859
vn -0.066415 0.177783 0.981826
vn -0.073630 0.174919 0.981826
vn -0.082263 0.219735 0.972085
vn -0.091180 0.216187 0.972085
vn -0.097394 0.260014 0.960680
vn -0.107945 0.255814 0.960680
vn -0.111432 0.297284 0.948264
vn -0.123496 0.292478 0.948264
vn -0.124722 0.332549 0.934802
vn -0.138217 0.327170 0.934803
vn -0.137323 0.365972 0.920438
vn -0.152176 0.360050 0.920438
vn -0.149388 0.397955 0.905160
vn -0.165538 0.391513 0.905160
vn -0.161117 0.429044 0.888798
vn -0.178526 0.422096 0.888799
vn -0.172738 0.459848 0.871034
vn -0.191397 0.452400 0.871035
vn -0.184483 0.490979 0.851414
vn -0.204407 0.483024 0.851414
vn -0.196549 0.522965 0.829383
vn -0.217770 0.514490 0.829383
vn -0.209072 0.556171 0.804340
vn -0.231640 0.547157 0.804339
vn -0.222107 0.590749 0.775683
vn -0.246080 0.581172 0.775683
vn -0.235642 0.626657 0.742815
vn -0.261071 0.616496 0.742815
vn -0.249605 0.663708 0.705116
vn -0.276538 0.652945 0.705116
vn -0.263876 0.701586 0.661926
vn -0.000348 0.062792 0.998027
vn -0.006471 0.096092 0.995351
vn -0.004194 0.141990 0.989859
vn 0.002019 0.189773 0.981826
vn 0.011922 0.234325 0.972085
vn 0.025391 0.276493 0.960680
vn 0.041865 0.314709 0.948264
vn 0.061127 0.349868 0.934802
vn 0.082904 0.381995 0.920438
vn 0.107009 0.411381 0.905160
vn 0.131409 0.433170 0.891681
vn 0.150540 0.432874 0.888796
vn 0.170407 0.431196 0.886020
vn 0.199351 0.448953 0.871034
vn 0.232236 0.470278 0.851414
vn 0.267614 0.490415 0.829383
vn 0.305670 0.509513 0.804339
vn 0.346512 0.527491 0.775682
vn 0.390130 0.544080 0.742816
vn 0.436402 0.558896 0.705116
vn 0.485068 0.571456 0.661926
vn 0.011971 0.058550 0.998213
vn 0.008339 0.084260 0.996409
vn 0.005344 0.096239 0.995344
vn 0.001405 0.096438 0.995338
vn 0.007423 0.141858 0.989859
vn 0.001616 0.142043 0.989859
vn 0.009778 0.189532 0.981826
vn 0.020100 0.045244 0.998774
vn 0.023330 0.075042 0.996907
vn 0.024783 0.093159 0.995343
vn 0.020963 0.094143 0.995338
vn 0.036081 0.137393 0.989859
vn 0.030433 0.138754 0.989859
vn 0.048070 0.183595 0.981826
vn 0.040521 0.185408 0.981826
vn 0.059268 0.227020 0.972085
vn 0.049935 0.229253 0.972085
vn 0.070091 0.268664 0.960680
vn 0.059046 0.271305 0.960680
vn 0.080073 0.307218 0.948264
vn 0.067443 0.310235 0.948264
vn 0.089514 0.343703 0.934802
vn 0.075383 0.347076 0.934802
vn 0.098455 0.378286 0.920438
vn 0.022067 0.029975 0.999307
vn 0.043544 0.072614 0.996409
vn 0.046620 0.084244 0.995354
vn 0.043192 0.086193 0.995342
vn 0.068384 0.124509 0.989859
vn 0.063234 0.127202 0.989859
vn 0.091238 0.166414 0.981826
vn 0.084356 0.170006 0.981826
vn 0.112652 0.205815 0.972085
vn 0.104142 0.210250 0.972085
vn 0.133270 0.243582 0.960680
vn 0.123198 0.248828 0.960680
vn 0.152322 0.278555 0.948264
vn 0.140803 0.284551 0.948264
vn 0.170344 0.311652 0.934803
vn 0.157456 0.318358 0.934802
vn 0.187421 0.343026 0.920438
vn 0.173235 0.350404 0.920438
vn 0.203759 0.373051 0.905160
vn 0.188333 0.381071 0.905160
vn 0.219640 0.402238 0.888799
vn 0.203006 0.410885 0.888798
vn 0.235373 0.431160 0.871034
vn 0.217544 0.440424 0.871034
vn 0.251275 0.460386 0.851414
vn 0.057467 0.062179 0.996409
vn 0.062772 0.073034 0.995352
vn 0.059804 0.075631 0.995341
vn 0.092247 0.108025 0.989859
vn 0.087752 0.111707 0.989859
vn 0.123137 0.144413 0.981826
vn 0.117128 0.149328 0.981826
vn 0.152108 0.178644 0.972085
vn 0.144674 0.184716 0.972085
vn 0.179966 0.211436 0.960680
vn 0.171169 0.218619 0.960680
vn 0.205723 0.241811 0.948264
vn 0.195662 0.250022 0.948264
vn 0.230092 0.270558 0.934802
vn 0.218835 0.279743 0.934802
vn 0.253185 0.297810 0.920438
vn 0.240795 0.307915 0.920438
vn 0.275281 0.323890 0.905160
vn 0.261806 0.334877 0.905160
vn 0.296759 0.349244 0.888799
vn 0.282228 0.361087 0.888799
vn 0.318040 0.374366 0.871034
vn 0.302463 0.387059 0.871034
vn 0.339545 0.399754 0.851414
vn 0.322913 0.413307 0.851414
vn 0.361643 0.425839 0.829383
vn 0.343925 0.440271 0.829383
vn 0.384585 0.452915 0.804340
vn 0.365741 0.468264 0.804340
vn 0.408476 0.481107 0.775683
vn 0.388460 0.497409 0.775683
vn 0.433288 0.510379 0.742815
vn 0.412054 0.527671 0.742815
vn 0.458893 0.540582 0.705116
vn 0.018459 0.001937 0.999828
vn 0.082260 0.016343 0.996477
vn 0.093801 0.021707 0.995354
vn 0.093053 0.025177 0.995343
vn 0.138302 0.032425 0.989859
vn 0.019252 -0.001963 0.999813
vn 0.083869 0.000387 0.996477
vn 0.096278 0.004176 0.995346
vn 0.096130 0.007722 0.995339
vn 0.141900 0.006562 0.989859
vn 0.141563 0.011781 0.989859
vn 0.189575 0.008893 0.981826
vn 0.189120 0.015865 0.981826
vn 0.234364 0.011143 0.972085
vn 0.233795 0.019762 0.972085
vn 0.277341 0.013229 0.960680
vn 0.276666 0.023429 0.960680
vn 0.317118 0.015193 0.948264
vn 0.316344 0.026855 0.948264
vn 0.354758 0.017057 0.934802
vn 0.019252 -0.006304 0.999795
vn 0.081972 -0.017723 0.996477
vn 0.094818 -0.017014 0.995349
vn 0.095472 -0.013525 0.995340
vn 0.139891 -0.024687 0.989859
vn 0.140704 -0.019523 0.989859
vn 0.186918 -0.032859 0.981826
vn 0.188000 -0.025957 0.981826
vn 0.231111 -0.040477 0.972085
vn 0.232444 -0.031943 0.972085
vn 0.273501 -0.047858 0.960680
vn 0.275077 -0.037759 0.960680
vn 0.312741 -0.054657 0.948264
vn 0.314541 -0.043110 0.948264
vn 0.349876 -0.061086 0.934802
vn 0.351887 -0.048166 0.934802
vn 0.385073 -0.067174 0.920438
vn 0.387284 -0.052955 0.920438
vn 0.418756 -0.072997 0.905160
vn 0.421159 -0.057533 0.905160
vn 0.451498 -0.078654 0.888799
vn 0.454087 -0.061982 0.888799
vn 0.483942 -0.084259 0.871034
vn 0.486715 -0.066390 0.871034
vn 0.516728 -0.089925 0.851414
vn 0.519688 -0.070845 0.851414
vn 0.550415 -0.095747 0.829383
vn 0.076216 -0.034997 0.996477
vn 0.088747 -0.037359 0.995353
vn 0.090169 -0.034107 0.995342
vn 0.131082 -0.054738 0.989859
vn 0.133008 -0.049876 0.989859
vn 0.175176 -0.073014 0.981826
vn 0.177745 -0.066517 0.981826
vn 0.216627 -0.090130 0.972085
vn 0.219797 -0.082096 0.972085
vn 0.256369 -0.106620 0.960680
vn 0.260120 -0.097112 0.960680
vn 0.293167 -0.121851 0.948264
vn 0.297453 -0.110978 0.948264
vn 0.327990 -0.136260 0.934803
vn 0.332783 -0.124095 0.934803
vn 0.360998 -0.149912 0.920438
vn 0.366272 -0.136522 0.920438
vn 0.392587 -0.162973 0.905160
vn 0.398320 -0.148412 0.905160
vn 0.423294 -0.175667 0.888799
vn 0.429473 -0.159968 0.888799
vn 0.453722 -0.188244 0.871034
vn 0.460343 -0.171417 0.871034
vn 0.484470 -0.200955 0.851414
vn 0.491539 -0.182987 0.851414
vn 0.516062 -0.214017 0.829383
vn 0.523590 -0.194877 0.829383
vn 0.548858 -0.227579 0.804340
vn 0.556863 -0.207223 0.804340
vn 0.583006 -0.241702 0.775683
vn 0.591507 -0.220080 0.775683
vn 0.618465 -0.256372 0.742815
vn 0.627482 -0.233435 0.742815
vn 0.655051 -0.271512 0.705116
vn 0.664602 -0.247217 0.705116
vn 0.692453 -0.286989 0.661926
vn 0.702547 -0.261307 0.661926
vn 0.019877 -0.017745 0.999645
vn 0.076281 -0.058734 0.995355
vn 0.109548 -0.090432 0.989859
vn 0.141896 -0.126030 0.981826
vn 0.169674 -0.162054 0.972085
vn 0.193625 -0.199003 0.960680
vn 0.212921 -0.235497 0.948264
vn 0.228384 -0.272002 0.934802
vn 0.240209 -0.308371 0.920438
vn 0.248738 -0.344695 0.905160
vn 0.254361 -0.381232 0.888799
vn 0.257449 -0.418353 0.871034
vn 0.258297 -0.456484 0.851414
vn 0.257084 -0.496016 0.829383
vn 0.253844 -0.537216 0.804340
vn 0.248475 -0.580152 0.775683
vn 0.240779 -0.624700 0.742816
vn 0.230517 -0.670576 0.705116
vn 0.217442 -0.717338 0.661926
vn 0.019527 -0.026942 0.999446
vn 0.056008 -0.062424 0.996477
vn 0.066885 -0.069340 0.995348
vn 0.069455 -0.066892 0.995340
vn 0.098913 -0.101956 0.989859
vn 0.102599 -0.098246 0.989859
vn 0.132240 -0.136127 0.981826
vn 0.137161 -0.131167 0.981826
vn 0.163594 -0.168189 0.972085
vn 0.017118 -0.038251 0.999122
vn 0.041216 -0.073040 0.996477
vn 0.050046 -0.082274 0.995352
vn 0.053100 -0.080468 0.995342
vn 0.074171 -0.121151 0.989859
vn 0.078580 -0.118339 0.989859
vn 0.099201 -0.161793 0.981826
vn 0.105089 -0.158032 0.981826
vn 0.122769 -0.199946 0.972085
vn 0.130045 -0.195292 0.972085
vn 0.145318 -0.236592 0.960680
vn 0.153929 -0.231082 0.960680
vn 0.166219 -0.270492 0.948264
vn 0.176063 -0.264190 0.948264
vn 0.186002 -0.302569 0.934802
vn 0.197012 -0.295517 0.934802
vn 0.204756 -0.332969 0.920438
vn 0.216872 -0.325207 0.920438
vn 0.222706 -0.362059 0.905160
vn 0.235881 -0.353617 0.905160
vn 0.240156 -0.390336 0.888799
vn 0.026562 -0.079556 0.996476
vn 0.034170 -0.090122 0.995344
vn 0.037488 -0.088860 0.995338
vn 0.050743 -0.132680 0.989859
vn 0.055591 -0.130723 0.989859
vn 0.067910 -0.177218 0.981826
vn 0.074388 -0.174598 0.981826
vn 0.084097 -0.219040 0.972085
vn 0.092102 -0.215796 0.972085
vn 0.099558 -0.259193 0.960680
vn 0.109031 -0.255353 0.960680
vn 0.113900 -0.296347 0.948264
vn 0.124731 -0.291954 0.948264
vn 0.127477 -0.331503 0.934802
vn 0.139592 -0.326586 0.934802
vn 0.140350 -0.364822 0.920438
vn 0.153683 -0.359409 0.920438
vn 0.152672 -0.396707 0.905160
vn 0.167171 -0.390818 0.905160
vn 0.164652 -0.427699 0.888799
vn 0.180284 -0.421349 0.888799
vn 0.176524 -0.458409 0.871034
vn 0.193277 -0.451601 0.871034
vn 0.188521 -0.489443 0.851414
vn 0.206408 -0.482173 0.851414
vn 0.200845 -0.521330 0.829383
vn 0.219898 -0.513585 0.829383
vn 0.213637 -0.554434 0.804340
vn 0.233899 -0.546195 0.804340
vn 0.226954 -0.588904 0.775683
vn 0.015019 -0.106028 0.994250
vn 0.020440 -0.140574 0.989859
vn 0.027431 -0.187791 0.981826
vn 0.034061 -0.232143 0.972085
vn 0.040350 -0.274709 0.960680
vn 0.046203 -0.314102 0.948264
vn 0.051747 -0.351378 0.934802
vn 0.057006 -0.386709 0.920438
vn 0.062044 -0.420518 0.905160
vn 0.066942 -0.453383 0.888799
vn 0.071796 -0.485947 0.871034
vn 0.076702 -0.518856 0.851414
vn 0.081741 -0.552668 0.829383
vn 0.086969 -0.587770 0.804340
vn 0.092409 -0.624321 0.775683
vn 0.098056 -0.662277 0.742815
vn 0.103881 -0.701441 0.705116
vn 0.109833 -0.741479 0.661926
vn 0.024030 -0.093346 0.995344
vn 0.035809 -0.137465 0.989859
vn 0.047963 -0.183623 0.981826
vn 0.059441 -0.226974 0.972085
vn 0.070383 -0.268588 0.960680
vn 0.080542 -0.307095 0.948264
vn 0.090162 -0.343533 0.934802
vn 0.099284 -0.378069 0.920438
vn 0.108016 -0.411117 0.905160
vn 0.116507 -0.443242 0.888799
vn 0.124921 -0.475072 0.871034
vn 0.133424 -0.507240 0.851414
vn 0.142159 -0.540291 0.829383
vn 0.151224 -0.574603 0.804340
vn 0.160660 -0.610331 0.775683
vn 0.170457 -0.647433 0.742815
vn 0.180563 -0.685717 0.705116
vn 0.190892 -0.724855 0.661926
vn 0.043883 -0.085784 0.995347
vn 0.040730 -0.087412 0.995339
vn 0.061589 -0.074054 0.995351
vn 0.058882 -0.076351 0.995341
vn 0.056049 -0.078491 0.995338
vn 0.082882 -0.115366 0.989859
vn 0.074161 -0.061580 0.995343
vn 0.071884 -0.064302 0.995338
vn 0.093304 -0.023943 0.995350
vn 0.092452 -0.027387 0.995340
vn 0.091405 -0.030780 0.995338
vn 0.134754 -0.044947 0.989859
vn 0.096183 -0.006464 0.995343
vn 0.095928 -0.010006 0.995338
vn 0.095234 0.014763 0.995345
vn 0.095782 0.011255 0.995339
vn 0.086632 0.050490 0.994960
vn 0.085296 0.044963 0.995341
vn 0.125471 0.066603 0.989859
vn 0.068241 0.067683 0.995370
vn 0.100249 0.100048 0.989919
vn 0.133946 0.133867 0.981905
vn 0.165571 0.165698 0.972178
vn 0.195973 0.196185 0.960784
vn 0.224082 0.224423 0.948378
vn 0.250678 0.251150 0.934925
vn 0.275881 0.276486 0.920568
vn 0.299994 0.300729 0.905299
vn 0.323428 0.324295 0.888947
vn 0.346643 0.347641 0.871197
vn 0.370101 0.371229 0.851595
vn 0.394200 0.395461 0.829588
vn 0.419219 0.420614 0.804574
vn 0.445273 0.446803 0.775951
vn 0.472330 0.473996 0.743123
vn 0.500253 0.502056 0.705469
vn 0.528802 0.530742 0.662330
vn 0.053408 0.080242 0.995344
vn 0.056678 0.078038 0.995338
vn 0.036838 0.093219 0.994964
vn 0.039647 0.087924 0.995338
vn 0.013178 0.095384 0.995353
vn 0.017089 0.094886 0.995341
vn -0.002539 0.096388 0.995341
vn -0.044174 0.085621 0.995348
vn -0.040675 0.087438 0.995339
vn -0.060653 0.074876 0.995347
vn -0.057589 0.077359 0.995339
vn -0.074608 0.061005 0.995345
vn -0.072104 0.064052 0.995338
vn -0.083613 0.048074 0.995338
vn -0.092741 0.026304 0.995343
vn -0.136785 0.038324 0.989859
vn -0.182784 0.051067 0.981826
vn -0.226020 0.062974 0.972085
vn -0.267481 0.074478 0.960680
vn -0.305867 0.085089 0.948264
vn -0.342192 0.095125 0.934802
vn -0.376624 0.104632 0.920438
vn -0.409574 0.113726 0.905160
vn -0.441605 0.122563 0.888799
vn -0.473344 0.131319 0.871034
vn -0.505419 0.140168 0.851414
vn -0.538372 0.149261 0.829383
vn -0.572583 0.158704 0.804340
vn -0.608202 0.168540 0.775683
vn -0.645191 0.178757 0.742815
vn -0.683357 0.189302 0.705116
vn -0.722371 0.200083 0.661926
vn -0.096237 0.002978 0.995354
vn -0.096161 0.006920 0.995342
vn -0.095837 0.010850 0.995338
vn -0.141201 0.015531 0.989859
vn -0.094856 -0.016634 0.995352
vn -0.095571 -0.012757 0.995341
vn -0.089517 -0.035560 0.995350
vn -0.090996 -0.031905 0.995340
vn -0.082625 -0.049725 0.995339
vn -0.068010 -0.068255 0.995347
vn -0.070807 -0.065475 0.995339
vn -0.052738 -0.080659 0.995346
vn -0.056035 -0.078495 0.995338
vn -0.035260 -0.089702 0.995344
vn -0.038926 -0.088243 0.995338
vn 0.205679 -0.678607 0.705116
vn 0.194171 -0.640721 0.742815
vn 0.183016 -0.604004 0.775683
vn 0.172272 -0.568647 0.804340
vn 0.161950 -0.534693 0.829383
vn 0.152004 -0.501985 0.851414
vn 0.142323 -0.470152 0.871034
vn 0.132743 -0.438653 0.888799
vn 0.123075 -0.406863 0.905160
vn 0.113131 -0.374158 0.920438
vn 0.102745 -0.339982 0.934802
vn 0.091791 -0.303923 0.948264
vn 0.080221 -0.265815 0.960680
vn 0.067755 -0.224633 0.972085
vn 0.054690 -0.181733 0.981826
vn 0.040844 -0.136054 0.989859
vn 0.027414 -0.092276 0.995356
vn 0.045825 -0.134458 0.989859
vn 0.061342 -0.179597 0.981826
vn 0.075977 -0.221986 0.972085
vn 0.089951 -0.262682 0.960680
vn 0.102915 -0.300338 0.948264
vn 0.115189 -0.335970 0.934802
vn 0.126827 -0.369741 0.920438
vn 0.137968 -0.402057 0.905160
vn 0.148798 -0.433470 0.888799
vn 0.159531 -0.464596 0.871034
vn 0.170378 -0.496051 0.851414
vn 0.181520 -0.528370 0.829383
vn 0.193084 -0.561921 0.804340
vn 0.205124 -0.596859 0.775683
vn 0.217623 -0.633140 0.742815
vn 0.320343 -0.677668 0.661927
vn 0.326416 -0.629494 0.705116
vn 0.329836 -0.582609 0.742815
vn 0.330912 -0.537414 0.775683
vn 0.329923 -0.494154 0.804340
vn 0.327081 -0.452926 0.829383
vn 0.322481 -0.413643 0.851414
vn 0.316047 -0.376050 0.871034
vn 0.307547 -0.339783 0.888799
vn 0.296622 -0.304467 0.905160
vn 0.282857 -0.269788 0.920438
vn 0.265824 -0.235546 0.934802
vn 0.245172 -0.201706 0.948264
vn 0.220730 -0.168438 0.960680
vn 0.191616 -0.135403 0.972085
vn 0.158852 -0.103845 0.981826
vn 0.345070 -0.665417 0.661926
vn 0.238652 -0.505143 0.829383
vn 0.224015 -0.474249 0.851414
vn 0.241320 -0.465682 0.851414
vn 0.209768 -0.444181 0.871034
vn 0.225975 -0.436159 0.871034
vn 0.241876 -0.427545 0.871034
vn 0.195669 -0.414428 0.888799
vn 0.210791 -0.406945 0.888799
vn 0.225627 -0.398910 0.888799
vn 0.181442 -0.384400 0.905160
vn 0.195467 -0.377462 0.905160
vn 0.209229 -0.370011 0.905160
vn 0.166809 -0.353509 0.920438
vn 0.179706 -0.347130 0.920438
vn 0.192362 -0.340280 0.920438
vn 0.151519 -0.321226 0.934802
vn 0.163240 -0.315432 0.934802
vn 0.174739 -0.309210 0.934802
vn 0.135392 -0.287165 0.948264
vn 0.145870 -0.281987 0.948264
vn 0.156150 -0.276427 0.948264
vn 0.118356 -0.251167 0.960680
vn 0.127520 -0.246641 0.960680
vn 0.136513 -0.241780 0.960680
vn 0.099982 -0.212260 0.972085
vn 0.107727 -0.208436 0.972085
vn 0.115327 -0.204329 0.972085
vn 0.080764 -0.171741 0.981826
vn 0.087030 -0.168652 0.981826
vn 0.093179 -0.165335 0.981826
vn 0.060366 -0.128587 0.989859
vn 0.065058 -0.126279 0.989859
vn 0.069662 -0.123798 0.989859
vn 0.349365 -0.617053 0.705117
vn 0.351056 -0.570074 0.742815
vn 0.350469 -0.524870 0.775683
vn 0.347888 -0.481676 0.804340
vn 0.343531 -0.440579 0.829383
vn 0.337487 -0.401493 0.851414
vn 0.329674 -0.364162 0.871034
vn 0.319844 -0.328233 0.888799
vn 0.307628 -0.293343 0.905160
vn 0.292595 -0.259194 0.920438
vn 0.274313 -0.225603 0.934802
vn 0.252430 -0.192545 0.948264
vn 0.226780 -0.160200 0.960680
vn 0.196470 -0.128259 0.972085
vn 0.438972 -0.607583 0.661926
vn 0.436124 -0.559112 0.705117
vn 0.430903 -0.512394 0.742816
vn 0.423689 -0.467765 0.775683
vn 0.414799 -0.425417 0.804340
vn 0.404459 -0.385404 0.829383
vn 0.392746 -0.347628 0.851414
vn 0.379540 -0.311847 0.871034
vn 0.364544 -0.277749 0.888799
vn 0.347341 -0.245029 0.905160
vn 0.327460 -0.213456 0.920438
vn 0.461038 -0.591014 0.661926
vn 0.228696 -0.317004 0.920438
vn 0.207756 -0.288066 0.934803
vn 0.218219 -0.280223 0.934802
vn 0.185667 -0.257531 0.948264
vn 0.195021 -0.250522 0.948264
vn 0.204109 -0.243175 0.948264
vn 0.162330 -0.225260 0.960680
vn 0.170511 -0.219132 0.960680
vn 0.178461 -0.212708 0.960680
vn 0.186170 -0.205995 0.960680
vn 0.137145 -0.190373 0.972085
vn 0.144059 -0.185196 0.972085
vn 0.150778 -0.179768 0.972085
vn 0.157293 -0.174096 0.972085
vn 0.110835 -0.154057 0.981826
vn 0.116430 -0.149873 0.981826
vn 0.121867 -0.145486 0.981826
vn 0.127140 -0.140902 0.981826
vn 0.087073 -0.112237 0.989859
vn 0.456407 -0.542681 0.705117
vn 0.449471 -0.496186 0.742816
vn 0.440620 -0.451852 0.775683
vn 0.430176 -0.409861 0.804340
vn 0.418370 -0.370257 0.829383
vn 0.405274 -0.332937 0.851414
vn 0.390761 -0.297666 0.871034
vn 0.374521 -0.264143 0.888799
vn 0.356124 -0.232078 0.905160
vn 0.091144 -0.108956 0.989859
vn 0.095093 -0.105528 0.989859
vn 0.542768 -0.516969 0.661926
vn 0.531096 -0.469838 0.705116
vn 0.517413 -0.424864 0.742815
vn 0.502151 -0.382310 0.775683
vn 0.485659 -0.342305 0.804340
vn 0.468170 -0.304862 0.829383
vn 0.561429 -0.496641 0.661926
vn 0.106146 -0.094403 0.989859
vn 0.548030 -0.449972 0.705116
vn 0.532700 -0.405532 0.742815
vn 0.515883 -0.363568 0.775683
vn 0.497930 -0.324197 0.804340
vn 0.628224 -0.408887 0.661926
vn 0.681420 -0.312282 0.661926
vn 0.644615 -0.295438 0.705116
vn 0.608610 -0.278962 0.742815
vn 0.573714 -0.262998 0.775683
vn 0.540109 -0.247627 0.804340
vn 0.507836 -0.232867 0.829383
vn 0.476746 -0.218651 0.851414
vn 0.446485 -0.204817 0.871034
vn 0.416542 -0.191128 0.888799
vn 0.386323 -0.177312 0.905160
vn 0.355236 -0.163097 0.920438
vn 0.322753 -0.148240 0.934803
vn 0.288483 -0.132559 0.948264
vn 0.252272 -0.115983 0.960680
vn 0.213163 -0.098042 0.972085
vn 0.172370 -0.079413 0.981826
vn 0.128979 -0.059526 0.989859
vn 0.673251 -0.222587 0.705116
vn 0.635649 -0.210180 0.742815
vn 0.642954 -0.186642 0.742815
vn 0.599207 -0.198159 0.775683
vn 0.606095 -0.175970 0.775683
vn 0.612161 -0.153542 0.775683
vn 0.564113 -0.186586 0.804340
vn 0.570598 -0.165696 0.804340
vn 0.576311 -0.144581 0.804340
vn 0.581242 -0.123271 0.804340
vn 0.530408 -0.175473 0.829383
vn 0.536508 -0.155832 0.829383
vn 0.541880 -0.135979 0.829383
vn 0.546518 -0.115941 0.829383
vn 0.497941 -0.164771 0.851414
vn 0.503668 -0.146332 0.851414
vn 0.508713 -0.127694 0.851414
vn 0.513068 -0.108883 0.851414
vn 0.466340 -0.154357 0.871034
vn 0.471706 -0.137087 0.871034
vn 0.476432 -0.119633 0.871034
vn 0.480512 -0.102015 0.871034
vn 0.435070 -0.144052 0.888799
vn 0.440078 -0.127940 0.888799
vn 0.444489 -0.111655 0.888799
vn 0.448297 -0.095219 0.888799
vn 0.403513 -0.133651 0.905160
vn 0.408158 -0.118708 0.905160
vn 0.412251 -0.103604 0.905160
vn 0.415785 -0.088360 0.905160
vn 0.371048 -0.122949 0.920438
vn 0.375322 -0.109208 0.920438
vn 0.379088 -0.095319 0.920438
vn 0.382339 -0.081301 0.920438
vn 0.337126 -0.111761 0.934802
vn 0.341011 -0.099278 0.934803
vn 0.344434 -0.086659 0.934802
vn 0.347390 -0.073921 0.934802
vn 0.301337 -0.099954 0.948264
vn 0.304811 -0.088795 0.948264
vn 0.307873 -0.077516 0.948264
vn 0.310518 -0.066131 0.948264
vn 0.263518 -0.087471 0.960680
vn 0.266559 -0.077712 0.960680
vn 0.269239 -0.067848 0.960680
vn 0.271554 -0.057893 0.960680
vn 0.222670 -0.073950 0.972085
vn 0.225241 -0.065704 0.972085
vn 0.227507 -0.057368 0.972085
vn 0.229464 -0.048956 0.972085
vn 0.180073 -0.059930 0.981826
vn 0.182157 -0.053262 0.981826
vn 0.183994 -0.046521 0.981826
vn 0.185582 -0.039716 0.981826
vn 0.136317 -0.039957 0.989859
vn 0.137695 -0.034913 0.989859
vn 0.138887 -0.029820 0.989859
vn 0.733285 -0.155394 0.661926
vn 0.698623 -0.121392 0.705116
vn 0.663381 -0.090281 0.742816
vn 0.628065 -0.062058 0.775683
vn 0.593038 -0.036651 0.804340
vn 0.558506 -0.013948 0.829383
vn 0.524458 0.006176 0.851414
vn 0.490644 0.023819 0.871034
vn 0.456634 0.039014 0.888799
vn 0.421914 0.051705 0.905160
vn 0.385980 0.061748 0.920438
vn 0.348416 0.068926 0.934802
vn 0.308980 0.072981 0.948264
vn 0.267704 0.073674 0.960680
vn 0.223784 0.070507 0.972085
vn 0.178831 0.063541 0.981826
vn 0.738508 -0.128299 0.661926
vn 0.702618 -0.095595 0.705116
vn 0.666255 -0.065803 0.742815
vn 0.629923 -0.038899 0.775683
vn 0.593985 -0.014798 0.804340
vn 0.558641 0.006619 0.829383
vn 0.523875 0.025476 0.851414
vn 0.489435 0.041864 0.871034
vn 0.454889 0.055796 0.888799
vn 0.419725 0.067199 0.905160
vn 0.383446 0.075913 0.920438
vn 0.345642 0.081703 0.934803
vn 0.306084 0.084304 0.948264
vn 0.264811 0.083477 0.960680
vn 0.221038 0.078696 0.972085
vn 0.488829 -0.048431 0.871034
vn 0.456061 -0.045227 0.888799
vn 0.422991 -0.041993 0.905160
vn 0.388971 -0.038663 0.920438
vn 0.353421 -0.035181 0.934802
vn 0.315915 -0.031502 0.948264
vn 0.276280 -0.027608 0.960680
vn 0.233462 -0.023366 0.972085
vn 0.188828 -0.019019 0.981826
vn 0.141327 -0.014330 0.989859
vn 0.457417 -0.028410 0.888799
vn 0.424250 -0.026396 0.905160
vn 0.390130 -0.024321 0.920438
vn 0.354477 -0.022149 0.934802
vn 0.316860 -0.019854 0.948264
vn 0.277109 -0.017421 0.960680
vn 0.234164 -0.014756 0.972085
vn 0.189400 -0.012057 0.981826
vn 0.141759 -0.009118 0.989859
vn 0.096239 -0.002916 0.995354
vn 0.141999 -0.003895 0.989859
vn 0.189716 -0.005077 0.981826
vn 0.234548 -0.006128 0.972085
vn 0.277563 -0.007210 0.960680
vn 0.317376 -0.008177 0.948264
vn 0.355052 -0.009087 0.934802
vn 0.390761 -0.009945 0.920438
vn 0.424934 -0.010762 0.905160
vn 0.749340 -0.018548 0.661926
vn 0.709040 0.008535 0.705117
vn 0.668698 0.032669 0.742816
vn 0.628813 0.053951 0.775683
vn 0.589728 0.072518 0.804340
vn 0.551624 0.088517 0.829383
vn 0.514467 0.102068 0.851414
vn 0.477995 0.113225 0.871034
vn 0.441778 0.121938 0.888799
vn 0.405322 0.128059 0.905160
vn 0.368157 0.131355 0.920438
vn 0.749514 0.009045 0.661926
vn 0.390863 0.004445 0.920438
vn 0.355146 0.003987 0.934802
vn 0.317462 0.003510 0.948264
vn 0.277640 0.003012 0.960680
vn 0.234615 0.002509 0.972085
vn 0.189774 0.001910 0.981826
vn 0.142046 0.001335 0.989859
vn 0.708246 0.034627 0.705116
vn 0.667043 0.057261 0.742815
vn 0.626401 0.077060 0.775683
vn 0.586659 0.094175 0.804340
vn 0.547992 0.108760 0.829383
vn 0.510362 0.120936 0.851414
vn 0.473504 0.130742 0.871034
vn 0.436991 0.138116 0.888799
vn 0.400334 0.142890 0.905160
vn 0.275616 0.033595 0.960680
vn 0.232909 0.028355 0.972085
vn 0.188407 0.022816 0.981826
vn 0.141033 0.016983 0.989859
vn 0.740075 0.118923 0.661926
vn 0.695499 0.138173 0.705117
vn 0.651421 0.154516 0.742816
vn 0.608314 0.168138 0.775683
vn 0.566491 0.179237 0.804340
vn 0.526102 0.187991 0.829383
vn 0.735196 0.146084 0.661926
vn 0.231708 0.036907 0.972085
vn 0.187440 0.029734 0.981826
vn 0.186219 0.036613 0.981826
vn 0.140313 0.022163 0.989859
vn 0.139402 0.027312 0.989859
vn 0.689942 0.163680 0.705116
vn 0.645293 0.178388 0.742816
vn 0.601713 0.190414 0.775683
vn 0.559510 0.199966 0.804340
vn 0.705804 0.252378 0.661926
vn 0.661133 0.353210 0.661926
vn 0.653467 0.380756 0.654222
vn 0.625442 0.334117 0.705116
vn 0.618397 0.360327 0.698391
vn 0.590529 0.315438 0.742815
vn 0.584026 0.340304 0.736957
vn 0.556694 0.297334 0.775683
vn 0.550670 0.320873 0.770586
vn 0.524113 0.279899 0.804340
vn 0.518520 0.302143 0.799904
vn 0.492824 0.263151 0.829383
vn 0.487640 0.284153 0.825509
vn 0.462685 0.247016 0.851414
vn 0.457922 0.266840 0.848000
vn 0.433353 0.231311 0.871034
vn 0.429063 0.250027 0.867981
vn 0.404328 0.215769 0.888799
vn 0.400592 0.233439 0.886021
vn 0.375034 0.200085 0.905160
vn 0.371951 0.216751 0.902591
vn 0.344898 0.183953 0.920438
vn 0.342570 0.199632 0.918038
vn 0.313405 0.167098 0.934802
vn 0.311929 0.181779 0.932554
vn 0.280175 0.149320 0.948264
vn 0.279625 0.162956 0.946179
vn 0.245057 0.130538 0.960680
vn 0.245465 0.143051 0.958793
vn 0.207098 0.110277 0.972085
vn 0.208697 0.121625 0.970388
vn 0.167572 0.089093 0.981826
vn 0.170188 0.099184 0.980407
vn 0.128964 0.075160 0.988797
vn 0.569647 0.422272 0.705116
vn 0.537852 0.398673 0.742815
vn 0.507041 0.375800 0.775683
vn 0.477370 0.353773 0.804340
vn 0.448878 0.332615 0.829383
vn 0.421433 0.312232 0.851414
vn 0.394722 0.292393 0.871034
vn 0.368291 0.272761 0.888799
vn 0.341617 0.252949 0.905160
vn 0.314174 0.232568 0.920438
vn 0.285494 0.211276 0.934802
vn 0.255233 0.188814 0.948264
vn 0.223251 0.165082 0.960680
vn 0.188675 0.139471 0.972085
vn 0.152685 0.112717 0.981826
vn 0.114340 0.084292 0.989859
vn 0.096588 0.104162 0.989859
vn 0.128940 0.139257 0.981826
vn 0.159286 0.172275 0.972085
vn 0.188463 0.203899 0.960680
vn 0.215440 0.233196 0.948264
vn 0.240964 0.260923 0.934802
vn 0.265152 0.287207 0.920438
vn 0.288297 0.312362 0.905160
vn 0.310793 0.336816 0.888799
vn 0.333083 0.361047 0.871034
vn 0.355609 0.385535 0.851414
vn 0.378755 0.410693 0.829383
vn 0.402785 0.436809 0.804340
vn 0.427809 0.464000 0.775683
vn 0.453798 0.492233 0.742815
vn 0.480615 0.521364 0.705116
vn 0.508031 0.551142 0.661927
vn 0.367794 0.512878 0.775683
vn 0.346287 0.482829 0.804340
vn 0.325633 0.453968 0.829383
vn 0.305741 0.426166 0.851414
vn 0.286381 0.399105 0.871034
vn 0.267226 0.372327 0.888799
vn 0.247893 0.345303 0.905160
vn 0.228002 0.317503 0.920438
vn 0.207213 0.288457 0.934803
vn 0.185274 0.257815 0.948264
vn 0.162085 0.225436 0.960680
vn 0.137000 0.190477 0.972085
vn 0.110923 0.153993 0.981826
vn 0.083110 0.115202 0.989859
vn 0.326251 0.496586 0.804340
vn 0.306796 0.466905 0.829383
vn 0.288058 0.438311 0.851414
vn 0.269821 0.410482 0.871034
vn 0.251776 0.382944 0.888798
vn 0.233564 0.355152 0.905160
vn 0.214826 0.326563 0.920438
vn 0.195243 0.296689 0.934803
vn 0.174577 0.265175 0.948264
vn 0.152731 0.231876 0.960680
vn 0.129096 0.195921 0.972085
vn 0.104534 0.158400 0.981826
vn 0.078330 0.118504 0.989859
vn 0.073418 0.121608 0.989859
vn 0.097968 0.162543 0.981826
vn 0.120975 0.201036 0.972085
vn 0.143121 0.237928 0.960680
vn 0.163585 0.272093 0.948264
vn 0.182946 0.304426 0.934802
vn 0.201292 0.335074 0.920438
vn 0.218845 0.364406 0.905160
vn 0.235906 0.392919 0.888799
vn 0.252810 0.421172 0.871034
vn 0.269892 0.449725 0.851414
vn 0.287445 0.479061 0.829383
vn 0.358889 0.658068 0.661925
vn 0.313789 0.635884 0.705116
vn 0.271492 0.611978 0.742816
vn 0.234250 0.592727 0.770586
vn 0.207546 0.596031 0.775675
vn 0.181380 0.597871 0.780802
vn 0.149315 0.575103 0.804340
vn 0.118202 0.546033 0.829383
vn 0.089954 0.516723 0.851414
vn 0.064431 0.486978 0.871034
vn 0.041529 0.456412 0.888799
vn 0.021223 0.424540 0.905160
vn 0.003588 0.390872 0.920438
vn -0.011209 0.354991 0.934802
vn -0.022927 0.316653 0.948264
vn -0.031296 0.275887 0.960680
vn -0.035919 0.231863 0.972085
vn 0.331678 0.672193 0.661926
vn 0.287524 0.648183 0.705116
vn 0.248439 0.628627 0.736958
vn 0.220195 0.632260 0.742806
vn 0.192460 0.634386 0.748675
vn 0.158566 0.610879 0.775683
vn 0.125672 0.580727 0.804340
vn 0.095773 0.550410 0.829383
vn 0.068747 0.519969 0.851414
vn 0.044461 0.489206 0.871034
vn 0.022827 0.457729 0.888799
vn 0.003844 0.425053 0.905160
vn -0.012398 0.390691 0.920438
vn -0.025716 0.354236 0.934802
vn -0.035858 0.315450 0.948264
vn -0.042552 0.274376 0.960680
vn 0.186033 0.418843 0.888798
vn 0.172591 0.388455 0.905160
vn 0.158223 0.400369 0.902591
vn 0.158761 0.357195 0.920438
vn 0.145724 0.368743 0.918038
vn 0.139578 0.401506 0.905158
vn 0.144305 0.324531 0.934802
vn 0.132690 0.335764 0.932554
vn 0.128303 0.369236 0.920436
vn 0.121723 0.401243 0.907848
vn 0.129048 0.290071 0.948264
vn 0.118948 0.300993 0.946179
vn 0.116526 0.335514 0.934801
vn 0.111727 0.368296 0.922971
vn 0.112919 0.253658 0.960680
vn 0.104417 0.264223 0.958793
vn 0.104105 0.299932 0.948263
vn 0.101258 0.333785 0.937195
vn 0.095457 0.214333 0.972085
vn 0.088776 0.224646 0.970388
vn 0.090984 0.262330 0.960679
vn 0.090199 0.297334 0.950503
vn 0.077335 0.173313 0.981826
vn 0.072395 0.183196 0.980407
vn 0.076847 0.221690 0.972084
vn 0.078516 0.258824 0.962728
vn 0.057980 0.129681 0.989859
vn 0.054859 0.138821 0.988797
vn 0.062033 0.179362 0.981825
vn 0.065866 0.217123 0.973920
vn 0.031109 0.091106 0.995355
vn 0.046332 0.134286 0.989859
vn 0.038671 0.127481 0.991087
vn 0.052640 0.173527 0.983421
vn 0.158410 0.732639 0.661926
vn 0.121410 0.698620 0.705116
vn 0.087586 0.663742 0.742815
vn 0.056939 0.628549 0.775683
vn 0.029394 0.593442 0.804340
vn 0.004834 0.558659 0.829383
vn -0.016873 0.524223 0.851414
vn -0.035823 0.489915 0.871034
vn -0.052038 0.455334 0.888799
vn -0.065446 0.420002 0.905160
vn 0.054699 0.312734 0.948264
vn 0.047901 0.273494 0.960680
vn 0.040518 0.231104 0.972085
vn 0.032905 0.186910 0.981826
vn 0.024732 0.139883 0.989859
vn 0.036677 0.275223 0.960680
vn 0.031032 0.232567 0.972085
vn 0.021496 0.233642 0.972085
vn 0.025233 0.188099 0.981826
vn 0.017520 0.188973 0.981826
vn 0.018991 0.140777 0.989859
vn 0.013218 0.141436 0.989859
vn 0.006303 0.749542 0.661926
vn -0.023016 0.708717 0.705117
vn -0.049050 0.667697 0.742816
vn -0.071910 0.627013 0.775683
vn -0.091750 0.587043 0.804340
vn -0.024356 0.749173 0.661926
vn -0.051980 0.707184 0.705117
vn -0.076314 0.665133 0.742815
vn -0.097493 0.623547 0.775683
vn -0.234965 0.711790 0.661926
vn -0.222255 0.673360 0.705116
vn -0.209818 0.635769 0.742815
vn -0.197764 0.599338 0.775682
vn -0.186152 0.564256 0.804340
vn -0.174998 0.530566 0.829383
vn -0.164250 0.498112 0.851414
vn -0.153788 0.466528 0.871034
vn -0.143436 0.435274 0.888798
vn -0.132987 0.403731 0.905160
vn -0.122242 0.371282 0.920438
vn -0.111018 0.337371 0.934802
vn -0.099181 0.301592 0.948264
vn -0.086678 0.263780 0.960680
vn -0.073209 0.222915 0.972085
vn -0.059089 0.180351 0.981826
vn -0.044128 0.135024 0.989859
vn -0.286065 0.605304 0.742815
vn -0.269641 0.570623 0.775683
vn -0.253823 0.537226 0.804339
vn -0.238629 0.505154 0.829383
vn -0.223990 0.474261 0.851414
vn -0.209740 0.444194 0.871034
vn -0.195639 0.414442 0.888799
vn -0.181409 0.384416 0.905160
vn -0.166774 0.353525 0.920438
vn -0.151482 0.321244 0.934802
vn -0.135354 0.287183 0.948264
vn -0.118316 0.251186 0.960680
vn -0.099945 0.212277 0.972085
vn -0.080722 0.171761 0.981826
vn -0.060325 0.128607 0.989859
vn -0.292751 0.559118 0.775683
vn -0.275580 0.526397 0.804340
vn -0.296877 0.514687 0.804339
vn -0.259087 0.494972 0.829383
vn -0.279112 0.483963 0.829383
vn -0.243197 0.464704 0.851414
vn -0.261997 0.454370 0.851414
vn -0.227730 0.435246 0.871034
vn -0.245338 0.425569 0.871034
vn -0.212424 0.406095 0.888799
vn -0.228853 0.397068 0.888799
vn -0.196978 0.376675 0.905160
vn -0.212217 0.368305 0.905160
vn -0.181091 0.346410 0.920438
vn -0.195105 0.338714 0.920438
vn -0.164492 0.314781 0.934802
vn -0.177227 0.307790 0.934802
vn -0.146985 0.281407 0.948264
vn -0.158369 0.275161 0.948264
vn -0.128490 0.246137 0.960680
vn -0.138447 0.240677 0.960680
vn -0.108543 0.208012 0.972085
vn -0.116959 0.203399 0.972085
vn -0.087677 0.168317 0.981826
vn -0.094488 0.164590 0.981826
vn -0.065533 0.126033 0.989859
vn -0.070633 0.123247 0.989859
vn -0.426440 0.616444 0.661926
vn -0.426904 0.566184 0.705117
vn -0.424569 0.517656 0.742815
vn -0.419832 0.471230 0.775683
vn -0.413038 0.427127 0.804340
vn -0.404442 0.385423 0.829383
vn -0.394146 0.346040 0.851414
vn -0.382059 0.308756 0.871034
vn -0.367905 0.273282 0.888798
vn -0.351283 0.239344 0.905160
vn -0.331736 0.206747 0.920438
vn -0.308824 0.175420 0.934802
vn -0.282209 0.145440 0.948264
vn -0.251777 0.117054 0.960680
vn -0.216611 0.090167 0.972085
vn -0.451293 0.598488 0.661926
vn -0.295587 0.392336 0.871034
vn -0.275739 0.366068 0.888798
vn -0.255706 0.339558 0.905160
vn -0.235100 0.312284 0.920438
vn -0.213571 0.283781 0.934802
vn -0.190862 0.253705 0.948264
vn -0.166868 0.221919 0.960680
vn -0.140977 0.187553 0.972085
vn -0.113925 0.151786 0.981826
vn -0.085188 0.113674 0.989859
vn -0.449700 0.548252 0.705117
vn -0.445382 0.499860 0.742815
vn -0.438752 0.453666 0.775683
vn -0.430160 0.409878 0.804340
vn -0.419865 0.368562 0.829383
vn -0.407967 0.329632 0.851414
vn -0.394366 0.292874 0.871034
vn -0.378773 0.258008 0.888799
vn -0.360777 0.224778 0.905160
vn -0.339914 0.193008 0.920438
vn -0.315739 0.162644 0.934802
vn -0.287921 0.133777 0.948264
vn -0.256353 0.106660 0.960680
vn -0.290477 0.354486 0.888798
vn -0.269379 0.328816 0.905160
vn -0.247674 0.302408 0.920438
vn -0.224997 0.274810 0.934802
vn -0.201077 0.245688 0.948264
vn -0.175804 0.214910 0.960680
vn -0.148529 0.181631 0.972085
vn -0.120037 0.147000 0.981826
vn -0.089765 0.110095 0.989859
vn -0.094193 0.106332 0.989859
vn -0.125948 0.141968 0.981826
vn -0.155832 0.175405 0.972085
vn -0.184445 0.207541 0.960680
vn -0.210956 0.237260 0.948264
vn -0.236048 0.265379 0.934802
vn -0.259834 0.292027 0.920438
vn -0.282600 0.317526 0.905160
vn -0.563443 0.494353 0.661926
vn -0.551681 0.445487 0.705117
vn -0.537625 0.398980 0.742815
vn -0.521750 0.355096 0.775682
vn -0.504443 0.313966 0.804340
vn -0.485970 0.275602 0.829383
vn -0.466414 0.239901 0.851414
vn -0.445630 0.206671 0.871034
vn -0.423281 0.175699 0.888799
vn -0.583189 0.470897 0.661926
vn -0.238412 0.209652 0.948264
vn -0.208463 0.183402 0.960680
vn -0.215789 0.174723 0.960680
vn -0.176132 0.155010 0.972085
vn -0.182324 0.147678 0.972085
vn -0.188211 0.140097 0.972085
vn -0.142379 0.125483 0.981826
vn -0.147392 0.119556 0.981826
vn -0.152158 0.113428 0.981826
vn -0.106501 0.094002 0.989859
vn -0.110256 0.089568 0.989859
vn -0.113826 0.084985 0.989859
vn -0.569437 0.422554 0.705117
vn -0.553491 0.376660 0.742815
vn -0.535836 0.333462 0.775682
vn -0.516861 0.293074 0.804340
vn -0.496835 0.255498 0.829383
vn -0.475835 0.220626 0.851414
vn -0.453710 0.188274 0.871034
vn -0.666676 0.342632 0.661926
vn -0.643393 0.298089 0.705116
vn -0.618457 0.256391 0.742815
vn -0.680131 0.315082 0.661926
vn -0.655044 0.271528 0.705116
vn -0.138238 0.032698 0.989859
vn -0.184720 0.043549 0.981826
vn -0.228406 0.053678 0.972085
vn -0.270303 0.063477 0.960680
vn -0.309091 0.072510 0.948264
vn -0.345796 0.081051 0.934802
vn -0.380588 0.089142 0.920438
vn -0.413883 0.096881 0.905160
vn -0.446248 0.104401 0.888799
vn -0.478319 0.111851 0.871034
vn -0.510727 0.119382 0.851414
vn -0.544026 0.127120 0.829383
vn -0.578594 0.135156 0.804340
vn -0.614586 0.143527 0.775683
vn -0.651962 0.152222 0.742815
vn -0.690526 0.161198 0.705116
vn -0.729949 0.170375 0.661927
vn -0.705065 0.075458 0.705116
vn -0.665692 0.071272 0.742815
vn -0.668050 0.043988 0.742815
vn -0.627534 0.067216 0.775683
vn -0.629757 0.041497 0.775683
vn -0.630927 0.015709 0.775683
vn -0.590787 0.063313 0.804340
vn -0.592882 0.039101 0.804340
vn -0.593985 0.014822 0.804340
vn -0.594094 -0.009481 0.804340
vn -0.555495 0.059569 0.829383
vn -0.557467 0.036803 0.829383
vn -0.558506 0.013975 0.829383
vn -0.558610 -0.008878 0.829383
vn -0.521500 0.055965 0.851414
vn -0.523353 0.034591 0.851414
vn -0.524329 0.013161 0.851414
vn -0.524429 -0.008293 0.851414
vn -0.488413 0.052459 0.871034
vn -0.490150 0.032442 0.871034
vn -0.491067 0.012370 0.871034
vn -0.491162 -0.007722 0.871034
vn -0.455672 0.048991 0.888799
vn -0.457295 0.030315 0.888798
vn -0.458152 0.011589 0.888798
vn -0.458242 -0.007157 0.888798
vn -0.422629 0.045489 0.905160
vn -0.424136 0.028168 0.905160
vn -0.424933 0.010798 0.905160
vn -0.425019 -0.006588 0.905160
vn -0.388637 0.041884 0.920438
vn -0.390025 0.025956 0.920438
vn -0.390760 0.009984 0.920438
vn -0.390842 -0.006005 0.920438
vn -0.353117 0.038113 0.934802
vn -0.354380 0.023640 0.934802
vn -0.355051 0.009128 0.934802
vn -0.355127 -0.005399 0.934802
vn -0.315642 0.034129 0.948264
vn -0.316774 0.021193 0.948264
vn -0.317375 0.008220 0.948264
vn -0.317446 -0.004766 0.948264
vn -0.276041 0.029912 0.960680
vn -0.277033 0.018598 0.960680
vn -0.277562 0.007253 0.960680
vn -0.277626 -0.004104 0.960680
vn -0.233259 0.025315 0.972085
vn -0.234099 0.015755 0.972085
vn -0.234548 0.006169 0.972085
vn -0.234604 -0.003428 0.972085
vn -0.188661 0.020610 0.981826
vn -0.189347 0.012878 0.981826
vn -0.189715 0.005123 0.981826
vn -0.189766 -0.002639 0.981826
vn -0.141718 0.009743 0.989859
vn -0.141997 0.003940 0.989859
vn -0.142040 -0.001871 0.989859
vn -0.748350 -0.042734 0.661926
vn -0.705696 -0.069319 0.705116
vn -0.663060 -0.092615 0.742815
vn -0.620967 -0.112766 0.775683
vn -0.579785 -0.129948 0.804340
vn -0.539712 -0.144342 0.829383
vn -0.500734 -0.156078 0.851414
vn -0.462613 -0.165191 0.871034
vn -0.424961 -0.171597 0.888799
vn -0.387333 -0.175095 0.905160
vn -0.349326 -0.175398 0.920438
vn -0.310649 -0.172167 0.934803
vn -0.271192 -0.165074 0.948264
vn -0.231107 -0.153892 0.960680
vn -0.189834 -0.137890 0.972085
vn -0.745977 -0.073302 0.661926
vn -0.702270 -0.098121 0.705116
vn -0.658717 -0.119654 0.742815
vn -0.615837 -0.138065 0.775682
vn -0.573986 -0.153550 0.804340
vn -0.533358 -0.166294 0.829383
vn -0.493932 -0.176426 0.851414
vn -0.455471 -0.183972 0.871034
vn -0.417588 -0.188832 0.888798
vn -0.379848 -0.190789 0.905160
vn -0.341861 -0.189537 0.920438
vn -0.303348 -0.184727 0.934802
vn -0.264214 -0.176027 0.948264
vn -0.224620 -0.163215 0.960680
vn -0.486522 -0.067787 0.871034
vn -0.453920 -0.063197 0.888799
vn -0.450956 -0.081707 0.888799
vn -0.421017 -0.058564 0.905160
vn -0.418269 -0.075734 0.905160
vn -0.414823 -0.092775 0.905160
vn -0.387168 -0.053803 0.920438
vn -0.384643 -0.069590 0.920438
vn -0.381476 -0.085262 0.920438
vn -0.351795 -0.048830 0.934802
vn -0.349504 -0.063176 0.934802
vn -0.346628 -0.077415 0.934802
vn -0.314475 -0.043589 0.948264
vn -0.312429 -0.056413 0.948264
vn -0.309861 -0.069142 0.948264
vn -0.275036 -0.038058 0.960680
vn -0.273249 -0.049273 0.960680
vn -0.271006 -0.060406 0.960680
vn -0.232419 -0.032121 0.972085
vn -0.230912 -0.041599 0.972085
vn -0.229017 -0.051006 0.972085
vn -0.188015 -0.025848 0.981826
vn -0.186801 -0.033516 0.981826
vn -0.185274 -0.041127 0.981826
vn -0.140743 -0.019244 0.989859
vn -0.139838 -0.024983 0.989859
vn -0.138699 -0.030681 0.989859
vn -0.715540 -0.223287 0.661926
vn -0.667703 -0.238712 0.705116
vn -0.620685 -0.250950 0.742815
vn -0.574958 -0.260269 0.775683
vn -0.530835 -0.266931 0.804340
vn -0.488465 -0.271156 0.829383
vn -0.447803 -0.273069 0.851414
vn -0.408611 -0.272647 0.871034
vn -0.370531 -0.269711 0.888799
vn -0.705809 -0.252362 0.661926
vn -0.657383 -0.265818 0.705116
vn -0.609903 -0.276122 0.742815
vn -0.563833 -0.283563 0.775683
vn -0.519475 -0.288415 0.804340
vn -0.476968 -0.290905 0.829383
vn -0.436262 -0.291153 0.851414
vn -0.397120 -0.289128 0.871034
vn -0.299067 -0.106553 0.948264
vn -0.261574 -0.093126 0.960680
vn -0.221051 -0.078657 0.972085
vn -0.178846 -0.063497 0.981826
vn -0.133901 -0.047428 0.989859
vn -0.257546 -0.103745 0.960680
vn -0.217650 -0.087631 0.972085
vn -0.213884 -0.096458 0.972085
vn -0.176100 -0.070758 0.981826
vn -0.173059 -0.077901 0.981826
vn -0.131849 -0.052864 0.989859
vn -0.129577 -0.058212 0.989859
vn -0.639841 -0.390459 0.661925
vn -0.589691 -0.393797 0.705116
vn -0.541108 -0.394243 0.742815
vn -0.623338 -0.416297 0.661926
vn -0.573093 -0.417582 0.705116
vn -0.547199 -0.512276 0.661926
vn -0.497417 -0.505359 0.705116
vn -0.449755 -0.495928 0.742816
vn -0.404527 -0.484432 0.775683
vn -0.361898 -0.471240 0.804340
vn -0.321909 -0.456617 0.829383
vn -0.284462 -0.440654 0.851414
vn -0.249355 -0.423227 0.871034
vn -0.216341 -0.404022 0.888799
vn -0.185209 -0.382600 0.905160
vn -0.155834 -0.358482 0.920438
vn -0.128208 -0.331221 0.934802
vn -0.102457 -0.300495 0.948264
vn -0.078844 -0.266227 0.960680
vn -0.057408 -0.227497 0.972085
vn -0.039003 -0.185733 0.981826
vn -0.023587 -0.140080 0.989859
vn -0.460784 -0.431270 0.775683
vn -0.433828 -0.405994 0.804340
vn -0.416862 -0.423396 0.804340
vn -0.407941 -0.381717 0.829383
vn -0.391990 -0.398080 0.829383
vn -0.375382 -0.413778 0.829383
vn -0.383007 -0.358330 0.851414
vn -0.368033 -0.373692 0.851414
vn -0.352443 -0.388431 0.851414
vn -0.358741 -0.335566 0.871034
vn -0.344718 -0.349956 0.871034
vn -0.330118 -0.363760 0.871034
vn -0.334728 -0.313040 0.888799
vn -0.321647 -0.326467 0.888799
vn -0.308027 -0.339347 0.888799
vn -0.310494 -0.290307 0.905160
vn -0.298363 -0.302762 0.905160
vn -0.285732 -0.314710 0.905160
vn -0.285562 -0.266923 0.920438
vn -0.274407 -0.278377 0.920438
vn -0.262794 -0.289366 0.920438
vn -0.259506 -0.242489 0.934802
vn -0.249372 -0.252899 0.934802
vn -0.238822 -0.262885 0.934802
vn -0.232011 -0.216715 0.948264
vn -0.222955 -0.226021 0.948264
vn -0.213525 -0.234950 0.948264
vn -0.202951 -0.189483 0.960680
vn -0.195033 -0.197624 0.960680
vn -0.186788 -0.205435 0.960680
vn -0.171528 -0.160090 0.972085
vn -0.164838 -0.166971 0.972085
vn -0.157871 -0.173572 0.972085
vn -0.138835 -0.129394 0.981826
vn -0.133427 -0.134963 0.981826
vn -0.127796 -0.140307 0.981826
vn -0.103988 -0.096774 0.989859
vn -0.099944 -0.100945 0.989859
vn -0.095732 -0.104948 0.989859
vn -0.264171 -0.374501 0.888799
vn -0.245059 -0.347320 0.905160
vn -0.225396 -0.319359 0.920438
vn -0.204845 -0.290143 0.934802
vn -0.183159 -0.259321 0.948264
vn -0.160236 -0.226755 0.960680
vn -0.135436 -0.191592 0.972085
vn -0.109660 -0.154896 0.981826
vn -0.082165 -0.115878 0.989859
vn -0.380229 -0.645972 0.661926
vn -0.334427 -0.625276 0.705116
vn -0.291370 -0.602768 0.742815
vn -0.251230 -0.578965 0.775683
vn -0.214063 -0.554269 0.804340
vn -0.179832 -0.528946 0.829383
vn -0.148419 -0.503057 0.851414
vn -0.119663 -0.476424 0.871034
vn -0.093418 -0.448676 0.888798
vn -0.069604 -0.419333 0.905160
vn -0.048237 -0.387900 0.920438
vn -0.029435 -0.353946 0.934802
vn -0.230651 -0.357051 0.905160
vn -0.212148 -0.328309 0.920438
vn -0.198544 -0.336710 0.920438
vn -0.192809 -0.298277 0.934802
vn -0.180449 -0.305912 0.934802
vn -0.172400 -0.266595 0.948264
vn -0.161354 -0.273422 0.948264
vn -0.150828 -0.233118 0.960680
vn -0.141169 -0.239091 0.960680
vn -0.127488 -0.196971 0.972085
vn -0.119326 -0.202019 0.972085
vn -0.103234 -0.159250 0.981826
vn -0.096634 -0.163339 0.981826
vn -0.077358 -0.119141 0.989859
vn -0.072421 -0.122205 0.989859
vn -0.353494 -0.660981 0.661926
vn -0.308576 -0.638429 0.705116
vn -0.266476 -0.614179 0.742815
vn -0.227343 -0.588754 0.775683
vn -0.191218 -0.562559 0.804340
vn -0.158050 -0.535858 0.829383
vn -0.127722 -0.508706 0.851414
vn -0.100079 -0.480919 0.871034
vn -0.074992 -0.452121 0.888799
vn -0.052398 -0.421829 0.905160
vn -0.032334 -0.389548 0.920438
vn -0.110840 -0.254573 0.960680
vn -0.093700 -0.215107 0.972085
vn -0.075913 -0.173940 0.981826
vn -0.056916 -0.130151 0.989859
vn -0.084824 -0.218759 0.972085
vn -0.068737 -0.176899 0.981826
vn -0.051547 -0.132370 0.989859
vn -0.046091 -0.134367 0.989859
vn -0.061445 -0.179562 0.981826
vn -0.211876 -0.719001 0.661926
vn -0.172475 -0.687796 0.705116
vn -0.136177 -0.655501 0.742815
vn -0.103024 -0.622658 0.775683
vn -0.072972 -0.589672 0.804340
vn -0.045919 -0.556790 0.829383
vn -0.182295 -0.727064 0.661926
vn -0.144203 -0.694274 0.705116
vn -0.109257 -0.660521 0.742815
vn -0.077475 -0.626350 0.775683
vn -0.048795 -0.592163 0.804340
vn -0.000714 -0.348964 -0.937136
vn 0.012969 -0.342263 -0.939515
vn 0.026349 -0.341516 -0.939506
vn 0.038246 -0.336831 -0.940788
vn 0.049390 -0.342728 -0.938136
vn 0.062477 -0.339249 -0.938619
vn 0.054688 -0.370795 -0.927103
vn 0.069490 -0.373379 -0.925073
vn 0.059128 -0.400627 -0.914331
vn 0.074979 -0.402859 -0.912186
vn 0.063425 -0.429482 -0.900846
vn 0.080297 -0.431426 -0.898568
vn 0.067637 -0.457755 -0.886502
vn 0.085521 -0.459482 -0.884060
vn 0.071825 -0.485870 -0.871075
vn 0.090729 -0.487448 -0.868426
vn 0.076051 -0.514242 -0.854267
vn 0.095997 -0.515733 -0.851354
vn 0.080338 -0.537628 -0.839346
vn 0.100223 -0.538426 -0.836691
vn 0.083216 -0.561856 -0.823039
vn 0.104523 -0.561514 -0.820839
vn 0.086064 -0.581015 -0.809330
vn 0.108083 -0.580628 -0.806963
vn 0.088976 -0.600605 -0.794579
vn 0.111724 -0.600173 -0.792029
vn 0.091953 -0.620631 -0.778693
vn 0.115444 -0.620147 -0.775945
vn 0.094990 -0.641075 -0.761577
vn 0.119241 -0.640535 -0.758615
vn 0.098086 -0.661914 -0.743134
vn 0.123111 -0.661310 -0.739941
vn 0.101235 -0.683112 -0.723263
vn 0.127045 -0.682433 -0.719823
vn 0.104332 -0.708190 -0.698270
vn 0.131740 -0.707634 -0.694189
vn 0.108679 -0.733412 -0.671041
vn 0.136588 -0.733660 -0.665647
vn 0.112990 -0.762431 -0.637128
vn 0.141965 -0.762525 -0.631190
vn 0.121041 -0.793926 -0.595844
vn 0.146439 -0.786543 -0.599921
vn 0.172268 -0.973642 -0.149485
vn 0.172377 -0.784395 -0.595827
vn 0.231433 -0.964486 -0.127301
vn 0.205913 -0.776357 -0.595710
vn 0.288596 -0.945691 -0.149600
vn 0.228749 -0.764028 -0.603270
vn 0.260005 -0.759843 -0.595849
vn 0.223840 -0.737540 -0.637126
vn 0.250837 -0.728802 -0.637126
vn 0.215331 -0.709464 -0.671039
vn 0.241301 -0.701059 -0.671037
vn 0.208476 -0.684806 -0.698268
vn 0.233544 -0.676670 -0.698266
vn 0.200553 -0.660812 -0.723260
vn 0.224744 -0.652983 -0.723259
vn 0.194337 -0.640304 -0.743131
vn 0.217777 -0.632718 -0.743129
vn 0.188226 -0.620143 -0.761573
vn 0.210929 -0.612795 -0.761572
vn 0.182231 -0.600361 -0.778690
vn 0.204210 -0.593248 -0.778688
vn 0.176360 -0.580987 -0.794576
vn 0.197630 -0.574104 -0.794574
vn 0.170616 -0.562034 -0.809326
vn 0.191193 -0.555374 -0.809324
vn 0.164999 -0.543496 -0.823035
vn 0.184898 -0.537055 -0.823034
vn 0.157243 -0.520366 -0.839342
vn 0.176296 -0.514227 -0.839339
vn 0.151120 -0.497395 -0.854261
vn 0.169332 -0.491498 -0.854258
vn 0.142810 -0.469941 -0.871069
vn 0.160019 -0.464368 -0.871066
vn 0.134576 -0.442735 -0.886496
vn 0.150789 -0.437485 -0.886493
vn 0.126295 -0.415377 -0.900839
vn 0.141507 -0.410450 -0.900837
vn 0.117843 -0.387457 -0.914325
vn 0.132033 -0.382861 -0.914322
vn 0.109103 -0.358592 -0.927097
vn 0.122237 -0.354338 -0.927094
vn 0.101889 -0.330947 -0.938132
vn 0.111807 -0.323739 -0.939517
vn 0.076175 -0.333940 -0.939511
vn 0.082428 -0.365651 -0.927095
vn 0.095838 -0.362370 -0.927094
vn 0.103510 -0.391536 -0.914322
vn 0.089154 -0.330698 -0.939516
vn 0.124357 -0.319160 -0.939506
vn 0.134384 -0.311226 -0.940786
vn 0.146752 -0.313634 -0.938135
vn 0.158271 -0.306510 -0.938617
vn 0.159970 -0.338957 -0.927102
vn 0.174887 -0.337127 -0.925073
vn 0.172879 -0.366215 -0.914330
vn 0.188698 -0.363746 -0.912185
vn 0.185367 -0.392579 -0.900844
vn 0.202079 -0.389538 -0.898568
vn 0.197604 -0.418412 -0.886501
vn 0.215223 -0.414869 -0.884060
vn 0.209773 -0.444101 -0.871074
vn 0.228325 -0.440119 -0.868425
vn 0.222054 -0.470024 -0.854265
vn 0.241576 -0.465658 -0.851354
vn 0.232944 -0.491158 -0.839345
vn 0.252208 -0.486147 -0.836691
vn 0.242732 -0.513507 -0.823038
vn 0.263024 -0.506992 -0.820839
vn 0.251019 -0.531015 -0.809329
vn 0.271979 -0.524251 -0.806963
vn 0.259492 -0.548916 -0.794579
vn 0.281136 -0.541897 -0.792030
vn 0.268152 -0.567215 -0.778692
vn 0.290494 -0.559931 -0.775945
vn 0.276995 -0.585897 -0.761576
vn 0.300046 -0.578339 -0.758615
vn 0.286007 -0.604940 -0.743134
vn 0.309779 -0.597096 -0.739941
vn 0.295173 -0.624311 -0.723263
vn 0.319676 -0.616167 -0.719823
vn 0.305416 -0.647410 -0.698270
vn 0.331484 -0.638921 -0.694189
vn 0.316897 -0.670284 -0.671041
vn 0.343679 -0.662419 -0.665647
vn 0.329447 -0.696802 -0.637128
vn 0.357202 -0.688480 -0.631191
vn 0.348255 -0.723764 -0.595722
vn 0.368624 -0.710491 -0.599432
vn 0.455955 -0.877343 -0.149581
vn 0.394501 -0.699518 -0.595855
vn 0.509463 -0.847409 -0.149485
vn 0.417179 -0.677048 -0.606273
vn 0.446384 -0.667643 -0.595814
vn 0.428122 -0.640920 -0.637129
vn 0.454357 -0.628616 -0.631191
vn 0.437155 -0.604822 -0.665648
vn 0.474279 -0.607561 -0.637126
vn 0.456235 -0.584430 -0.671037
vn 0.493067 -0.585994 -0.643036
vn 0.474195 -0.563567 -0.676410
vn 0.497826 -0.549433 -0.671039
vn 0.480199 -0.530877 -0.698268
vn 0.502684 -0.515181 -0.694189
vn 0.484780 -0.496833 -0.719823
vn 0.518933 -0.493084 -0.698267
vn 0.500213 -0.476112 -0.723260
vn 0.532964 -0.471295 -0.702730
vn 0.514613 -0.455072 -0.726693
vn 0.533759 -0.438166 -0.723265
vn 0.517190 -0.424574 -0.743136
vn 0.535322 -0.407330 -0.739941
vn 0.518502 -0.394536 -0.758615
vn 0.547141 -0.385220 -0.743130
vn 0.529920 -0.373085 -0.761572
vn 0.557907 -0.362970 -0.746319
vn 0.540299 -0.351517 -0.764534
vn 0.555821 -0.333267 -0.761575
vn 0.538089 -0.322645 -0.778692
vn 0.552620 -0.304171 -0.775946
vn 0.534820 -0.294376 -0.792029
vn 0.560468 -0.281995 -0.778688
vn 0.542387 -0.272887 -0.794575
vn 0.567296 -0.259864 -0.781439
vn 0.548954 -0.251464 -0.797129
vn 0.560898 -0.232455 -0.794580
vn 0.542599 -0.224881 -0.809330
vn 0.553586 -0.205800 -0.806963
vn 0.535361 -0.199026 -0.820839
vn 0.557754 -0.184131 -0.809325
vn 0.539364 -0.178049 -0.823034
vn 0.560952 -0.162719 -0.811699
vn 0.542414 -0.157346 -0.825245
vn 0.550926 -0.138129 -0.823044
vn 0.527438 -0.131517 -0.839352
vn 0.535790 -0.113475 -0.836692
vn 0.513206 -0.108697 -0.851354
vn 0.535504 -0.093509 -0.839340
vn 0.512233 -0.088650 -0.854259
vn 0.535109 -0.072696 -0.841649
vn 0.510261 -0.069323 -0.857221
vn 0.517312 -0.051179 -0.854265
vn 0.488764 -0.048385 -0.871073
vn 0.494885 -0.030425 -0.868426
vn 0.466492 -0.028681 -0.884060
vn 0.491022 -0.011810 -0.871067
vn 0.462607 -0.011094 -0.886494
vn 0.486294 0.005915 -0.873775
vn 0.457866 0.005564 -0.889004
vn 0.462166 0.022443 -0.886510
vn 0.433614 0.021022 -0.900854
vn 0.437220 0.037597 -0.898568
vn 0.408270 0.035104 -0.912186
vn 0.430857 0.053423 -0.900838
vn 0.401904 0.049868 -0.914323
vn 0.423794 0.068136 -0.903192
vn 0.394841 0.063476 -0.916554
vn 0.397228 0.078711 -0.914338
vn 0.367647 0.072812 -0.927110
vn 0.369524 0.087703 -0.925073
vn 0.335783 0.079024 -0.938619
vn 0.361166 0.100271 -0.927095
vn 0.329809 0.092463 -0.939509
vn 0.352287 0.111562 -0.929219
vn 0.322900 0.103211 -0.940789
vn 0.326502 0.115302 -0.938137
vn 0.320558 0.127451 -0.938615
vn 0.312683 0.139849 -0.939506
vn 0.306970 0.151929 -0.939514
vn 0.304713 0.164497 -0.938131
vn 0.295720 0.172781 -0.939519
vn 0.323684 0.189001 -0.927096
vn 0.316511 0.200797 -0.927093
vn 0.342000 0.216920 -0.914320
vn 0.329792 0.226199 -0.916554
vn 0.353975 0.242787 -0.903192
vn 0.325441 0.240994 -0.914336
vn 0.348863 0.258386 -0.900850
vn 0.319956 0.256019 -0.912186
vn 0.342641 0.274176 -0.898568
vn 0.328565 0.283790 -0.900838
vn 0.350220 0.302447 -0.886494
vn 0.335525 0.311601 -0.889004
vn 0.356354 0.330952 -0.873775
vn 0.326534 0.327481 -0.886641
vn 0.346581 0.347636 -0.871224
vn 0.316734 0.343680 -0.884061
vn 0.336009 0.364602 -0.868426
vn 0.317555 0.374702 -0.871067
vn 0.336126 0.396562 -0.854259
vn 0.319628 0.409975 -0.854259
vn 0.334954 0.428152 -0.839340
vn 0.317164 0.441492 -0.839340
vn 0.330730 0.461771 -0.823034
vn 0.309957 0.472120 -0.825245
vn 0.320546 0.488257 -0.811699
vn 0.292119 0.487101 -0.823042
vn 0.302072 0.503719 -0.809333
vn 0.273392 0.501477 -0.820839
vn 0.282695 0.518550 -0.806963
vn 0.259665 0.526847 -0.809324
vn 0.268429 0.544606 -0.794575
vn 0.245933 0.555128 -0.794575
vn 0.254142 0.573634 -0.778689
vn 0.230486 0.583539 -0.778691
vn 0.238089 0.602759 -0.761574
vn 0.213226 0.612004 -0.761568
vn 0.220166 0.631895 -0.743125
vn 0.194155 0.640358 -0.743133
vn 0.200383 0.660863 -0.723262
vn 0.173169 0.668512 -0.723259
vn 0.178844 0.693137 -0.698267
vn 0.150351 0.699871 -0.698266
vn 0.156402 0.724739 -0.671038
vn 0.126634 0.730529 -0.671037
vn 0.131656 0.759432 -0.637126
vn 0.100489 0.764181 -0.637126
vn 0.105518 0.795342 -0.596906
vn 0.074836 0.793655 -0.603747
vn 0.097917 0.983134 -0.154466
vn 0.044072 0.801144 -0.596846
vn 0.038347 0.990788 -0.129879
vn 0.007501 0.802268 -0.596916
vn -0.022521 0.987741 -0.154469
vn -0.022878 0.796856 -0.603737
vn -0.054195 0.800535 -0.596830
vn -0.025334 0.770343 -0.637126
vn -0.056817 0.768663 -0.637126
vn -0.024382 0.741022 -0.671038
vn -0.054665 0.739405 -0.671038
vn -0.024210 0.715428 -0.698267
vn -0.053446 0.713839 -0.698267
vn -0.022699 0.690203 -0.723259
vn -0.050906 0.688697 -0.723260
vn -0.022003 0.668786 -0.743129
vn -0.049335 0.667327 -0.743129
vn -0.021319 0.647729 -0.761573
vn -0.047790 0.646316 -0.761572
vn -0.020648 0.627070 -0.778689
vn -0.046275 0.625701 -0.778689
vn -0.019993 0.606837 -0.794575
vn -0.044792 0.605511 -0.794575
vn -0.019351 0.587043 -0.809324
vn -0.043340 0.585761 -0.809324
vn -0.018724 0.567684 -0.823033
vn -0.041924 0.566443 -0.823034
vn -0.017140 0.543336 -0.839341
vn -0.039345 0.542181 -0.839340
vn -0.017260 0.519561 -0.854259
vn -0.038493 0.518421 -0.854259
vn -0.016341 0.490893 -0.871067
vn -0.036403 0.489813 -0.871067
vn -0.015432 0.462483 -0.886494
vn -0.034332 0.461465 -0.886494
vn -0.014516 0.433913 -0.900838
vn -0.032248 0.432957 -0.900838
vn -0.013579 0.404758 -0.914323
vn -0.030121 0.403864 -0.914323
vn -0.012609 0.374615 -0.927095
vn -0.027920 0.373786 -0.927095
vn -0.012040 0.342669 -0.939379
vn -0.026502 0.341869 -0.939374
vn 0.169830 -0.297461 -0.939508
vn 0.185023 -0.325979 -0.927095
vn 0.193828 -0.314616 -0.929219
vn 0.209765 -0.340481 -0.916554
vn 0.207973 -0.311813 -0.927103
vn 0.224741 -0.336883 -0.914331
vn 0.222458 -0.307819 -0.925073
vn 0.240025 -0.332123 -0.912186
vn 0.249393 -0.319087 -0.914323
vn 0.267327 -0.342093 -0.900838
vn 0.276348 -0.328442 -0.903193
vn 0.294803 -0.350375 -0.889004
vn 0.291351 -0.321872 -0.900840
vn 0.310560 -0.343040 -0.886496
vn 0.306466 -0.314094 -0.898568
vn 0.326396 -0.334519 -0.884060
vn 0.335319 -0.318888 -0.886494
vn 0.355893 -0.338500 -0.871067
vn 0.364299 -0.322185 -0.873775
vn 0.385739 -0.341141 -0.857221
vn 0.379503 -0.311767 -0.871079
vn 0.401688 -0.329951 -0.854271
vn 0.394566 -0.300257 -0.868426
vn 0.417465 -0.317677 -0.851354
vn 0.425150 -0.299148 -0.854259
vn 0.444109 -0.313489 -0.839340
vn 0.452654 -0.294502 -0.841649
vn 0.473400 -0.307998 -0.825245
vn 0.466560 -0.278968 -0.839344
vn 0.487114 -0.292112 -0.823037
vn 0.479795 -0.264092 -0.836691
vn 0.500369 -0.275416 -0.820839
vn 0.507401 -0.255263 -0.823034
vn 0.524699 -0.263977 -0.809325
vn 0.531013 -0.243249 -0.811699
vn 0.178584 -0.288135 -0.940790
vn 0.191183 -0.288706 -0.938135
vn 0.201526 -0.279961 -0.938621
vn 0.230851 -0.295302 -0.927095
vn 0.257467 -0.306004 -0.916555
vn 0.271748 -0.300269 -0.914326
vn 0.286173 -0.293296 -0.912185
vn 0.314629 -0.299166 -0.900838
vn 0.343000 -0.303353 -0.889004
vn 0.357517 -0.293747 -0.886507
vn 0.371926 -0.283033 -0.884061
vn 0.401709 -0.282616 -0.871067
vn 0.431634 -0.280827 -0.857221
vn 0.445765 -0.267446 -0.854264
vn 0.459572 -0.252963 -0.851354
vn 0.485301 -0.244931 -0.839340
vn 0.513464 -0.235213 -0.825245
vn 0.524701 -0.217474 -0.823039
vn 0.211644 -0.269314 -0.939509
vn 0.218955 -0.258806 -0.940786
vn 0.231481 -0.257533 -0.938133
vn 0.240441 -0.247354 -0.938618
vn 0.251483 -0.277933 -0.927097
vn 0.265230 -0.271834 -0.925073
vn 0.248871 -0.235354 -0.939506
vn 0.271682 -0.258233 -0.927095
vn 0.276799 -0.244816 -0.929219
vn 0.299557 -0.264941 -0.916554
vn 0.289522 -0.238008 -0.927108
vn 0.312848 -0.257130 -0.914336
vn 0.302224 -0.230002 -0.925073
vn 0.326089 -0.248160 -0.912186
vn 0.331280 -0.232952 -0.914323
vn 0.355121 -0.249762 -0.900838
vn 0.359786 -0.234088 -0.903193
vn 0.383813 -0.249718 -0.889004
vn 0.372235 -0.223436 -0.900843
vn 0.396763 -0.238116 -0.886499
vn 0.384442 -0.211614 -0.898568
vn 0.409444 -0.225375 -0.884060
vn 0.413448 -0.207819 -0.886494
vn 0.438830 -0.220615 -0.871067
vn 0.442143 -0.202549 -0.873775
vn 0.468163 -0.214466 -0.857221
vn 0.453669 -0.188180 -0.871076
vn 0.480177 -0.199141 -0.854268
vn 0.464741 -0.172780 -0.868426
vn 0.491710 -0.182803 -0.851354
vn 0.493681 -0.162851 -0.854259
vn 0.515987 -0.171072 -0.839340
vn 0.518643 -0.150455 -0.841649
vn 0.254527 -0.223903 -0.940789
vn 0.266751 -0.220773 -0.938138
vn 0.274113 -0.209430 -0.938617
vn 0.306632 -0.215573 -0.927095
vn 0.335205 -0.218095 -0.916555
vn 0.347205 -0.208452 -0.914328
vn 0.358986 -0.197603 -0.912186
vn 0.387924 -0.194951 -0.900838
vn 0.416295 -0.190711 -0.889004
vn 0.427400 -0.177318 -0.886503
vn 0.438076 -0.162870 -0.884060
vn 0.466451 -0.153837 -0.871067
vn 0.494558 -0.143473 -0.857221
vn 0.504189 -0.126527 -0.854274
vn 0.280699 -0.196289 -0.939510
vn 0.284637 -0.184107 -0.940790
vn 0.296269 -0.179247 -0.938134
vn 0.301883 -0.166911 -0.938620
vn 0.321328 -0.192960 -0.927100
vn 0.332714 -0.183143 -0.925073
vn 0.306474 -0.152972 -0.939507
vn 0.334944 -0.168248 -0.927095
vn 0.335951 -0.153912 -0.929219
vn 0.363572 -0.166564 -0.916554
vn 0.346154 -0.143719 -0.927104
vn 0.374025 -0.155247 -0.914332
vn 0.355981 -0.132355 -0.925073
vn 0.384089 -0.142803 -0.912186
vn 0.384638 -0.126756 -0.914323
vn 0.412331 -0.135922 -0.900838
vn 0.412235 -0.119605 -0.903192
vn 0.439766 -0.127587 -0.889004
vn 0.421045 -0.105754 -0.900854
vn 0.448779 -0.112684 -0.886510
vn 0.429308 -0.090942 -0.898568
vn 0.457227 -0.096851 -0.884061
vn 0.455973 -0.078852 -0.886494
vn 0.483975 -0.083730 -0.871067
vn 0.481902 -0.065473 -0.873776
vn 0.308573 -0.140364 -0.940787
vn 0.319357 -0.133835 -0.938136
vn 0.323111 -0.120828 -0.938616
vn 0.356006 -0.117281 -0.927095
vn 0.384071 -0.111438 -0.916554
vn 0.392741 -0.098682 -0.914339
vn 0.400880 -0.084924 -0.912186
vn 0.427812 -0.073948 -0.900838
vn 0.453731 -0.061647 -0.889004
vn 0.460474 -0.045616 -0.886500
vn 0.325599 -0.106360 -0.939507
vn 0.325811 -0.093594 -0.940791
vn 0.335529 -0.085524 -0.938140
vn 0.337333 -0.072135 -0.938618
vn 0.363478 -0.091367 -0.927112
vn 0.371543 -0.078713 -0.925073
vn 0.337670 -0.057426 -0.939511
vn 0.369362 -0.063774 -0.927095
vn 0.366165 -0.049754 -0.929219
vn 0.396269 -0.053843 -0.916554
vn 0.372975 -0.037048 -0.927102
vn 0.402992 -0.039988 -0.914330
vn 0.379074 -0.023311 -0.925073
vn 0.409005 -0.025150 -0.912186
vn 0.404871 -0.009643 -0.914323
vn 0.434032 -0.010375 -0.900838
vn 0.429204 0.005212 -0.903192
vn 0.336029 -0.044737 -0.940789
vn 0.344460 -0.035366 -0.938135
vn 0.344268 -0.021821 -0.938618
vn 0.374721 -0.008887 -0.927095
vn 0.399881 0.004852 -0.916554
vn 0.404476 0.019574 -0.914339
vn 0.342455 -0.007258 -0.939506
vn 0.338955 0.005017 -0.940789
vn 0.345908 0.015558 -0.938140
vn 0.343756 0.028894 -0.938615
vn 0.374350 0.018079 -0.927111
vn 0.378393 0.032530 -0.925073
vn 0.339810 0.043057 -0.939508
vn 0.371970 0.046192 -0.927095
vn 0.364846 0.058651 -0.929219
vn 0.334541 0.054696 -0.940793
vn 0.339882 0.066144 -0.938139
vn 0.288773 0.184207 -0.939510
vn 0.304739 0.209015 -0.929218
vn 0.301223 0.223014 -0.927108
vn 0.296543 0.237281 -0.925073
vn 0.306466 0.264750 -0.914323
vn 0.314525 0.292092 -0.903192
vn 0.306371 0.307210 -0.900976
vn 0.297398 0.322691 -0.898568
vn 0.299150 0.353040 -0.886494
vn 0.301965 0.387375 -0.871067
vn 0.302594 0.422704 -0.854259
vn 0.296377 0.451428 -0.841649
vn 0.278908 0.466585 -0.839350
vn 0.262154 0.480857 -0.836691
vn 0.251092 0.509478 -0.823034
vn 0.237902 0.537026 -0.809325
vn 0.223038 0.564714 -0.794577
vn 0.206415 0.592487 -0.778686
vn 0.188034 0.620200 -0.761574
vn 0.167788 0.647769 -0.743130
vn 0.145687 0.675034 -0.723260
vn 0.121604 0.705434 -0.698266
vn 0.096652 0.735097 -0.671037
vn 0.069153 0.767651 -0.637126
vn 0.279032 0.192486 -0.940792
vn 0.278972 0.205114 -0.938138
vn 0.269755 0.215011 -0.938617
vn 0.283618 0.245063 -0.927095
vn 0.293040 0.272133 -0.916554
vn 0.285792 0.286521 -0.914455
vn 0.277709 0.301321 -0.912186
vn 0.280644 0.331256 -0.900837
vn 0.284463 0.364979 -0.886494
vn 0.285871 0.399400 -0.871067
vn 0.282619 0.430464 -0.857221
vn 0.267461 0.445739 -0.854272
vn 0.251108 0.460587 -0.851354
vn 0.241011 0.487260 -0.839340
vn 0.230046 0.519320 -0.823034
vn 0.215753 0.546299 -0.809326
vn 0.199747 0.573373 -0.794572
vn 0.182027 0.600423 -0.778690
vn 0.162497 0.627378 -0.761572
vn 0.141158 0.654089 -0.743130
vn 0.117960 0.680427 -0.723260
vn 0.092652 0.709817 -0.698266
vn 0.066509 0.738434 -0.671038
vn 0.037703 0.769837 -0.637126
vn 0.258617 0.224597 -0.939507
vn 0.247785 0.231337 -0.940790
vn 0.245314 0.244155 -0.938195
vn 0.234598 0.253361 -0.938494
vn 0.264511 0.265130 -0.927222
vn 0.257390 0.279267 -0.925073
vn 0.221198 0.261989 -0.939379
vn 0.242232 0.286040 -0.927095
vn 0.230333 0.295706 -0.927095
vn 0.248900 0.319471 -0.914323
vn 0.235628 0.329383 -0.914323
vn 0.252634 0.353083 -0.900838
vn 0.235588 0.358806 -0.903192
vn 0.251316 0.382769 -0.889004
vn 0.223452 0.372205 -0.900851
vn 0.238132 0.396734 -0.886507
vn 0.210071 0.385286 -0.898568
vn 0.223728 0.410345 -0.884061
vn 0.204404 0.415148 -0.886494
vn 0.216992 0.440632 -0.871067
vn 0.198792 0.449138 -0.871067
vn 0.210433 0.475352 -0.854259
vn 0.190827 0.483554 -0.854260
vn 0.200395 0.505319 -0.839342
vn 0.179554 0.513101 -0.839338
vn 0.186839 0.536386 -0.823032
vn 0.164757 0.543570 -0.823035
vn 0.170388 0.562103 -0.809326
vn 0.147245 0.568606 -0.809324
vn 0.152220 0.587776 -0.794575
vn 0.128056 0.593509 -0.794574
vn 0.132336 0.613295 -0.778689
vn 0.107144 0.618194 -0.778689
vn 0.110684 0.638558 -0.761573
vn 0.084477 0.642550 -0.761573
vn 0.087233 0.663436 -0.743130
vn 0.060028 0.666449 -0.743130
vn 0.061960 0.687791 -0.723259
vn 0.033780 0.689749 -0.723260
vn 0.034337 0.715014 -0.698266
vn 0.005066 0.715820 -0.698267
vn 0.005941 0.741400 -0.671037
vn 0.209943 0.271107 -0.939375
vn 0.218047 0.304878 -0.927095
vn 0.219495 0.334290 -0.916554
vn 0.208470 0.347172 -0.914337
vn 0.196164 0.359773 -0.912186
vn 0.191744 0.389520 -0.900838
vn 0.187255 0.423160 -0.886494
vn 0.180265 0.456887 -0.871068
vn 0.170884 0.490963 -0.854256
vn 0.158428 0.520006 -0.839342
vn 0.142378 0.549856 -0.823035
vn 0.123869 0.574152 -0.809324
vn 0.103678 0.598250 -0.794574
vn 0.081774 0.622058 -0.778689
vn 0.058130 0.645467 -0.761573
vn 0.032724 0.668346 -0.743130
vn 0.005544 0.690554 -0.723260
vn 0.198291 0.279723 -0.939380
vn 0.202824 0.308893 -0.929219
vn 0.192978 0.321292 -0.927109
vn 0.181812 0.333443 -0.925073
vn 0.178825 0.363366 -0.914323
vn 0.175653 0.397035 -0.900838
vn 0.169799 0.430459 -0.886495
vn 0.161424 0.463884 -0.871065
vn 0.150671 0.497533 -0.854259
vn 0.137022 0.526054 -0.839340
vn 0.119772 0.555219 -0.823035
vn 0.100285 0.578737 -0.809325
vn 0.079126 0.601989 -0.794574
vn 0.056267 0.624882 -0.778689
vn 0.031686 0.647305 -0.761572
vn 0.005364 0.669126 -0.743129
vn 0.185306 0.284247 -0.940673
vn 0.179379 0.296176 -0.938138
vn 0.165993 0.302771 -0.938497
vn 0.165471 0.336325 -0.927095
vn 0.163816 0.370375 -0.914323
vn 0.159275 0.403883 -0.900838
vn 0.152048 0.437050 -0.886493
vn 0.142323 0.470091 -0.871068
vn 0.130191 0.503282 -0.854259
vn 0.115395 0.531218 -0.839340
vn 0.096968 0.559654 -0.823034
vn 0.076535 0.582354 -0.809324
vn 0.054442 0.604722 -0.794574
vn 0.030665 0.626660 -0.778689
vn 0.005187 0.648058 -0.761573
vn 0.150904 0.307888 -0.939379
vn 0.137773 0.314002 -0.939373
vn 0.124387 0.319530 -0.939377
vn 0.110769 0.324465 -0.939389
vn 0.098996 0.331827 -0.938131
vn 0.085675 0.331956 -0.939396
vn 0.093712 0.362923 -0.927095
vn 0.078793 0.366452 -0.927095
vn 0.085175 0.395927 -0.914323
vn 0.068914 0.399080 -0.914323
vn 0.073917 0.427817 -0.900838
vn 0.056361 0.430483 -0.900837
vn 0.060110 0.458819 -0.886494
vn 0.041298 0.460894 -0.886494
vn 0.043872 0.489201 -0.871067
vn 0.023829 0.490586 -0.871067
vn 0.025256 0.519234 -0.854259
vn 0.004000 0.519832 -0.854259
vn 0.005093 0.543582 -0.839340
vn 0.071581 0.335315 -0.939383
vn 0.063741 0.369367 -0.927095
vn 0.052536 0.401564 -0.914323
vn 0.038710 0.432428 -0.900837
vn 0.022415 0.462197 -0.886494
vn 0.003746 0.491150 -0.871067
vn 0.057348 0.338057 -0.939377
vn 0.048582 0.371665 -0.927095
vn 0.036069 0.403376 -0.914323
vn 0.020993 0.433648 -0.900838
vn 0.003494 0.462727 -0.886494
vn 0.043012 0.340174 -0.939378
vn 0.033342 0.373341 -0.927095
vn 0.019542 0.404514 -0.914323
vn 0.003241 0.434144 -0.900838
vn 0.028601 0.341655 -0.939390
vn 0.018046 0.374392 -0.927095
vn 0.002984 0.404974 -0.914323
vn 0.015401 0.345937 -0.938131
vn 0.002722 0.374817 -0.927095
vn 0.002442 0.342832 -0.939394
vn -0.040919 0.340432 -0.939378
vn -0.055262 0.338359 -0.939393
vn -0.069115 0.339313 -0.938131
vn -0.080928 0.333141 -0.939397
vn -0.088434 0.364245 -0.927095
vn -0.103257 0.360324 -0.927095
vn -0.111521 0.389328 -0.914323
vn -0.127349 0.384442 -0.914323
vn -0.136482 0.412146 -0.900838
vn -0.153222 0.406221 -0.900837
vn -0.163272 0.432978 -0.886494
vn -0.180843 0.425939 -0.886494
vn -0.191917 0.452117 -0.871067
vn -0.210245 0.443891 -0.871067
vn -0.222492 0.469829 -0.854259
vn -0.241519 0.460338 -0.854259
vn -0.251751 0.481798 -0.839340
vn -0.271243 0.471100 -0.839340
vn -0.284117 0.491826 -0.823034
vn -0.303992 0.479796 -0.823034
vn -0.314349 0.496164 -0.809324
vn -0.334376 0.482894 -0.809324
vn -0.345642 0.499183 -0.794574
vn -0.365768 0.484630 -0.794574
vn -0.377954 0.500794 -0.778688
vn -0.398118 0.484919 -0.778688
vn -0.411226 0.500899 -0.761573
vn -0.431367 0.483663 -0.761573
vn -0.445382 0.499392 -0.743130
vn -0.465432 0.480760 -0.743130
vn -0.480331 0.496163 -0.723259
vn -0.500220 0.476105 -0.723259
vn -0.518988 0.493027 -0.698267
vn -0.538716 0.471391 -0.698266
vn -0.557513 0.488761 -0.671038
vn -0.577034 0.465553 -0.671038
vn -0.599859 0.483984 -0.637126
vn -0.619149 0.459047 -0.637126
vn -0.641083 0.482659 -0.596702
vn -0.662259 0.452819 -0.596965
vn -0.799308 0.586695 -0.129985
vn -0.831007 0.534368 -0.154522
vn -0.675438 0.423791 -0.603477
vn -0.695292 0.400677 -0.596680
vn -0.654593 0.406913 -0.637127
vn -0.670685 0.379804 -0.637127
vn -0.629684 0.391415 -0.671038
vn -0.645164 0.365339 -0.671037
vn -0.608308 0.377341 -0.698266
vn -0.623230 0.352149 -0.698266
vn -0.586494 0.364582 -0.723259
vn -0.600913 0.340293 -0.723260
vn -0.568299 0.353261 -0.743130
vn -0.582270 0.329727 -0.743130
vn -0.550411 0.342133 -0.761572
vn -0.563942 0.319337 -0.761573
vn -0.532862 0.331214 -0.778688
vn -0.545961 0.309144 -0.778689
vn -0.515674 0.320517 -0.794575
vn -0.528350 0.299161 -0.794574
vn -0.498859 0.310054 -0.809325
vn -0.511121 0.289394 -0.809325
vn -0.482414 0.299819 -0.823034
vn -0.494271 0.279841 -0.823034
vn -0.461290 0.287610 -0.839340
vn -0.472666 0.268505 -0.839340
vn -0.441589 0.274301 -0.854259
vn -0.452437 0.256012 -0.854259
vn -0.417241 0.259137 -0.871067
vn -0.427489 0.241858 -0.871067
vn -0.393114 0.244111 -0.886494
vn -0.402768 0.227830 -0.886494
vn -0.368850 0.229000 -0.900838
vn -0.377907 0.213724 -0.900838
vn -0.344088 0.213580 -0.914323
vn -0.352535 0.199331 -0.914323
vn -0.318486 0.197641 -0.927095
vn -0.326302 0.184451 -0.927095
vn -0.291599 0.180365 -0.939382
vn -0.298978 0.167893 -0.939374
vn -0.094946 0.329469 -0.939380
vn -0.117904 0.355800 -0.927095
vn -0.142964 0.378912 -0.914323
vn -0.169707 0.399614 -0.900838
vn -0.198110 0.418188 -0.886494
vn -0.228222 0.434922 -0.871067
vn -0.260143 0.450075 -0.854259
vn -0.290282 0.459613 -0.839340
vn -0.323359 0.466961 -0.823035
vn -0.353845 0.468814 -0.809325
vn -0.385280 0.469265 -0.794575
vn -0.417616 0.468233 -0.778688
vn -0.450785 0.465619 -0.761572
vn -0.484703 0.461324 -0.743130
vn -0.519272 0.455250 -0.723259
vn -0.557542 0.448966 -0.698266
vn -0.595590 0.441566 -0.671038
vn -0.637404 0.433344 -0.637126
vn -0.108784 0.325183 -0.939373
vn -0.132357 0.350680 -0.927095
vn -0.158340 0.372749 -0.914323
vn -0.185906 0.392340 -0.900837
vn -0.215046 0.409736 -0.886494
vn -0.245818 0.425225 -0.871067
vn -0.278331 0.439060 -0.854259
vn -0.308835 0.447358 -0.839340
vn -0.342185 0.453347 -0.823034
vn -0.372721 0.453953 -0.809325
vn -0.404148 0.453117 -0.794575
vn -0.436415 0.450762 -0.778688
vn -0.469450 0.446794 -0.761572
vn -0.503163 0.441116 -0.743131
vn -0.537455 0.433634 -0.723259
vn -0.575436 0.425791 -0.698266
vn -0.613150 0.416840 -0.671037
vn -0.122418 0.320291 -0.939376
vn -0.146586 0.344975 -0.927095
vn -0.173450 0.365962 -0.914323
vn -0.201796 0.384409 -0.900838
vn -0.231623 0.400599 -0.886494
vn -0.263002 0.414816 -0.871067
vn -0.296053 0.427311 -0.854259
vn -0.326871 0.434354 -0.839340
vn -0.360438 0.438976 -0.823034
vn -0.390973 0.438331 -0.809324
vn -0.422340 0.436211 -0.794574
vn -0.454484 0.432539 -0.778688
vn -0.487329 0.427224 -0.761571
vn -0.520782 0.420172 -0.743130
vn -0.554738 0.411292 -0.723259
vn -0.592367 0.401901 -0.698267
vn -0.135820 0.314804 -0.939389
vn -0.160571 0.338692 -0.927095
vn -0.188273 0.358562 -0.914323
vn -0.217348 0.375834 -0.900838
vn -0.247811 0.390791 -0.886494
vn -0.279745 0.403715 -0.871067
vn -0.313280 0.414847 -0.854259
vn -0.344360 0.420624 -0.839340
vn -0.378088 0.423868 -0.823034
vn -0.408572 0.421975 -0.809324
vn -0.439825 0.418574 -0.794575
vn -0.471792 0.413590 -0.778688
vn -0.504392 0.406937 -0.761572
vn -0.537529 0.398524 -0.743129
vn -0.571094 0.388262 -0.723259
vn -0.149491 0.312349 -0.938131
vn -0.174289 0.331841 -0.927095
vn -0.202778 0.350563 -0.914323
vn -0.232535 0.366632 -0.900838
vn -0.263585 0.380331 -0.886494
vn -0.296021 0.391936 -0.871067
vn -0.329983 0.401688 -0.854259
vn -0.361273 0.406189 -0.839340
vn -0.395106 0.408051 -0.823034
vn -0.425487 0.404913 -0.809325
vn -0.456575 0.400236 -0.794575
vn -0.488310 0.393949 -0.778689
vn -0.520611 0.385968 -0.761573
vn -0.553377 0.376207 -0.743130
vn -0.159445 0.303504 -0.939395
vn -0.172141 0.296531 -0.939381
vn -0.184523 0.289001 -0.939377
vn -0.196568 0.280939 -0.939380
vn -0.208243 0.272359 -0.939391
vn -0.220906 0.266665 -0.938131
vn -0.228419 0.255662 -0.939394
vn -0.249696 0.279548 -0.927095
vn -0.260919 0.269103 -0.927095
vn -0.281880 0.290787 -0.914323
vn -0.293537 0.279015 -0.914323
vn -0.314651 0.299143 -0.900838
vn -0.326621 0.286025 -0.900838
vn -0.348099 0.304887 -0.886494
vn -0.360275 0.290397 -0.886494
vn -0.382382 0.308264 -0.871067
vn -0.394669 0.292368 -0.871067
vn -0.417695 0.309471 -0.854259
vn -0.430002 0.292130 -0.854259
vn -0.449142 0.306234 -0.839340
vn -0.239042 0.245818 -0.939379
vn -0.271706 0.258208 -0.927095
vn -0.304701 0.266778 -0.914323
vn -0.338044 0.272430 -0.900838
vn -0.371850 0.275420 -0.886494
vn -0.406295 0.275983 -0.871067
vn -0.249222 0.235514 -0.939373
vn -0.282038 0.246881 -0.927095
vn -0.315356 0.254094 -0.914323
vn -0.348903 0.258376 -0.900838
vn -0.382802 0.259982 -0.886494
vn -0.258937 0.224772 -0.939377
vn -0.291898 0.235140 -0.927095
vn -0.325484 0.240985 -0.914323
vn -0.359177 0.243892 -0.900838
vn -0.268172 0.213608 -0.939391
vn -0.301270 0.223006 -0.927095
vn -0.335066 0.227473 -0.914323
vn -0.279080 0.204998 -0.938131
vn -0.310138 0.210499 -0.927095
vn -0.283678 0.192502 -0.939399
vn -0.305797 0.155111 -0.939377
vn -0.312045 0.142045 -0.939389
vn -0.320526 0.131044 -0.938131
vn -0.321961 0.117809 -0.939394
vn -0.351991 0.128833 -0.927095
vn -0.356965 0.114332 -0.927095
vn -0.385672 0.123573 -0.914323
vn -0.390403 0.107698 -0.914323
vn -0.418512 0.115496 -0.900838
vn -0.422885 0.098283 -0.900838
vn -0.450718 0.104794 -0.886494
vn -0.454627 0.086273 -0.886494
vn -0.482545 0.091610 -0.871067
vn -0.485888 0.071800 -0.871067
vn -0.514258 0.076028 -0.854259
vn -0.516937 0.054934 -0.854259
vn -0.540466 0.058350 -0.839340
vn -0.542400 0.036199 -0.839340
vn -0.566785 0.037009 -0.823034
vn -0.567825 0.013800 -0.823034
vn -0.587188 0.014282 -0.809324
vn -0.587281 -0.009743 -0.809324
vn -0.607083 -0.010061 -0.794575
vn -0.606164 -0.034879 -0.794574
vn -0.626375 -0.036032 -0.778689
vn -0.624378 -0.061617 -0.778688
vn -0.644948 -0.063637 -0.761572
vn -0.641806 -0.089958 -0.761573
vn -0.662671 -0.092874 -0.743130
vn -0.658318 -0.119896 -0.743130
vn -0.679402 -0.123727 -0.723259
vn -0.673775 -0.151408 -0.723259
vn -0.698272 -0.157611 -0.698266
vn -0.691242 -0.186034 -0.698266
vn -0.716128 -0.192014 -0.671037
vn -0.707677 -0.221139 -0.671037
vn -0.735681 -0.229878 -0.637126
vn -0.725666 -0.259771 -0.637125
vn -0.751805 -0.265594 -0.603531
vn -0.744840 -0.298081 -0.596960
vn -0.930698 -0.331554 -0.154511
vn -0.912018 -0.389016 -0.129962
vn -0.730629 -0.331798 -0.596734
vn -0.883403 -0.442412 -0.154502
vn -0.713610 -0.355611 -0.603574
vn -0.702817 -0.386900 -0.596956
vn -0.688408 -0.346647 -0.637126
vn -0.673656 -0.374509 -0.637126
vn -0.662201 -0.333464 -0.671038
vn -0.648011 -0.360265 -0.671037
vn -0.639049 -0.322554 -0.698266
vn -0.625324 -0.348417 -0.698266
vn -0.616792 -0.310584 -0.723260
vn -0.603575 -0.335548 -0.723260
vn -0.597649 -0.300954 -0.743130
vn -0.584842 -0.325143 -0.743130
vn -0.578829 -0.291486 -0.761573
vn -0.566424 -0.314914 -0.761573
vn -0.560364 -0.282199 -0.778688
vn -0.548355 -0.304878 -0.778688
vn -0.542279 -0.273102 -0.794574
vn -0.530657 -0.295050 -0.794575
vn -0.524585 -0.264203 -0.809325
vn -0.513342 -0.285435 -0.809325
vn -0.507281 -0.255501 -0.823034
vn -0.496408 -0.276031 -0.823034
vn -0.485853 -0.243834 -0.839340
vn -0.475475 -0.263499 -0.839340
vn -0.464227 -0.233955 -0.854259
vn -0.454271 -0.252744 -0.854259
vn -0.438598 -0.221076 -0.871067
vn -0.429190 -0.238828 -0.871067
vn -0.413199 -0.208314 -0.886494
vn -0.404335 -0.225037 -0.886494
vn -0.387659 -0.195479 -0.900838
vn -0.379341 -0.211169 -0.900838
vn -0.361595 -0.182380 -0.914323
vn -0.353834 -0.197015 -0.914323
vn -0.334649 -0.168836 -0.927095
vn -0.327465 -0.182379 -0.927095
vn -0.305711 -0.155297 -0.939374
vn -0.298866 -0.168067 -0.939379
vn -0.326688 0.104118 -0.939380
vn -0.361341 0.099638 -0.927095
vn -0.394481 0.091642 -0.914323
vn -0.426551 0.080908 -0.900838
vn -0.457774 0.067610 -0.886494
vn -0.488418 0.051870 -0.871067
vn -0.518751 0.033748 -0.854259
vn -0.543427 0.013988 -0.839340
vn -0.567914 -0.009433 -0.823034
vn -0.586391 -0.033752 -0.809325
vn -0.604231 -0.059639 -0.794574
vn -0.621335 -0.087099 -0.778689
vn -0.637589 -0.116130 -0.761573
vn -0.652864 -0.146718 -0.743130
vn -0.667019 -0.178835 -0.723259
vn -0.683055 -0.214147 -0.698267
vn -0.698040 -0.249895 -0.671038
vn -0.714435 -0.289229 -0.637126
vn -0.330806 0.090229 -0.939375
vn -0.365114 0.084777 -0.927095
vn -0.397899 0.075433 -0.914323
vn -0.429502 0.063397 -0.900838
vn -0.460156 0.048832 -0.886494
vn -0.490130 0.031852 -0.871067
vn -0.519697 0.012506 -0.854259
vn -0.543544 -0.008248 -0.839340
vn -0.567053 -0.032650 -0.823034
vn -0.584520 -0.057704 -0.809325
vn -0.601286 -0.084299 -0.794574
vn -0.617254 -0.112435 -0.778689
vn -0.632308 -0.142107 -0.761572
vn -0.646318 -0.173294 -0.743130
vn -0.659147 -0.205964 -0.723259
vn -0.673727 -0.241901 -0.698266
vn -0.687238 -0.278231 -0.671037
vn -0.702009 -0.318204 -0.637126
vn -0.334309 0.076165 -0.939381
vn -0.368275 0.069775 -0.927095
vn -0.400651 0.059099 -0.914323
vn -0.431736 0.045779 -0.900838
vn -0.461769 0.029974 -0.886494
vn -0.491023 0.011782 -0.871067
vn -0.519774 -0.008758 -0.854259
vn -0.542752 -0.030469 -0.839340
vn -0.565244 -0.055812 -0.823034
vn -0.581672 -0.081559 -0.809324
vn -0.597336 -0.108817 -0.794574
vn -0.612139 -0.137584 -0.778689
vn -0.625967 -0.167847 -0.761573
vn -0.638690 -0.199580 -0.743130
vn -0.650173 -0.232746 -0.723260
vn -0.663271 -0.269250 -0.698266
vn -0.675285 -0.306104 -0.671037
vn -0.337199 0.061963 -0.939392
vn -0.370821 0.054656 -0.927095
vn -0.402732 0.042665 -0.914323
vn -0.433247 0.028085 -0.900838
vn -0.462608 0.011065 -0.886494
vn -0.491094 -0.008309 -0.871067
vn -0.518981 -0.030007 -0.854259
vn -0.541051 -0.052640 -0.839341
vn -0.562488 -0.078881 -0.823034
vn -0.577850 -0.105278 -0.809324
vn -0.592386 -0.133154 -0.794575
vn -0.606001 -0.162503 -0.778689
vn -0.618579 -0.193305 -0.761573
vn -0.629994 -0.225532 -0.743130
vn -0.640110 -0.259141 -0.723260
vn -0.651704 -0.296150 -0.698267
vn -0.342762 0.049235 -0.938131
vn -0.372745 0.039446 -0.927095
vn -0.404140 0.026159 -0.914323
vn -0.434033 0.010344 -0.900838
vn -0.462674 -0.007863 -0.886494
vn -0.490344 -0.028384 -0.871067
vn -0.517320 -0.051205 -0.854259
vn -0.538446 -0.074721 -0.839340
vn -0.558791 -0.101818 -0.823034
vn -0.573061 -0.128821 -0.809325
vn -0.586445 -0.157268 -0.794575
vn -0.598849 -0.187149 -0.778688
vn -0.610157 -0.218439 -0.761573
vn -0.620245 -0.251107 -0.743130
vn -0.628978 -0.285100 -0.723260
vn -0.340936 0.036042 -0.939395
vn -0.342198 0.021611 -0.939379
vn -0.342823 0.007140 -0.939373
vn -0.342810 -0.007343 -0.939376
vn -0.342157 -0.021814 -0.939389
vn -0.344453 -0.035525 -0.938131
vn -0.339473 -0.047864 -0.939397
vn -0.371160 -0.052306 -0.927095
vn -0.368710 -0.067441 -0.927095
vn -0.398384 -0.072824 -0.914323
vn -0.395073 -0.089054 -0.914323
vn -0.423538 -0.095428 -0.900838
vn -0.419282 -0.112668 -0.900838
vn -0.446897 -0.120048 -0.886494
vn -0.441614 -0.138222 -0.886494
vn -0.468752 -0.146677 -0.871067
vn -0.462361 -0.165724 -0.871067
vn -0.489375 -0.175368 -0.854259
vn -0.481794 -0.195235 -0.854259
vn -0.504155 -0.203314 -0.839340
vn -0.495418 -0.223762 -0.839340
vn -0.517306 -0.234542 -0.823034
vn -0.337184 -0.062172 -0.939384
vn -0.365644 -0.082462 -0.927095
vn -0.391101 -0.105136 -0.914323
vn -0.414324 -0.129720 -0.900838
vn -0.435592 -0.156167 -0.886494
vn -0.455197 -0.184494 -0.871067
vn -0.473406 -0.214775 -0.854259
vn -0.334275 -0.076372 -0.939376
vn -0.361965 -0.097346 -0.927095
vn -0.386474 -0.121042 -0.914323
vn -0.408672 -0.146555 -0.900838
vn -0.428841 -0.173850 -0.886494
vn -0.447272 -0.202954 -0.871067
vn -0.330746 -0.090426 -0.939377
vn -0.357682 -0.112067 -0.927095
vn -0.381201 -0.136745 -0.914323
vn -0.402337 -0.163145 -0.900838
vn -0.421373 -0.191241 -0.886494
vn -0.326602 -0.104305 -0.939389
vn -0.352799 -0.126601 -0.927095
vn -0.375290 -0.152220 -0.914323
vn -0.395329 -0.179462 -0.900838
vn -0.325498 -0.118155 -0.938131
vn -0.347327 -0.140923 -0.927095
vn -0.368751 -0.167440 -0.914323
vn -0.317674 -0.128923 -0.939394
vn -0.311984 -0.142241 -0.939379
vn -0.291463 -0.180527 -0.939393
vn -0.287034 -0.193704 -0.938131
vn -0.276822 -0.202244 -0.939397
vn -0.302676 -0.221093 -0.927095
vn -0.293382 -0.233286 -0.927095
vn -0.317015 -0.252021 -0.914323
vn -0.306444 -0.264775 -0.914323
vn -0.328544 -0.283814 -0.900838
vn -0.316663 -0.297013 -0.900838
vn -0.337538 -0.316538 -0.886494
vn -0.324311 -0.330077 -0.886494
vn -0.344259 -0.350326 -0.871067
vn -0.329644 -0.364111 -0.871067
vn -0.348922 -0.385351 -0.854259
vn -0.332870 -0.399298 -0.854259
vn -0.348783 -0.416964 -0.839340
vn -0.331438 -0.430878 -0.839340
vn -0.345660 -0.450704 -0.823034
vn -0.326940 -0.464462 -0.823034
vn -0.338098 -0.480294 -0.809325
vn -0.318175 -0.493719 -0.809324
vn -0.328912 -0.510360 -0.794575
vn -0.307766 -0.523384 -0.794575
vn -0.318036 -0.540830 -0.778689
vn -0.295653 -0.553384 -0.778688
vn -0.305402 -0.571610 -0.761572
vn -0.281771 -0.583621 -0.761572
vn -0.290938 -0.602588 -0.743130
vn -0.266052 -0.613982 -0.743130
vn -0.274580 -0.633641 -0.723260
vn -0.248437 -0.644340 -0.723259
vn -0.256890 -0.668155 -0.698267
vn -0.229351 -0.678102 -0.698267
vn -0.238205 -0.702116 -0.671038
vn -0.208039 -0.706533 -0.676410
vn -0.216314 -0.734651 -0.643036
vn -0.180271 -0.719170 -0.671041
vn -0.187392 -0.747631 -0.637128
vn -0.151580 -0.730710 -0.665648
vn -0.157541 -0.759459 -0.631191
vn -0.125438 -0.760484 -0.637126
vn -0.131078 -0.791559 -0.596869
vn -0.100764 -0.790775 -0.603757
vn -0.128049 -0.979665 -0.154464
vn -0.069843 -0.799279 -0.596888
vn -0.068645 -0.989152 -0.129872
vn -0.032487 -0.801480 -0.597139
vn -0.007888 -0.986591 -0.163024
vn -0.001618 -0.791118 -0.611661
vn -0.030782 -0.768680 -0.638893
vn -0.001548 -0.756943 -0.653479
vn -0.029612 -0.738045 -0.674102
vn -0.001479 -0.722964 -0.690885
vn -0.027033 -0.710569 -0.703109
vn -0.001407 -0.687874 -0.725828
vn -0.030769 -0.687695 -0.725348
vn -0.024816 -0.666947 -0.744692
vn -0.054575 -0.666919 -0.743129
vn -0.052847 -0.645922 -0.761572
vn -0.079218 -0.643220 -0.761572
vn -0.076682 -0.622706 -0.778689
vn -0.102083 -0.619050 -0.778689
vn -0.098780 -0.599077 -0.794575
vn -0.124013 -0.597754 -0.792030
vn -0.119976 -0.578288 -0.806963
vn -0.147651 -0.588935 -0.794579
vn -0.142845 -0.569721 -0.809329
vn -0.170564 -0.579218 -0.797129
vn -0.164991 -0.560288 -0.811699
vn -0.188675 -0.556233 -0.809325
vn -0.182443 -0.537894 -0.823034
vn -0.204287 -0.529983 -0.823034
vn -0.196245 -0.506948 -0.839340
vn -0.216812 -0.498499 -0.839340
vn -0.206537 -0.477058 -0.854259
vn -0.225873 -0.468213 -0.854259
vn -0.213381 -0.442392 -0.871067
vn -0.231293 -0.433296 -0.871067
vn -0.217877 -0.408238 -0.886494
vn -0.234390 -0.398986 -0.886494
vn -0.219879 -0.374359 -0.900838
vn -0.235005 -0.365054 -0.900838
vn -0.219182 -0.340548 -0.914323
vn -0.232925 -0.331300 -0.914323
vn -0.215546 -0.306652 -0.927095
vn -0.227906 -0.297581 -0.927095
vn -0.208095 -0.272503 -0.939382
vn -0.219396 -0.263440 -0.939396
vn -0.231366 -0.257642 -0.938131
vn -0.238878 -0.245940 -0.939389
vn -0.251461 -0.277961 -0.927095
vn -0.262619 -0.267444 -0.927095
vn -0.271727 -0.300296 -0.914323
vn -0.283782 -0.288932 -0.914323
vn -0.291331 -0.321897 -0.900838
vn -0.304252 -0.309714 -0.900838
vn -0.310542 -0.343063 -0.886494
vn -0.268067 -0.213788 -0.939380
vn -0.283596 -0.245089 -0.927095
vn -0.295359 -0.277085 -0.914323
vn -0.258811 -0.224933 -0.939373
vn -0.273336 -0.256481 -0.927095
vn -0.249076 -0.235656 -0.939376
vn -0.196400 -0.281063 -0.939378
vn -0.202825 -0.315210 -0.927095
vn -0.205072 -0.349226 -0.914323
vn -0.204386 -0.383038 -0.900838
vn -0.201000 -0.416806 -0.886494
vn -0.195110 -0.450749 -0.871067
vn -0.186855 -0.485105 -0.854259
vn -0.175348 -0.514549 -0.839340
vn -0.159540 -0.541773 -0.825245
vn -0.138145 -0.550930 -0.823038
vn -0.116029 -0.559250 -0.820839
vn -0.095547 -0.579538 -0.809325
vn -0.074198 -0.602616 -0.794575
vn -0.051152 -0.625321 -0.778689
vn -0.028864 -0.645315 -0.763371
vn -0.001330 -0.650360 -0.759625
vn -0.184341 -0.289108 -0.939380
vn -0.189765 -0.323241 -0.927095
vn -0.190619 -0.357320 -0.914323
vn -0.188550 -0.391076 -0.900838
vn -0.183786 -0.424678 -0.886494
vn -0.176514 -0.458350 -0.871067
vn -0.166861 -0.492340 -0.854259
vn -0.152551 -0.518030 -0.841649
vn -0.131456 -0.527464 -0.839346
vn -0.111259 -0.536255 -0.836691
vn -0.092385 -0.560428 -0.823034
vn -0.071767 -0.582961 -0.809325
vn -0.049492 -0.605146 -0.794575
vn -0.023141 -0.627206 -0.778510
vn -0.171942 -0.296611 -0.939392
vn -0.176387 -0.330731 -0.927095
vn -0.175846 -0.364817 -0.914323
vn -0.172400 -0.398459 -0.900838
vn -0.166266 -0.431838 -0.886494
vn -0.157622 -0.465186 -0.871067
vn -0.145469 -0.493974 -0.857221
vn -0.126555 -0.504196 -0.854266
vn -0.106572 -0.513652 -0.851354
vn -0.089189 -0.536240 -0.839340
vn -0.069390 -0.563737 -0.823034
vn -0.047868 -0.585408 -0.809324
vn -0.022308 -0.603899 -0.796748
vn -0.001264 -0.617941 -0.786224
vn -0.161830 -0.306139 -0.938131
vn -0.162714 -0.337668 -0.927095
vn -0.160781 -0.371703 -0.914323
vn -0.155961 -0.405176 -0.900838
vn -0.148467 -0.438276 -0.886494
vn -0.137387 -0.466520 -0.873775
vn -0.119604 -0.476367 -0.871074
vn -0.100730 -0.485480 -0.868425
vn -0.084433 -0.512945 -0.854259
vn -0.067186 -0.539439 -0.839340
vn -0.046278 -0.566104 -0.823034
vn -0.026253 -0.584771 -0.810774
vn -0.001200 -0.586565 -0.809902
vn -0.148791 -0.308858 -0.939398
vn -0.135621 -0.314906 -0.939383
vn -0.122195 -0.320372 -0.939377
vn -0.108543 -0.325243 -0.939380
vn -0.094788 -0.325813 -0.940671
vn -0.085680 -0.335503 -0.938135
vn -0.070926 -0.337915 -0.938500
vn -0.091406 -0.363492 -0.927102
vn -0.077165 -0.371868 -0.925073
vn -0.098719 -0.392753 -0.914330
vn -0.083256 -0.401230 -0.912186
vn -0.105789 -0.421055 -0.900845
vn -0.089158 -0.429682 -0.898568
vn -0.112716 -0.448788 -0.886501
vn -0.094953 -0.457626 -0.884060
vn -0.055014 -0.338428 -0.939383
vn -0.060717 -0.369877 -0.927095
vn -0.045540 -0.372050 -0.927095
vn -0.049248 -0.401980 -0.914323
vn -0.032768 -0.403658 -0.914323
vn -0.035170 -0.432729 -0.900838
vn -0.017850 -0.429238 -0.903015
vn -0.019087 -0.457984 -0.888755
vn -0.000901 -0.440597 -0.897705
vn -0.000960 -0.469566 -0.882897
vn -0.040664 -0.340470 -0.939376
vn -0.030287 -0.373602 -0.927095
vn -0.016568 -0.399831 -0.916439
vn -0.000841 -0.411118 -0.911582
vn -0.026242 -0.341877 -0.939378
vn -0.015217 -0.369366 -0.929160
vn -0.000778 -0.380697 -0.924699
vn -0.012704 -0.339118 -0.940658
vn -0.020305 -0.486502 -0.873444
vn -0.001020 -0.498472 -0.866905
vn -0.021528 -0.515218 -0.856789
vn -0.001079 -0.527752 -0.849398
vn -0.022182 -0.540554 -0.841017
vn -0.001136 -0.555586 -0.831458
vn -0.020817 -0.566650 -0.823695
vn -0.188548 -0.973438 -0.129874
vn -0.165518 -0.788130 -0.592836
vn -0.190586 -0.774056 -0.603751
vn -0.224149 -0.768088 -0.599832
vn -0.247643 -0.729893 -0.637125
vn -0.266719 -0.691787 -0.671037
vn -0.283999 -0.657091 -0.698267
vn -0.300262 -0.621882 -0.723260
vn -0.315336 -0.590186 -0.743131
vn -0.328521 -0.558642 -0.761573
vn -0.339887 -0.527371 -0.778689
vn -0.349508 -0.496483 -0.794575
vn -0.357458 -0.466066 -0.809325
vn -0.363804 -0.436191 -0.823034
vn -0.365543 -0.402351 -0.839340
vn -0.364388 -0.370760 -0.854259
vn -0.358297 -0.335954 -0.871067
vn -0.350200 -0.302470 -0.886494
vn -0.339875 -0.270141 -0.900838
vn -0.327057 -0.238846 -0.914323
vn -0.311465 -0.208530 -0.927095
vn -0.246383 -0.956784 -0.154466
vn -0.305647 -0.943245 -0.129878
vn -0.261700 -0.758427 -0.596910
vn -0.361051 -0.919664 -0.154468
vn -0.289892 -0.742606 -0.603738
vn -0.319245 -0.736114 -0.596840
vn -0.306462 -0.707214 -0.637126
vn -0.335127 -0.694090 -0.637126
vn -0.322361 -0.667677 -0.671037
vn -0.349395 -0.653936 -0.671037
vn -0.336748 -0.631684 -0.698267
vn -0.362299 -0.617384 -0.698267
vn -0.350080 -0.595265 -0.723259
vn -0.374130 -0.580451 -0.723259
vn -0.362513 -0.562443 -0.743130
vn -0.385211 -0.547148 -0.743130
vn -0.373076 -0.529926 -0.761572
vn -0.394435 -0.514226 -0.761572
vn -0.381848 -0.497831 -0.778689
vn -0.401887 -0.481799 -0.778689
vn -0.388912 -0.466260 -0.794575
vn -0.407654 -0.449966 -0.794574
vn -0.394349 -0.435295 -0.809325
vn -0.411820 -0.418804 -0.809325
vn -0.398232 -0.405001 -0.823034
vn -0.414461 -0.388377 -0.823034
vn -0.397201 -0.371133 -0.839340
vn -0.412046 -0.354579 -0.839340
vn -0.393469 -0.339741 -0.854259
vn -0.407033 -0.323367 -0.854259
vn -0.384553 -0.305551 -0.871067
vn -0.396727 -0.289569 -0.871067
vn -0.373747 -0.272840 -0.886494
vn -0.384592 -0.257327 -0.886494
vn -0.360815 -0.241463 -0.900838
vn -0.370388 -0.226505 -0.900838
vn -0.345481 -0.211320 -0.914323
vn -0.418197 -0.899022 -0.129884
vn -0.352447 -0.720741 -0.596920
vn -0.363230 -0.679805 -0.637126
vn -0.375846 -0.639100 -0.671038
vn -0.387243 -0.602052 -0.698266
vn -0.397554 -0.564665 -0.723259
vn -0.407264 -0.530937 -0.743130
vn -0.415134 -0.497666 -0.761572
vn -0.421254 -0.464961 -0.778689
vn -0.425715 -0.432918 -0.794574
vn -0.428604 -0.401613 -0.809324
vn -0.429997 -0.371103 -0.823034
vn -0.426201 -0.337432 -0.839340
vn -0.419917 -0.306450 -0.854259
vn -0.408238 -0.273102 -0.871067
vn -0.394794 -0.241383 -0.886494
vn -0.470347 -0.868857 -0.154472
vn -0.378620 -0.701546 -0.603722
vn -0.390727 -0.664382 -0.637126
vn -0.401667 -0.623195 -0.671038
vn -0.411540 -0.585712 -0.698266
vn -0.420313 -0.547934 -0.723260
vn -0.428636 -0.513838 -0.743130
vn -0.435139 -0.480273 -0.761572
vn -0.439916 -0.447345 -0.778689
vn -0.443063 -0.415147 -0.794575
vn -0.444669 -0.383750 -0.809324
vn -0.444814 -0.353207 -0.823034
vn -0.439644 -0.319720 -0.839340
vn -0.432098 -0.289021 -0.854259
vn -0.419065 -0.256179 -0.871067
vn -0.406843 -0.691577 -0.596825
vn -0.524529 -0.841426 -0.129892
vn -0.437907 -0.672245 -0.596929
vn -0.572642 -0.805120 -0.154476
vn -0.461659 -0.649935 -0.603701
vn -0.488341 -0.636666 -0.596808
vn -0.469116 -0.611556 -0.637126
vn -0.493733 -0.591860 -0.637126
vn -0.474931 -0.569340 -0.671038
vn -0.497818 -0.549442 -0.671038
vn -0.480142 -0.530930 -0.698267
vn -0.501453 -0.510851 -0.698267
vn -0.484226 -0.492363 -0.723259
vn -0.503955 -0.472149 -0.723260
vn -0.488311 -0.457504 -0.743130
vn -0.506612 -0.437152 -0.743130
vn -0.490656 -0.423395 -0.761573
vn -0.507561 -0.402975 -0.761573
vn -0.491367 -0.390131 -0.778689
vn -0.506911 -0.369710 -0.778689
vn -0.490549 -0.357789 -0.794575
vn -0.504771 -0.337429 -0.794574
vn -0.488299 -0.326431 -0.809325
vn -0.501240 -0.306189 -0.809325
vn -0.484705 -0.296101 -0.823034
vn -0.623057 -0.771314 -0.129902
vn -0.516797 -0.613667 -0.596937
vn -0.517524 -0.571174 -0.637126
vn -0.519870 -0.528624 -0.671038
vn -0.521925 -0.489917 -0.698266
vn -0.522843 -0.451145 -0.723259
vn -0.524067 -0.416068 -0.743129
vn -0.523616 -0.381882 -0.761573
vn -0.521605 -0.348671 -0.778689
vn -0.518147 -0.316504 -0.794575
vn -0.666415 -0.729401 -0.154481
vn -0.537758 -0.588550 -0.603676
vn -0.540449 -0.549532 -0.637126
vn -0.541054 -0.506922 -0.671037
vn -0.541523 -0.468163 -0.698266
vn -0.540854 -0.429386 -0.723260
vn -0.540643 -0.394289 -0.743130
vn -0.538795 -0.360149 -0.761572
vn -0.535428 -0.327048 -0.778689
vn -0.562516 -0.572203 -0.596791
vn -0.712317 -0.689729 -0.129914
vn -0.587935 -0.545885 -0.596944
vn -0.750271 -0.642828 -0.154486
vn -0.605776 -0.518310 -0.603647
vn -0.628257 -0.499155 -0.596773
vn -0.603653 -0.479242 -0.637127
vn -0.622747 -0.454155 -0.637126
vn -0.599037 -0.436879 -0.671037
vn -0.616402 -0.412016 -0.671038
vn -0.594758 -0.398354 -0.698267
vn -0.610551 -0.373699 -0.698267
vn -0.589348 -0.359951 -0.723260
vn -0.790982 -0.597885 -0.129927
vn -0.650254 -0.469916 -0.596950
vn -0.640799 -0.428308 -0.637125
vn -0.632737 -0.386464 -0.671036
vn -0.822960 -0.546688 -0.154494
vn -0.664688 -0.440273 -0.603614
vn -0.657778 -0.401745 -0.637126
vn -0.684575 -0.418618 -0.596755
vn -0.857880 -0.497148 -0.129944
vn -0.765723 -0.240000 -0.596714
vn -0.952589 -0.275099 -0.129981
vn -0.775690 -0.204792 -0.596964
vn -0.964143 -0.215760 -0.154520
vn -0.778698 -0.171575 -0.603483
vn -0.789335 -0.144596 -0.596692
vn -0.758288 -0.138094 -0.637126
vn -0.763301 -0.106968 -0.637126
vn -0.734248 -0.102908 -0.671036
vn -0.737842 -0.072796 -0.671037
vn -0.712313 -0.070950 -0.698267
vn -0.714619 -0.041760 -0.698266
vn -0.689438 -0.039631 -0.723260
vn -0.690482 -0.011403 -0.723260
vn -0.669056 -0.011058 -0.743130
vn -0.668948 0.016312 -0.743130
vn -0.647887 0.015790 -0.761572
vn -0.646699 0.042272 -0.761573
vn -0.626075 0.040915 -0.778689
vn -0.623878 0.066483 -0.778689
vn -0.603749 0.064329 -0.794574
vn -0.600614 0.088965 -0.794574
vn -0.581024 0.086053 -0.809324
vn -0.577019 0.109741 -0.809325
vn -0.557992 0.106111 -0.823034
vn -0.553186 0.128841 -0.823034
vn -0.529259 0.124070 -0.839340
vn -0.523742 0.145611 -0.839340
vn -0.501084 0.138407 -0.854259
vn -0.495005 0.158783 -0.854259
vn -0.467702 0.149990 -0.871067
vn -0.461178 0.168990 -0.871067
vn -0.434501 0.159178 -0.886494
vn -0.427628 0.176814 -0.886494
vn -0.401227 0.165857 -0.900838
vn -0.394108 0.182126 -0.900838
vn -0.367645 0.169854 -0.914323
vn -0.360392 0.184747 -0.914323
vn -0.333573 0.170952 -0.927095
vn -0.978990 -0.157090 -0.130003
vn -0.794904 -0.108432 -0.596967
vn -0.767036 -0.075664 -0.637127
vn -0.740201 -0.042561 -0.671037
vn -0.715729 -0.012501 -0.698266
vn -0.690371 0.016843 -0.723259
vn -0.667722 0.043656 -0.743130
vn -0.644430 0.068684 -0.761572
vn -0.620637 0.091941 -0.778689
vn -0.596473 0.113452 -0.794575
vn -0.572049 0.133247 -0.809324
vn -0.547454 0.151356 -0.823034
vn -0.517349 0.166906 -0.839340
vn -0.488097 0.178893 -0.854259
vn -0.453881 0.187709 -0.871067
vn -0.420039 0.194154 -0.886494
vn -0.386331 0.198091 -0.900838
vn -0.983239 -0.096757 -0.154530
vn -0.793884 -0.074968 -0.603431
vn -0.769489 -0.044233 -0.637126
vn -0.741322 -0.012255 -0.671037
vn -0.715641 0.016779 -0.698266
vn -0.689105 0.045062 -0.723259
vn -0.665378 0.070925 -0.743129
vn -0.641083 0.094980 -0.761572
vn -0.616358 0.117245 -0.778689
vn -0.591334 0.137750 -0.794575
vn -0.566120 0.156529 -0.809325
vn -0.540807 0.173618 -0.823034
vn -0.510091 0.187923 -0.839340
vn -0.480373 0.198704 -0.854259
vn -0.445825 0.206114 -0.871067
vn -0.411748 0.211169 -0.886494
vn -0.801109 -0.047020 -0.596669
vn -0.990829 -0.036746 -0.130027
vn -0.802197 -0.010445 -0.596969
vn -0.987702 0.023685 -0.154543
vn -0.797133 0.022777 -0.603374
vn -0.800865 0.051265 -0.596647
vn -0.769117 0.050293 -0.637126
vn -0.766417 0.081705 -0.637126
vn -0.737247 0.078583 -0.671038
vn -0.733416 0.108666 -0.671038
vn -0.708206 0.104255 -0.698266
vn -0.703349 0.133128 -0.698267
vn -0.678407 0.129077 -0.723259
vn -0.672560 0.156712 -0.723260
vn -0.651692 0.151841 -0.743130
vn -0.644937 0.178365 -0.743130
vn -0.624634 0.172741 -0.761572
vn -0.617048 0.198140 -0.761573
vn -0.597371 0.191812 -0.778689
vn -0.589027 0.216080 -0.778689
vn -0.570025 0.209099 -0.794574
vn -0.560997 0.232236 -0.794574
vn -0.542702 0.224651 -0.809325
vn -0.533061 0.246657 -0.809325
vn -0.515487 0.238512 -0.823034
vn -0.505302 0.259393 -0.823034
vn -0.483251 0.248951 -0.839340
vn -0.987930 0.084146 -0.130054
vn -0.797456 0.087697 -0.596970
vn -0.762434 0.112978 -0.637126
vn -0.728359 0.138568 -0.671038
vn -0.697316 0.161781 -0.698267
vn -0.665588 0.184085 -0.723260
vn -0.637104 0.204589 -0.743130
vn -0.608429 0.223209 -0.761572
vn -0.579698 0.239988 -0.778689
vn -0.551031 0.254983 -0.794575
vn -0.522528 0.268249 -0.809325
vn -0.977467 0.143776 -0.154555
vn -0.788396 0.120190 -0.603313
vn -0.757176 0.144064 -0.637126
vn -0.722084 0.168239 -0.671037
vn -0.690117 0.190162 -0.698267
vn -0.657504 0.211150 -0.723260
vn -0.628204 0.230474 -0.743129
vn -0.598792 0.247904 -0.761572
vn -0.569399 0.263494 -0.778688
vn -0.540142 0.277305 -0.794574
vn -0.788609 0.148785 -0.596622
vn -0.970336 0.203784 -0.130081
vn -0.780754 0.184524 -0.596970
vn -0.956355 0.261670 -0.130057
vn -0.771771 0.219996 -0.596633
vn -0.935527 0.317655 -0.154546
vn -0.758247 0.246998 -0.603368
vn -0.752342 0.278583 -0.596969
vn -0.723596 0.265480 -0.637126
vn -0.712134 0.294849 -0.637126
vn -0.685033 0.283616 -0.671038
vn -0.672862 0.311392 -0.671038
vn -0.649923 0.300039 -0.698267
vn -0.637109 0.326366 -0.698267
vn -0.614327 0.315434 -0.723259
vn -0.917391 0.376145 -0.130031
vn -0.739074 0.312684 -0.596656
vn -0.699481 0.323725 -0.637126
vn -0.659565 0.338650 -0.671037
vn -0.889889 0.429205 -0.154534
vn -0.722270 0.337941 -0.603425
vn -0.685657 0.352061 -0.637125
vn -0.712645 0.368464 -0.596969
vn -0.864781 0.485028 -0.130007
vn -0.759758 0.631580 -0.154514
vn -0.618452 0.503262 -0.603527
vn -0.579565 0.508109 -0.637126
vn -0.537060 0.511151 -0.671038
vn -0.498390 0.513839 -0.698267
vn -0.459639 0.515392 -0.723259
vn -0.424587 0.517189 -0.743129
vn -0.390398 0.517298 -0.761573
vn -0.357159 0.515831 -0.778689
vn -0.324940 0.512898 -0.794575
vn -0.293796 0.508603 -0.809325
vn -0.263766 0.503033 -0.823034
vn -0.231837 0.491691 -0.839340
vn -0.203091 0.478536 -0.854258
vn -0.173266 0.459588 -0.871067
vn -0.145430 0.439293 -0.886494
vn -0.119514 0.417382 -0.900838
vn -0.095505 0.393564 -0.914323
vn -0.073463 0.367558 -0.927095
vn -0.601938 0.530382 -0.596963
vn -0.721944 0.679637 -0.129965
vn -0.577261 0.557397 -0.596723
vn -0.677201 0.719393 -0.154504
vn -0.552174 0.575158 -0.603570
vn -0.532590 0.599990 -0.596959
vn -0.513009 0.575234 -0.637125
vn -0.489055 0.595731 -0.637126
vn -0.470450 0.573050 -0.671037
vn -0.446622 0.591809 -0.671038
vn -0.431744 0.570983 -0.698266
vn -0.408033 0.588162 -0.698266
vn -0.393093 0.567779 -0.723260
vn -0.369544 0.583380 -0.723260
vn -0.358084 0.565272 -0.743131
vn -0.334669 0.579443 -0.743130
vn -0.324140 0.561196 -0.761572
vn -0.300918 0.573981 -0.761573
vn -0.291329 0.555672 -0.778689
vn -0.268362 0.567120 -0.778689
vn -0.259711 0.548818 -0.794575
vn -0.237051 0.558979 -0.794575
vn -0.229328 0.540742 -0.809325
vn -0.207023 0.549668 -0.809325
vn -0.200206 0.531537 -0.823034
vn -0.178301 0.539280 -0.823035
vn -0.169905 0.516372 -0.839340
vn -0.148646 0.522889 -0.839340
vn -0.142987 0.499797 -0.854259
vn -0.122428 0.505227 -0.854258
vn -0.115705 0.477342 -0.871067
vn -0.096088 0.481674 -0.871067
vn -0.090562 0.453792 -0.886494
vn -0.071928 0.457116 -0.886494
vn -0.067522 0.428873 -0.900838
vn -0.049927 0.431276 -0.900838
vn -0.046611 0.402295 -0.914323
vn -0.633841 0.762469 -0.129946
vn -0.504784 0.623773 -0.596742
vn -0.464284 0.615232 -0.637126
vn -0.422046 0.609578 -0.671038
vn -0.383638 0.604357 -0.698266
vn -0.345379 0.598004 -0.723259
vn -0.310693 0.592645 -0.743130
vn -0.277193 0.585808 -0.761572
vn -0.244944 0.577622 -0.778688
vn -0.213993 0.568207 -0.794574
vn -0.184371 0.557675 -0.809324
vn -0.156098 0.546120 -0.823035
vn -0.127139 0.528529 -0.839341
vn -0.101665 0.509810 -0.854259
vn -0.076310 0.485201 -0.871067
vn -0.053174 0.459675 -0.886494
vn -0.584568 0.796500 -0.154495
vn -0.477599 0.638402 -0.603608
vn -0.438735 0.633705 -0.637126
vn -0.396764 0.626328 -0.671037
vn -0.358603 0.619539 -0.698267
vn -0.320634 0.611629 -0.723259
vn -0.286196 0.604856 -0.743129
vn -0.253005 0.596654 -0.761573
vn -0.221118 0.587155 -0.778689
vn -0.190578 0.576483 -0.794574
vn -0.161411 0.564748 -0.809324
vn -0.133634 0.552047 -0.823035
vn -0.105418 0.533286 -0.839341
vn -0.080732 0.513541 -0.854259
vn -0.056404 0.487915 -0.871067
vn -0.455252 0.660600 -0.596953
vn -0.536310 0.833961 -0.129929
vn -0.424736 0.680789 -0.596762
vn -0.483234 0.861753 -0.154488
vn -0.395847 0.692040 -0.603644
vn -0.371086 0.711301 -0.596948
vn -0.357865 0.682644 -0.637127
vn -0.329648 0.696709 -0.637126
vn -0.317113 0.670185 -0.671038
vn -0.289439 0.682594 -0.671037
vn -0.280067 0.658775 -0.698267
vn -0.252892 0.669679 -0.698266
vn -0.243353 0.646277 -0.723260
vn -0.216721 0.655688 -0.723260
vn -0.210003 0.635340 -0.743130
vn -0.183845 0.643396 -0.743130
vn -0.178066 0.623139 -0.761571
vn -0.152434 0.629899 -0.761572
vn -0.147580 0.609807 -0.778688
vn -0.122519 0.615331 -0.778689
vn -0.118575 0.595476 -0.794574
vn -0.094126 0.599827 -0.794574
vn -0.091066 0.580259 -0.809325
vn -0.067260 0.583498 -0.809325
vn -0.065053 0.564254 -0.823034
vn -0.430800 0.893047 -0.129916
vn -0.338322 0.727593 -0.596780
vn -0.300880 0.709607 -0.637125
vn -0.261282 0.693860 -0.671037
vn -0.225295 0.679461 -0.698265
vn -0.189725 0.664002 -0.723260
vn -0.157381 0.650375 -0.743131
vn -0.126547 0.635604 -0.761573
vn -0.097254 0.619825 -0.778690
vn -0.069517 0.603174 -0.794575
vn -0.374707 0.914183 -0.154481
vn -0.308149 0.735270 -0.603674
vn -0.271610 0.721316 -0.637128
vn -0.232689 0.703963 -0.671038
vn -0.197320 0.688106 -0.698266
vn -0.162411 0.671207 -0.723260
vn -0.130651 0.656269 -0.743129
vn -0.100448 0.640249 -0.761572
vn -0.071825 0.623285 -0.778689
vn -0.281351 0.751335 -0.596940
vn -0.318883 0.938850 -0.129902
vn -0.246837 0.763482 -0.596797
vn -0.260607 0.953006 -0.154476
vn -0.215821 0.767445 -0.603697
vn -0.187396 0.780099 -0.596933
vn -0.181269 0.749141 -0.637126
vn -0.150481 0.755928 -0.637125
vn -0.144766 0.727153 -0.671038
vn -0.114908 0.732465 -0.671037
vn -0.111604 0.707084 -0.698267
vn -0.082595 0.711056 -0.698267
vn -0.079028 0.686039 -0.723260
vn -0.202223 0.970687 -0.129893
vn -0.151651 0.787916 -0.596817
vn -0.119443 0.761448 -0.637126
vn -0.084859 0.736551 -0.671037
vn -0.142622 0.977649 -0.154473
vn -0.120251 0.788074 -0.603721
vn -0.088205 0.765696 -0.637126
vn -0.090627 0.797163 -0.596924
vn -0.082552 0.988087 -0.129884
vn 0.158672 0.978752 -0.129875
vn 0.141676 0.789737 -0.596862
vn 0.162603 0.753413 -0.637125
vn 0.185909 0.717738 -0.671037
vn 0.207062 0.685234 -0.698269
vn 0.227225 0.652129 -0.723254
vn 0.245837 0.622349 -0.743133
vn 0.262523 0.592528 -0.761572
vn 0.277389 0.562760 -0.778689
vn 0.292207 0.536007 -0.792030
vn 0.312249 0.520710 -0.794582
vn 0.331373 0.504755 -0.797129
vn 0.342017 0.477512 -0.809325
vn 0.349336 0.447860 -0.823035
vn 0.352181 0.414097 -0.839340
vn 0.355502 0.385764 -0.851355
vn 0.366807 0.367971 -0.854429
vn 0.377320 0.350432 -0.857221
vn 0.371755 0.321000 -0.871067
vn 0.364922 0.292009 -0.884060
vn 0.371813 0.275430 -0.886506
vn 0.377613 0.259000 -0.889003
vn 0.366655 0.232513 -0.900834
vn 0.349749 0.204171 -0.914325
vn 0.330421 0.176967 -0.927095
vn 0.216902 0.963895 -0.154465
vn 0.171423 0.778518 -0.603758
vn 0.193276 0.746133 -0.637127
vn 0.215128 0.709524 -0.671041
vn 0.234893 0.676209 -0.698260
vn 0.253718 0.642275 -0.723263
vn 0.271066 0.611786 -0.743129
vn 0.286537 0.581296 -0.761572
vn 0.301929 0.553848 -0.775945
vn 0.322651 0.538078 -0.778696
vn 0.342441 0.521620 -0.781439
vn 0.353558 0.493607 -0.794574
vn 0.361258 0.463126 -0.809325
vn 0.367359 0.433200 -0.823034
vn 0.371142 0.402742 -0.836691
vn 0.383016 0.385448 -0.839481
vn 0.395689 0.367502 -0.841649
vn 0.393485 0.339723 -0.854259
vn 0.387130 0.309786 -0.868426
vn 0.394635 0.292377 -0.871079
vn 0.401059 0.275082 -0.873775
vn 0.390816 0.247791 -0.886489
vn 0.374961 0.218841 -0.900840
vn 0.357025 0.191170 -0.914323
vn 0.336710 0.164685 -0.927095
vn 0.201956 0.776486 -0.596895
vn 0.276642 0.952157 -0.129871
vn 0.237171 0.766471 -0.596885
vn 0.332654 0.930313 -0.154463
vn 0.265436 0.751683 -0.603752
vn 0.295386 0.745982 -0.596874
vn 0.283182 0.716848 -0.637132
vn 0.312237 0.704683 -0.637126
vn 0.300342 0.677866 -0.671038
vn 0.327812 0.665017 -0.671037
vn 0.315899 0.642365 -0.698266
vn 0.344509 0.631993 -0.694189
vn 0.332243 0.609481 -0.719824
vn 0.368688 0.613583 -0.698273
vn 0.355113 0.592267 -0.723267
vn 0.390432 0.594755 -0.702730
vn 0.376994 0.574276 -0.726694
vn 0.402159 0.561393 -0.723261
vn 0.389674 0.543978 -0.743130
vn 0.411593 0.527587 -0.743130
vn 0.398628 0.510982 -0.761573
vn 0.419192 0.494253 -0.761572
vn 0.405814 0.478496 -0.778689
vn 0.427459 0.463882 -0.775946
vn 0.413694 0.448938 -0.792030
vn 0.442684 0.444336 -0.778843
vn 0.428405 0.429992 -0.794718
vn 0.457193 0.424651 -0.781439
vn 0.442416 0.410918 -0.797129
vn 0.459677 0.396671 -0.794575
vn 0.444676 0.383740 -0.809325
vn 0.461126 0.369017 -0.806963
vn 0.445947 0.356867 -0.820839
vn 0.471837 0.349789 -0.809332
vn 0.456282 0.338245 -0.823041
vn 0.481665 0.330370 -0.811699
vn 0.465749 0.319453 -0.825244
vn 0.479812 0.303987 -0.823026
vn 0.459589 0.290342 -0.839333
vn 0.469964 0.273193 -0.839345
vn 0.449027 0.261931 -0.854264
vn 0.458358 0.245255 -0.854259
vn 0.433053 0.231749 -0.871067
vn 0.441289 0.215653 -0.871067
vn 0.415738 0.203201 -0.886494
vn 0.422935 0.187761 -0.886494
vn 0.396796 0.176194 -0.900838
vn 0.407475 0.162911 -0.898568
vn 0.380495 0.152121 -0.912186
vn 0.408849 0.145991 -0.900849
vn 0.381387 0.136147 -0.914335
vn 0.409205 0.129593 -0.903193
vn 0.381249 0.120737 -0.916554
vn 0.390236 0.108300 -0.914323
vn 0.390492 0.911400 -0.129871
vn 0.329068 0.731739 -0.596886
vn 0.340795 0.691324 -0.637126
vn 0.357175 0.655240 -0.665648
vn 0.381272 0.635872 -0.671043
vn 0.404185 0.615717 -0.676408
vn 0.416318 0.582326 -0.698266
vn 0.424782 0.544478 -0.723260
vn 0.432825 0.510314 -0.743130
vn 0.441510 0.479137 -0.758615
vn 0.457264 0.458984 -0.761737
vn 0.472285 0.438675 -0.764533
vn 0.475010 0.409889 -0.778689
vn 0.476646 0.381441 -0.792030
vn 0.487741 0.361591 -0.794582
vn 0.497937 0.341533 -0.797129
vn 0.496181 0.314345 -0.809316
vn 0.490679 0.286080 -0.823038
vn 0.479692 0.255740 -0.839340
vn 0.467075 0.228217 -0.854259
vn 0.448928 0.199264 -0.871067
vn 0.433972 0.173508 -0.884060
vn 0.435758 0.155639 -0.886505
vn 0.436531 0.138251 -0.889004
vn 0.418355 0.116065 -0.900838
vn 0.398700 0.094631 -0.912186
vn 0.443458 0.882885 -0.154465
vn 0.355452 0.713534 -0.603757
vn 0.371221 0.681022 -0.631192
vn 0.396347 0.661039 -0.637132
vn 0.420264 0.640222 -0.643035
vn 0.431762 0.602736 -0.671037
vn 0.439784 0.564814 -0.698266
vn 0.446693 0.526651 -0.723260
vn 0.455826 0.494680 -0.739942
vn 0.472125 0.473914 -0.743306
vn 0.487672 0.452973 -0.746318
vn 0.490665 0.423386 -0.761572
vn 0.492507 0.394139 -0.775945
vn 0.503997 0.373655 -0.778697
vn 0.514573 0.352942 -0.781439
vn 0.512917 0.324936 -0.794565
vn 0.507418 0.295824 -0.809330
vn 0.500865 0.267860 -0.823034
vn 0.488780 0.237911 -0.839340
vn 0.475158 0.210872 -0.854259
vn 0.460385 0.184072 -0.868426
vn 0.462517 0.165232 -0.871078
vn 0.463632 0.146838 -0.873776
vn 0.445908 0.123672 -0.886494
vn 0.426971 0.101346 -0.898568
vn 0.425838 0.084419 -0.900853
vn 0.383291 0.708294 -0.592796
vn 0.498537 0.857083 -0.129884
vn 0.411807 0.688563 -0.596906
vn 0.547663 0.822319 -0.154455
vn 0.436390 0.664800 -0.606304
vn 0.467567 0.652031 -0.596855
vn 0.448855 0.626577 -0.637127
vn 0.474103 0.607698 -0.637126
vn 0.456049 0.584575 -0.671038
vn 0.479573 0.565436 -0.671038
vn 0.462513 0.546356 -0.698267
vn 0.487749 0.529341 -0.694190
vn 0.470382 0.510484 -0.719824
vn 0.505507 0.506517 -0.698501
vn 0.487242 0.489100 -0.723447
vn 0.521271 0.484197 -0.702730
vn 0.503329 0.467523 -0.726692
vn 0.522850 0.451136 -0.723260
vn 0.506620 0.437143 -0.743130
vn 0.525194 0.420306 -0.739942
vn 0.508698 0.407100 -0.758615
vn 0.537517 0.398528 -0.743136
vn 0.520597 0.385974 -0.761579
vn 0.548886 0.376477 -0.746317
vn 0.531563 0.364595 -0.764533
vn 0.547490 0.346817 -0.761559
vn 0.530024 0.335762 -0.778677
vn 0.542028 0.315973 -0.778695
vn 0.524535 0.305788 -0.794580
vn 0.535420 0.286317 -0.794574
vn 0.517951 0.276986 -0.809324
vn 0.527795 0.257734 -0.809324
vn 0.510384 0.249243 -0.823034
vn 0.519213 0.230288 -0.823034
vn 0.497205 0.219760 -0.839340
vn 0.508532 0.203330 -0.836691
vn 0.487099 0.194758 -0.851354
vn 0.511621 0.183679 -0.839349
vn 0.489519 0.174912 -0.854270
vn 0.514820 0.163058 -0.841649
vn 0.490915 0.155483 -0.857221
vn 0.500957 0.138868 -0.854259
vn 0.473307 0.131235 -0.871067
vn 0.482413 0.114516 -0.868426
vn 0.454737 0.107942 -0.884061
vn 0.481749 0.095577 -0.871081
vn 0.453872 0.090013 -0.886509
vn 0.480162 0.077207 -0.873775
vn 0.452093 0.072690 -0.889004
vn 0.459228 0.056905 -0.886494
vn 0.599166 0.790020 -0.129877
vn 0.496783 0.630006 -0.596907
vn 0.498559 0.587801 -0.637126
vn 0.505683 0.548815 -0.665648
vn 0.523090 0.525067 -0.671328
vn 0.539635 0.501264 -0.676408
vn 0.541574 0.468103 -0.698267
vn 0.541968 0.433734 -0.719824
vn 0.554727 0.411297 -0.723265
vn 0.566511 0.388567 -0.726692
vn 0.565293 0.358084 -0.743115
vn 0.559891 0.326372 -0.761579
vn 0.553275 0.295855 -0.778689
vn 0.545595 0.266415 -0.794575
vn 0.536923 0.238132 -0.809325
vn 0.530336 0.212052 -0.820839
vn 0.534822 0.191229 -0.823041
vn 0.538413 0.170534 -0.825245
vn 0.524070 0.144426 -0.839340
vn 0.510406 0.121166 -0.851354
vn 0.509880 0.101190 -0.854273
vn 0.508418 0.081756 -0.857221
vn 0.487441 0.060366 -0.871067
vn 0.465653 0.040046 -0.884061
vn 0.643714 0.749514 -0.154468
vn 0.518184 0.605794 -0.603737
vn 0.525573 0.570412 -0.631192
vn 0.543787 0.545859 -0.637443
vn 0.561106 0.521217 -0.643035
vn 0.561340 0.484362 -0.671037
vn 0.561980 0.449755 -0.694190
vn 0.575384 0.425850 -0.698273
vn 0.586710 0.402422 -0.702729
vn 0.583400 0.369545 -0.723243
vn 0.578097 0.336971 -0.743138
vn 0.571508 0.305594 -0.761571
vn 0.563791 0.275290 -0.778688
vn 0.555031 0.246153 -0.794575
vn 0.548388 0.219273 -0.806963
vn 0.553058 0.197761 -0.809331
vn 0.556812 0.176364 -0.811700
vn 0.547383 0.151612 -0.823035
vn 0.532864 0.126503 -0.836692
vn 0.533030 0.106619 -0.839351
vn 0.533175 0.085741 -0.841649
vn 0.515911 0.063860 -0.854259
vn 0.493995 0.042489 -0.868426
vn 0.490558 0.023855 -0.871082
vn 0.543690 0.594168 -0.592762
vn 0.690880 0.711204 -0.129896
vn 0.566040 0.568960 -0.596560
vn 0.730570 0.666278 -0.149468
vn 0.582638 0.541229 -0.606303
vn 0.608865 0.523688 -0.595847
vn 0.583558 0.503519 -0.637126
vn 0.605567 0.484651 -0.631191
vn 0.582646 0.466301 -0.665648
vn 0.619140 0.459055 -0.637130
vn 0.595579 0.441572 -0.671044
vn 0.631554 0.433182 -0.643034
vn 0.607383 0.416603 -0.676408
vn 0.626356 0.396769 -0.671009
vn 0.604416 0.383583 -0.698245
vn 0.618131 0.360998 -0.698280
vn 0.596615 0.347753 -0.723269
vn 0.608989 0.325618 -0.723260
vn 0.590089 0.315521 -0.743130
vn 0.601302 0.293588 -0.743130
vn 0.582368 0.284351 -0.761572
vn 0.592439 0.262724 -0.761572
vn 0.573541 0.254352 -0.778688
vn 0.585712 0.234202 -0.775945
vn 0.566848 0.226656 -0.792030
vn 0.590764 0.211264 -0.778695
vn 0.571705 0.204438 -0.794581
vn 0.594855 0.188420 -0.781438
vn 0.575624 0.182326 -0.797129
vn 0.585142 0.162049 -0.794575
vn 0.566053 0.156772 -0.809325
vn 0.574629 0.136424 -0.806963
vn 0.555713 0.131930 -0.820840
vn 0.576087 0.114468 -0.809334
vn 0.557090 0.110684 -0.823043
vn 0.576665 0.092744 -0.811699
vn 0.557611 0.089676 -0.825245
vn 0.563704 0.069654 -0.823034
vn 0.539589 0.065965 -0.839341
vn 0.545658 0.046943 -0.836692
vn 0.522661 0.044961 -0.851354
vn 0.542905 0.027254 -0.839352
vn 0.519208 0.025280 -0.854274
vn 0.539985 0.006578 -0.841649
vn 0.514911 0.006268 -0.857221
vn 0.519697 -0.012531 -0.854259
vn 0.770442 0.619702 -0.149629
vn 0.625055 0.500253 -0.599210
vn 0.641703 0.483088 -0.595687
vn 0.661038 0.452029 -0.598915
vn 0.651147 0.412459 -0.637091
vn 0.640540 0.373358 -0.671054
vn 0.630977 0.338069 -0.698267
vn 0.620561 0.302983 -0.723261
vn 0.611701 0.271256 -0.743130
vn 0.604968 0.241905 -0.758615
vn 0.610223 0.218231 -0.761579
vn 0.614494 0.194644 -0.764533
vn 0.604655 0.167443 -0.778688
vn 0.593972 0.141020 -0.792030
vn 0.595511 0.118338 -0.794583
vn 0.596147 0.095882 -0.797129
vn 0.582929 0.072019 -0.809325
vn 0.569056 0.048960 -0.820840
vn 0.567300 0.027743 -0.823044
vn 0.564734 0.006884 -0.825244
vn 0.543428 -0.013922 -0.839340
vn 0.523603 -0.032188 -0.851354
vn 0.809137 0.573663 -0.127310
vn 0.839667 0.522126 -0.149478
vn 0.675042 0.424046 -0.603741
vn 0.694371 0.403545 -0.595819
vn 0.665892 0.388117 -0.637144
vn 0.679700 0.363426 -0.637126
vn 0.653825 0.349603 -0.671037
vn 0.666250 0.325300 -0.671037
vn 0.642993 0.314616 -0.698267
vn 0.654138 0.290736 -0.698266
vn 0.631293 0.279936 -0.723260
vn 0.644537 0.257734 -0.719824
vn 0.624587 0.249754 -0.739942
vn 0.650234 0.232558 -0.723265
vn 0.630058 0.225334 -0.743136
vn 0.654892 0.207446 -0.726693
vn 0.634516 0.200989 -0.746319
vn 0.644882 0.178565 -0.743130
vn 0.624576 0.172951 -0.761572
vn 0.633916 0.150513 -0.758615
vn 0.613738 0.145718 -0.775946
vn 0.635638 0.126331 -0.761581
vn 0.615365 0.122293 -0.778697
vn 0.636403 0.102363 -0.764534
vn 0.616064 0.099089 -0.781439
vn 0.622679 0.076909 -0.778688
vn 0.602587 0.074437 -0.794574
vn 0.608235 0.052338 -0.792030
vn 0.588428 0.050630 -0.806963
vn 0.606429 0.029677 -0.794584
vn 0.586648 0.028700 -0.809334
vn 0.603764 0.007368 -0.797129
vn 0.584032 0.007123 -0.811699
vn 0.587188 -0.014294 -0.809325
vn 0.567824 -0.013813 -0.823034
vn 0.570083 -0.035041 -0.820839
vn 0.546643 -0.033603 -0.836691
vn 0.565239 -0.055798 -0.823038
vn 0.541038 -0.052703 -0.839345
vn 0.559634 -0.076027 -0.825245
vn 0.872707 0.471349 -0.127331
vn 0.711123 0.373463 -0.595676
vn 0.692616 0.338162 -0.637126
vn 0.677772 0.300558 -0.671037
vn 0.668338 0.267257 -0.694189
vn 0.674227 0.240487 -0.698272
vn 0.678241 0.214847 -0.702730
vn 0.665535 0.184276 -0.723260
vn 0.654475 0.155398 -0.739942
vn 0.656301 0.130446 -0.743137
vn 0.657142 0.105704 -0.746318
vn 0.643193 0.079434 -0.761573
vn 0.628477 0.054084 -0.775946
vn 0.626649 0.030677 -0.778698
vn 0.623935 0.007619 -0.781439
vn 0.606986 -0.014786 -0.794575
vn 0.589491 -0.036233 -0.806962
vn 0.584516 -0.057691 -0.809328
vn 0.578759 -0.078623 -0.811700
vn 0.559651 -0.096981 -0.823034
vn 0.896560 0.416880 -0.149635
vn 0.718076 0.347258 -0.603141
vn 0.704593 0.312440 -0.637126
vn 0.692917 0.277090 -0.665648
vn 0.698116 0.249671 -0.671043
vn 0.702139 0.222421 -0.676409
vn 0.689717 0.191608 -0.698267
vn 0.675379 0.160366 -0.719824
vn 0.677318 0.134631 -0.723267
vn 0.678244 0.109103 -0.726693
vn 0.664103 0.082008 -0.743130
vn 0.649139 0.055866 -0.758615
vn 0.647294 0.031696 -0.761581
vn 0.644537 0.007875 -0.764533
vn 0.627224 -0.015289 -0.778689
vn 0.609333 -0.037451 -0.792030
vn 0.604227 -0.059625 -0.794578
vn 0.598313 -0.081278 -0.797129
vn 0.578735 -0.100299 -0.809325
vn 0.558766 -0.118337 -0.820839
vn 0.735530 0.322443 -0.595841
vn 0.920695 0.360520 -0.149486
vn 0.742861 0.297070 -0.599923
vn 0.754934 0.273970 -0.595831
vn 0.720178 0.287997 -0.631191
vn 0.725737 0.259561 -0.637130
vn 0.943930 0.304616 -0.127299
vn 0.764429 0.239002 -0.598770
vn 0.730080 0.231277 -0.643036
vn 0.957480 0.246677 -0.149608
vn 0.769429 0.209934 -0.603247
vn 0.742812 0.205672 -0.637125
vn 0.754641 0.179205 -0.631191
vn 0.726076 0.172415 -0.665648
vn 0.755966 0.150264 -0.637131
vn 0.727193 0.144534 -0.671045
vn 0.756114 0.121645 -0.643035
vn 0.727176 0.116984 -0.676409
vn 0.735834 0.090868 -0.671038
vn 0.710367 0.088330 -0.698267
vn 0.717139 0.061734 -0.694190
vn 0.691601 0.059530 -0.719822
vn 0.715003 0.034416 -0.698274
vn 0.689741 0.033791 -0.723267
vn 0.711404 0.008705 -0.702730
vn 0.686910 0.008401 -0.726694
vn 0.690371 -0.016854 -0.723260
vn 0.668948 -0.016323 -0.743130
vn 0.671405 -0.041262 -0.739941
vn 0.650312 -0.039967 -0.758615
vn 0.665911 -0.065686 -0.743134
vn 0.644946 -0.063625 -0.761575
vn 0.659532 -0.089588 -0.746319
vn 0.638719 -0.086762 -0.764533
vn 0.638557 -0.110696 -0.761572
vn 0.618191 -0.107157 -0.778689
vn 0.617115 -0.130682 -0.775946
vn 0.597236 -0.126476 -0.792031
vn 0.608571 -0.152550 -0.778698
vn 0.588931 -0.147637 -0.794584
vn 0.599280 -0.173829 -0.781439
vn 0.579905 -0.168213 -0.797129
vn 0.576558 -0.190349 -0.794574
vn 0.784580 0.185237 -0.591711
vn 0.970947 0.186863 -0.149482
vn 0.781292 0.158351 -0.603745
vn 0.790442 0.128650 -0.598874
vn 0.983611 0.127704 -0.127287
vn 0.797800 0.092939 -0.595716
vn 0.764950 0.094453 -0.637126
vn 0.772768 0.066536 -0.631191
vn 0.743515 0.064011 -0.665649
vn 0.769832 0.037715 -0.637131
vn 0.740528 0.036268 -0.671046
vn 0.765779 0.009383 -0.643035
vn 0.736471 0.009017 -0.676409
vn 0.741202 -0.018084 -0.671038
vn 0.715640 -0.016858 -0.698266
vn 0.718438 -0.044147 -0.694188
vn 0.692851 -0.042577 -0.719822
vn 0.712318 -0.070870 -0.698270
vn 0.687238 -0.067782 -0.723263
vn 0.704982 -0.095759 -0.702731
vn 0.680710 -0.092464 -0.726694
vn 0.680425 -0.117969 -0.723260
vn 0.659313 -0.114302 -0.743129
vn 0.658079 -0.139347 -0.739942
vn 0.637405 -0.134975 -0.758615
vn 0.649061 -0.162683 -0.743138
vn 0.628623 -0.157568 -0.761581
vn 0.639243 -0.185412 -0.746318
vn 0.619068 -0.179564 -0.764533
vn 0.615403 -0.203194 -0.761572
vn 0.595777 -0.196704 -0.778689
vn 0.591267 -0.219802 -0.775945
vn 0.572221 -0.212724 -0.792030
vn 0.579604 -0.240198 -0.778694
vn 0.986391 0.068224 -0.149594
vn 0.797493 0.068669 -0.599407
vn 0.802048 0.040897 -0.595857
vn 0.795194 0.009749 -0.606276
vn 0.770530 -0.018811 -0.637126
vn 0.744861 -0.045769 -0.665648
vn 0.737840 -0.072782 -0.671040
vn 0.729824 -0.099131 -0.676410
vn 0.705420 -0.121680 -0.698267
vn 0.679100 -0.143794 -0.719824
vn 0.669849 -0.167886 -0.723268
vn 0.659771 -0.191361 -0.726693
vn 0.635405 -0.209806 -0.743130
vn 0.610707 -0.227027 -0.758614
vn 0.598702 -0.248103 -0.761578
vn 0.586026 -0.268442 -0.764534
vn 0.988741 0.006957 -0.149478
vn 0.802874 -0.019990 -0.595814
vn 0.774168 -0.047567 -0.631191
vn 0.767036 -0.075652 -0.637128
vn 0.758868 -0.103073 -0.643036
vn 0.730527 -0.126646 -0.671037
vn 0.704181 -0.149100 -0.694189
vn 0.694205 -0.174621 -0.698274
vn 0.683297 -0.198180 -0.702730
vn 0.655751 -0.216533 -0.723260
vn 0.630515 -0.234387 -0.739941
vn 0.618169 -0.256160 -0.743135
vn 0.605124 -0.277187 -0.746319
vn 0.578927 -0.291290 -0.761573
vn 0.990425 -0.053476 -0.127272
vn 0.804505 -0.052999 -0.591577
vn 0.793852 -0.075287 -0.603433
vn 0.793480 -0.108175 -0.598905
vn 0.759431 -0.131668 -0.637125
vn 0.730081 -0.154577 -0.665648
vn 0.719170 -0.180257 -0.671045
vn 0.707377 -0.205157 -0.676409
vn 0.679930 -0.223871 -0.698267
vn 0.650656 -0.241871 -0.719823
vn 0.637969 -0.264357 -0.723264
vn 0.624557 -0.286086 -0.726693
vn 0.597743 -0.300768 -0.743130
vn 0.570789 -0.314171 -0.758615
vn 0.982331 -0.112509 -0.149561
vn 0.973479 -0.173177 -0.149496
vn 0.784986 -0.139137 -0.603686
vn 0.789221 -0.164548 -0.591654
vn 0.758807 -0.160651 -0.631192
vn 0.778936 -0.195773 -0.595762
vn 0.747631 -0.187379 -0.637132
vn 0.763911 -0.221539 -0.606102
vn 0.735529 -0.213315 -0.643035
vn 0.731891 -0.241674 -0.637126
vn 0.704037 -0.232464 -0.671038
vn 0.699501 -0.260022 -0.665648
vn 0.674685 -0.250801 -0.694190
vn 0.684939 -0.283833 -0.671042
vn 0.661071 -0.274594 -0.698271
vn 0.669620 -0.306722 -0.676410
vn 0.646827 -0.296284 -0.702731
vn 0.639723 -0.321215 -0.698266
vn 0.616882 -0.310407 -0.723259
vn 0.608127 -0.334720 -0.719822
vn 0.589303 -0.324360 -0.739941
vn 0.592277 -0.355107 -0.723262
vn 0.573894 -0.344094 -0.743132
vn 0.575824 -0.374625 -0.726694
vn 0.964144 -0.232870 -0.127273
vn 0.945431 -0.289484 -0.149531
vn 0.761796 -0.254205 -0.595858
vn 0.925674 -0.347524 -0.149513
vn 0.750024 -0.278797 -0.599780
vn 0.743717 -0.303189 -0.595786
vn 0.727024 -0.270249 -0.631190
vn 0.712047 -0.295053 -0.637129
vn 0.905649 -0.404483 -0.127251
vn 0.727187 -0.335561 -0.598831
vn 0.696270 -0.318925 -0.643036
vn 0.876923 -0.456780 -0.149525
vn 0.710871 -0.361054 -0.603575
vn 0.688509 -0.346448 -0.637126
vn 0.679503 -0.373999 -0.631190
vn 0.653778 -0.359842 -0.665648
vn 0.661047 -0.396339 -0.637128
vn 0.635881 -0.381262 -0.671040
vn 0.641940 -0.417633 -0.643036
vn 0.617371 -0.401651 -0.676410
vn 0.606241 -0.426827 -0.671037
vn 0.585667 -0.411605 -0.698267
vn 0.572826 -0.435857 -0.694189
vn 0.552423 -0.420338 -0.719823
vn 0.552895 -0.454667 -0.698273
vn 0.706223 -0.388735 -0.591722
vn 0.846927 -0.510253 -0.149521
vn 0.685342 -0.407414 -0.603589
vn 0.672514 -0.434881 -0.598835
vn 0.816889 -0.562581 -0.127256
vn 0.654012 -0.466168 -0.595782
vn 0.630222 -0.443724 -0.637126
vn 0.617267 -0.469658 -0.631191
vn 0.593897 -0.451883 -0.665648
vn 0.595735 -0.489044 -0.637131
vn 0.573053 -0.470437 -0.671044
vn 0.573708 -0.507311 -0.643035
vn 0.551748 -0.487899 -0.676409
vn 0.537051 -0.511160 -0.671037
vn 0.779100 -0.608808 -0.149519
vn 0.636805 -0.484520 -0.599767
vn 0.622293 -0.507643 -0.595861
vn 0.595841 -0.526876 -0.606115
vn 0.558294 -0.531394 -0.637126
vn 0.521173 -0.534128 -0.665647
vn 0.739868 -0.655924 -0.149528
vn 0.582095 -0.553383 -0.595762
vn 0.541679 -0.555142 -0.631190
vn 0.517532 -0.571166 -0.637127
vn 0.700835 -0.701879 -0.127260
vn 0.561210 -0.578790 -0.591647
vn 0.537521 -0.588766 -0.603677
vn 0.515865 -0.612530 -0.598907
vn 0.655234 -0.740485 -0.149499
vn 0.608075 -0.779665 -0.149555
vn 0.488308 -0.630400 -0.603450
vn 0.475133 -0.651367 -0.591582
vn 0.561363 -0.817724 -0.127275
vn 0.403133 -0.906247 -0.127278
vn 0.314147 -0.736656 -0.598874
vn 0.301727 -0.703893 -0.643036
vn 0.290177 -0.676954 -0.676410
vn 0.280298 -0.653914 -0.702730
vn 0.270646 -0.631402 -0.726693
vn 0.262223 -0.611757 -0.746320
vn 0.253946 -0.592451 -0.764534
vn 0.245828 -0.573517 -0.781439
vn 0.237880 -0.554976 -0.797129
vn 0.230104 -0.536839 -0.811700
vn 0.222498 -0.519101 -0.825245
vn 0.212746 -0.496352 -0.841649
vn 0.202865 -0.473305 -0.857221
vn 0.191588 -0.447002 -0.873776
vn 0.180387 -0.420871 -0.889004
vn 0.169093 -0.394525 -0.903193
vn 0.157539 -0.367573 -0.916554
vn 0.145570 -0.339649 -0.929219
vn 0.346660 -0.926003 -0.149483
vn 0.284208 -0.744800 -0.603738
vn 0.277491 -0.719075 -0.637126
vn 0.111589 -0.982426 -0.149622
vn 0.087689 -0.790756 -0.605818
vn 0.084405 -0.761171 -0.643036
vn 0.081171 -0.732039 -0.676410
vn 0.078405 -0.707123 -0.702731
vn 0.075704 -0.682778 -0.726693
vn 0.073346 -0.661534 -0.746319
vn 0.071029 -0.640658 -0.764534
vn 0.068757 -0.620182 -0.781439
vn 0.066532 -0.600132 -0.797129
vn 0.064356 -0.580519 -0.811699
vn 0.062228 -0.561337 -0.825245
vn 0.059498 -0.536737 -0.841649
vn 0.056733 -0.511813 -0.857221
vn 0.053578 -0.483369 -0.873775
vn 0.050443 -0.455112 -0.889004
vn 0.047283 -0.426623 -0.903193
vn 0.044051 -0.397477 -0.916554
vn 0.040702 -0.367281 -0.929219
vn 0.060548 -0.800929 -0.595690
vn 0.052001 -0.990497 -0.127325
vn 0.027300 -0.805336 -0.592190
vn 0.027975 -0.773498 -0.633180
vn 0.026936 -0.742847 -0.668919
vn 0.025053 -0.714679 -0.699004
vn 0.027923 -0.692144 -0.721219
vn 0.022307 -0.670246 -0.741804
vn 0.050896 -0.688698 -0.723259
vn 0.049324 -0.667326 -0.743130
vn 0.026224 -0.649599 -0.759825
vn 0.047779 -0.646316 -0.761572
vn 0.020790 -0.630366 -0.776019
vn 0.020047 -0.607014 -0.794438
vn 0.023898 -0.588795 -0.807929
vn 0.018716 -0.569612 -0.821701
vn 0.043329 -0.585762 -0.809324
vn 0.041910 -0.566444 -0.823034
vn 0.019557 -0.544276 -0.838678
vn 0.039410 -0.542176 -0.839340
vn 0.019883 -0.520145 -0.853847
vn 0.038469 -0.518423 -0.854259
vn 0.018786 -0.491360 -0.870754
vn 0.036376 -0.489816 -0.871067
vn 0.017694 -0.462844 -0.886263
vn 0.034303 -0.461467 -0.886494
vn 0.016587 -0.434175 -0.900676
vn 0.032217 -0.432959 -0.900838
vn 0.015439 -0.404921 -0.914221
vn 0.030088 -0.403867 -0.914323
vn 0.014226 -0.374675 -0.927047
vn 0.027884 -0.373788 -0.927095
vn 0.044780 -0.605513 -0.794575
vn 0.046263 -0.625702 -0.778689
vn 0.053368 -0.713846 -0.698266
vn 0.054654 -0.739406 -0.671037
vn 0.056805 -0.768664 -0.637126
vn 0.089022 -0.395080 -0.914323
vn 0.095397 -0.423545 -0.900838
vn 0.101643 -0.451439 -0.886494
vn 0.107853 -0.479176 -0.871067
vn 0.114120 -0.507167 -0.854259
vn 0.118537 -0.530525 -0.839340
vn 0.124571 -0.554163 -0.823034
vn 0.128809 -0.573063 -0.809325
vn 0.133142 -0.592389 -0.794574
vn 0.137572 -0.612142 -0.778689
vn 0.142096 -0.632310 -0.761573
vn 0.146707 -0.652868 -0.743129
vn 0.151398 -0.673776 -0.723260
vn 0.157534 -0.698288 -0.698267
vn 0.162556 -0.723384 -0.671037
vn 0.168977 -0.752009 -0.637126
vn 0.110928 -0.419748 -0.900837
vn 0.118197 -0.447392 -0.886493
vn 0.125424 -0.474882 -0.871066
vn 0.132717 -0.502623 -0.854258
vn 0.137990 -0.525802 -0.839340
vn 0.144889 -0.549202 -0.823033
vn 0.149819 -0.567934 -0.809324
vn 0.154861 -0.587086 -0.794574
vn 0.160014 -0.606663 -0.778688
vn 0.165277 -0.626651 -0.761572
vn 0.170642 -0.647024 -0.743129
vn 0.176098 -0.667747 -0.723259
vn 0.183132 -0.692016 -0.698267
vn 0.189073 -0.716910 -0.671037
vn 0.196543 -0.745280 -0.637126
vn 0.135189 -0.349599 -0.927095
vn 0.146028 -0.377742 -0.914323
vn 0.156512 -0.404964 -0.900838
vn 0.166782 -0.431639 -0.886494
vn 0.176996 -0.458164 -0.871067
vn 0.187303 -0.484932 -0.854259
vn 0.195098 -0.507390 -0.839340
vn 0.204535 -0.529887 -0.823034
vn 0.211500 -0.547961 -0.809325
vn 0.218623 -0.566441 -0.794574
vn 0.225903 -0.585331 -0.778689
vn 0.233337 -0.604616 -0.761573
vn 0.240914 -0.624274 -0.743130
vn 0.248623 -0.644269 -0.723259
vn 0.258289 -0.667615 -0.698267
vn 0.266939 -0.691703 -0.671038
vn 0.199875 -0.352226 -0.914323
vn 0.214238 -0.377616 -0.900838
vn 0.228312 -0.402495 -0.886494
vn 0.242307 -0.427235 -0.871067
vn 0.256430 -0.452201 -0.854259
vn 0.267436 -0.473272 -0.839340
vn 0.280072 -0.494140 -0.823034
vn 0.289614 -0.510996 -0.809325
vn 0.299370 -0.528232 -0.794574
vn 0.309344 -0.545848 -0.778689
vn 0.319527 -0.563835 -0.761573
vn 0.329907 -0.582168 -0.743130
vn 0.340466 -0.600815 -0.723259
vn 0.353453 -0.622491 -0.698267
vn 0.365544 -0.645048 -0.671037
vn 0.379997 -0.670576 -0.637126
vn 0.225148 -0.365446 -0.903193
vn 0.240185 -0.389850 -0.889004
vn 0.255101 -0.414053 -0.873775
vn 0.270115 -0.438417 -0.857221
vn 0.283271 -0.459765 -0.841649
vn 0.296256 -0.480836 -0.825245
vn 0.306382 -0.497266 -0.811700
vn 0.316734 -0.514066 -0.797129
vn 0.327318 -0.531240 -0.781439
vn 0.338126 -0.548779 -0.764534
vn 0.349147 -0.566661 -0.746319
vn 0.360361 -0.584857 -0.726693
vn 0.373211 -0.605709 -0.702731
vn 0.386365 -0.627050 -0.676410
vn 0.401743 -0.652003 -0.643036
vn 0.240962 -0.361129 -0.900846
vn 0.256858 -0.384888 -0.886502
vn 0.272666 -0.408513 -0.871075
vn 0.288616 -0.432353 -0.854266
vn 0.302490 -0.451661 -0.839346
vn 0.315451 -0.472333 -0.823039
vn 0.326217 -0.488434 -0.809330
vn 0.337225 -0.504899 -0.794579
vn 0.348477 -0.521728 -0.778693
vn 0.359965 -0.538912 -0.761577
vn 0.371674 -0.556427 -0.743134
vn 0.383583 -0.574242 -0.723263
vn 0.397105 -0.595589 -0.698270
vn 0.411818 -0.616530 -0.671041
vn 0.257047 -0.355672 -0.898568
vn 0.273765 -0.378801 -0.884060
vn 0.284899 -0.364638 -0.886494
vn 0.290429 -0.401856 -0.868426
vn 0.302372 -0.387058 -0.871067
vn 0.313108 -0.372128 -0.873776
vn 0.307285 -0.425173 -0.851354
vn 0.320005 -0.409681 -0.854259
vn 0.331533 -0.394027 -0.857221
vn 0.329661 -0.364090 -0.871069
vn 0.320808 -0.443881 -0.836691
vn 0.333985 -0.428908 -0.839340
vn 0.347679 -0.413214 -0.841649
vn 0.348938 -0.385331 -0.854261
vn 0.346263 -0.354879 -0.868425
vn 0.334566 -0.462913 -0.820839
vn 0.349546 -0.447697 -0.823034
vn 0.363614 -0.432152 -0.825245
vn 0.365493 -0.402393 -0.839342
vn 0.366357 -0.375472 -0.851354
vn 0.376655 -0.358291 -0.854259
vn 0.345957 -0.478670 -0.806963
vn 0.361458 -0.462970 -0.809325
vn 0.376040 -0.446920 -0.811700
vn 0.381345 -0.420937 -0.823036
vn 0.382478 -0.391993 -0.836691
vn 0.393304 -0.375260 -0.839340
vn 0.404527 -0.357750 -0.841649
vn 0.357604 -0.494781 -0.792030
vn 0.373638 -0.478588 -0.794574
vn 0.388745 -0.462019 -0.797130
vn 0.394358 -0.435285 -0.809326
vn 0.398879 -0.408802 -0.820839
vn 0.411453 -0.391562 -0.823034
vn 0.423069 -0.374144 -0.825245
vn 0.420570 -0.344401 -0.839350
vn 0.369507 -0.511247 -0.775946
vn 0.386088 -0.494550 -0.778689
vn 0.401734 -0.477454 -0.781439
vn 0.407662 -0.449956 -0.794576
vn 0.412458 -0.422717 -0.806962
vn 0.425478 -0.404923 -0.809325
vn 0.437529 -0.386927 -0.811699
vn 0.438975 -0.360421 -0.823042
vn 0.435837 -0.331652 -0.836692
vn 0.381657 -0.528055 -0.758615
vn 0.398801 -0.510847 -0.761573
vn 0.414999 -0.493218 -0.764534
vn 0.421262 -0.464952 -0.778690
vn 0.426342 -0.436946 -0.792030
vn 0.439817 -0.418583 -0.794575
vn 0.452313 -0.399998 -0.797129
vn 0.453953 -0.372704 -0.809332
vn 0.454528 -0.345871 -0.820839
vn 0.464454 -0.326952 -0.823034
vn 0.394038 -0.545181 -0.739941
vn 0.411758 -0.527459 -0.743130
vn 0.428522 -0.509289 -0.746320
vn 0.435146 -0.480264 -0.761574
vn 0.440532 -0.451488 -0.775945
vn 0.454475 -0.432546 -0.778689
vn 0.467427 -0.413359 -0.781439
vn 0.469266 -0.385264 -0.794582
vn 0.470003 -0.357643 -0.806963
vn 0.480287 -0.338109 -0.809325
vn 0.489578 -0.318523 -0.811700
vn 0.406626 -0.562593 -0.719823
vn 0.424939 -0.544356 -0.723259
vn 0.442284 -0.525644 -0.726693
vn 0.449297 -0.495870 -0.743132
vn 0.455016 -0.466331 -0.758614
vn 0.469441 -0.446803 -0.761572
vn 0.482862 -0.427004 -0.764533
vn 0.484919 -0.398103 -0.778696
vn 0.485825 -0.369679 -0.792030
vn 0.496476 -0.349518 -0.794575
vn 0.506121 -0.329283 -0.797129
vn 0.503732 -0.302065 -0.809327
vn 0.421644 -0.583368 -0.694189
vn 0.440966 -0.563891 -0.698267
vn 0.458054 -0.544385 -0.702731
vn 0.463692 -0.511746 -0.723261
vn 0.469775 -0.481455 -0.739941
vn 0.484696 -0.461333 -0.743130
vn 0.498599 -0.440917 -0.746318
vn 0.500901 -0.411212 -0.761579
vn 0.501996 -0.381980 -0.775946
vn 0.513024 -0.361180 -0.778689
vn 0.523030 -0.340282 -0.781440
vn 0.520723 -0.312242 -0.794577
vn 0.517404 -0.284790 -0.806962
vn 0.237908 -0.282758 -0.929219
vn 0.293514 -0.279039 -0.914323
vn 0.321526 -0.284366 -0.903193
vn 0.335409 -0.275625 -0.900850
vn 0.349214 -0.265754 -0.898568
vn 0.378481 -0.266234 -0.886494
vn 0.407644 -0.265221 -0.873776
vn 0.421153 -0.252714 -0.871072
vn 0.434365 -0.239091 -0.868426
vn 0.464443 -0.233527 -0.854259
vn 0.490962 -0.224908 -0.841649
vn 0.502440 -0.207488 -0.839347
vn 0.513348 -0.190845 -0.836691
vn 0.564659 -0.397563 -0.723260
vn 0.596356 -0.387981 -0.702731
vn 0.613628 -0.368622 -0.698269
vn 0.630586 -0.347079 -0.694188
vn 0.662307 -0.333253 -0.671038
vn 0.309740 -0.201528 -0.929219
vn 0.361876 -0.181821 -0.914323
vn 0.390234 -0.178775 -0.903193
vn 0.400984 -0.166395 -0.900847
vn 0.411326 -0.152927 -0.898568
vn 0.439467 -0.144904 -0.886494
vn 0.467071 -0.135504 -0.873775
vn 0.476358 -0.119574 -0.871083
vn 0.485057 -0.102740 -0.868426
vn 0.354892 -0.102976 -0.929219
vn 0.569718 -0.142829 -0.809334
vn 0.399074 -0.068945 -0.914323
vn 0.577788 -0.122362 -0.806963
vn 0.598247 -0.103691 -0.794575
vn 0.618302 -0.083991 -0.781440
vn 0.624375 -0.061604 -0.778692
vn 0.629613 -0.038696 -0.775945
vn 0.647887 -0.015801 -0.761572
vn 0.665539 0.008136 -0.746318
vn 0.668337 0.032734 -0.743138
vn 0.670194 0.057683 -0.739941
vn 0.685373 0.084626 -0.723258
vn 0.702426 0.112997 -0.702730
vn 0.702214 0.138955 -0.698274
vn 0.700320 0.166292 -0.694190
vn 0.714537 0.197855 -0.671037
vn 0.425327 -0.057790 -0.903193
vn 0.432025 -0.042831 -0.900844
vn 0.438008 -0.026931 -0.898568
vn 0.369504 0.004479 -0.929219
vn 0.352993 0.125972 -0.927107
vn 0.352652 0.140986 -0.925073
vn 0.370122 0.164388 -0.914323
vn 0.390043 0.190679 -0.900838
vn 0.407977 0.218365 -0.886494
vn 0.424235 0.247508 -0.871071
vn 0.439085 0.278316 -0.854251
vn 0.445338 0.305453 -0.841649
vn 0.436270 0.324284 -0.839350
vn 0.427613 0.342191 -0.836691
vn 0.430007 0.371093 -0.823034
vn 0.427960 0.397485 -0.811699
vn 0.414435 0.415956 -0.809459
vn 0.400225 0.434315 -0.806963
vn 0.392714 0.463063 -0.794574
vn 0.385908 0.494691 -0.778689
vn 0.377400 0.526856 -0.761572
vn 0.365269 0.556407 -0.746318
vn 0.344100 0.573884 -0.743137
vn 0.321963 0.590614 -0.739943
vn 0.305340 0.619405 -0.723260
vn 0.289366 0.654746 -0.698266
vn 0.272392 0.689569 -0.671042
vn 0.253607 0.727850 -0.637116
vn 0.342544 0.152180 -0.927095
vn 0.363821 0.177899 -0.914323
vn 0.382760 0.204906 -0.900838
vn 0.399667 0.233215 -0.886497
vn 0.414841 0.262984 -0.871060
vn 0.424659 0.291269 -0.857221
vn 0.417665 0.309478 -0.854271
vn 0.409592 0.327765 -0.851354
vn 0.412003 0.354628 -0.839340
vn 0.413821 0.384348 -0.825245
vn 0.400774 0.402229 -0.823160
vn 0.387053 0.420015 -0.820840
vn 0.379896 0.447965 -0.809325
vn 0.373449 0.478736 -0.794574
vn 0.365355 0.510058 -0.778689
vn 0.353744 0.538845 -0.764534
vn 0.333273 0.555811 -0.761580
vn 0.311852 0.572059 -0.758615
vn 0.295858 0.600188 -0.743130
vn 0.279754 0.631374 -0.723260
vn 0.262368 0.666019 -0.698270
vn 0.243943 0.700151 -0.671029
vn 0.223652 0.737593 -0.637131
vn 0.270781 0.251456 -0.929219
vn 0.261757 0.309025 -0.914323
vn 0.266861 0.342457 -0.900838
vn 0.269299 0.376307 -0.886494
vn 0.266916 0.406538 -0.873775
vn 0.252730 0.421126 -0.871080
vn 0.237340 0.435322 -0.868426
vn 0.229695 0.466349 -0.854259
vn 0.220881 0.496708 -0.839341
vn 0.208626 0.528287 -0.823036
vn 0.193221 0.554674 -0.809322
vn 0.176143 0.581053 -0.794576
vn 0.157305 0.607370 -0.778689
vn 0.136704 0.633497 -0.761573
vn 0.114291 0.659314 -0.743131
vn 0.090034 0.684682 -0.723259
vn 0.063549 0.713012 -0.698266
vn 0.036257 0.740537 -0.671036
vn 0.006189 0.770735 -0.637126
vn 0.151579 0.342811 -0.927095
vn 0.148535 0.376762 -0.914324
vn 0.142620 0.410064 -0.900837
vn 0.134051 0.442897 -0.886495
vn 0.122975 0.475520 -0.871067
vn 0.109500 0.508185 -0.854259
vn 0.093572 0.535493 -0.839340
vn 0.073999 0.563151 -0.823034
vn 0.052655 0.584997 -0.809325
vn 0.029666 0.606443 -0.794574
vn 0.005012 0.627390 -0.778689
vn 0.137434 0.348721 -0.927095
vn 0.133001 0.382525 -0.914322
vn 0.125736 0.415550 -0.900838
vn 0.115824 0.448011 -0.886494
vn 0.103425 0.480152 -0.871067
vn 0.088625 0.512238 -0.854259
vn 0.071596 0.538871 -0.839340
vn 0.050907 0.565705 -0.823035
vn 0.028687 0.586660 -0.809325
vn 0.004840 0.607147 -0.794574
vn 0.123058 0.354052 -0.927094
vn 0.117249 0.387641 -0.914323
vn 0.108633 0.420346 -0.900838
vn 0.097405 0.452372 -0.886494
vn 0.083703 0.483980 -0.871067
vn 0.067605 0.515433 -0.854259
vn 0.049500 0.541349 -0.839340
vn 0.027731 0.567315 -0.823034
vn 0.004671 0.587343 -0.809325
vn 0.108477 0.358787 -0.927095
vn 0.101295 0.392113 -0.914323
vn 0.091351 0.424437 -0.900838
vn 0.078823 0.455977 -0.886494
vn 0.063840 0.486997 -0.871067
vn 0.046469 0.517766 -0.854259
vn 0.027320 0.542920 -0.839340
vn 0.004507 0.567975 -0.823033
vn -0.043182 0.372331 -0.927095
vn -0.058373 0.370254 -0.927095
vn -0.059663 0.516413 -0.854259
vn -0.061485 0.540119 -0.839340
vn -0.074181 0.643821 -0.761572
vn -0.076583 0.664751 -0.743129
vn -0.063024 0.400052 -0.914323
vn -0.085005 0.425753 -0.900838
vn -0.109044 0.449709 -0.886494
vn -0.135130 0.472210 -0.871067
vn -0.163306 0.493531 -0.854259
vn -0.190880 0.508992 -0.839340
vn -0.221776 0.522905 -0.823034
vn -0.251249 0.530911 -0.809325
vn -0.281938 0.537738 -0.794575
vn -0.313810 0.543294 -0.778688
vn -0.346818 0.547471 -0.761572
vn -0.380901 0.550156 -0.743131
vn -0.415984 0.551228 -0.723260
vn -0.454732 0.552848 -0.698267
vn -0.493491 0.553331 -0.671038
vn -0.536104 0.553773 -0.637125
vn -0.083522 0.537152 -0.839340
vn -0.088073 0.561123 -0.823034
vn -0.103704 0.661063 -0.743129
vn -0.107017 0.682234 -0.723260
vn -0.079332 0.397139 -0.914323
vn -0.110946 0.557051 -0.823034
vn -0.114718 0.576050 -0.809325
vn -0.134827 0.677286 -0.723260
vn -0.140427 0.701928 -0.698267
vn -0.102344 0.421921 -0.900838
vn -0.127344 0.444873 -0.886494
vn -0.154327 0.466290 -0.871067
vn -0.183352 0.486440 -0.854259
vn -0.211535 0.500760 -0.839340
vn -0.242974 0.513399 -0.823034
vn -0.272750 0.520193 -0.809325
vn -0.303693 0.525758 -0.794575
vn -0.335765 0.530006 -0.778688
vn -0.368916 0.532830 -0.761572
vn -0.403082 0.534119 -0.743130
vn -0.438178 0.533756 -0.723260
vn -0.476960 0.533790 -0.698267
vn -0.515707 0.532687 -0.671038
vn -0.558302 0.531386 -0.637125
vn -0.138180 0.570877 -0.809324
vn -0.142828 0.590128 -0.794575
vn -0.169015 0.695599 -0.698267
vn -0.174382 0.720624 -0.671038
vn -0.166843 0.583793 -0.794575
vn -0.172396 0.603260 -0.778689
vn -0.196922 0.595705 -0.778689
vn -0.203400 0.615334 -0.761572
vn -0.235810 0.626222 -0.743129
vn -0.269579 0.635785 -0.723260
vn -0.306774 0.646772 -0.698267
vn -0.344253 0.656658 -0.671037
vn -0.385480 0.667440 -0.637125
vn -0.203706 0.712889 -0.671038
vn -0.211754 0.741101 -0.637126
vn -0.241884 0.731820 -0.637127
vn -0.228394 0.606500 -0.761573
vn -0.261222 0.616054 -0.743129
vn -0.295353 0.624230 -0.723259
vn -0.332966 0.633686 -0.698266
vn -0.370819 0.642030 -0.671037
vn -0.412453 0.651117 -0.637126
vn -0.187713 0.324437 -0.927095
vn -0.216944 0.341977 -0.914323
vn -0.247334 0.356816 -0.900838
vn -0.278918 0.369232 -0.886494
vn -0.311802 0.379502 -0.871067
vn -0.346133 0.387857 -0.854259
vn -0.377582 0.391075 -0.839340
vn -0.411463 0.391552 -0.823034
vn -0.441690 0.387174 -0.809325
vn -0.472561 0.381231 -0.794575
vn -0.504012 0.373650 -0.778689
vn -0.535959 0.364354 -0.761573
vn -0.200824 0.316489 -0.927095
vn -0.213598 0.308012 -0.927095
vn -0.226016 0.299019 -0.927095
vn -0.238055 0.289526 -0.927095
vn -0.230748 0.332819 -0.914323
vn -0.261719 0.346402 -0.900838
vn -0.293784 0.357518 -0.886494
vn -0.327060 0.366435 -0.871067
vn -0.361705 0.373377 -0.854259
vn -0.393260 0.375306 -0.839341
vn -0.427131 0.374398 -0.823034
vn -0.457154 0.368788 -0.809324
vn -0.487756 0.361587 -0.794574
vn -0.518871 0.352728 -0.778688
vn -0.244165 0.323105 -0.914323
vn -0.257174 0.312850 -0.914323
vn -0.269753 0.302071 -0.914323
vn -0.275665 0.335411 -0.900838
vn -0.308159 0.345205 -0.886494
vn -0.341772 0.352753 -0.871067
vn -0.376672 0.358273 -0.854259
vn -0.408278 0.358910 -0.839341
vn -0.442085 0.356618 -0.823034
vn -0.471853 0.349785 -0.809324
vn -0.502135 0.341338 -0.794575
vn -0.289151 0.323856 -0.900838
vn -0.302154 0.311761 -0.900838
vn -0.322019 0.332313 -0.886494
vn -0.355912 0.338481 -0.871067
vn -0.391008 0.342570 -0.854259
vn -0.422614 0.341914 -0.839341
vn -0.456299 0.338241 -0.823034
vn -0.485762 0.330196 -0.809324
vn -0.335339 0.318867 -0.886494
vn -0.369456 0.323643 -0.871067
vn -0.404691 0.326293 -0.854259
vn -0.436243 0.324345 -0.839341
vn -0.469749 0.319297 -0.823034
vn -0.437023 0.224173 -0.871067
vn -0.462528 0.237296 -0.854259
vn -0.558147 0.286560 -0.778688
vn -0.576530 0.296007 -0.761573
vn -0.595267 0.305638 -0.743130
vn -0.340285 0.157168 -0.927095
vn -0.374284 0.154677 -0.914323
vn -0.407674 0.149310 -0.900838
vn -0.440647 0.141276 -0.886494
vn -0.473445 0.130738 -0.871067
vn -0.506325 0.117800 -0.854259
vn -0.533890 0.102322 -0.839340
vn -0.561865 0.083204 -0.823034
vn -0.584057 0.062219 -0.809325
vn -0.605874 0.039584 -0.794575
vn -0.627224 0.015277 -0.778689
vn -0.647992 -0.010718 -0.761572
vn -0.668044 -0.038410 -0.743130
vn -0.687240 -0.067792 -0.723260
vn -0.708816 -0.100020 -0.698267
vn -0.729424 -0.132850 -0.671038
vn -0.752006 -0.168988 -0.637126
vn -0.471846 0.218183 -0.854259
vn -0.493028 0.228980 -0.839340
vn -0.588153 0.272184 -0.761572
vn -0.607268 0.281039 -0.743130
vn -0.626712 0.290047 -0.723259
vn -0.346427 0.143121 -0.927095
vn -0.380296 0.139241 -0.914323
vn -0.413439 0.132514 -0.900838
vn -0.446056 0.123138 -0.886494
vn -0.478395 0.111267 -0.871067
vn -0.510719 0.096995 -0.854259
vn -0.537627 0.080403 -0.839340
vn -0.564797 0.060156 -0.823034
vn -0.586112 0.038282 -0.809325
vn -0.606986 0.014774 -0.794575
vn -0.627324 -0.010387 -0.778689
vn -0.647010 -0.037210 -0.761573
vn -0.665914 -0.065697 -0.743130
vn -0.683892 -0.095840 -0.723260
vn -0.704132 -0.128924 -0.698267
vn -0.723381 -0.162568 -0.671038
vn -0.744466 -0.199600 -0.637127
vn -0.501979 0.208627 -0.839340
vn -0.524809 0.217232 -0.823034
vn -0.618253 0.255970 -0.743130
vn -0.638049 0.264175 -0.723260
vn -0.661649 0.273210 -0.698266
vn -0.533254 0.195588 -0.823034
vn -0.551435 0.202269 -0.809325
vn -0.648319 0.237862 -0.723260
vn -0.672269 0.245923 -0.698267
vn -0.696059 0.255364 -0.671037
vn -0.559245 0.179550 -0.809325
vn -0.578099 0.185615 -0.794574
vn -0.585206 0.161817 -0.794575
vn -0.604716 0.167223 -0.778688
vn -0.631176 0.147051 -0.761573
vn -0.657356 0.125063 -0.743130
vn -0.683118 0.101225 -0.723259
vn -0.711877 0.075205 -0.698266
vn -0.739844 0.048368 -0.671038
vn -0.770531 0.018799 -0.637126
vn -0.681763 0.218226 -0.698266
vn -0.705920 0.226686 -0.671037
vn -0.714599 0.197628 -0.671037
vn -0.733847 0.235667 -0.637126
vn -0.742871 0.205460 -0.637126
vn -0.750651 0.174907 -0.637126
vn -0.611048 0.142353 -0.778689
vn -0.636662 0.121117 -0.761572
vn -0.661920 0.098075 -0.743130
vn -0.686685 0.073204 -0.723260
vn -0.714357 0.046031 -0.698266
vn -0.741203 0.018072 -0.671038
vn -0.770655 -0.012727 -0.637126
vn -0.374047 0.024170 -0.927095
vn -0.404872 0.009610 -0.914323
vn -0.434093 -0.007414 -0.900838
vn -0.461965 -0.026777 -0.886494
vn -0.488773 -0.048413 -0.871067
vn -0.514793 -0.072318 -0.854259
vn -0.534940 -0.096678 -0.839340
vn -0.554161 -0.124584 -0.823034
vn -0.567314 -0.152148 -0.809325
vn -0.579524 -0.181120 -0.794574
vn -0.590695 -0.211481 -0.778688
vn -0.600714 -0.243209 -0.761572
vn -0.609457 -0.276261 -0.743130
vn -0.374722 0.008853 -0.927095
vn -0.374771 -0.006478 -0.927095
vn -0.374192 -0.021800 -0.927095
vn -0.372988 -0.037084 -0.927095
vn -0.404926 -0.006956 -0.914323
vn -0.433427 -0.025160 -0.900838
vn -0.460483 -0.045646 -0.886494
vn -0.486384 -0.068360 -0.871067
vn -0.511405 -0.093310 -0.854259
vn -0.530539 -0.118474 -0.839340
vn -0.548602 -0.147142 -0.823034
vn -0.560616 -0.175222 -0.809325
vn -0.571631 -0.204668 -0.794575
vn -0.581552 -0.235461 -0.778689
vn -0.590265 -0.267572 -0.761572
vn -0.404303 -0.023508 -0.914323
vn -0.403003 -0.040023 -0.914323
vn -0.401029 -0.056470 -0.914323
vn -0.432035 -0.042864 -0.900838
vn -0.458231 -0.064440 -0.886494
vn -0.483182 -0.088194 -0.871067
vn -0.507162 -0.114145 -0.854259
vn -0.525250 -0.140071 -0.839340
vn -0.542125 -0.169454 -0.823034
vn -0.552982 -0.198001 -0.809325
vn -0.562783 -0.227873 -0.794575
vn -0.571436 -0.259047 -0.778689
vn -0.429921 -0.060496 -0.900838
vn -0.427087 -0.078027 -0.900838
vn -0.455213 -0.083125 -0.886494
vn -0.479171 -0.107880 -0.871067
vn -0.502069 -0.134790 -0.854259
vn -0.519082 -0.161434 -0.839340
vn -0.534742 -0.191483 -0.823034
vn -0.544422 -0.220450 -0.809325
vn -0.552994 -0.250697 -0.794574
vn -0.451433 -0.101672 -0.886494
vn -0.474358 -0.127386 -0.871067
vn -0.496137 -0.155209 -0.854259
vn -0.512047 -0.182526 -0.839340
vn -0.526464 -0.213190 -0.823034
vn -0.534951 -0.242529 -0.809325
vn -0.341273 -0.155009 -0.927095
vn -0.319732 -0.195619 -0.927095
vn -0.443556 -0.271109 -0.854259
vn -0.464301 -0.282723 -0.839340
vn -0.553073 -0.337814 -0.761572
vn -0.571056 -0.348788 -0.743130
vn -0.336550 -0.225272 -0.914323
vn -0.350639 -0.256016 -0.900838
vn -0.362277 -0.287896 -0.886494
vn -0.371737 -0.321021 -0.871067
vn -0.379246 -0.355548 -0.854259
vn -0.381691 -0.387066 -0.839340
vn -0.381337 -0.420948 -0.823034
vn -0.376218 -0.451058 -0.809325
vn -0.369519 -0.481774 -0.794575
vn -0.361170 -0.513031 -0.778689
vn -0.351093 -0.544740 -0.761572
vn -0.339209 -0.576797 -0.743130
vn -0.325443 -0.609083 -0.723260
vn -0.310633 -0.644927 -0.698266
vn -0.294786 -0.680301 -0.671037
vn -0.277284 -0.719155 -0.637126
vn -0.452351 -0.301474 -0.839340
vn -0.472190 -0.315676 -0.823034
vn -0.556315 -0.371849 -0.743130
vn -0.574136 -0.383750 -0.723259
vn -0.458887 -0.334721 -0.823034
vn -0.474542 -0.346127 -0.809324
vn -0.557961 -0.406908 -0.723260
vn -0.577972 -0.422343 -0.698266
vn -0.459990 -0.365244 -0.809324
vn -0.475507 -0.377550 -0.794575
vn -0.459669 -0.396681 -0.794575
vn -0.475002 -0.409899 -0.778689
vn -0.472931 -0.443106 -0.761573
vn -0.469194 -0.477090 -0.743130
vn -0.463686 -0.511754 -0.723259
vn -0.458029 -0.550122 -0.698266
vn -0.451252 -0.588286 -0.671037
vn -0.443715 -0.630228 -0.637126
vn -0.560215 -0.445626 -0.698267
vn -0.580671 -0.461011 -0.671037
vn -0.561332 -0.484372 -0.671037
vn -0.583550 -0.503527 -0.637126
vn -0.457842 -0.428981 -0.778689
vn -0.562470 -0.526970 -0.637126
vn -0.454415 -0.462076 -0.761573
vn -0.449290 -0.495879 -0.743130
vn -0.442370 -0.530288 -0.723259
vn -0.435149 -0.568393 -0.698266
vn -0.426816 -0.606248 -0.671037
vn -0.417570 -0.647847 -0.637126
vn -0.239885 -0.288012 -0.927095
vn -0.259220 -0.311157 -0.914323
vn -0.246278 -0.321497 -0.914323
vn -0.277923 -0.333542 -0.900838
vn -0.264051 -0.344628 -0.900838
vn -0.249736 -0.355139 -0.900838
vn -0.296252 -0.355476 -0.886494
vn -0.281467 -0.367294 -0.886494
vn -0.266211 -0.378497 -0.886494
vn -0.250510 -0.389067 -0.886494
vn -0.314479 -0.377287 -0.871067
vn -0.298787 -0.389832 -0.871067
vn -0.282594 -0.401725 -0.871067
vn -0.265929 -0.412946 -0.871067
vn -0.248820 -0.423475 -0.871067
vn -0.316264 -0.412576 -0.854259
vn -0.313542 -0.444072 -0.839340
vn -0.307673 -0.477443 -0.823034
vn -0.297718 -0.506318 -0.809324
vn -0.286105 -0.535533 -0.794575
vn -0.272775 -0.565011 -0.778688
vn -0.257668 -0.594656 -0.761572
vn -0.240721 -0.624349 -0.743130
vn -0.221880 -0.653961 -0.723259
vn -0.200960 -0.682484 -0.702730
vn -0.174699 -0.694190 -0.698270
vn -0.146206 -0.704787 -0.694189
vn -0.120652 -0.731541 -0.671038
vn -0.094234 -0.764977 -0.637126
vn -0.299127 -0.425165 -0.854259
vn -0.281489 -0.437042 -0.854259
vn -0.263381 -0.448188 -0.854259
vn -0.244832 -0.458584 -0.854259
vn -0.295119 -0.456523 -0.839340
vn -0.287890 -0.489626 -0.823034
vn -0.276763 -0.518069 -0.809325
vn -0.263965 -0.546785 -0.794574
vn -0.249441 -0.575694 -0.778688
vn -0.233133 -0.604695 -0.761572
vn -0.214986 -0.633671 -0.743130
vn -0.194044 -0.658987 -0.726694
vn -0.167897 -0.669852 -0.723263
vn -0.141002 -0.679687 -0.719823
vn -0.115829 -0.706405 -0.698266
vn -0.090636 -0.735863 -0.671037
vn -0.062871 -0.768191 -0.637126
vn -0.276203 -0.468209 -0.839340
vn -0.256824 -0.479113 -0.839340
vn -0.237016 -0.489215 -0.839340
vn -0.267626 -0.500990 -0.823034
vn -0.255345 -0.528954 -0.809325
vn -0.241383 -0.557122 -0.794575
vn -0.225690 -0.585413 -0.778688
vn -0.208210 -0.613724 -0.761572
vn -0.188009 -0.638483 -0.746319
vn -0.162695 -0.649063 -0.743133
vn -0.136640 -0.658648 -0.739941
vn -0.112389 -0.681370 -0.723259
vn -0.086843 -0.710551 -0.698266
vn -0.060466 -0.738954 -0.671038
vn -0.246914 -0.511516 -0.823034
vn -0.225789 -0.521185 -0.823034
vn -0.148770 -0.344039 -0.927095
vn -0.145445 -0.377967 -0.914323
vn -0.139260 -0.411215 -0.900838
vn -0.129358 -0.439247 -0.889004
vn -0.134576 -0.349835 -0.927095
vn -0.120157 -0.355046 -0.927095
vn -0.104399 -0.354476 -0.929219
vn -0.233500 -0.538954 -0.809325
vn -0.218398 -0.566528 -0.794575
vn -0.201561 -0.594153 -0.778688
vn -0.182078 -0.618333 -0.764534
vn -0.157581 -0.628625 -0.761576
vn -0.132349 -0.637956 -0.758614
vn -0.108893 -0.660227 -0.743130
vn -0.084429 -0.685395 -0.723260
vn -0.057712 -0.713507 -0.698267
vn -0.211264 -0.548052 -0.809325
vn -0.129866 -0.383599 -0.914323
vn -0.121263 -0.411750 -0.903193
vn -0.195047 -0.574985 -0.794575
vn -0.176260 -0.598570 -0.781439
vn -0.152564 -0.608573 -0.778693
vn -0.128138 -0.617648 -0.775945
vn -0.105456 -0.639443 -0.761572
vn -0.081802 -0.664128 -0.743130
vn -0.056330 -0.688275 -0.723260
vn -0.112980 -0.383619 -0.916554
vn -0.065646 -0.399630 -0.914323
vn -0.070416 -0.428408 -0.900838
vn -0.075091 -0.456607 -0.886494
vn -0.079741 -0.484648 -0.871067
vn -0.052836 -0.430929 -0.900838
vn -0.056355 -0.459296 -0.886494
vn -0.059854 -0.487504 -0.871067
vn -0.063385 -0.515969 -0.854259
vn -0.037525 -0.461216 -0.886494
vn -0.039867 -0.489544 -0.871067
vn -0.042231 -0.518130 -0.854259
vn -0.045069 -0.541735 -0.839340
f 1 2 3
f 3 2 4
f 3 4 5
f 5 6 3
f 7 8 3
f 3 8 9
f 3 9 10
f 7 11 8
f 8 11 12
f 8 12 13
f 13 14 8
f 8 14 15
f 8 15 16
f 16 17 8
f 8 17 18
f 8 18 19
f 19 18 20
f 20 18 21
f 21 18 22
f 22 18 23
f 23 18 24
f 24 18 25
f 25 18 26
f 26 18 27
f 26 27 28
f 28 27 29
f 28 29 30
f 30 29 31
f 30 31 32
f 32 31 33
f 33 31 34
f 34 31 35
f 35 31 36
f 36 31 37
f 36 37 38
f 38 39 36
f 36 39 40
f 36 40 41
f 36 41 42
f 42 41 43
f 42 43 44
f 44 43 45
f 44 45 46
f 46 45 47
f 46 47 48
f 48 47 49
f 49 47 50
f 50 47 51
f 50 51 52
f 52 51 53
f 52 53 54
f 52 54 55
f 55 54 56
f 55 56 57
f 55 57 58
f 58 57 59
f 58 59 60
f 60 59 61
f 60 61 62
f 62 61 63
f 62 63 64
f 64 63 65
f 64 65 66
f 66 65 67
f 66 67 68
f 68 67 69
f 68 69 70
f 70 69 71
f 70 71 72
f 72 71 73
f 73 71 74
f 73 74 75
f 75 74 76
f 76 74 77
f 76 77 78
f 78 77 79
f 78 79 80
f 80 81 78
f 78 81 82
f 82 81 83
f 82 83 84
f 84 83 85
f 84 85 86
f 86 85 87
f 86 87 88
f 88 87 89
f 89 87 90
f 90 87 91
f 91 87 92
f 92 87 93
f 92 93 94
f 94 95 92
f 92 95 96
f 92 96 97
f 92 97 98
f 98 97 99
f 98 99 100
f 100 99 101
f 100 101 102
f 102 101 103
f 102 103 104
f 104 103 105
f 105 103 106
f 106 103 107
f 107 103 108
f 108 103 109
f 108 109 110
f 110 111 108
f 108 111 112
f 108 112 113
f 108 113 114
f 114 113 115
f 114 115 116
f 116 115 117
f 116 117 118
f 118 117 119
f 118 119 120
f 120 119 121
f 121 119 122
f 122 119 123
f 123 119 124
f 124 119 125
f 125 119 126
f 126 119 127
f 10 128 3
f 3 128 1
f 129 130 131
f 131 130 132
f 131 132 133
f 133 132 134
f 133 134 135
f 135 134 136
f 135 136 137
f 137 136 138
f 137 138 139
f 139 138 140
f 139 140 141
f 141 140 142
f 141 142 143
f 143 142 144
f 143 144 145
f 145 144 146
f 145 146 147
f 147 146 148
f 147 148 149
f 149 148 150
f 149 150 151
f 151 150 152
f 151 152 153
f 153 152 154
f 153 154 155
f 155 154 156
f 155 156 157
f 157 156 158
f 157 158 159
f 159 158 160
f 159 160 161
f 161 160 162
f 161 162 163
f 163 162 164
f 163 164 165
f 165 164 166
f 165 166 167
f 167 166 168
f 167 168 169
f 169 168 170
f 169 170 171
f 172 173 130
f 130 173 174
f 130 174 175
f 175 174 176
f 175 176 177
f 177 176 178
f 177 178 179
f 179 178 180
f 179 180 181
f 181 180 182
f 181 182 183
f 183 182 184
f 183 184 185
f 185 184 186
f 185 186 187
f 187 186 188
f 187 188 189
f 189 188 190
f 189 190 191
f 191 190 192
f 191 192 193
f 193 192 194
f 193 194 195
f 195 194 196
f 195 196 197
f 197 196 198
f 197 198 199
f 199 198 200
f 199 200 201
f 201 200 202
f 201 202 203
f 203 202 204
f 203 204 205
f 205 204 206
f 205 206 207
f 207 206 208
f 207 208 209
f 209 208 210
f 209 210 211
f 211 210 212
f 211 212 213
f 213 212 170
f 213 170 168
f 172 214 173
f 173 214 215
f 173 215 174
f 174 215 176
f 214 216 215
f 215 216 217
f 215 217 176
f 176 217 178
f 216 218 217
f 217 218 219
f 217 219 220
f 220 219 221
f 220 221 222
f 222 221 223
f 222 223 224
f 222 224 225
f 225 224 226
f 225 226 227
f 227 226 228
f 227 228 229
f 229 228 230
f 229 230 231
f 231 230 232
f 231 232 233
f 233 232 234
f 233 234 235
f 235 234 236
f 235 236 237
f 235 237 238
f 238 237 239
f 238 239 240
f 240 239 241
f 240 241 242
f 240 242 243
f 243 242 244
f 243 244 245
f 245 244 246
f 245 246 247
f 245 247 248
f 248 247 249
f 248 249 250
f 250 249 251
f 250 251 252
f 250 252 253
f 253 252 254
f 253 254 255
f 253 255 256
f 256 255 257
f 256 257 258
f 258 259 256
f 256 259 210
f 256 210 208
f 259 212 210
f 169 171 260
f 260 171 261
f 260 261 262
f 262 261 263
f 262 263 264
f 264 263 265
f 264 265 266
f 266 265 267
f 266 267 268
f 268 267 269
f 268 269 270
f 270 269 271
f 270 271 272
f 272 271 273
f 272 273 274
f 274 273 275
f 274 275 276
f 276 275 277
f 276 277 278
f 278 277 279
f 278 279 280
f 280 279 281
f 280 281 282
f 282 281 283
f 282 283 284
f 284 283 285
f 284 285 286
f 286 285 287
f 286 287 288
f 288 287 289
f 288 289 290
f 290 289 291
f 290 291 292
f 292 291 293
f 292 293 294
f 294 293 295
f 294 295 296
f 296 295 297
f 296 297 298
f 298 297 299
f 298 299 300
f 300 299 301
f 300 301 302
f 302 301 303
f 302 303 304
f 304 303 305
f 304 305 306
f 306 305 307
f 306 307 308
f 308 307 309
f 308 309 310
f 310 309 311
f 310 311 312
f 312 311 313
f 312 313 314
f 314 313 315
f 314 315 316
f 316 315 317
f 316 317 318
f 318 317 319
f 318 319 320
f 320 319 321
f 320 321 322
f 322 321 323
f 322 323 324
f 324 323 325
f 324 325 326
f 326 325 327
f 326 327 328
f 328 327 329
f 328 329 330
f 330 329 331
f 330 331 332
f 332 331 333
f 332 333 334
f 334 333 335
f 334 335 336
f 336 335 337
f 336 337 338
f 338 337 339
f 338 339 340
f 261 341 263
f 263 341 342
f 263 342 265
f 265 342 343
f 265 343 267
f 267 343 344
f 267 344 269
f 269 344 345
f 269 345 271
f 271 345 346
f 271 346 273
f 273 346 347
f 273 347 275
f 275 347 348
f 275 348 277
f 277 348 349
f 277 349 279
f 279 349 350
f 279 350 281
f 281 350 351
f 281 351 283
f 283 351 352
f 283 352 285
f 285 352 353
f 285 353 287
f 287 353 354
f 287 354 289
f 289 354 355
f 289 355 291
f 291 355 356
f 291 356 293
f 293 356 357
f 293 357 295
f 295 357 358
f 295 358 297
f 297 358 359
f 297 359 299
f 299 359 301
f 342 341 360
f 360 341 361
f 360 361 362
f 362 361 363
f 362 363 364
f 364 363 365
f 364 365 366
f 366 365 367
f 366 367 368
f 368 367 369
f 368 369 370
f 370 369 371
f 370 371 372
f 372 371 373
f 372 373 374
f 374 373 375
f 374 375 376
f 376 375 377
f 376 377 378
f 378 377 379
f 378 379 380
f 380 379 381
f 380 381 382
f 382 381 383
f 382 383 384
f 384 383 385
f 384 385 386
f 386 385 387
f 386 387 388
f 388 387 389
f 388 389 390
f 390 389 391
f 390 391 392
f 392 391 309
f 392 309 307
f 363 393 365
f 365 393 394
f 365 394 367
f 367 394 395
f 367 395 369
f 369 395 396
f 369 396 371
f 371 396 397
f 371 397 373
f 373 397 398
f 373 398 375
f 375 398 399
f 375 399 377
f 377 399 400
f 377 400 379
f 379 400 401
f 379 401 381
f 381 401 402
f 381 402 383
f 383 402 403
f 383 403 385
f 385 403 404
f 385 404 387
f 387 404 405
f 387 405 389
f 389 405 406
f 389 406 391
f 391 406 311
f 391 311 309
f 394 393 407
f 407 393 408
f 407 408 409
f 409 408 410
f 409 410 411
f 411 410 412
f 411 412 413
f 413 412 414
f 413 414 415
f 415 414 416
f 415 416 417
f 417 416 418
f 417 418 419
f 419 418 420
f 419 420 421
f 421 420 422
f 421 422 423
f 423 422 424
f 423 424 425
f 425 424 426
f 425 426 427
f 427 426 428
f 427 428 429
f 429 428 319
f 429 319 317
f 410 430 412
f 412 430 431
f 412 431 414
f 414 431 432
f 414 432 416
f 416 432 433
f 416 433 418
f 418 433 434
f 418 434 420
f 420 434 435
f 420 435 422
f 422 435 436
f 422 436 424
f 424 436 437
f 424 437 426
f 426 437 438
f 426 438 428
f 428 438 321
f 428 321 319
f 431 430 439
f 439 430 440
f 439 440 441
f 441 440 442
f 441 442 443
f 443 442 444
f 443 444 445
f 445 444 446
f 445 446 447
f 447 446 448
f 447 448 449
f 449 448 450
f 449 450 451
f 451 450 329
f 451 329 327
f 442 452 444
f 444 452 453
f 444 453 446
f 446 453 454
f 446 454 448
f 448 454 455
f 448 455 450
f 450 455 331
f 450 331 329
f 453 452 456
f 456 452 457
f 456 457 458
f 458 457 339
f 458 339 337
f 459 460 340
f 340 460 461
f 340 461 338
f 338 461 462
f 338 462 336
f 336 462 463
f 336 463 334
f 334 463 464
f 334 464 332
f 332 464 465
f 332 465 330
f 330 465 466
f 330 466 328
f 328 466 467
f 328 467 326
f 326 467 468
f 326 468 324
f 324 468 469
f 324 469 322
f 322 469 470
f 322 470 320
f 320 470 471
f 320 471 318
f 318 471 472
f 318 472 316
f 316 472 473
f 316 473 314
f 314 473 474
f 314 474 312
f 312 474 475
f 312 475 310
f 310 475 476
f 310 476 308
f 308 476 477
f 308 477 306
f 306 477 478
f 306 478 304
f 304 478 479
f 304 479 302
f 302 479 300
f 460 459 480
f 480 459 481
f 480 481 482
f 482 481 483
f 482 483 484
f 484 483 485
f 484 485 486
f 486 485 487
f 486 487 488
f 488 487 489
f 488 489 490
f 490 489 491
f 490 491 492
f 492 491 493
f 492 493 494
f 494 493 495
f 494 495 496
f 496 495 497
f 496 497 498
f 498 497 499
f 498 499 500
f 500 499 501
f 500 501 502
f 502 501 503
f 502 503 504
f 504 503 505
f 504 505 506
f 506 505 507
f 506 507 508
f 508 507 509
f 508 509 510
f 510 509 511
f 510 511 512
f 512 511 513
f 512 513 514
f 514 513 515
f 514 515 516
f 516 515 517
f 516 517 518
f 518 517 519
f 518 519 520
f 520 519 521
f 520 521 522
f 522 521 523
f 522 523 524
f 524 523 525
f 524 525 526
f 526 525 527
f 526 527 528
f 528 527 529
f 528 529 530
f 530 529 531
f 530 531 532
f 532 531 533
f 532 533 534
f 534 533 535
f 534 535 536
f 536 535 537
f 536 537 538
f 538 537 539
f 538 539 540
f 540 539 541
f 540 541 542
f 542 541 543
f 542 543 544
f 544 543 545
f 544 545 546
f 546 545 547
f 546 547 548
f 548 547 549
f 548 549 550
f 550 549 551
f 550 551 552
f 552 551 553
f 552 553 554
f 554 553 555
f 554 555 556
f 556 555 557
f 556 557 558
f 558 557 559
f 558 559 560
f 481 561 483
f 483 561 562
f 483 562 485
f 485 562 563
f 485 563 487
f 487 563 564
f 487 564 489
f 489 564 565
f 489 565 491
f 491 565 566
f 491 566 493
f 493 566 567
f 493 567 495
f 495 567 568
f 495 568 497
f 497 568 569
f 497 569 499
f 499 569 570
f 499 570 501
f 501 570 571
f 501 571 503
f 503 571 572
f 503 572 505
f 505 572 573
f 505 573 507
f 507 573 574
f 507 574 509
f 509 574 575
f 509 575 511
f 511 575 576
f 511 576 513
f 513 576 577
f 513 577 515
f 515 577 578
f 515 578 517
f 517 578 579
f 517 579 519
f 519 579 521
f 562 561 580
f 580 561 581
f 580 581 582
f 582 581 583
f 582 583 584
f 584 583 585
f 584 585 586
f 586 585 587
f 586 587 588
f 588 587 589
f 588 589 590
f 590 589 591
f 590 591 592
f 592 591 593
f 592 593 594
f 594 593 595
f 594 595 596
f 596 595 597
f 596 597 598
f 598 597 599
f 598 599 600
f 600 599 601
f 600 601 602
f 602 601 603
f 602 603 604
f 604 603 605
f 604 605 606
f 606 605 607
f 606 607 608
f 608 607 609
f 608 609 610
f 610 609 611
f 610 611 612
f 612 611 529
f 612 529 527
f 583 613 585
f 585 613 614
f 585 614 587
f 587 614 615
f 587 615 589
f 589 615 616
f 589 616 591
f 591 616 617
f 591 617 593
f 593 617 618
f 593 618 595
f 595 618 619
f 595 619 597
f 597 619 620
f 597 620 599
f 599 620 621
f 599 621 601
f 601 621 622
f 601 622 603
f 603 622 623
f 603 623 605
f 605 623 624
f 605 624 607
f 607 624 625
f 607 625 609
f 609 625 626
f 609 626 611
f 611 626 531
f 611 531 529
f 614 613 627
f 627 613 628
f 627 628 629
f 629 628 630
f 629 630 631
f 631 630 632
f 631 632 633
f 633 632 634
f 633 634 635
f 635 634 636
f 635 636 637
f 637 636 638
f 637 638 639
f 639 638 640
f 639 640 641
f 641 640 642
f 641 642 643
f 643 642 644
f 643 644 645
f 645 644 646
f 645 646 647
f 647 646 648
f 647 648 649
f 649 648 539
f 649 539 537
f 630 650 632
f 632 650 651
f 632 651 634
f 634 651 652
f 634 652 636
f 636 652 653
f 636 653 638
f 638 653 654
f 638 654 640
f 640 654 655
f 640 655 642
f 642 655 656
f 642 656 644
f 644 656 657
f 644 657 646
f 646 657 658
f 646 658 648
f 648 658 541
f 648 541 539
f 651 650 659
f 659 650 660
f 659 660 661
f 661 660 662
f 661 662 663
f 663 662 664
f 663 664 665
f 665 664 666
f 665 666 667
f 667 666 668
f 667 668 669
f 669 668 670
f 669 670 671
f 671 670 549
f 671 549 547
f 662 672 664
f 664 672 673
f 664 673 666
f 666 673 674
f 666 674 668
f 668 674 675
f 668 675 670
f 670 675 551
f 670 551 549
f 673 672 676
f 676 672 677
f 676 677 678
f 678 677 559
f 678 559 557
f 679 680 560
f 560 680 681
f 560 681 558
f 558 681 682
f 558 682 556
f 556 682 683
f 556 683 554
f 554 683 684
f 554 684 552
f 552 684 685
f 552 685 550
f 550 685 686
f 550 686 548
f 548 686 687
f 548 687 546
f 546 687 688
f 546 688 544
f 544 688 689
f 544 689 542
f 542 689 690
f 542 690 540
f 540 690 691
f 540 691 538
f 538 691 692
f 538 692 536
f 536 692 693
f 536 693 534
f 534 693 694
f 534 694 532
f 532 694 695
f 532 695 530
f 530 695 696
f 530 696 528
f 528 696 697
f 528 697 526
f 526 697 698
f 526 698 524
f 524 698 699
f 524 699 522
f 522 699 700
f 522 700 520
f 680 679 701
f 701 679 702
f 701 702 703
f 703 702 704
f 703 704 705
f 705 704 706
f 705 706 707
f 707 706 708
f 707 708 709
f 709 708 710
f 709 710 711
f 711 710 712
f 711 712 713
f 713 712 714
f 713 714 715
f 715 714 716
f 715 716 717
f 717 716 718
f 717 718 719
f 719 718 720
f 719 720 721
f 721 720 722
f 721 722 723
f 723 722 724
f 723 724 725
f 725 724 726
f 725 726 727
f 727 726 728
f 727 728 729
f 729 728 730
f 729 730 731
f 731 730 732
f 731 732 733
f 733 732 734
f 733 734 735
f 735 734 736
f 735 736 737
f 737 736 738
f 737 738 739
f 739 738 740
f 739 740 700
f 700 740 741
f 700 741 742
f 742 741 743
f 742 743 744
f 744 743 745
f 744 745 746
f 746 745 747
f 746 747 748
f 748 747 749
f 748 749 750
f 750 749 751
f 750 751 752
f 752 751 753
f 752 753 754
f 754 753 755
f 754 755 756
f 756 755 757
f 756 757 758
f 758 757 759
f 758 759 760
f 760 759 761
f 760 761 762
f 762 761 763
f 762 763 764
f 764 763 765
f 764 765 766
f 766 765 767
f 766 767 768
f 768 767 769
f 768 769 770
f 770 769 771
f 770 771 772
f 772 771 773
f 772 773 774
f 774 773 775
f 774 775 776
f 776 775 777
f 776 777 778
f 778 777 779
f 778 779 780
f 780 779 781
f 780 781 782
f 702 783 704
f 704 783 784
f 704 784 785
f 785 784 777
f 785 777 775
f 783 781 784
f 784 781 779
f 784 779 777
f 786 787 782
f 782 787 788
f 782 788 780
f 780 788 789
f 780 789 778
f 778 789 790
f 778 790 776
f 776 790 791
f 776 791 774
f 774 791 792
f 774 792 772
f 772 792 793
f 772 793 770
f 770 793 794
f 770 794 768
f 768 794 795
f 768 795 766
f 766 795 796
f 766 796 764
f 764 796 797
f 764 797 762
f 762 797 798
f 762 798 760
f 760 798 799
f 760 799 758
f 758 799 800
f 758 800 756
f 756 800 801
f 756 801 754
f 754 801 802
f 754 802 752
f 752 802 803
f 752 803 750
f 750 803 804
f 750 804 748
f 748 804 805
f 748 805 746
f 746 805 806
f 746 806 744
f 744 806 742
f 787 786 807
f 807 786 808
f 807 808 809
f 809 808 810
f 809 810 811
f 811 810 812
f 811 812 813
f 813 812 814
f 813 814 815
f 815 814 816
f 815 816 817
f 817 816 818
f 817 818 819
f 819 818 820
f 819 820 821
f 821 820 822
f 821 822 823
f 823 822 824
f 823 824 825
f 825 824 826
f 825 826 827
f 827 826 828
f 827 828 829
f 829 828 830
f 829 830 831
f 831 830 832
f 831 832 833
f 833 832 834
f 833 834 835
f 835 834 836
f 835 836 837
f 837 836 838
f 837 838 839
f 839 838 840
f 839 840 841
f 841 840 842
f 841 842 843
f 843 842 844
f 843 844 845
f 845 844 846
f 845 846 847
f 847 846 848
f 847 848 849
f 849 848 850
f 849 850 851
f 851 850 852
f 851 852 853
f 853 852 854
f 853 854 855
f 855 854 856
f 855 856 857
f 857 856 858
f 857 858 859
f 859 858 860
f 859 860 861
f 861 860 862
f 861 862 863
f 863 862 864
f 863 864 865
f 865 864 866
f 865 866 867
f 867 866 868
f 867 868 869
f 869 868 870
f 869 870 871
f 871 870 872
f 871 872 873
f 873 872 874
f 873 874 875
f 875 874 876
f 875 876 877
f 877 876 878
f 877 878 879
f 879 878 880
f 879 880 881
f 881 880 882
f 881 882 883
f 883 882 884
f 883 884 885
f 885 884 886
f 885 886 887
f 887 886 888
f 887 888 889
f 889 888 890
f 889 890 891
f 808 892 810
f 810 892 893
f 810 893 812
f 812 893 894
f 812 894 814
f 814 894 895
f 814 895 816
f 816 895 896
f 816 896 818
f 818 896 897
f 818 897 820
f 820 897 898
f 820 898 822
f 822 898 899
f 822 899 824
f 824 899 900
f 824 900 826
f 826 900 901
f 826 901 828
f 828 901 902
f 828 902 830
f 830 902 903
f 830 903 832
f 832 903 904
f 832 904 834
f 834 904 905
f 834 905 836
f 836 905 906
f 836 906 838
f 838 906 907
f 838 907 840
f 840 907 908
f 840 908 842
f 842 908 909
f 842 909 844
f 844 909 910
f 844 910 846
f 846 910 911
f 846 911 848
f 848 911 912
f 848 912 850
f 850 912 852
f 892 913 893
f 893 913 914
f 893 914 894
f 894 914 915
f 894 915 895
f 895 915 916
f 895 916 896
f 896 916 917
f 896 917 897
f 897 917 918
f 897 918 898
f 898 918 919
f 898 919 899
f 899 919 920
f 899 920 900
f 900 920 921
f 900 921 901
f 901 921 922
f 901 922 902
f 902 922 923
f 902 923 903
f 903 923 924
f 903 924 904
f 904 924 925
f 904 925 905
f 905 925 926
f 905 926 906
f 906 926 927
f 906 927 907
f 907 927 928
f 907 928 908
f 908 928 929
f 908 929 909
f 909 929 930
f 909 930 910
f 910 930 931
f 910 931 911
f 911 931 932
f 911 932 912
f 912 932 854
f 912 854 852
f 914 913 933
f 933 913 934
f 933 934 935
f 935 934 936
f 935 936 937
f 937 936 938
f 937 938 939
f 939 938 940
f 939 940 941
f 941 940 942
f 941 942 943
f 943 942 944
f 943 944 945
f 945 944 946
f 945 946 947
f 947 946 948
f 947 948 949
f 949 948 950
f 949 950 951
f 951 950 952
f 951 952 953
f 953 952 954
f 953 954 955
f 955 954 956
f 955 956 957
f 957 956 958
f 957 958 959
f 959 958 960
f 959 960 961
f 961 960 962
f 961 962 963
f 963 962 964
f 963 964 965
f 965 964 966
f 965 966 967
f 967 966 862
f 967 862 860
f 936 968 938
f 938 968 969
f 938 969 940
f 940 969 970
f 940 970 942
f 942 970 971
f 942 971 944
f 944 971 972
f 944 972 946
f 946 972 973
f 946 973 948
f 948 973 974
f 948 974 950
f 950 974 975
f 950 975 952
f 952 975 976
f 952 976 954
f 954 976 977
f 954 977 956
f 956 977 978
f 956 978 958
f 958 978 979
f 958 979 960
f 960 979 980
f 960 980 962
f 962 980 981
f 962 981 964
f 964 981 982
f 964 982 966
f 966 982 864
f 966 864 862
f 968 983 969
f 969 983 970
f 970 983 971
f 971 983 984
f 971 984 985
f 985 984 986
f 985 986 987
f 987 986 988
f 987 988 989
f 989 988 990
f 989 990 991
f 991 990 992
f 991 992 993
f 993 992 994
f 993 994 995
f 995 994 996
f 995 996 997
f 997 996 998
f 997 998 999
f 999 998 1000
f 999 1000 1001
f 1001 1000 1002
f 1001 1002 1003
f 1003 1002 1004
f 1003 1004 1005
f 1005 1004 870
f 1005 870 868
f 986 1006 988
f 988 1006 1007
f 988 1007 990
f 990 1007 1008
f 990 1008 992
f 992 1008 1009
f 992 1009 994
f 994 1009 1010
f 994 1010 996
f 996 1010 1011
f 996 1011 998
f 998 1011 1012
f 998 1012 1000
f 1000 1012 1013
f 1000 1013 1002
f 1002 1013 1014
f 1002 1014 1004
f 1004 1014 872
f 1004 872 870
f 1006 1015 1007
f 1007 1015 1016
f 1007 1016 1008
f 1008 1016 1017
f 1008 1017 1009
f 1009 1017 1018
f 1009 1018 1010
f 1010 1018 1019
f 1010 1019 1011
f 1011 1019 1020
f 1011 1020 1012
f 1012 1020 1021
f 1012 1021 1013
f 1013 1021 1022
f 1013 1022 1014
f 1014 1022 874
f 1014 874 872
f 1016 1015 1023
f 1023 1015 1024
f 1023 1024 1025
f 1025 1024 1026
f 1025 1026 1027
f 1027 1026 1028
f 1027 1028 1029
f 1029 1028 1030
f 1029 1030 1031
f 1031 1030 1032
f 1031 1032 1033
f 1033 1032 882
f 1033 882 880
f 1026 1034 1028
f 1028 1034 1035
f 1028 1035 1030
f 1030 1035 1036
f 1030 1036 1032
f 1032 1036 884
f 1032 884 882
f 1034 1037 1035
f 1035 1037 1038
f 1035 1038 1036
f 1036 1038 886
f 1036 886 884
f 1038 1037 888
f 888 1037 890
f 1039 1040 891
f 891 1040 1041
f 891 1041 889
f 889 1041 1042
f 889 1042 887
f 887 1042 1043
f 887 1043 885
f 885 1043 1044
f 885 1044 883
f 883 1044 1045
f 883 1045 881
f 881 1045 1046
f 881 1046 879
f 879 1046 1047
f 879 1047 877
f 877 1047 1048
f 877 1048 875
f 875 1048 1049
f 875 1049 873
f 873 1049 1050
f 873 1050 871
f 871 1050 1051
f 871 1051 869
f 869 1051 1052
f 869 1052 867
f 867 1052 1053
f 867 1053 865
f 865 1053 1054
f 865 1054 863
f 863 1054 1055
f 863 1055 861
f 861 1055 1056
f 861 1056 859
f 859 1056 1057
f 859 1057 857
f 857 1057 1058
f 857 1058 855
f 855 1058 1059
f 855 1059 853
f 853 1059 851
f 1040 1039 1060
f 1060 1039 1061
f 1060 1061 1062
f 1062 1061 1063
f 1062 1063 1064
f 1064 1063 1065
f 1064 1065 1066
f 1066 1065 1067
f 1066 1067 1068
f 1068 1067 1069
f 1068 1069 1070
f 1070 1069 1071
f 1070 1071 1072
f 1072 1071 1073
f 1072 1073 1074
f 1074 1073 1075
f 1074 1075 1076
f 1076 1075 1077
f 1076 1077 1078
f 1078 1077 1079
f 1078 1079 1080
f 1080 1079 1081
f 1080 1081 1082
f 1082 1081 1083
f 1082 1083 1084
f 1084 1083 1085
f 1084 1085 1086
f 1086 1085 1087
f 1086 1087 1088
f 1088 1087 1089
f 1088 1089 1090
f 1090 1089 1091
f 1090 1091 1092
f 1092 1091 1093
f 1092 1093 1094
f 1094 1093 1095
f 1094 1095 1096
f 1096 1095 1097
f 1096 1097 1098
f 1098 1097 1099
f 1098 1099 1100
f 1100 1099 1101
f 1100 1101 1102
f 1102 1101 1103
f 1102 1103 1104
f 1104 1103 1105
f 1104 1105 1106
f 1106 1105 1107
f 1106 1107 1108
f 1108 1107 1109
f 1108 1109 1110
f 1110 1109 1111
f 1110 1111 1112
f 1112 1111 1113
f 1112 1113 1114
f 1114 1113 1115
f 1114 1115 1116
f 1116 1115 1117
f 1116 1117 1118
f 1118 1117 1119
f 1118 1119 1120
f 1120 1119 1121
f 1120 1121 1122
f 1122 1121 1123
f 1122 1123 1124
f 1124 1123 1125
f 1124 1125 1126
f 1126 1125 1127
f 1126 1127 1128
f 1128 1127 1129
f 1128 1129 1130
f 1130 1129 1131
f 1130 1131 1132
f 1132 1131 1133
f 1132 1133 1134
f 1134 1133 1135
f 1134 1135 1136
f 1136 1135 1137
f 1136 1137 1138
f 1138 1137 1139
f 1138 1139 1140
f 1140 1139 1141
f 1140 1141 1142
f 1142 1141 1143
f 1142 1143 1144
f 1144 1143 1145
f 1144 1145 1146
f 1146 1145 1147
f 1146 1147 1148
f 1148 1147 1149
f 1148 1149 1150
f 1150 1149 1151
f 1150 1151 1152
f 1152 1151 1153
f 1152 1153 1154
f 1154 1153 1155
f 1154 1155 1156
f 1156 1155 1157
f 1156 1157 1158
f 1158 1157 1159
f 1158 1159 1160
f 1160 1159 1161
f 1160 1161 1162
f 1162 1161 1163
f 1162 1163 1164
f 1164 1163 1165
f 1164 1165 1166
f 1166 1165 1167
f 1166 1167 1168
f 1168 1167 1169
f 1168 1169 1170
f 1170 1169 1171
f 1170 1171 1172
f 1172 1171 1173
f 1172 1173 1174
f 1174 1173 1175
f 1174 1175 1176
f 1176 1175 1177
f 1176 1177 1178
f 1178 1177 1179
f 1178 1179 1180
f 1180 1179 1181
f 1180 1181 1182
f 1182 1181 1183
f 1182 1183 1184
f 1184 1183 1185
f 1185 1183 1186
f 1185 1186 1187
f 1187 1186 1188
f 1187 1188 1189
f 1189 1188 1190
f 1189 1190 1191
f 1191 1190 1192
f 1191 1192 1193
f 1193 1192 1194
f 1193 1194 1195
f 1195 1194 1196
f 1195 1196 1197
f 1197 1196 1198
f 1197 1198 1199
f 1199 1198 1200
f 1199 1200 1201
f 1201 1200 1202
f 1201 1202 1203
f 1203 1202 1204
f 1203 1204 1205
f 1205 1204 1206
f 1205 1206 1207
f 1207 1206 1208
f 1207 1208 1209
f 1209 1208 1210
f 1209 1210 1211
f 1211 1210 1212
f 1211 1212 1213
f 1213 1212 1214
f 1213 1214 1215
f 1215 1214 1216
f 1215 1216 1217
f 1217 1216 1218
f 1217 1218 1219
f 1219 1218 1220
f 1219 1220 1221
f 1221 1220 1222
f 1221 1222 1223
f 1223 1222 1224
f 1223 1224 1225
f 1225 1224 1226
f 1225 1226 1227
f 1227 1226 1228
f 1227 1228 1229
f 1229 1228 1230
f 1229 1230 1231
f 1231 1230 1232
f 1231 1232 1233
f 1233 1232 1234
f 1233 1234 1235
f 1235 1234 1236
f 1235 1236 1237
f 1237 1236 1238
f 1237 1238 1239
f 1239 1238 1240
f 1239 1240 1241
f 1241 1240 1242
f 1241 1242 1243
f 1243 1242 1244
f 1243 1244 1245
f 1245 1244 1246
f 1245 1246 1247
f 1247 1246 1248
f 1247 1248 1249
f 1249 1248 1250
f 1249 1250 1251
f 1251 1250 1252
f 1251 1252 1253
f 1253 1252 1254
f 1253 1254 1255
f 1255 1254 1256
f 1255 1256 1257
f 1257 1256 1258
f 1257 1258 1259
f 1259 1258 1260
f 1259 1260 1261
f 1261 1260 1262
f 1261 1262 1263
f 1263 1262 216
f 1263 216 214
f 1061 1264 1063
f 1063 1264 1265
f 1063 1265 1065
f 1065 1265 1266
f 1065 1266 1067
f 1067 1266 1267
f 1067 1267 1069
f 1069 1267 1268
f 1069 1268 1071
f 1071 1268 1269
f 1071 1269 1073
f 1073 1269 1270
f 1073 1270 1075
f 1075 1270 1271
f 1075 1271 1077
f 1077 1271 1272
f 1077 1272 1079
f 1079 1272 1273
f 1079 1273 1081
f 1081 1273 1274
f 1081 1274 1083
f 1083 1274 1275
f 1083 1275 1085
f 1085 1275 1276
f 1085 1276 1087
f 1087 1276 1277
f 1087 1277 1089
f 1089 1277 1278
f 1089 1278 1091
f 1091 1278 1279
f 1091 1279 1093
f 1093 1279 1280
f 1093 1280 1095
f 1095 1280 1281
f 1095 1281 1097
f 1097 1281 1282
f 1097 1282 1099
f 1099 1282 1101
f 1264 1283 1265
f 1265 1283 1284
f 1265 1284 1266
f 1266 1284 1285
f 1266 1285 1267
f 1267 1285 1286
f 1267 1286 1268
f 1268 1286 1287
f 1268 1287 1269
f 1269 1287 1288
f 1269 1288 1270
f 1270 1288 1289
f 1270 1289 1271
f 1271 1289 1290
f 1271 1290 1272
f 1272 1290 1291
f 1272 1291 1273
f 1273 1291 1292
f 1273 1292 1274
f 1274 1292 1293
f 1274 1293 1275
f 1275 1293 1294
f 1275 1294 1276
f 1276 1294 1295
f 1276 1295 1277
f 1277 1295 1296
f 1277 1296 1278
f 1278 1296 1297
f 1278 1297 1279
f 1279 1297 1298
f 1279 1298 1280
f 1280 1298 1299
f 1280 1299 1281
f 1281 1299 1300
f 1281 1300 1282
f 1282 1300 1103
f 1282 1103 1101
f 1284 1283 1301
f 1301 1283 1302
f 1301 1302 1303
f 1303 1302 1304
f 1303 1304 1305
f 1305 1304 1306
f 1305 1306 1307
f 1307 1306 1308
f 1307 1308 1309
f 1309 1308 1310
f 1309 1310 1311
f 1311 1310 1312
f 1311 1312 1313
f 1313 1312 1314
f 1313 1314 1315
f 1315 1314 1316
f 1315 1316 1317
f 1317 1316 1318
f 1317 1318 1319
f 1319 1318 1320
f 1319 1320 1321
f 1321 1320 1322
f 1321 1322 1323
f 1323 1322 1324
f 1323 1324 1325
f 1325 1324 1326
f 1325 1326 1327
f 1327 1326 1328
f 1327 1328 1329
f 1329 1328 1330
f 1329 1330 1331
f 1331 1330 1111
f 1331 1111 1109
f 1304 1332 1306
f 1306 1332 1333
f 1306 1333 1308
f 1308 1333 1334
f 1308 1334 1310
f 1310 1334 1335
f 1310 1335 1312
f 1312 1335 1336
f 1312 1336 1314
f 1314 1336 1337
f 1314 1337 1316
f 1316 1337 1338
f 1316 1338 1318
f 1318 1338 1339
f 1318 1339 1320
f 1320 1339 1340
f 1320 1340 1322
f 1322 1340 1341
f 1322 1341 1324
f 1324 1341 1342
f 1324 1342 1326
f 1326 1342 1343
f 1326 1343 1328
f 1328 1343 1344
f 1328 1344 1330
f 1330 1344 1113
f 1330 1113 1111
f 1332 1345 1333
f 1333 1345 1346
f 1333 1346 1334
f 1334 1346 1347
f 1334 1347 1335
f 1335 1347 1348
f 1335 1348 1336
f 1336 1348 1349
f 1336 1349 1337
f 1337 1349 1350
f 1337 1350 1338
f 1338 1350 1351
f 1338 1351 1339
f 1339 1351 1352
f 1339 1352 1340
f 1340 1352 1353
f 1340 1353 1341
f 1341 1353 1354
f 1341 1354 1342
f 1342 1354 1355
f 1342 1355 1343
f 1343 1355 1356
f 1343 1356 1344
f 1344 1356 1115
f 1344 1115 1113
f 1346 1345 1357
f 1357 1345 1358
f 1357 1358 1359
f 1359 1358 1360
f 1359 1360 1361
f 1361 1360 1362
f 1361 1362 1363
f 1363 1362 1364
f 1363 1364 1365
f 1365 1364 1366
f 1365 1366 1367
f 1367 1366 1368
f 1367 1368 1369
f 1369 1368 1370
f 1369 1370 1371
f 1371 1370 1372
f 1371 1372 1373
f 1373 1372 1374
f 1373 1374 1375
f 1375 1374 1123
f 1375 1123 1121
f 1360 1376 1362
f 1362 1376 1377
f 1362 1377 1364
f 1364 1377 1378
f 1364 1378 1366
f 1366 1378 1379
f 1366 1379 1368
f 1368 1379 1380
f 1368 1380 1370
f 1370 1380 1381
f 1370 1381 1372
f 1372 1381 1382
f 1372 1382 1374
f 1374 1382 1125
f 1374 1125 1123
f 1376 1383 1377
f 1377 1383 1384
f 1377 1384 1378
f 1378 1384 1385
f 1378 1385 1379
f 1379 1385 1386
f 1379 1386 1380
f 1380 1386 1387
f 1380 1387 1381
f 1381 1387 1388
f 1381 1388 1382
f 1382 1388 1127
f 1382 1127 1125
f 1384 1383 1389
f 1389 1383 1390
f 1389 1390 1391
f 1391 1390 1392
f 1391 1392 1393
f 1393 1392 1394
f 1393 1394 1395
f 1395 1394 1135
f 1395 1135 1133
f 1392 1396 1394
f 1394 1396 1137
f 1394 1137 1135
f 1396 1139 1137
f 1145 1397 1147
f 1147 1397 1398
f 1147 1398 1149
f 1149 1398 1399
f 1149 1399 1151
f 1151 1399 1400
f 1151 1400 1153
f 1153 1400 1401
f 1153 1401 1155
f 1155 1401 1402
f 1155 1402 1157
f 1157 1402 1403
f 1157 1403 1159
f 1159 1403 1404
f 1159 1404 1161
f 1161 1404 1405
f 1161 1405 1163
f 1163 1405 1406
f 1163 1406 1165
f 1165 1406 1407
f 1165 1407 1167
f 1167 1407 1408
f 1167 1408 1169
f 1169 1408 1409
f 1169 1409 1171
f 1171 1409 1410
f 1171 1410 1173
f 1173 1410 1411
f 1173 1411 1175
f 1175 1411 1412
f 1175 1412 1177
f 1177 1412 1413
f 1177 1413 1179
f 1179 1413 1414
f 1179 1414 1181
f 1181 1414 1415
f 1181 1415 1183
f 1183 1415 1186
f 1397 1416 1398
f 1398 1416 1417
f 1398 1417 1399
f 1399 1417 1418
f 1399 1418 1400
f 1400 1418 1419
f 1400 1419 1401
f 1401 1419 1420
f 1401 1420 1402
f 1402 1420 1421
f 1402 1421 1403
f 1403 1421 1422
f 1403 1422 1404
f 1404 1422 1423
f 1404 1423 1405
f 1405 1423 1424
f 1405 1424 1406
f 1406 1424 1425
f 1406 1425 1407
f 1407 1425 1426
f 1407 1426 1408
f 1408 1426 1427
f 1408 1427 1409
f 1409 1427 1428
f 1409 1428 1410
f 1410 1428 1429
f 1410 1429 1411
f 1411 1429 1430
f 1411 1430 1412
f 1412 1430 1431
f 1412 1431 1413
f 1413 1431 1432
f 1413 1432 1414
f 1414 1432 1433
f 1414 1433 1415
f 1415 1433 1188
f 1415 1188 1186
f 1417 1416 1434
f 1434 1416 1435
f 1434 1435 1436
f 1436 1435 1437
f 1436 1437 1438
f 1438 1437 1439
f 1438 1439 1440
f 1440 1439 1441
f 1440 1441 1442
f 1442 1441 1443
f 1442 1443 1444
f 1444 1443 1445
f 1444 1445 1446
f 1446 1445 1447
f 1446 1447 1448
f 1448 1447 1449
f 1448 1449 1450
f 1450 1449 1451
f 1450 1451 1452
f 1452 1451 1453
f 1452 1453 1454
f 1454 1453 1455
f 1454 1455 1456
f 1456 1455 1457
f 1456 1457 1458
f 1458 1457 1459
f 1458 1459 1460
f 1460 1459 1461
f 1460 1461 1462
f 1462 1461 1463
f 1462 1463 1464
f 1464 1463 1196
f 1464 1196 1194
f 1437 1465 1439
f 1439 1465 1466
f 1439 1466 1441
f 1441 1466 1467
f 1441 1467 1443
f 1443 1467 1468
f 1443 1468 1445
f 1445 1468 1469
f 1445 1469 1447
f 1447 1469 1470
f 1447 1470 1449
f 1449 1470 1471
f 1449 1471 1451
f 1451 1471 1472
f 1451 1472 1453
f 1453 1472 1473
f 1453 1473 1455
f 1455 1473 1474
f 1455 1474 1457
f 1457 1474 1475
f 1457 1475 1459
f 1459 1475 1476
f 1459 1476 1461
f 1461 1476 1477
f 1461 1477 1463
f 1463 1477 1198
f 1463 1198 1196
f 1465 1478 1466
f 1466 1478 1479
f 1466 1479 1467
f 1467 1479 1480
f 1467 1480 1468
f 1468 1480 1481
f 1468 1481 1469
f 1469 1481 1482
f 1469 1482 1470
f 1470 1482 1483
f 1470 1483 1471
f 1471 1483 1484
f 1471 1484 1472
f 1472 1484 1485
f 1472 1485 1473
f 1473 1485 1486
f 1473 1486 1474
f 1474 1486 1487
f 1474 1487 1475
f 1475 1487 1488
f 1475 1488 1476
f 1476 1488 1489
f 1476 1489 1477
f 1477 1489 1200
f 1477 1200 1198
f 1479 1478 1490
f 1490 1478 1491
f 1490 1491 1492
f 1492 1491 1493
f 1492 1493 1494
f 1494 1493 1495
f 1494 1495 1496
f 1496 1495 1497
f 1496 1497 1498
f 1498 1497 1499
f 1498 1499 1500
f 1500 1499 1501
f 1500 1501 1502
f 1502 1501 1503
f 1502 1503 1504
f 1504 1503 1505
f 1504 1505 1506
f 1506 1505 1507
f 1506 1507 1508
f 1508 1507 1208
f 1508 1208 1206
f 1493 1509 1495
f 1495 1509 1510
f 1495 1510 1497
f 1497 1510 1511
f 1497 1511 1499
f 1499 1511 1512
f 1499 1512 1501
f 1501 1512 1513
f 1501 1513 1503
f 1503 1513 1514
f 1503 1514 1505
f 1505 1514 1515
f 1505 1515 1507
f 1507 1515 1210
f 1507 1210 1208
f 1509 1516 1510
f 1510 1516 1517
f 1510 1517 1511
f 1511 1517 1518
f 1511 1518 1512
f 1512 1518 1519
f 1512 1519 1513
f 1513 1519 1520
f 1513 1520 1514
f 1514 1520 1521
f 1514 1521 1515
f 1515 1521 1212
f 1515 1212 1210
f 1517 1516 1522
f 1522 1516 1523
f 1522 1523 1524
f 1524 1523 1525
f 1524 1525 1526
f 1526 1525 1527
f 1526 1527 1528
f 1528 1527 1220
f 1528 1220 1218
f 1525 1529 1527
f 1527 1529 1222
f 1527 1222 1220
f 1529 1224 1222
f 1228 1530 1230
f 1230 1530 1531
f 1230 1531 1232
f 1232 1531 1532
f 1232 1532 1234
f 1234 1532 1533
f 1234 1533 1236
f 1236 1533 1534
f 1236 1534 1238
f 1238 1534 1535
f 1238 1535 1240
f 1240 1535 1536
f 1240 1536 1242
f 1242 1536 1537
f 1242 1537 1244
f 1244 1537 1538
f 1244 1538 1246
f 1246 1538 1539
f 1246 1539 1248
f 1248 1539 1540
f 1248 1540 1250
f 1250 1540 1541
f 1250 1541 1252
f 1252 1541 1542
f 1252 1542 1254
f 1254 1542 1543
f 1254 1543 1256
f 1256 1543 1544
f 1256 1544 1258
f 1258 1544 1545
f 1258 1545 1260
f 1260 1545 1546
f 1260 1546 1262
f 1262 1546 219
f 1262 219 218
f 1530 1547 1531
f 1531 1547 1548
f 1531 1548 1532
f 1532 1548 1549
f 1532 1549 1533
f 1533 1549 1550
f 1533 1550 1534
f 1534 1550 1551
f 1534 1551 1535
f 1535 1551 1552
f 1535 1552 1536
f 1536 1552 1553
f 1536 1553 1537
f 1537 1553 1554
f 1537 1554 1538
f 1538 1554 1555
f 1538 1555 1539
f 1539 1555 1556
f 1539 1556 1540
f 1540 1556 1557
f 1540 1557 1541
f 1541 1557 1558
f 1541 1558 1542
f 1542 1558 1559
f 1542 1559 1543
f 1543 1559 1560
f 1543 1560 1544
f 1544 1560 1561
f 1544 1561 1545
f 1545 1561 1562
f 1545 1562 1546
f 1546 1562 221
f 1546 221 219
f 1548 1547 1563
f 1563 1547 1564
f 1563 1564 1565
f 1565 1564 1566
f 1565 1566 1567
f 1567 1566 1568
f 1567 1568 1569
f 1569 1568 1570
f 1569 1570 1571
f 1571 1570 1572
f 1571 1572 1573
f 1573 1572 1574
f 1573 1574 1575
f 1575 1574 1576
f 1575 1576 1577
f 1577 1576 1578
f 1577 1578 1579
f 1579 1578 1580
f 1579 1580 1581
f 1581 1580 1582
f 1581 1582 1583
f 1583 1582 1584
f 1583 1584 1585
f 1585 1584 1586
f 1585 1586 1587
f 1587 1586 1588
f 1587 1588 1589
f 1589 1588 230
f 1589 230 228
f 1566 1590 1568
f 1568 1590 1591
f 1568 1591 1570
f 1570 1591 1592
f 1570 1592 1572
f 1572 1592 1593
f 1572 1593 1574
f 1574 1593 1594
f 1574 1594 1576
f 1576 1594 1595
f 1576 1595 1578
f 1578 1595 1596
f 1578 1596 1580
f 1580 1596 1597
f 1580 1597 1582
f 1582 1597 1598
f 1582 1598 1584
f 1584 1598 1599
f 1584 1599 1586
f 1586 1599 1600
f 1586 1600 1588
f 1588 1600 232
f 1588 232 230
f 1590 1601 1591
f 1591 1601 1602
f 1591 1602 1592
f 1592 1602 1603
f 1592 1603 1593
f 1593 1603 1604
f 1593 1604 1594
f 1594 1604 1605
f 1594 1605 1595
f 1595 1605 1606
f 1595 1606 1596
f 1596 1606 1607
f 1596 1607 1597
f 1597 1607 1608
f 1597 1608 1598
f 1598 1608 1609
f 1598 1609 1599
f 1599 1609 1610
f 1599 1610 1600
f 1600 1610 234
f 1600 234 232
f 1602 1601 1611
f 1611 1601 1612
f 1611 1612 1613
f 1613 1612 1614
f 1613 1614 1615
f 1615 1614 1616
f 1615 1616 1617
f 1617 1616 1618
f 1617 1618 1619
f 1619 1618 1620
f 1619 1620 1621
f 1621 1620 1622
f 1621 1622 1623
f 1623 1622 1624
f 1623 1624 1625
f 1625 1624 244
f 1625 244 242
f 1614 1626 1616
f 1616 1626 1627
f 1616 1627 1618
f 1618 1627 1628
f 1618 1628 1620
f 1620 1628 1629
f 1620 1629 1622
f 1622 1629 1630
f 1622 1630 1624
f 1624 1630 247
f 1624 247 246
f 1626 1631 1627
f 1627 1631 1632
f 1627 1632 1628
f 1628 1632 1633
f 1628 1633 1629
f 1629 1633 1634
f 1629 1634 1630
f 1630 1634 249
f 1630 249 247
f 1632 1631 1635
f 1635 1631 1636
f 1635 1636 1637
f 1637 1636 258
f 1637 258 257
f 257 255 1637
f 1637 255 1638
f 1637 1638 1635
f 1635 1638 1633
f 1635 1633 1632
f 255 254 1638
f 1638 254 252
f 1638 252 1634
f 1634 252 251
f 1634 251 249
f 246 244 1624
f 1625 242 1639
f 1639 242 241
f 1639 241 239
f 1639 239 1640
f 1640 239 237
f 1640 237 1610
f 1610 237 236
f 1610 236 234
f 1589 228 1641
f 1641 228 226
f 1641 226 1642
f 1642 226 224
f 1642 224 1562
f 1562 224 223
f 1562 223 221
f 218 216 1262
f 1263 214 1643
f 1643 214 172
f 1643 172 130
f 130 129 1643
f 1643 129 1644
f 1643 1644 1645
f 1645 1644 1646
f 1645 1646 1647
f 1647 1646 1648
f 1647 1648 1649
f 1649 1648 1650
f 1649 1650 1651
f 1651 1650 1652
f 1651 1652 1653
f 1653 1652 1654
f 1653 1654 1655
f 1655 1654 1656
f 1655 1656 1657
f 1657 1656 1658
f 1657 1658 1659
f 1659 1658 1660
f 1659 1660 1661
f 1661 1660 1662
f 1661 1662 1663
f 1663 1662 1664
f 1663 1664 1665
f 1665 1664 1666
f 1665 1666 1667
f 1667 1666 1668
f 1667 1668 1669
f 1669 1668 1670
f 1669 1670 1671
f 1671 1670 1672
f 1671 1672 1673
f 1673 1672 1674
f 1673 1674 1675
f 1675 1674 1676
f 1675 1676 1677
f 1677 1676 1678
f 1677 1678 1227
f 1227 1678 1225
f 1644 129 1679
f 1679 129 1680
f 1679 1680 1681
f 1681 1680 1682
f 1681 1682 1683
f 1683 1682 1684
f 1683 1684 1685
f 1685 1684 1686
f 1685 1686 1687
f 1687 1686 1688
f 1687 1688 1689
f 1689 1688 1690
f 1689 1690 1691
f 1691 1690 1692
f 1691 1692 1693
f 1693 1692 1694
f 1693 1694 1695
f 1695 1694 1696
f 1695 1696 1697
f 1697 1696 1698
f 1697 1698 1699
f 1699 1698 1700
f 1699 1700 1701
f 1701 1700 1702
f 1701 1702 1703
f 1703 1702 1704
f 1703 1704 1705
f 1705 1704 1706
f 1705 1706 1707
f 1707 1706 1708
f 1707 1708 1709
f 1709 1708 1710
f 1709 1710 1711
f 1711 1710 1712
f 1711 1712 1713
f 1713 1712 1219
f 1713 1219 1221
f 1714 1715 1680
f 1680 1715 1716
f 1680 1716 1717
f 1717 1716 1718
f 1717 1718 1684
f 1684 1718 1686
f 1719 1720 1714
f 1714 1720 1721
f 1714 1721 1722
f 1722 1721 1723
f 1722 1723 1724
f 1724 1723 1725
f 1724 1725 1726
f 1726 1725 1727
f 1726 1727 1728
f 1728 1727 1729
f 1728 1729 1730
f 1730 1729 1731
f 1730 1731 1732
f 1732 1731 1733
f 1732 1733 1694
f 1694 1733 1696
f 1185 1734 1719
f 1719 1734 1735
f 1719 1735 1736
f 1736 1735 1737
f 1736 1737 1738
f 1738 1737 1739
f 1738 1739 1740
f 1740 1739 1741
f 1740 1741 1742
f 1742 1741 1743
f 1742 1743 1744
f 1744 1743 1745
f 1744 1745 1746
f 1746 1745 1747
f 1746 1747 1748
f 1748 1747 1749
f 1748 1749 1750
f 1750 1749 1751
f 1750 1751 1752
f 1752 1751 1753
f 1752 1753 1754
f 1754 1753 1755
f 1754 1755 1756
f 1756 1755 1757
f 1756 1757 1704
f 1704 1757 1706
f 1758 1759 1184
f 1184 1759 1760
f 1184 1760 1761
f 1761 1760 1762
f 1761 1762 1763
f 1763 1762 1764
f 1763 1764 1178
f 1178 1764 1176
f 1765 1766 1758
f 1758 1766 1767
f 1758 1767 1768
f 1768 1767 1769
f 1768 1769 1770
f 1770 1769 1771
f 1770 1771 1772
f 1772 1771 1773
f 1772 1773 1774
f 1774 1773 1775
f 1774 1775 1776
f 1776 1775 1777
f 1776 1777 1778
f 1778 1777 1779
f 1778 1779 1780
f 1780 1779 1781
f 1780 1781 1168
f 1168 1781 1166
f 1782 1783 1765
f 1765 1783 1784
f 1765 1784 1785
f 1785 1784 1786
f 1785 1786 1787
f 1787 1786 1788
f 1787 1788 1789
f 1789 1788 1790
f 1789 1790 1791
f 1791 1790 1792
f 1791 1792 1793
f 1793 1792 1794
f 1793 1794 1795
f 1795 1794 1796
f 1795 1796 1797
f 1797 1796 1798
f 1797 1798 1799
f 1799 1798 1800
f 1799 1800 1801
f 1801 1800 1802
f 1801 1802 1803
f 1803 1802 1804
f 1803 1804 1805
f 1805 1804 1806
f 1805 1806 1807
f 1807 1806 1808
f 1807 1808 1158
f 1158 1808 1156
f 1100 1809 1782
f 1782 1809 1810
f 1782 1810 1811
f 1811 1810 1812
f 1811 1812 1813
f 1813 1812 1814
f 1813 1814 1815
f 1815 1814 1816
f 1815 1816 1817
f 1817 1816 1818
f 1817 1818 1819
f 1819 1818 1820
f 1819 1820 1821
f 1821 1820 1822
f 1821 1822 1823
f 1823 1822 1824
f 1823 1824 1825
f 1825 1824 1826
f 1825 1826 1827
f 1827 1826 1828
f 1827 1828 1829
f 1829 1828 1830
f 1829 1830 1831
f 1831 1830 1832
f 1831 1832 1833
f 1833 1832 1834
f 1833 1834 1835
f 1835 1834 1836
f 1835 1836 1837
f 1837 1836 1838
f 1837 1838 1839
f 1839 1838 1840
f 1839 1840 1841
f 1841 1840 1842
f 1841 1842 1843
f 1843 1842 1844
f 1843 1844 1845
f 1845 1844 1144
f 1845 1144 1146
f 1100 1846 1098
f 1098 1846 1847
f 1098 1847 1096
f 1096 1847 1848
f 1096 1848 1094
f 1094 1848 1849
f 1094 1849 1092
f 1092 1849 1850
f 1092 1850 1090
f 1090 1850 1851
f 1090 1851 1088
f 1088 1851 1852
f 1088 1852 1086
f 1086 1852 1853
f 1086 1853 1084
f 1084 1853 1854
f 1084 1854 1082
f 1082 1854 1855
f 1082 1855 1080
f 1080 1855 1856
f 1080 1856 1078
f 1078 1856 1857
f 1078 1857 1076
f 1076 1857 1858
f 1076 1858 1074
f 1074 1858 1859
f 1074 1859 1072
f 1072 1859 1860
f 1072 1860 1070
f 1070 1860 1861
f 1070 1861 1068
f 1068 1861 1862
f 1068 1862 1066
f 1066 1862 1863
f 1066 1863 1064
f 1064 1863 1864
f 1064 1864 1062
f 1062 1864 1060
f 1865 1866 1846
f 1846 1866 1867
f 1846 1867 1868
f 1868 1867 1869
f 1868 1869 1870
f 1870 1869 1871
f 1870 1871 1849
f 1849 1871 1850
f 1872 1873 1865
f 1865 1873 1874
f 1865 1874 1875
f 1875 1874 1876
f 1875 1876 1877
f 1877 1876 1878
f 1877 1878 1879
f 1879 1878 1880
f 1879 1880 1881
f 1881 1880 1882
f 1881 1882 1883
f 1883 1882 1884
f 1883 1884 1885
f 1885 1884 1886
f 1885 1886 1887
f 1887 1886 1888
f 1887 1888 1854
f 1854 1888 1855
f 1889 1890 1872
f 1872 1890 1891
f 1872 1891 1892
f 1892 1891 1893
f 1892 1893 1894
f 1894 1893 1895
f 1894 1895 1896
f 1896 1895 1897
f 1896 1897 1898
f 1898 1897 1899
f 1898 1899 1900
f 1900 1899 1901
f 1900 1901 1902
f 1902 1901 1903
f 1902 1903 1904
f 1904 1903 1905
f 1904 1905 1906
f 1906 1905 1907
f 1906 1907 1908
f 1908 1907 1909
f 1908 1909 1910
f 1910 1909 1911
f 1910 1911 1912
f 1912 1911 1913
f 1912 1913 1914
f 1914 1913 1915
f 1914 1915 1859
f 1859 1915 1860
f 851 1916 1889
f 1889 1916 1917
f 1889 1917 1918
f 1918 1917 1919
f 1918 1919 1920
f 1920 1919 1921
f 1920 1921 1922
f 1922 1921 1923
f 1922 1923 1924
f 1924 1923 1925
f 1924 1925 1926
f 1926 1925 1927
f 1926 1927 1928
f 1928 1927 1929
f 1928 1929 1930
f 1930 1929 1931
f 1930 1931 1932
f 1932 1931 1933
f 1932 1933 1934
f 1934 1933 1935
f 1934 1935 1936
f 1936 1935 1937
f 1936 1937 1938
f 1938 1937 1939
f 1938 1939 1940
f 1940 1939 1941
f 1940 1941 1942
f 1942 1941 1943
f 1942 1943 1944
f 1944 1943 1945
f 1944 1945 1946
f 1946 1945 1947
f 1946 1947 1948
f 1948 1947 1949
f 1948 1949 1950
f 1950 1949 1951
f 1950 1951 1864
f 1864 1951 1060
f 851 1952 849
f 849 1952 1953
f 849 1953 847
f 847 1953 1954
f 847 1954 845
f 845 1954 1955
f 845 1955 843
f 843 1955 1956
f 843 1956 841
f 841 1956 1957
f 841 1957 839
f 839 1957 1958
f 839 1958 837
f 837 1958 1959
f 837 1959 835
f 835 1959 1960
f 835 1960 833
f 833 1960 1961
f 833 1961 831
f 831 1961 1962
f 831 1962 829
f 829 1962 1963
f 829 1963 827
f 827 1963 1964
f 827 1964 825
f 825 1964 1965
f 825 1965 823
f 823 1965 1966
f 823 1966 821
f 821 1966 1967
f 821 1967 819
f 819 1967 1968
f 819 1968 817
f 817 1968 1969
f 817 1969 815
f 815 1969 1970
f 815 1970 813
f 813 1970 1971
f 813 1971 811
f 811 1971 1972
f 811 1972 809
f 809 1972 807
f 1973 1974 1952
f 1952 1974 1975
f 1952 1975 1976
f 1976 1975 1977
f 1976 1977 1978
f 1978 1977 1979
f 1978 1979 1955
f 1955 1979 1956
f 1980 1981 1973
f 1973 1981 1982
f 1973 1982 1983
f 1983 1982 1984
f 1983 1984 1985
f 1985 1984 1986
f 1985 1986 1987
f 1987 1986 1988
f 1987 1988 1989
f 1989 1988 1990
f 1989 1990 1991
f 1991 1990 1992
f 1991 1992 1993
f 1993 1992 1994
f 1993 1994 1995
f 1995 1994 1996
f 1995 1996 1960
f 1960 1996 1961
f 1997 1998 1980
f 1980 1998 1999
f 1980 1999 2000
f 2000 1999 2001
f 2000 2001 2002
f 2002 2001 2003
f 2002 2003 2004
f 2004 2003 2005
f 2004 2005 2006
f 2006 2005 2007
f 2006 2007 2008
f 2008 2007 2009
f 2008 2009 2010
f 2010 2009 2011
f 2010 2011 2012
f 2012 2011 2013
f 2012 2013 2014
f 2014 2013 2015
f 2014 2015 2016
f 2016 2015 2017
f 2016 2017 2018
f 2018 2017 2019
f 2018 2019 2020
f 2020 2019 2021
f 2020 2021 1966
f 1966 2021 1967
f 742 2022 1997
f 1997 2022 2023
f 1997 2023 2024
f 2024 2023 2025
f 2024 2025 2026
f 2026 2025 2027
f 2026 2027 2028
f 2028 2027 2029
f 2028 2029 2030
f 2030 2029 2031
f 2030 2031 2032
f 2032 2031 2033
f 2032 2033 2034
f 2034 2033 2035
f 2034 2035 2036
f 2036 2035 2037
f 2036 2037 2038
f 2038 2037 2039
f 2038 2039 2040
f 2040 2039 2041
f 2040 2041 2042
f 2042 2041 2043
f 2042 2043 2044
f 2044 2043 2045
f 2044 2045 2046
f 2046 2045 2047
f 2046 2047 2048
f 2048 2047 2049
f 2048 2049 2050
f 2050 2049 2051
f 2050 2051 2052
f 2052 2051 2053
f 2052 2053 2054
f 2054 2053 2055
f 2054 2055 1971
f 1971 2055 1972
f 2056 2057 520
f 520 2057 2058
f 520 2058 2059
f 2059 2058 2060
f 2059 2060 516
f 516 2060 514
f 2061 2062 2056
f 2056 2062 2063
f 2056 2063 2064
f 2064 2063 2065
f 2064 2065 2066
f 2066 2065 2067
f 2066 2067 2068
f 2068 2067 2069
f 2068 2069 2070
f 2070 2069 2071
f 2070 2071 2072
f 2072 2071 2073
f 2072 2073 2074
f 2074 2073 2075
f 2074 2075 506
f 506 2075 504
f 2076 2077 2061
f 2061 2077 2078
f 2061 2078 2079
f 2079 2078 2080
f 2079 2080 2081
f 2081 2080 2082
f 2081 2082 2083
f 2083 2082 2084
f 2083 2084 2085
f 2085 2084 2086
f 2085 2086 2087
f 2087 2086 2088
f 2087 2088 2089
f 2089 2088 2090
f 2089 2090 2091
f 2091 2090 2092
f 2091 2092 2093
f 2093 2092 2094
f 2093 2094 2095
f 2095 2094 2096
f 2095 2096 2097
f 2097 2096 2098
f 2097 2098 2099
f 2099 2098 2100
f 2099 2100 2101
f 2101 2100 2102
f 2101 2102 494
f 494 2102 492
f 300 2103 2076
f 2076 2103 2104
f 2076 2104 2105
f 2105 2104 2106
f 2105 2106 2107
f 2107 2106 2108
f 2107 2108 2109
f 2109 2108 2110
f 2109 2110 2111
f 2111 2110 2112
f 2111 2112 2113
f 2113 2112 2114
f 2113 2114 2115
f 2115 2114 2116
f 2115 2116 2117
f 2117 2116 2118
f 2117 2118 2119
f 2119 2118 2120
f 2119 2120 2121
f 2121 2120 2122
f 2121 2122 2123
f 2123 2122 2124
f 2123 2124 2125
f 2125 2124 2126
f 2125 2126 2127
f 2127 2126 2128
f 2127 2128 2129
f 2129 2128 2130
f 2129 2130 2131
f 2131 2130 2132
f 2131 2132 2133
f 2133 2132 2134
f 2133 2134 2135
f 2135 2134 2136
f 2135 2136 2137
f 2137 2136 2138
f 2137 2138 2139
f 2139 2138 480
f 2139 480 482
f 300 2140 298
f 298 2140 2141
f 298 2141 296
f 296 2141 2142
f 296 2142 294
f 294 2142 2143
f 294 2143 292
f 292 2143 2144
f 292 2144 290
f 290 2144 2145
f 290 2145 288
f 288 2145 2146
f 288 2146 286
f 286 2146 2147
f 286 2147 284
f 284 2147 2148
f 284 2148 282
f 282 2148 2149
f 282 2149 280
f 280 2149 2150
f 280 2150 278
f 278 2150 2151
f 278 2151 276
f 276 2151 2152
f 276 2152 274
f 274 2152 2153
f 274 2153 272
f 272 2153 2154
f 272 2154 270
f 270 2154 2155
f 270 2155 268
f 268 2155 2156
f 268 2156 266
f 266 2156 2157
f 266 2157 264
f 264 2157 2158
f 264 2158 262
f 262 2158 260
f 2159 2160 2140
f 2140 2160 2161
f 2140 2161 2162
f 2162 2161 2163
f 2162 2163 2164
f 2164 2163 2165
f 2164 2165 2166
f 2166 2165 2167
f 2166 2167 2144
f 2144 2167 2145
f 2168 2169 2159
f 2159 2169 2170
f 2159 2170 2171
f 2171 2170 2172
f 2171 2172 2173
f 2173 2172 2174
f 2173 2174 2175
f 2175 2174 2176
f 2175 2176 2177
f 2177 2176 2178
f 2177 2178 2179
f 2179 2178 2180
f 2179 2180 2181
f 2181 2180 2182
f 2181 2182 2183
f 2183 2182 2184
f 2183 2184 2185
f 2185 2184 2186
f 2185 2186 2187
f 2187 2186 2188
f 2187 2188 2150
f 2150 2188 2151
f 131 2189 2168
f 2168 2189 2190
f 2168 2190 2191
f 2191 2190 2192
f 2191 2192 2193
f 2193 2192 2194
f 2193 2194 2195
f 2195 2194 2196
f 2195 2196 2197
f 2197 2196 2198
f 2197 2198 2199
f 2199 2198 2200
f 2199 2200 2201
f 2201 2200 2202
f 2201 2202 2203
f 2203 2202 2204
f 2203 2204 2205
f 2205 2204 2206
f 2205 2206 2207
f 2207 2206 2208
f 2207 2208 2209
f 2209 2208 2210
f 2209 2210 2211
f 2211 2210 2212
f 2211 2212 2213
f 2213 2212 2214
f 2213 2214 2215
f 2215 2214 2216
f 2215 2216 2217
f 2217 2216 2218
f 2217 2218 2155
f 2155 2218 2156
f 130 2219 132
f 132 2219 2220
f 132 2220 134
f 134 2220 2221
f 134 2221 136
f 136 2221 2222
f 136 2222 138
f 138 2222 2223
f 138 2223 140
f 140 2223 2224
f 140 2224 142
f 142 2224 2225
f 142 2225 144
f 144 2225 2226
f 144 2226 146
f 146 2226 2227
f 146 2227 148
f 148 2227 2228
f 148 2228 150
f 150 2228 2229
f 150 2229 152
f 152 2229 2230
f 152 2230 154
f 154 2230 2231
f 154 2231 156
f 156 2231 2232
f 156 2232 158
f 158 2232 2233
f 158 2233 160
f 160 2233 2234
f 160 2234 162
f 162 2234 2235
f 162 2235 164
f 164 2235 2236
f 164 2236 166
f 166 2236 213
f 166 213 168
f 131 133 2237
f 2237 133 135
f 2237 135 2238
f 2238 135 137
f 2238 137 2239
f 2239 137 139
f 2239 139 2240
f 2240 139 141
f 2240 141 2241
f 2241 141 143
f 2241 143 2242
f 2242 143 145
f 2242 145 2243
f 2243 145 147
f 2243 147 2244
f 2244 147 149
f 2244 149 2245
f 2245 149 151
f 2245 151 2246
f 2246 151 153
f 2246 153 2247
f 2247 153 155
f 2247 155 2248
f 2248 155 157
f 2248 157 2249
f 2249 157 159
f 2249 159 2250
f 2250 159 161
f 2250 161 2251
f 2251 161 163
f 2251 163 2252
f 2252 163 165
f 2252 165 2253
f 2253 165 167
f 2253 167 2254
f 2254 167 169
f 2254 169 260
f 2255 2168 2256
f 2256 2168 2191
f 2256 2191 2193
f 2257 2159 2258
f 2258 2159 2259
f 2258 2259 2260
f 2260 2259 2173
f 2260 2173 2175
f 2261 2140 2262
f 2262 2140 2162
f 2262 2162 2164
f 2103 300 479
f 2263 2076 2264
f 2264 2076 2265
f 2264 2265 2266
f 2266 2265 2107
f 2266 2107 2109
f 2267 2061 2268
f 2268 2061 2079
f 2268 2079 2081
f 2269 2056 2270
f 2270 2056 2064
f 2270 2064 2066
f 518 520 2059
f 739 700 2271
f 2271 700 2272
f 2271 2272 2273
f 2273 2272 698
f 2273 698 697
f 742 806 2274
f 2274 806 805
f 2274 805 2275
f 2275 805 804
f 2275 804 2276
f 2276 804 803
f 2276 803 2277
f 2277 803 802
f 2277 802 2278
f 2278 802 801
f 2278 801 2279
f 2279 801 800
f 2279 800 2280
f 2280 800 799
f 2280 799 2281
f 2281 799 798
f 2281 798 2282
f 2282 798 797
f 2282 797 2283
f 2283 797 796
f 2283 796 2284
f 2284 796 795
f 2284 795 2285
f 2285 795 794
f 2285 794 2286
f 2286 794 793
f 2286 793 2287
f 2287 793 792
f 2287 792 2288
f 2288 792 791
f 2288 791 2289
f 2289 791 790
f 2289 790 2290
f 2290 790 789
f 2290 789 2291
f 2291 789 788
f 2291 788 787
f 2292 1997 2293
f 2293 1997 2024
f 2293 2024 2026
f 2294 1980 2295
f 2295 1980 2000
f 2295 2000 2002
f 2296 1973 2297
f 2297 1973 1983
f 2297 1983 1985
f 1953 1952 2298
f 2298 1952 1976
f 2298 1976 1978
f 1916 851 1059
f 2299 1889 2300
f 2300 1889 1918
f 2300 1918 1920
f 2301 1872 2302
f 2302 1872 1892
f 2302 1892 1894
f 2303 1865 2304
f 2304 1865 1875
f 2304 1875 1877
f 1847 1846 2305
f 2305 1846 1868
f 2305 1868 1870
f 1100 1102 2306
f 2306 1102 1104
f 2306 1104 2307
f 2307 1104 1106
f 2307 1106 2308
f 2308 1106 1108
f 2308 1108 2309
f 2309 1108 1110
f 2309 1110 2310
f 2310 1110 1112
f 2310 1112 2311
f 2311 1112 1114
f 2311 1114 2312
f 2312 1114 1116
f 2312 1116 2313
f 2313 1116 1118
f 2313 1118 2314
f 2314 1118 1120
f 2314 1120 2315
f 2315 1120 1122
f 2315 1122 2316
f 2316 1122 1124
f 2316 1124 2317
f 2317 1124 1126
f 2317 1126 2318
f 2318 1126 1128
f 2318 1128 2319
f 2319 1128 1130
f 2319 1130 2320
f 2320 1130 1132
f 2320 1132 2321
f 2321 1132 1134
f 2321 1134 2322
f 2322 1134 1136
f 2322 1136 2323
f 2323 1136 1138
f 2323 1138 1140
f 2324 1782 2325
f 2325 1782 2326
f 2325 2326 2327
f 2327 2326 1813
f 2327 1813 1815
f 2328 1765 2329
f 2329 1765 1785
f 2329 1785 1787
f 2330 1758 2331
f 2331 1758 1768
f 2331 1768 1770
f 1182 1184 2332
f 2332 1184 1761
f 2332 1761 1763
f 2333 1185 2334
f 2334 1185 1187
f 2334 1187 1189
f 1677 1227 1229
f 2335 1719 2336
f 2336 1719 1736
f 2336 1736 1738
f 2337 1714 2338
f 2338 1714 1722
f 2338 1722 1724
f 1646 1644 1679
f 256 208 253
f 253 208 206
f 253 206 250
f 250 206 204
f 250 204 248
f 248 204 202
f 248 202 245
f 245 202 200
f 245 200 243
f 243 200 198
f 243 198 240
f 240 198 196
f 240 196 238
f 238 196 194
f 238 194 235
f 235 194 192
f 235 192 233
f 233 192 190
f 233 190 231
f 231 190 188
f 231 188 229
f 229 188 186
f 229 186 227
f 227 186 184
f 227 184 225
f 225 184 182
f 225 182 222
f 222 182 180
f 222 180 220
f 220 180 178
f 220 178 217
f 2219 130 175
f 209 211 2236
f 2236 211 213
f 207 209 2235
f 2235 209 2236
f 205 207 2234
f 2234 207 2235
f 203 205 2233
f 2233 205 2234
f 201 203 2232
f 2232 203 2233
f 199 201 2231
f 2231 201 2232
f 197 199 2230
f 2230 199 2231
f 195 197 2229
f 2229 197 2230
f 193 195 2228
f 2228 195 2229
f 191 193 2227
f 2227 193 2228
f 189 191 2226
f 2226 191 2227
f 187 189 2225
f 2225 189 2226
f 185 187 2224
f 2224 187 2225
f 183 185 2223
f 2223 185 2224
f 181 183 2222
f 2222 183 2223
f 179 181 2221
f 2221 181 2222
f 177 179 2220
f 2220 179 2221
f 175 177 2219
f 2219 177 2220
f 260 2158 2254
f 2254 2158 2339
f 2254 2339 2253
f 2253 2339 2340
f 2253 2340 2252
f 2252 2340 2341
f 2252 2341 2251
f 2251 2341 2342
f 2251 2342 2250
f 2250 2342 2343
f 2250 2343 2249
f 2249 2343 2344
f 2249 2344 2248
f 2248 2344 2345
f 2248 2345 2247
f 2247 2345 2346
f 2247 2346 2246
f 2246 2346 2347
f 2246 2347 2245
f 2245 2347 2348
f 2245 2348 2244
f 2244 2348 2349
f 2244 2349 2243
f 2243 2349 2350
f 2243 2350 2242
f 2242 2350 2351
f 2242 2351 2241
f 2241 2351 2352
f 2241 2352 2240
f 2240 2352 2353
f 2240 2353 2239
f 2239 2353 2354
f 2239 2354 2238
f 2238 2354 2355
f 2238 2355 2237
f 2237 2355 131
f 131 2355 2189
f 2189 2355 2354
f 2189 2354 2356
f 2356 2354 2353
f 2356 2353 2357
f 2357 2353 2352
f 2357 2352 2358
f 2358 2352 2351
f 2358 2351 2359
f 2359 2351 2350
f 2359 2350 2360
f 2360 2350 2349
f 2360 2349 2361
f 2361 2349 2348
f 2361 2348 2362
f 2362 2348 2347
f 2362 2347 2363
f 2363 2347 2346
f 2363 2346 2364
f 2364 2346 2345
f 2364 2345 2365
f 2365 2345 2344
f 2365 2344 2366
f 2366 2344 2343
f 2366 2343 2367
f 2367 2343 2342
f 2367 2342 2368
f 2368 2342 2341
f 2368 2341 2369
f 2369 2341 2340
f 2369 2340 2370
f 2370 2340 2339
f 2370 2339 2157
f 2157 2339 2158
f 2157 2156 2370
f 2370 2156 2218
f 2370 2218 2369
f 2369 2218 2216
f 2369 2216 2368
f 2368 2216 2214
f 2368 2214 2367
f 2367 2214 2212
f 2367 2212 2366
f 2366 2212 2210
f 2366 2210 2365
f 2365 2210 2208
f 2365 2208 2364
f 2364 2208 2206
f 2364 2206 2363
f 2363 2206 2204
f 2363 2204 2362
f 2362 2204 2202
f 2362 2202 2361
f 2361 2202 2200
f 2361 2200 2360
f 2360 2200 2198
f 2360 2198 2359
f 2359 2198 2196
f 2359 2196 2358
f 2358 2196 2194
f 2358 2194 2357
f 2357 2194 2192
f 2357 2192 2356
f 2356 2192 2190
f 2356 2190 2189
f 362 2371 360
f 360 2371 343
f 360 343 342
f 343 2371 344
f 344 2371 2372
f 344 2372 345
f 345 2372 2373
f 345 2373 346
f 346 2373 2374
f 346 2374 347
f 347 2374 2375
f 347 2375 348
f 348 2375 2376
f 348 2376 349
f 349 2376 2377
f 349 2377 350
f 350 2377 2378
f 350 2378 351
f 351 2378 2379
f 351 2379 352
f 352 2379 2380
f 352 2380 353
f 353 2380 2381
f 353 2381 354
f 354 2381 2382
f 354 2382 355
f 355 2382 2383
f 355 2383 356
f 356 2383 2384
f 356 2384 357
f 357 2384 2385
f 357 2385 358
f 358 2385 2386
f 358 2386 359
f 359 2386 303
f 359 303 301
f 2371 362 2387
f 2387 362 364
f 2387 364 366
f 2217 2155 2154
f 2215 2217 2388
f 2388 2217 2154
f 2388 2154 2153
f 2213 2215 2389
f 2389 2215 2388
f 2389 2388 2390
f 2390 2388 2153
f 2390 2153 2152
f 2211 2213 2391
f 2391 2213 2389
f 2391 2389 2392
f 2392 2389 2390
f 2392 2390 2393
f 2393 2390 2152
f 2393 2152 2151
f 2209 2211 2394
f 2394 2211 2391
f 2394 2391 2395
f 2395 2391 2392
f 2395 2392 2396
f 2396 2392 2393
f 2396 2393 2188
f 2188 2393 2151
f 2207 2209 2397
f 2397 2209 2394
f 2397 2394 2398
f 2398 2394 2395
f 2398 2395 2399
f 2399 2395 2396
f 2399 2396 2186
f 2186 2396 2188
f 2205 2207 2400
f 2400 2207 2397
f 2400 2397 2401
f 2401 2397 2398
f 2401 2398 2402
f 2402 2398 2399
f 2402 2399 2184
f 2184 2399 2186
f 2203 2205 2403
f 2403 2205 2400
f 2403 2400 2404
f 2404 2400 2401
f 2404 2401 2405
f 2405 2401 2402
f 2405 2402 2182
f 2182 2402 2184
f 2201 2203 2406
f 2406 2203 2403
f 2406 2403 2407
f 2407 2403 2404
f 2407 2404 2408
f 2408 2404 2405
f 2408 2405 2180
f 2180 2405 2182
f 2199 2201 2409
f 2409 2201 2406
f 2409 2406 2410
f 2410 2406 2407
f 2410 2407 2411
f 2411 2407 2408
f 2411 2408 2178
f 2178 2408 2180
f 2197 2199 2412
f 2412 2199 2409
f 2412 2409 2413
f 2413 2409 2410
f 2413 2410 2414
f 2414 2410 2411
f 2414 2411 2176
f 2176 2411 2178
f 2195 2197 2415
f 2415 2197 2412
f 2415 2412 2416
f 2416 2412 2413
f 2416 2413 2417
f 2417 2413 2414
f 2417 2414 2174
f 2174 2414 2176
f 2193 2195 2418
f 2418 2195 2415
f 2418 2415 2419
f 2419 2415 2416
f 2419 2416 2420
f 2420 2416 2417
f 2420 2417 2172
f 2172 2417 2174
f 2255 2256 2418
f 2418 2256 2193
f 2255 2418 2419
f 2168 2255 2169
f 2169 2255 2419
f 2169 2419 2420
f 366 2421 2387
f 2387 2421 2372
f 2387 2372 2371
f 2372 2421 2373
f 2373 2421 2422
f 2373 2422 2374
f 2374 2422 2423
f 2374 2423 2375
f 2375 2423 2424
f 2375 2424 2376
f 2376 2424 2425
f 2376 2425 2377
f 2377 2425 2426
f 2377 2426 2378
f 2378 2426 2427
f 2378 2427 2379
f 2379 2427 2428
f 2379 2428 2380
f 2380 2428 2429
f 2380 2429 2381
f 2381 2429 2430
f 2381 2430 2382
f 2382 2430 2431
f 2382 2431 2383
f 2383 2431 2432
f 2383 2432 2384
f 2384 2432 2433
f 2384 2433 2385
f 2385 2433 2434
f 2385 2434 2386
f 2386 2434 305
f 2386 305 303
f 2422 2421 368
f 368 2421 366
f 2170 2169 2420
f 2170 2420 2172
f 2173 2259 2171
f 2171 2259 2159
f 2423 2422 370
f 370 2422 368
f 409 2435 407
f 407 2435 395
f 407 395 394
f 395 2435 396
f 396 2435 2436
f 396 2436 397
f 397 2436 2437
f 397 2437 398
f 398 2437 2438
f 398 2438 399
f 399 2438 2439
f 399 2439 400
f 400 2439 2440
f 400 2440 401
f 401 2440 2441
f 401 2441 402
f 402 2441 2442
f 402 2442 403
f 403 2442 2443
f 403 2443 404
f 404 2443 2444
f 404 2444 405
f 405 2444 2445
f 405 2445 406
f 406 2445 313
f 406 313 311
f 2435 409 2446
f 2446 409 411
f 2446 411 413
f 2423 370 372
f 2423 372 2424
f 2424 372 374
f 2424 374 2425
f 2425 374 376
f 2425 376 2426
f 2426 376 378
f 2426 378 2427
f 2427 378 380
f 2427 380 2428
f 2428 380 382
f 2428 382 2429
f 2429 382 384
f 2429 384 2430
f 2430 384 386
f 2430 386 2431
f 2431 386 388
f 2431 388 2432
f 2432 388 390
f 2432 390 2433
f 2433 390 392
f 2433 392 2434
f 2434 392 307
f 2434 307 305
f 2187 2150 2149
f 2185 2187 2447
f 2447 2187 2149
f 2447 2149 2148
f 2183 2185 2448
f 2448 2185 2447
f 2448 2447 2449
f 2449 2447 2148
f 2449 2148 2147
f 2181 2183 2450
f 2450 2183 2448
f 2450 2448 2451
f 2451 2448 2449
f 2451 2449 2452
f 2452 2449 2147
f 2452 2147 2146
f 2179 2181 2453
f 2453 2181 2450
f 2453 2450 2454
f 2454 2450 2451
f 2454 2451 2455
f 2455 2451 2452
f 2455 2452 2456
f 2456 2452 2146
f 2456 2146 2145
f 2177 2179 2457
f 2457 2179 2453
f 2457 2453 2458
f 2458 2453 2454
f 2458 2454 2459
f 2459 2454 2455
f 2459 2455 2460
f 2460 2455 2456
f 2460 2456 2167
f 2167 2456 2145
f 2175 2177 2461
f 2461 2177 2457
f 2461 2457 2462
f 2462 2457 2458
f 2462 2458 2463
f 2463 2458 2459
f 2463 2459 2464
f 2464 2459 2460
f 2464 2460 2165
f 2165 2460 2167
f 2175 2461 2260
f 2260 2461 2465
f 2260 2465 2258
f 2258 2465 2257
f 2465 2461 2462
f 413 2466 2446
f 2446 2466 2436
f 2446 2436 2435
f 2436 2466 2437
f 2437 2466 2467
f 2437 2467 2438
f 2438 2467 2468
f 2438 2468 2439
f 2439 2468 2469
f 2439 2469 2440
f 2440 2469 2470
f 2440 2470 2441
f 2441 2470 2471
f 2441 2471 2442
f 2442 2471 2472
f 2442 2472 2443
f 2443 2472 2473
f 2443 2473 2444
f 2444 2473 2474
f 2444 2474 2445
f 2445 2474 315
f 2445 315 313
f 2467 2466 415
f 415 2466 413
f 2465 2462 2475
f 2475 2462 2463
f 2475 2463 2476
f 2476 2463 2464
f 2476 2464 2163
f 2163 2464 2165
f 2465 2475 2257
f 2257 2475 2160
f 2257 2160 2159
f 2160 2475 2476
f 2468 2467 417
f 417 2467 415
f 2161 2160 2476
f 2161 2476 2163
f 441 2477 439
f 439 2477 432
f 439 432 431
f 432 2477 433
f 433 2477 2478
f 433 2478 434
f 434 2478 2479
f 434 2479 435
f 435 2479 2480
f 435 2480 436
f 436 2480 2481
f 436 2481 437
f 437 2481 2482
f 437 2482 438
f 438 2482 323
f 438 323 321
f 2477 441 2483
f 2483 441 443
f 2483 443 445
f 2468 417 419
f 2468 419 2469
f 2469 419 421
f 2469 421 2470
f 2470 421 423
f 2470 423 2471
f 2471 423 425
f 2471 425 2472
f 2472 425 427
f 2472 427 2473
f 2473 427 429
f 2473 429 2474
f 2474 429 317
f 2474 317 315
f 2144 2143 2166
f 2166 2143 2484
f 2166 2484 2164
f 2164 2484 2262
f 445 2485 2483
f 2483 2485 2478
f 2483 2478 2477
f 2478 2485 2479
f 2479 2485 2486
f 2479 2486 2480
f 2480 2486 2487
f 2480 2487 2481
f 2481 2487 2488
f 2481 2488 2482
f 2482 2488 325
f 2482 325 323
f 2486 2485 447
f 447 2485 445
f 2484 2143 2142
f 2262 2484 2261
f 2261 2484 2142
f 2261 2142 2141
f 2261 2141 2140
f 2487 2486 449
f 449 2486 447
f 458 2489 456
f 456 2489 454
f 456 454 453
f 454 2489 455
f 455 2489 333
f 455 333 331
f 337 335 458
f 458 335 2489
f 335 333 2489
f 2487 449 451
f 2487 451 2488
f 2488 451 327
f 2488 327 325
f 462 461 2490
f 2490 461 460
f 2490 460 2138
f 2138 460 480
f 463 462 2491
f 2491 462 2490
f 2491 2490 2136
f 2136 2490 2138
f 464 463 2492
f 2492 463 2491
f 2492 2491 2134
f 2134 2491 2136
f 465 464 2493
f 2493 464 2492
f 2493 2492 2132
f 2132 2492 2134
f 466 465 2494
f 2494 465 2493
f 2494 2493 2130
f 2130 2493 2132
f 467 466 2495
f 2495 466 2494
f 2495 2494 2128
f 2128 2494 2130
f 468 467 2496
f 2496 467 2495
f 2496 2495 2126
f 2126 2495 2128
f 469 468 2497
f 2497 468 2496
f 2497 2496 2124
f 2124 2496 2126
f 470 469 2498
f 2498 469 2497
f 2498 2497 2122
f 2122 2497 2124
f 471 470 2499
f 2499 470 2498
f 2499 2498 2120
f 2120 2498 2122
f 472 471 2500
f 2500 471 2499
f 2500 2499 2118
f 2118 2499 2120
f 473 472 2501
f 2501 472 2500
f 2501 2500 2116
f 2116 2500 2118
f 474 473 2502
f 2502 473 2501
f 2502 2501 2114
f 2114 2501 2116
f 475 474 2503
f 2503 474 2502
f 2503 2502 2112
f 2112 2502 2114
f 476 475 2504
f 2504 475 2503
f 2504 2503 2110
f 2110 2503 2112
f 477 476 2505
f 2505 476 2504
f 2505 2504 2108
f 2108 2504 2110
f 2103 479 478
f 478 477 2506
f 2506 477 2505
f 2506 2505 2106
f 2106 2505 2108
f 2106 2104 2506
f 2506 2104 2103
f 2506 2103 478
f 2107 2265 2105
f 2105 2265 2076
f 2139 482 484
f 2137 2139 2507
f 2507 2139 484
f 2507 484 486
f 2135 2137 2508
f 2508 2137 2507
f 2508 2507 2509
f 2509 2507 486
f 2509 486 488
f 2133 2135 2510
f 2510 2135 2508
f 2510 2508 2511
f 2511 2508 2509
f 2511 2509 2512
f 2512 2509 488
f 2512 488 490
f 2131 2133 2513
f 2513 2133 2510
f 2513 2510 2514
f 2514 2510 2511
f 2514 2511 2515
f 2515 2511 2512
f 2515 2512 2516
f 2516 2512 490
f 2516 490 492
f 2129 2131 2517
f 2517 2131 2513
f 2517 2513 2518
f 2518 2513 2514
f 2518 2514 2519
f 2519 2514 2515
f 2519 2515 2520
f 2520 2515 2516
f 2520 2516 2102
f 2102 2516 492
f 2127 2129 2521
f 2521 2129 2517
f 2521 2517 2522
f 2522 2517 2518
f 2522 2518 2523
f 2523 2518 2519
f 2523 2519 2524
f 2524 2519 2520
f 2524 2520 2100
f 2100 2520 2102
f 2125 2127 2525
f 2525 2127 2521
f 2525 2521 2526
f 2526 2521 2522
f 2526 2522 2527
f 2527 2522 2523
f 2527 2523 2528
f 2528 2523 2524
f 2528 2524 2098
f 2098 2524 2100
f 2123 2125 2529
f 2529 2125 2525
f 2529 2525 2530
f 2530 2525 2526
f 2530 2526 2531
f 2531 2526 2527
f 2531 2527 2532
f 2532 2527 2528
f 2532 2528 2096
f 2096 2528 2098
f 2121 2123 2533
f 2533 2123 2529
f 2533 2529 2534
f 2534 2529 2530
f 2534 2530 2535
f 2535 2530 2531
f 2535 2531 2536
f 2536 2531 2532
f 2536 2532 2094
f 2094 2532 2096
f 2119 2121 2537
f 2537 2121 2533
f 2537 2533 2538
f 2538 2533 2534
f 2538 2534 2539
f 2539 2534 2535
f 2539 2535 2540
f 2540 2535 2536
f 2540 2536 2092
f 2092 2536 2094
f 2117 2119 2541
f 2541 2119 2537
f 2541 2537 2542
f 2542 2537 2538
f 2542 2538 2543
f 2543 2538 2539
f 2543 2539 2544
f 2544 2539 2540
f 2544 2540 2090
f 2090 2540 2092
f 2115 2117 2545
f 2545 2117 2541
f 2545 2541 2546
f 2546 2541 2542
f 2546 2542 2547
f 2547 2542 2543
f 2547 2543 2548
f 2548 2543 2544
f 2548 2544 2088
f 2088 2544 2090
f 2113 2115 2549
f 2549 2115 2545
f 2549 2545 2550
f 2550 2545 2546
f 2550 2546 2551
f 2551 2546 2547
f 2551 2547 2552
f 2552 2547 2548
f 2552 2548 2086
f 2086 2548 2088
f 2111 2113 2553
f 2553 2113 2549
f 2553 2549 2554
f 2554 2549 2550
f 2554 2550 2555
f 2555 2550 2551
f 2555 2551 2556
f 2556 2551 2552
f 2556 2552 2084
f 2084 2552 2086
f 2109 2111 2557
f 2557 2111 2553
f 2557 2553 2558
f 2558 2553 2554
f 2558 2554 2559
f 2559 2554 2555
f 2559 2555 2560
f 2560 2555 2556
f 2560 2556 2082
f 2082 2556 2084
f 2109 2557 2266
f 2266 2557 2561
f 2266 2561 2264
f 2264 2561 2263
f 2561 2557 2558
f 2561 2558 2562
f 2562 2558 2559
f 2562 2559 2563
f 2563 2559 2560
f 2563 2560 2080
f 2080 2560 2082
f 2076 2263 2077
f 2077 2263 2562
f 2077 2562 2563
f 2562 2263 2561
f 582 2564 580
f 580 2564 563
f 580 563 562
f 563 2564 564
f 564 2564 2565
f 564 2565 565
f 565 2565 2566
f 565 2566 566
f 566 2566 2567
f 566 2567 567
f 567 2567 2568
f 567 2568 568
f 568 2568 2569
f 568 2569 569
f 569 2569 2570
f 569 2570 570
f 570 2570 2571
f 570 2571 571
f 571 2571 2572
f 571 2572 572
f 572 2572 2573
f 572 2573 573
f 573 2573 2574
f 573 2574 574
f 574 2574 2575
f 574 2575 575
f 575 2575 2576
f 575 2576 576
f 576 2576 2577
f 576 2577 577
f 577 2577 2578
f 577 2578 578
f 578 2578 2579
f 578 2579 579
f 579 2579 523
f 579 523 521
f 2564 582 2580
f 2580 582 584
f 2580 584 586
f 2078 2077 2563
f 2078 2563 2080
f 586 2581 2580
f 2580 2581 2565
f 2580 2565 2564
f 2565 2581 2566
f 2566 2581 2582
f 2566 2582 2567
f 2567 2582 2583
f 2567 2583 2568
f 2568 2583 2584
f 2568 2584 2569
f 2569 2584 2585
f 2569 2585 2570
f 2570 2585 2586
f 2570 2586 2571
f 2571 2586 2587
f 2571 2587 2572
f 2572 2587 2588
f 2572 2588 2573
f 2573 2588 2589
f 2573 2589 2574
f 2574 2589 2590
f 2574 2590 2575
f 2575 2590 2591
f 2575 2591 2576
f 2576 2591 2592
f 2576 2592 2577
f 2577 2592 2593
f 2577 2593 2578
f 2578 2593 2594
f 2578 2594 2579
f 2579 2594 525
f 2579 525 523
f 2582 2581 588
f 588 2581 586
f 494 496 2101
f 2101 496 2595
f 2101 2595 2099
f 2099 2595 2596
f 2099 2596 2097
f 2097 2596 2597
f 2097 2597 2095
f 2095 2597 2598
f 2095 2598 2093
f 2093 2598 2599
f 2093 2599 2091
f 2091 2599 2600
f 2091 2600 2089
f 2089 2600 2601
f 2089 2601 2087
f 2087 2601 2602
f 2087 2602 2085
f 2085 2602 2603
f 2085 2603 2083
f 2083 2603 2604
f 2083 2604 2081
f 2081 2604 2268
f 2583 2582 590
f 590 2582 588
f 496 498 2595
f 2595 498 2605
f 2595 2605 2596
f 2596 2605 2606
f 2596 2606 2597
f 2597 2606 2607
f 2597 2607 2598
f 2598 2607 2608
f 2598 2608 2599
f 2599 2608 2609
f 2599 2609 2600
f 2600 2609 2610
f 2600 2610 2601
f 2601 2610 2611
f 2601 2611 2602
f 2602 2611 2612
f 2602 2612 2603
f 2603 2612 2613
f 2603 2613 2604
f 2604 2613 2267
f 2604 2267 2268
f 2061 2267 2614
f 2614 2267 2613
f 2614 2613 2615
f 2615 2613 2612
f 2615 2612 2616
f 2616 2612 2611
f 2616 2611 2617
f 2617 2611 2610
f 2617 2610 2618
f 2618 2610 2609
f 2618 2609 2619
f 2619 2609 2608
f 2619 2608 2620
f 2620 2608 2607
f 2620 2607 2621
f 2621 2607 2606
f 2621 2606 2622
f 2622 2606 2605
f 2622 2605 500
f 500 2605 498
f 629 2623 627
f 627 2623 615
f 627 615 614
f 615 2623 616
f 616 2623 2624
f 616 2624 617
f 617 2624 2625
f 617 2625 618
f 618 2625 2626
f 618 2626 619
f 619 2626 2627
f 619 2627 620
f 620 2627 2628
f 620 2628 621
f 621 2628 2629
f 621 2629 622
f 622 2629 2630
f 622 2630 623
f 623 2630 2631
f 623 2631 624
f 624 2631 2632
f 624 2632 625
f 625 2632 2633
f 625 2633 626
f 626 2633 533
f 626 533 531
f 2623 629 2634
f 2634 629 631
f 2634 631 633
f 2583 590 592
f 2583 592 2584
f 2584 592 594
f 2584 594 2585
f 2585 594 596
f 2585 596 2586
f 2586 596 598
f 2586 598 2587
f 2587 598 600
f 2587 600 2588
f 2588 600 602
f 2588 602 2589
f 2589 602 604
f 2589 604 2590
f 2590 604 606
f 2590 606 2591
f 2591 606 608
f 2591 608 2592
f 2592 608 610
f 2592 610 2593
f 2593 610 612
f 2593 612 2594
f 2594 612 527
f 2594 527 525
f 500 502 2622
f 2622 502 2635
f 2622 2635 2621
f 2621 2635 2636
f 2621 2636 2620
f 2620 2636 2637
f 2620 2637 2619
f 2619 2637 2638
f 2619 2638 2618
f 2618 2638 2639
f 2618 2639 2617
f 2617 2639 2640
f 2617 2640 2616
f 2616 2640 2641
f 2616 2641 2615
f 2615 2641 2062
f 2615 2062 2614
f 2614 2062 2061
f 633 2642 2634
f 2634 2642 2624
f 2634 2624 2623
f 2624 2642 2625
f 2625 2642 2643
f 2625 2643 2626
f 2626 2643 2644
f 2626 2644 2627
f 2627 2644 2645
f 2627 2645 2628
f 2628 2645 2646
f 2628 2646 2629
f 2629 2646 2647
f 2629 2647 2630
f 2630 2647 2648
f 2630 2648 2631
f 2631 2648 2649
f 2631 2649 2632
f 2632 2649 2650
f 2632 2650 2633
f 2633 2650 535
f 2633 535 533
f 2643 2642 635
f 635 2642 633
f 2635 502 504
f 2636 2635 2075
f 2075 2635 504
f 2637 2636 2073
f 2073 2636 2075
f 2638 2637 2071
f 2071 2637 2073
f 2639 2638 2069
f 2069 2638 2071
f 2640 2639 2067
f 2067 2639 2069
f 2641 2640 2065
f 2065 2640 2067
f 2062 2641 2063
f 2063 2641 2065
f 2644 2643 637
f 637 2643 635
f 506 508 2074
f 2074 508 2651
f 2074 2651 2072
f 2072 2651 2652
f 2072 2652 2070
f 2070 2652 2653
f 2070 2653 2068
f 2068 2653 2654
f 2068 2654 2066
f 2066 2654 2270
f 661 2655 659
f 659 2655 652
f 659 652 651
f 652 2655 653
f 653 2655 2656
f 653 2656 654
f 654 2656 2657
f 654 2657 655
f 655 2657 2658
f 655 2658 656
f 656 2658 2659
f 656 2659 657
f 657 2659 2660
f 657 2660 658
f 658 2660 543
f 658 543 541
f 2655 661 2661
f 2661 661 663
f 2661 663 665
f 2644 637 639
f 2644 639 2645
f 2645 639 641
f 2645 641 2646
f 2646 641 643
f 2646 643 2647
f 2647 643 645
f 2647 645 2648
f 2648 645 647
f 2648 647 2649
f 2649 647 649
f 2649 649 2650
f 2650 649 537
f 2650 537 535
f 2651 508 510
f 2652 2651 2662
f 2662 2651 510
f 2662 510 512
f 2653 2652 2663
f 2663 2652 2662
f 2663 2662 2664
f 2664 2662 512
f 2664 512 514
f 2654 2653 2665
f 2665 2653 2663
f 2665 2663 2666
f 2666 2663 2664
f 2666 2664 2060
f 2060 2664 514
f 2270 2654 2269
f 2269 2654 2665
f 2269 2665 2057
f 2057 2665 2666
f 2057 2666 2058
f 2058 2666 2060
f 2056 2269 2057
f 665 2667 2661
f 2661 2667 2656
f 2661 2656 2655
f 2656 2667 2657
f 2657 2667 2668
f 2657 2668 2658
f 2658 2668 2669
f 2658 2669 2659
f 2659 2669 2670
f 2659 2670 2660
f 2660 2670 545
f 2660 545 543
f 2668 2667 667
f 667 2667 665
f 516 518 2059
f 2669 2668 669
f 669 2668 667
f 678 2671 676
f 676 2671 674
f 676 674 673
f 674 2671 675
f 675 2671 553
f 675 553 551
f 557 555 678
f 678 555 2671
f 555 553 2671
f 2669 669 671
f 2669 671 2670
f 2670 671 547
f 2670 547 545
f 682 681 2672
f 2672 681 680
f 2672 680 2673
f 2673 680 701
f 2673 701 703
f 683 682 2674
f 2674 682 2672
f 2674 2672 2675
f 2675 2672 2673
f 2675 2673 705
f 705 2673 703
f 684 683 2676
f 2676 683 2674
f 2676 2674 2677
f 2677 2674 2675
f 2677 2675 707
f 707 2675 705
f 685 684 2678
f 2678 684 2676
f 2678 2676 2679
f 2679 2676 2677
f 2679 2677 709
f 709 2677 707
f 686 685 2680
f 2680 685 2678
f 2680 2678 2681
f 2681 2678 2679
f 2681 2679 711
f 711 2679 709
f 687 686 2682
f 2682 686 2680
f 2682 2680 2683
f 2683 2680 2681
f 2683 2681 713
f 713 2681 711
f 688 687 2684
f 2684 687 2682
f 2684 2682 2685
f 2685 2682 2683
f 2685 2683 715
f 715 2683 713
f 689 688 2686
f 2686 688 2684
f 2686 2684 2687
f 2687 2684 2685
f 2687 2685 717
f 717 2685 715
f 690 689 2688
f 2688 689 2686
f 2688 2686 2689
f 2689 2686 2687
f 2689 2687 719
f 719 2687 717
f 691 690 2690
f 2690 690 2688
f 2690 2688 2691
f 2691 2688 2689
f 2691 2689 721
f 721 2689 719
f 692 691 2692
f 2692 691 2690
f 2692 2690 2693
f 2693 2690 2691
f 2693 2691 723
f 723 2691 721
f 693 692 2694
f 2694 692 2692
f 2694 2692 2695
f 2695 2692 2693
f 2695 2693 725
f 725 2693 723
f 694 693 2696
f 2696 693 2694
f 2696 2694 2697
f 2697 2694 2695
f 2697 2695 727
f 727 2695 725
f 695 694 2698
f 2698 694 2696
f 2698 2696 2699
f 2699 2696 2697
f 2699 2697 729
f 729 2697 727
f 696 695 2700
f 2700 695 2698
f 2700 2698 2701
f 2701 2698 2699
f 2701 2699 731
f 731 2699 729
f 697 696 2702
f 2702 696 2700
f 2702 2700 2703
f 2703 2700 2701
f 2703 2701 733
f 733 2701 731
f 700 699 2272
f 2272 699 698
f 2703 2704 2702
f 2702 2704 2273
f 2702 2273 697
f 2273 2704 2271
f 2271 2704 737
f 2271 737 739
f 733 735 2703
f 2703 735 2704
f 735 737 2704
f 704 785 706
f 706 785 2705
f 706 2705 708
f 708 2705 2706
f 708 2706 710
f 710 2706 2707
f 710 2707 712
f 712 2707 2708
f 712 2708 714
f 714 2708 2709
f 714 2709 716
f 716 2709 2710
f 716 2710 718
f 718 2710 2711
f 718 2711 720
f 720 2711 2712
f 720 2712 722
f 722 2712 2713
f 722 2713 724
f 724 2713 2714
f 724 2714 726
f 726 2714 2715
f 726 2715 728
f 728 2715 2716
f 728 2716 730
f 730 2716 2717
f 730 2717 732
f 732 2717 2718
f 732 2718 734
f 734 2718 2719
f 734 2719 736
f 736 2719 2720
f 736 2720 738
f 738 2720 741
f 738 741 740
f 785 775 2705
f 2705 775 773
f 2705 773 2706
f 2706 773 771
f 2706 771 2707
f 2707 771 769
f 2707 769 2708
f 2708 769 767
f 2708 767 2709
f 2709 767 765
f 2709 765 2710
f 2710 765 763
f 2710 763 2711
f 2711 763 761
f 2711 761 2712
f 2712 761 759
f 2712 759 2713
f 2713 759 757
f 2713 757 2714
f 2714 757 755
f 2714 755 2715
f 2715 755 753
f 2715 753 2716
f 2716 753 751
f 2716 751 2717
f 2717 751 749
f 2717 749 2718
f 2718 749 747
f 2718 747 2719
f 2719 747 745
f 2719 745 2720
f 2720 745 743
f 2720 743 741
f 742 2274 2022
f 2022 2274 2275
f 2022 2275 2721
f 2721 2275 2276
f 2721 2276 2722
f 2722 2276 2277
f 2722 2277 2723
f 2723 2277 2278
f 2723 2278 2724
f 2724 2278 2279
f 2724 2279 2725
f 2725 2279 2280
f 2725 2280 2726
f 2726 2280 2281
f 2726 2281 2727
f 2727 2281 2282
f 2727 2282 2728
f 2728 2282 2283
f 2728 2283 2729
f 2729 2283 2284
f 2729 2284 2730
f 2730 2284 2285
f 2730 2285 2731
f 2731 2285 2286
f 2731 2286 2732
f 2732 2286 2287
f 2732 2287 2733
f 2733 2287 2288
f 2733 2288 2734
f 2734 2288 2289
f 2734 2289 2735
f 2735 2289 2290
f 2735 2290 2736
f 2736 2290 2291
f 2736 2291 2737
f 2737 2291 787
f 2737 787 807
f 807 1972 2737
f 2737 1972 2055
f 2737 2055 2736
f 2736 2055 2053
f 2736 2053 2735
f 2735 2053 2051
f 2735 2051 2734
f 2734 2051 2049
f 2734 2049 2733
f 2733 2049 2047
f 2733 2047 2732
f 2732 2047 2045
f 2732 2045 2731
f 2731 2045 2043
f 2731 2043 2730
f 2730 2043 2041
f 2730 2041 2729
f 2729 2041 2039
f 2729 2039 2728
f 2728 2039 2037
f 2728 2037 2727
f 2727 2037 2035
f 2727 2035 2726
f 2726 2035 2033
f 2726 2033 2725
f 2725 2033 2031
f 2725 2031 2724
f 2724 2031 2029
f 2724 2029 2723
f 2723 2029 2027
f 2723 2027 2722
f 2722 2027 2025
f 2722 2025 2721
f 2721 2025 2023
f 2721 2023 2022
f 1971 1970 2054
f 2054 1970 2738
f 2054 2738 2052
f 2052 2738 2739
f 2052 2739 2050
f 2050 2739 2740
f 2050 2740 2048
f 2048 2740 2741
f 2048 2741 2046
f 2046 2741 2742
f 2046 2742 2044
f 2044 2742 2743
f 2044 2743 2042
f 2042 2743 2744
f 2042 2744 2040
f 2040 2744 2745
f 2040 2745 2038
f 2038 2745 2746
f 2038 2746 2036
f 2036 2746 2747
f 2036 2747 2034
f 2034 2747 2748
f 2034 2748 2032
f 2032 2748 2749
f 2032 2749 2030
f 2030 2749 2750
f 2030 2750 2028
f 2028 2750 2751
f 2028 2751 2026
f 2026 2751 2293
f 1970 1969 2738
f 2738 1969 2752
f 2738 2752 2739
f 2739 2752 2753
f 2739 2753 2740
f 2740 2753 2754
f 2740 2754 2741
f 2741 2754 2755
f 2741 2755 2742
f 2742 2755 2756
f 2742 2756 2743
f 2743 2756 2757
f 2743 2757 2744
f 2744 2757 2758
f 2744 2758 2745
f 2745 2758 2759
f 2745 2759 2746
f 2746 2759 2760
f 2746 2760 2747
f 2747 2760 2761
f 2747 2761 2748
f 2748 2761 2762
f 2748 2762 2749
f 2749 2762 2763
f 2749 2763 2750
f 2750 2763 2764
f 2750 2764 2751
f 2751 2764 2292
f 2751 2292 2293
f 1997 2292 1998
f 1998 2292 2764
f 1998 2764 2765
f 2765 2764 2763
f 2765 2763 2766
f 2766 2763 2762
f 2766 2762 2767
f 2767 2762 2761
f 2767 2761 2768
f 2768 2761 2760
f 2768 2760 2769
f 2769 2760 2759
f 2769 2759 2770
f 2770 2759 2758
f 2770 2758 2771
f 2771 2758 2757
f 2771 2757 2772
f 2772 2757 2756
f 2772 2756 2773
f 2773 2756 2755
f 2773 2755 2774
f 2774 2755 2754
f 2774 2754 2775
f 2775 2754 2753
f 2775 2753 2776
f 2776 2753 2752
f 2776 2752 1968
f 1968 2752 1969
f 914 933 915
f 915 933 2777
f 915 2777 916
f 916 2777 2778
f 916 2778 917
f 917 2778 2779
f 917 2779 918
f 918 2779 2780
f 918 2780 919
f 919 2780 2781
f 919 2781 920
f 920 2781 2782
f 920 2782 921
f 921 2782 2783
f 921 2783 922
f 922 2783 2784
f 922 2784 923
f 923 2784 2785
f 923 2785 924
f 924 2785 2786
f 924 2786 925
f 925 2786 2787
f 925 2787 926
f 926 2787 2788
f 926 2788 927
f 927 2788 2789
f 927 2789 928
f 928 2789 2790
f 928 2790 929
f 929 2790 2791
f 929 2791 930
f 930 2791 2792
f 930 2792 931
f 931 2792 2793
f 931 2793 932
f 932 2793 856
f 932 856 854
f 1968 1967 2776
f 2776 1967 2021
f 2776 2021 2775
f 2775 2021 2019
f 2775 2019 2774
f 2774 2019 2017
f 2774 2017 2773
f 2773 2017 2015
f 2773 2015 2772
f 2772 2015 2013
f 2772 2013 2771
f 2771 2013 2011
f 2771 2011 2770
f 2770 2011 2009
f 2770 2009 2769
f 2769 2009 2007
f 2769 2007 2768
f 2768 2007 2005
f 2768 2005 2767
f 2767 2005 2003
f 2767 2003 2766
f 2766 2003 2001
f 2766 2001 2765
f 2765 2001 1999
f 2765 1999 1998
f 933 935 2777
f 2777 935 2794
f 2777 2794 2778
f 2778 2794 2795
f 2778 2795 2779
f 2779 2795 2796
f 2779 2796 2780
f 2780 2796 2797
f 2780 2797 2781
f 2781 2797 2798
f 2781 2798 2782
f 2782 2798 2799
f 2782 2799 2783
f 2783 2799 2800
f 2783 2800 2784
f 2784 2800 2801
f 2784 2801 2785
f 2785 2801 2802
f 2785 2802 2786
f 2786 2802 2803
f 2786 2803 2787
f 2787 2803 2804
f 2787 2804 2788
f 2788 2804 2805
f 2788 2805 2789
f 2789 2805 2806
f 2789 2806 2790
f 2790 2806 2807
f 2790 2807 2791
f 2791 2807 2808
f 2791 2808 2792
f 2792 2808 2809
f 2792 2809 2793
f 2793 2809 858
f 2793 858 856
f 937 939 2794
f 2794 939 2795
f 2796 2795 941
f 941 2795 939
f 2020 1966 1965
f 2018 2020 2810
f 2810 2020 1965
f 2810 1965 1964
f 2016 2018 2811
f 2811 2018 2810
f 2811 2810 2812
f 2812 2810 1964
f 2812 1964 1963
f 2014 2016 2813
f 2813 2016 2811
f 2813 2811 2814
f 2814 2811 2812
f 2814 2812 2815
f 2815 2812 1963
f 2815 1963 1962
f 2012 2014 2816
f 2816 2014 2813
f 2816 2813 2817
f 2817 2813 2814
f 2817 2814 2818
f 2818 2814 2815
f 2818 2815 2819
f 2819 2815 1962
f 2819 1962 1961
f 2010 2012 2820
f 2820 2012 2816
f 2820 2816 2821
f 2821 2816 2817
f 2821 2817 2822
f 2822 2817 2818
f 2822 2818 2823
f 2823 2818 2819
f 2823 2819 1996
f 1996 2819 1961
f 2008 2010 2824
f 2824 2010 2820
f 2824 2820 2825
f 2825 2820 2821
f 2825 2821 2826
f 2826 2821 2822
f 2826 2822 2827
f 2827 2822 2823
f 2827 2823 1994
f 1994 2823 1996
f 2006 2008 2828
f 2828 2008 2824
f 2828 2824 2829
f 2829 2824 2825
f 2829 2825 2830
f 2830 2825 2826
f 2830 2826 2831
f 2831 2826 2827
f 2831 2827 1992
f 1992 2827 1994
f 2004 2006 2832
f 2832 2006 2828
f 2832 2828 2833
f 2833 2828 2829
f 2833 2829 2834
f 2834 2829 2830
f 2834 2830 2835
f 2835 2830 2831
f 2835 2831 1990
f 1990 2831 1992
f 2002 2004 2836
f 2836 2004 2832
f 2836 2832 2837
f 2837 2832 2833
f 2837 2833 2838
f 2838 2833 2834
f 2838 2834 2839
f 2839 2834 2835
f 2839 2835 1988
f 1988 2835 1990
f 2294 2295 2836
f 2836 2295 2002
f 2294 2836 2837
f 1980 2294 2840
f 2840 2294 2841
f 2840 2841 2842
f 2842 2841 2843
f 2842 2843 1984
f 1984 2843 1986
f 935 937 2794
f 2797 2796 943
f 943 2796 941
f 2841 2294 2837
f 2841 2837 2838
f 1980 2840 1981
f 1981 2840 2842
f 1981 2842 1982
f 1982 2842 1984
f 2797 943 945
f 2797 945 2798
f 2798 945 947
f 2798 947 2799
f 2799 947 949
f 2799 949 2800
f 2800 949 951
f 2800 951 2801
f 2801 951 953
f 2801 953 2802
f 2802 953 955
f 2802 955 2803
f 2803 955 957
f 2803 957 2804
f 2804 957 959
f 2804 959 2805
f 2805 959 961
f 2805 961 2806
f 2806 961 963
f 2806 963 2807
f 2807 963 965
f 2807 965 2808
f 2808 965 967
f 2808 967 2809
f 2809 967 860
f 2809 860 858
f 2841 2838 2843
f 2843 2838 2839
f 2843 2839 1986
f 1986 2839 1988
f 971 985 972
f 972 985 2844
f 972 2844 973
f 973 2844 2845
f 973 2845 974
f 974 2845 2846
f 974 2846 975
f 975 2846 2847
f 975 2847 976
f 976 2847 2848
f 976 2848 977
f 977 2848 2849
f 977 2849 978
f 978 2849 2850
f 978 2850 979
f 979 2850 2851
f 979 2851 980
f 980 2851 2852
f 980 2852 981
f 981 2852 2853
f 981 2853 982
f 982 2853 866
f 982 866 864
f 985 987 2844
f 2844 987 989
f 2844 989 2845
f 2845 989 991
f 2845 991 2846
f 2846 991 993
f 2846 993 2847
f 2847 993 995
f 2847 995 2848
f 2848 995 997
f 2848 997 2849
f 2849 997 999
f 2849 999 2850
f 2850 999 1001
f 2850 1001 2851
f 2851 1001 1003
f 2851 1003 2852
f 2852 1003 1005
f 2852 1005 2853
f 2853 1005 868
f 2853 868 866
f 1960 1959 1995
f 1995 1959 2854
f 1995 2854 1993
f 1993 2854 2855
f 1993 2855 1991
f 1991 2855 2856
f 1991 2856 1989
f 1989 2856 2857
f 1989 2857 1987
f 1987 2857 2858
f 1987 2858 1985
f 1985 2858 2297
f 2854 1959 1958
f 2855 2854 2859
f 2859 2854 1958
f 2859 1958 1957
f 2856 2855 2860
f 2860 2855 2859
f 2860 2859 2861
f 2861 2859 1957
f 2861 1957 1956
f 2857 2856 2862
f 2862 2856 2860
f 2862 2860 2863
f 2863 2860 2861
f 2863 2861 1979
f 1979 2861 1956
f 2858 2857 2864
f 2864 2857 2862
f 2864 2862 2865
f 2865 2862 2863
f 2865 2863 1977
f 1977 2863 1979
f 2297 2858 2296
f 2296 2858 2864
f 2296 2864 1974
f 1974 2864 2865
f 1974 2865 1975
f 1975 2865 1977
f 1973 2296 1974
f 1025 2866 1023
f 1023 2866 1017
f 1023 1017 1016
f 1017 2866 1018
f 1018 2866 2867
f 1018 2867 1019
f 1019 2867 2868
f 1019 2868 1020
f 1020 2868 2869
f 1020 2869 1021
f 1021 2869 2870
f 1021 2870 1022
f 1022 2870 876
f 1022 876 874
f 2866 1025 2871
f 2871 1025 1027
f 2871 1027 1029
f 2298 1978 1954
f 1954 1978 1955
f 2866 2871 2867
f 2867 2871 2872
f 2867 2872 2868
f 2868 2872 2873
f 2868 2873 2869
f 2869 2873 2874
f 2869 2874 2870
f 2870 2874 878
f 2870 878 876
f 2872 2871 1029
f 1953 2298 1954
f 2872 1029 1031
f 2872 1031 2873
f 2873 1031 1033
f 2873 1033 2874
f 2874 1033 880
f 2874 880 878
f 888 886 1038
f 1042 1041 2875
f 2875 1041 1040
f 2875 1040 1951
f 1951 1040 1060
f 1043 1042 2876
f 2876 1042 2875
f 2876 2875 1949
f 1949 2875 1951
f 1044 1043 2877
f 2877 1043 2876
f 2877 2876 1947
f 1947 2876 1949
f 1045 1044 2878
f 2878 1044 2877
f 2878 2877 1945
f 1945 2877 1947
f 1046 1045 2879
f 2879 1045 2878
f 2879 2878 1943
f 1943 2878 1945
f 1047 1046 2880
f 2880 1046 2879
f 2880 2879 1941
f 1941 2879 1943
f 1048 1047 2881
f 2881 1047 2880
f 2881 2880 1939
f 1939 2880 1941
f 1049 1048 2882
f 2882 1048 2881
f 2882 2881 1937
f 1937 2881 1939
f 1050 1049 2883
f 2883 1049 2882
f 2883 2882 1935
f 1935 2882 1937
f 1051 1050 2884
f 2884 1050 2883
f 2884 2883 1933
f 1933 2883 1935
f 1052 1051 2885
f 2885 1051 2884
f 2885 2884 1931
f 1931 2884 1933
f 1053 1052 2886
f 2886 1052 2885
f 2886 2885 1929
f 1929 2885 1931
f 1054 1053 2887
f 2887 1053 2886
f 2887 2886 1927
f 1927 2886 1929
f 1055 1054 2888
f 2888 1054 2887
f 2888 2887 1925
f 1925 2887 1927
f 1056 1055 2889
f 2889 1055 2888
f 2889 2888 1923
f 1923 2888 1925
f 1057 1056 2890
f 2890 1056 2889
f 2890 2889 1921
f 1921 2889 1923
f 1916 1059 1058
f 1058 1057 2891
f 2891 1057 2890
f 2891 2890 1919
f 1919 2890 1921
f 1919 1917 2891
f 2891 1917 1916
f 2891 1916 1058
f 1864 1863 1950
f 1950 1863 2892
f 1950 2892 1948
f 1948 2892 2893
f 1948 2893 1946
f 1946 2893 2894
f 1946 2894 1944
f 1944 2894 2895
f 1944 2895 1942
f 1942 2895 2896
f 1942 2896 1940
f 1940 2896 2897
f 1940 2897 1938
f 1938 2897 2898
f 1938 2898 1936
f 1936 2898 2899
f 1936 2899 1934
f 1934 2899 2900
f 1934 2900 1932
f 1932 2900 2901
f 1932 2901 1930
f 1930 2901 2902
f 1930 2902 1928
f 1928 2902 2903
f 1928 2903 1926
f 1926 2903 2904
f 1926 2904 1924
f 1924 2904 2905
f 1924 2905 1922
f 1922 2905 2906
f 1922 2906 1920
f 1920 2906 2300
f 2892 1863 1862
f 2893 2892 2907
f 2907 2892 1862
f 2907 1862 1861
f 2894 2893 2908
f 2908 2893 2907
f 2908 2907 2909
f 2909 2907 1861
f 2909 1861 1860
f 2895 2894 2910
f 2910 2894 2908
f 2910 2908 2911
f 2911 2908 2909
f 2911 2909 1915
f 1915 2909 1860
f 2896 2895 2912
f 2912 2895 2910
f 2912 2910 2913
f 2913 2910 2911
f 2913 2911 1913
f 1913 2911 1915
f 2897 2896 2914
f 2914 2896 2912
f 2914 2912 2915
f 2915 2912 2913
f 2915 2913 1911
f 1911 2913 1913
f 2898 2897 2916
f 2916 2897 2914
f 2916 2914 2917
f 2917 2914 2915
f 2917 2915 1909
f 1909 2915 1911
f 2899 2898 2918
f 2918 2898 2916
f 2918 2916 2919
f 2919 2916 2917
f 2919 2917 1907
f 1907 2917 1909
f 2900 2899 2920
f 2920 2899 2918
f 2920 2918 2921
f 2921 2918 2919
f 2921 2919 1905
f 1905 2919 1907
f 2901 2900 2922
f 2922 2900 2920
f 2922 2920 2923
f 2923 2920 2921
f 2923 2921 1903
f 1903 2921 1905
f 2902 2901 2924
f 2924 2901 2922
f 2924 2922 2925
f 2925 2922 2923
f 2925 2923 1901
f 1901 2923 1903
f 2903 2902 2926
f 2926 2902 2924
f 2926 2924 2927
f 2927 2924 2925
f 2927 2925 1899
f 1899 2925 1901
f 2904 2903 2928
f 2928 2903 2926
f 2928 2926 2929
f 2929 2926 2927
f 2929 2927 1897
f 1897 2927 1899
f 2905 2904 2930
f 2930 2904 2928
f 2930 2928 2931
f 2931 2928 2929
f 2931 2929 1895
f 1895 2929 1897
f 2906 2905 2932
f 2932 2905 2930
f 2932 2930 2933
f 2933 2930 2931
f 2933 2931 1893
f 1893 2931 1895
f 2300 2906 2299
f 2299 2906 2932
f 2299 2932 1890
f 1890 2932 2933
f 1890 2933 1891
f 1891 2933 1893
f 1889 2299 1890
f 1303 2934 1301
f 1301 2934 1285
f 1301 1285 1284
f 1285 2934 1286
f 1286 2934 2935
f 1286 2935 1287
f 1287 2935 2936
f 1287 2936 1288
f 1288 2936 2937
f 1288 2937 1289
f 1289 2937 2938
f 1289 2938 1290
f 1290 2938 2939
f 1290 2939 1291
f 1291 2939 2940
f 1291 2940 1292
f 1292 2940 2941
f 1292 2941 1293
f 1293 2941 2942
f 1293 2942 1294
f 1294 2942 2943
f 1294 2943 1295
f 1295 2943 2944
f 1295 2944 1296
f 1296 2944 2945
f 1296 2945 1297
f 1297 2945 2946
f 1297 2946 1298
f 1298 2946 2947
f 1298 2947 1299
f 1299 2947 2948
f 1299 2948 1300
f 1300 2948 1105
f 1300 1105 1103
f 2934 1303 2949
f 2949 1303 1305
f 2949 1305 1307
f 1859 1858 1914
f 1914 1858 2950
f 1914 2950 1912
f 1912 2950 2951
f 1912 2951 1910
f 1910 2951 2952
f 1910 2952 1908
f 1908 2952 2953
f 1908 2953 1906
f 1906 2953 2954
f 1906 2954 1904
f 1904 2954 2955
f 1904 2955 1902
f 1902 2955 2956
f 1902 2956 1900
f 1900 2956 2957
f 1900 2957 1898
f 1898 2957 2958
f 1898 2958 1896
f 1896 2958 2959
f 1896 2959 1894
f 1894 2959 2302
f 2934 2949 2935
f 2935 2949 2960
f 2935 2960 2936
f 2936 2960 2961
f 2936 2961 2937
f 2937 2961 2962
f 2937 2962 2938
f 2938 2962 2963
f 2938 2963 2939
f 2939 2963 2964
f 2939 2964 2940
f 2940 2964 2965
f 2940 2965 2941
f 2941 2965 2966
f 2941 2966 2942
f 2942 2966 2967
f 2942 2967 2943
f 2943 2967 2968
f 2943 2968 2944
f 2944 2968 2969
f 2944 2969 2945
f 2945 2969 2970
f 2945 2970 2946
f 2946 2970 2971
f 2946 2971 2947
f 2947 2971 2972
f 2947 2972 2948
f 2948 2972 1107
f 2948 1107 1105
f 2960 2949 1307
f 1858 1857 2950
f 2950 1857 2973
f 2950 2973 2951
f 2951 2973 2974
f 2951 2974 2952
f 2952 2974 2975
f 2952 2975 2953
f 2953 2975 2976
f 2953 2976 2954
f 2954 2976 2977
f 2954 2977 2955
f 2955 2977 2978
f 2955 2978 2956
f 2956 2978 2979
f 2956 2979 2957
f 2957 2979 2980
f 2957 2980 2958
f 2958 2980 2981
f 2958 2981 2959
f 2959 2981 2301
f 2959 2301 2302
f 1872 2301 1873
f 1873 2301 2981
f 1873 2981 2982
f 2982 2981 2980
f 2982 2980 2983
f 2983 2980 2979
f 2983 2979 2984
f 2984 2979 2978
f 2984 2978 2985
f 2985 2978 2977
f 2985 2977 2986
f 2986 2977 2976
f 2986 2976 2987
f 2987 2976 2975
f 2987 2975 2988
f 2988 2975 2974
f 2988 2974 2989
f 2989 2974 2973
f 2989 2973 1856
f 1856 2973 1857
f 2960 1307 1309
f 2960 1309 2961
f 2961 1309 1311
f 2961 1311 2962
f 2962 1311 1313
f 2962 1313 2963
f 2963 1313 1315
f 2963 1315 2964
f 2964 1315 1317
f 2964 1317 2965
f 2965 1317 1319
f 2965 1319 2966
f 2966 1319 1321
f 2966 1321 2967
f 2967 1321 1323
f 2967 1323 2968
f 2968 1323 1325
f 2968 1325 2969
f 2969 1325 1327
f 2969 1327 2970
f 2970 1327 1329
f 2970 1329 2971
f 2971 1329 1331
f 2971 1331 2972
f 2972 1331 1109
f 2972 1109 1107
f 1856 1855 2989
f 2989 1855 1888
f 2989 1888 2988
f 2988 1888 1886
f 2988 1886 2987
f 2987 1886 1884
f 2987 1884 2986
f 2986 1884 1882
f 2986 1882 2985
f 2985 1882 1880
f 2985 1880 2984
f 2984 1880 1878
f 2984 1878 2983
f 2983 1878 1876
f 2983 1876 2982
f 2982 1876 1874
f 2982 1874 1873
f 1359 2990 1357
f 1357 2990 1347
f 1357 1347 1346
f 1347 2990 1348
f 1348 2990 2991
f 1348 2991 1349
f 1349 2991 2992
f 1349 2992 1350
f 1350 2992 2993
f 1350 2993 1351
f 1351 2993 2994
f 1351 2994 1352
f 1352 2994 2995
f 1352 2995 1353
f 1353 2995 2996
f 1353 2996 1354
f 1354 2996 2997
f 1354 2997 1355
f 1355 2997 2998
f 1355 2998 1356
f 1356 2998 1117
f 1356 1117 1115
f 2990 1359 2999
f 2999 1359 1361
f 2999 1361 1363
f 1887 1854 1853
f 1885 1887 3000
f 3000 1887 1853
f 3000 1853 1852
f 1883 1885 3001
f 3001 1885 3000
f 3001 3000 3002
f 3002 3000 1852
f 3002 1852 1851
f 1881 1883 3003
f 3003 1883 3001
f 3003 3001 3004
f 3004 3001 3002
f 3004 3002 3005
f 3005 3002 1851
f 3005 1851 1850
f 1879 1881 3006
f 3006 1881 3003
f 3006 3003 3007
f 3007 3003 3004
f 3007 3004 3008
f 3008 3004 3005
f 3008 3005 1871
f 1871 3005 1850
f 1877 1879 3009
f 3009 1879 3006
f 3009 3006 3010
f 3010 3006 3007
f 3010 3007 3011
f 3011 3007 3008
f 3011 3008 1869
f 1869 3008 1871
f 2303 2304 3009
f 3009 2304 1877
f 2303 3009 3010
f 1865 2303 1866
f 1866 2303 3010
f 1866 3010 3011
f 2990 2999 2991
f 2991 2999 3012
f 2991 3012 2992
f 2992 3012 3013
f 2992 3013 2993
f 2993 3013 3014
f 2993 3014 2994
f 2994 3014 3015
f 2994 3015 2995
f 2995 3015 3016
f 2995 3016 2996
f 2996 3016 3017
f 2996 3017 2997
f 2997 3017 3018
f 2997 3018 2998
f 2998 3018 1119
f 2998 1119 1117
f 3012 2999 1363
f 3012 1363 1365
f 3012 1365 3013
f 3013 1365 1367
f 3013 1367 3014
f 3014 1367 1369
f 3014 1369 3015
f 3015 1369 1371
f 3015 1371 3016
f 3016 1371 1373
f 3016 1373 3017
f 3017 1373 1375
f 3017 1375 3018
f 3018 1375 1121
f 3018 1121 1119
f 1866 3011 1867
f 1867 3011 1869
f 2305 1870 1848
f 1848 1870 1849
f 1391 3019 1389
f 1389 3019 1385
f 1389 1385 1384
f 1385 3019 1386
f 1386 3019 3020
f 1386 3020 1387
f 1387 3020 3021
f 1387 3021 1388
f 1388 3021 1129
f 1388 1129 1127
f 3019 1391 3022
f 3022 1391 1393
f 3022 1393 1395
f 2305 1848 1847
f 3019 3022 3020
f 3020 3022 3023
f 3020 3023 3021
f 3021 3023 1131
f 3021 1131 1129
f 3023 3022 1395
f 3023 1395 1133
f 1133 1131 3023
f 1100 2306 1809
f 1809 2306 2307
f 1809 2307 3024
f 3024 2307 2308
f 3024 2308 3025
f 3025 2308 2309
f 3025 2309 3026
f 3026 2309 2310
f 3026 2310 3027
f 3027 2310 2311
f 3027 2311 3028
f 3028 2311 2312
f 3028 2312 3029
f 3029 2312 2313
f 3029 2313 3030
f 3030 2313 2314
f 3030 2314 3031
f 3031 2314 2315
f 3031 2315 3032
f 3032 2315 2316
f 3032 2316 3033
f 3033 2316 2317
f 3033 2317 3034
f 3034 2317 2318
f 3034 2318 3035
f 3035 2318 2319
f 3035 2319 3036
f 3036 2319 2320
f 3036 2320 3037
f 3037 2320 2321
f 3037 2321 3038
f 3038 2321 2322
f 3038 2322 3039
f 3039 2322 2323
f 3039 2323 3040
f 3040 2323 1140
f 3040 1140 1142
f 1144 1844 1142
f 1142 1844 3040
f 1844 1842 3040
f 3040 1842 3039
f 1842 1840 3039
f 3039 1840 3038
f 1840 1838 3038
f 3038 1838 3037
f 1838 1836 3037
f 3037 1836 3036
f 1836 1834 3036
f 3036 1834 3035
f 1834 1832 3035
f 3035 1832 3034
f 1832 1830 3034
f 3034 1830 3033
f 1830 1828 3033
f 3033 1828 3032
f 1828 1826 3032
f 3032 1826 3031
f 1826 1824 3031
f 3031 1824 3030
f 1824 1822 3030
f 3030 1822 3029
f 1822 1820 3029
f 3029 1820 3028
f 1820 1818 3028
f 3028 1818 3027
f 1818 1816 3027
f 3027 1816 3026
f 1816 1814 3026
f 3026 1814 3025
f 1810 1809 3024
f 1814 1812 3025
f 3025 1812 3024
f 1813 2326 1811
f 1811 2326 1782
f 1812 1810 3024
f 1845 1146 1148
f 1843 1845 3041
f 3041 1845 1148
f 3041 1148 1150
f 1841 1843 3042
f 3042 1843 3041
f 3042 3041 3043
f 3043 3041 1150
f 3043 1150 1152
f 1839 1841 3044
f 3044 1841 3042
f 3044 3042 3045
f 3045 3042 3043
f 3045 3043 3046
f 3046 3043 1152
f 3046 1152 1154
f 1837 1839 3047
f 3047 1839 3044
f 3047 3044 3048
f 3048 3044 3045
f 3048 3045 3049
f 3049 3045 3046
f 3049 3046 3050
f 3050 3046 1154
f 3050 1154 1156
f 1835 1837 3051
f 3051 1837 3047
f 3051 3047 3052
f 3052 3047 3048
f 3052 3048 3053
f 3053 3048 3049
f 3053 3049 3054
f 3054 3049 3050
f 3054 3050 1808
f 1808 3050 1156
f 1833 1835 3055
f 3055 1835 3051
f 3055 3051 3056
f 3056 3051 3052
f 3056 3052 3057
f 3057 3052 3053
f 3057 3053 3058
f 3058 3053 3054
f 3058 3054 1806
f 1806 3054 1808
f 1831 1833 3059
f 3059 1833 3055
f 3059 3055 3060
f 3060 3055 3056
f 3060 3056 3061
f 3061 3056 3057
f 3061 3057 3062
f 3062 3057 3058
f 3062 3058 1804
f 1804 3058 1806
f 1829 1831 3063
f 3063 1831 3059
f 3063 3059 3064
f 3064 3059 3060
f 3064 3060 3065
f 3065 3060 3061
f 3065 3061 3066
f 3066 3061 3062
f 3066 3062 1802
f 1802 3062 1804
f 1827 1829 3067
f 3067 1829 3063
f 3067 3063 3068
f 3068 3063 3064
f 3068 3064 3069
f 3069 3064 3065
f 3069 3065 3070
f 3070 3065 3066
f 3070 3066 1800
f 1800 3066 1802
f 1825 1827 3071
f 3071 1827 3067
f 3071 3067 3072
f 3072 3067 3068
f 3072 3068 3073
f 3073 3068 3069
f 3073 3069 3074
f 3074 3069 3070
f 3074 3070 1798
f 1798 3070 1800
f 1823 1825 3075
f 3075 1825 3071
f 3075 3071 3076
f 3076 3071 3072
f 3076 3072 3077
f 3077 3072 3073
f 3077 3073 3078
f 3078 3073 3074
f 3078 3074 1796
f 1796 3074 1798
f 1821 1823 3079
f 3079 1823 3075
f 3079 3075 3080
f 3080 3075 3076
f 3080 3076 3081
f 3081 3076 3077
f 3081 3077 3082
f 3082 3077 3078
f 3082 3078 1794
f 1794 3078 1796
f 1819 1821 3083
f 3083 1821 3079
f 3083 3079 3084
f 3084 3079 3080
f 3084 3080 3085
f 3085 3080 3081
f 3085 3081 3086
f 3086 3081 3082
f 3086 3082 1792
f 1792 3082 1794
f 1817 1819 3087
f 3087 1819 3083
f 3087 3083 3088
f 3088 3083 3084
f 3088 3084 3089
f 3089 3084 3085
f 3089 3085 3090
f 3090 3085 3086
f 3090 3086 1790
f 1790 3086 1792
f 1815 1817 3091
f 3091 1817 3087
f 3091 3087 3092
f 3092 3087 3088
f 3092 3088 3093
f 3093 3088 3089
f 3093 3089 3094
f 3094 3089 3090
f 3094 3090 1788
f 1788 3090 1790
f 1815 3091 2327
f 2327 3091 3095
f 2327 3095 2325
f 2325 3095 2324
f 3095 3091 3092
f 3095 3092 3096
f 3096 3092 3093
f 3096 3093 3097
f 3097 3093 3094
f 3097 3094 1786
f 1786 3094 1788
f 1782 2324 1783
f 1783 2324 3096
f 1783 3096 3097
f 3096 2324 3095
f 1417 1434 1418
f 1418 1434 3098
f 1418 3098 1419
f 1419 3098 3099
f 1419 3099 1420
f 1420 3099 3100
f 1420 3100 1421
f 1421 3100 3101
f 1421 3101 1422
f 1422 3101 3102
f 1422 3102 1423
f 1423 3102 3103
f 1423 3103 1424
f 1424 3103 3104
f 1424 3104 1425
f 1425 3104 3105
f 1425 3105 1426
f 1426 3105 3106
f 1426 3106 1427
f 1427 3106 3107
f 1427 3107 1428
f 1428 3107 3108
f 1428 3108 1429
f 1429 3108 3109
f 1429 3109 1430
f 1430 3109 3110
f 1430 3110 1431
f 1431 3110 3111
f 1431 3111 1432
f 1432 3111 3112
f 1432 3112 1433
f 1433 3112 1190
f 1433 1190 1188
f 1784 1783 3097
f 1784 3097 1786
f 1434 1436 3098
f 3098 1436 3113
f 3098 3113 3099
f 3099 3113 3114
f 3099 3114 3100
f 3100 3114 3115
f 3100 3115 3101
f 3101 3115 3116
f 3101 3116 3102
f 3102 3116 3117
f 3102 3117 3103
f 3103 3117 3118
f 3103 3118 3104
f 3104 3118 3119
f 3104 3119 3105
f 3105 3119 3120
f 3105 3120 3106
f 3106 3120 3121
f 3106 3121 3107
f 3107 3121 3122
f 3107 3122 3108
f 3108 3122 3123
f 3108 3123 3109
f 3109 3123 3124
f 3109 3124 3110
f 3110 3124 3125
f 3110 3125 3111
f 3111 3125 3126
f 3111 3126 3112
f 3112 3126 1192
f 3112 1192 1190
f 1438 1440 3113
f 3113 1440 3114
f 3115 3114 1442
f 1442 3114 1440
f 1807 1158 1160
f 1805 1807 3127
f 3127 1807 1160
f 3127 1160 1162
f 1803 1805 3128
f 3128 1805 3127
f 3128 3127 3129
f 3129 3127 1162
f 3129 1162 1164
f 1801 1803 3130
f 3130 1803 3128
f 3130 3128 3131
f 3131 3128 3129
f 3131 3129 3132
f 3132 3129 1164
f 3132 1164 1166
f 1799 1801 3133
f 3133 1801 3130
f 3133 3130 3134
f 3134 3130 3131
f 3134 3131 3135
f 3135 3131 3132
f 3135 3132 1781
f 1781 3132 1166
f 1797 1799 3136
f 3136 1799 3133
f 3136 3133 3137
f 3137 3133 3134
f 3137 3134 3138
f 3138 3134 3135
f 3138 3135 1779
f 1779 3135 1781
f 1795 1797 3139
f 3139 1797 3136
f 3139 3136 3140
f 3140 3136 3137
f 3140 3137 3141
f 3141 3137 3138
f 3141 3138 1777
f 1777 3138 1779
f 1793 1795 3142
f 3142 1795 3139
f 3142 3139 3143
f 3143 3139 3140
f 3143 3140 3144
f 3144 3140 3141
f 3144 3141 1775
f 1775 3141 1777
f 1791 1793 3145
f 3145 1793 3142
f 3145 3142 3146
f 3146 3142 3143
f 3146 3143 3147
f 3147 3143 3144
f 3147 3144 1773
f 1773 3144 1775
f 1789 1791 3148
f 3148 1791 3145
f 3148 3145 3149
f 3149 3145 3146
f 3149 3146 3150
f 3150 3146 3147
f 3150 3147 1771
f 1771 3147 1773
f 1787 1789 3151
f 3151 1789 3148
f 3151 3148 3152
f 3152 3148 3149
f 3152 3149 3153
f 3153 3149 3150
f 3153 3150 1769
f 1769 3150 1771
f 2328 2329 3151
f 3151 2329 1787
f 2328 3151 3152
f 1765 2328 1766
f 1766 2328 3152
f 1766 3152 3153
f 1436 1438 3113
f 3116 3115 1444
f 1444 3115 1442
f 1479 1490 1480
f 1480 1490 3154
f 1480 3154 1481
f 1481 3154 3155
f 1481 3155 1482
f 1482 3155 3156
f 1482 3156 1483
f 1483 3156 3157
f 1483 3157 1484
f 1484 3157 3158
f 1484 3158 1485
f 1485 3158 3159
f 1485 3159 1486
f 1486 3159 3160
f 1486 3160 1487
f 1487 3160 3161
f 1487 3161 1488
f 1488 3161 3162
f 1488 3162 1489
f 1489 3162 1202
f 1489 1202 1200
f 3116 1444 1446
f 3116 1446 3117
f 3117 1446 1448
f 3117 1448 3118
f 3118 1448 1450
f 3118 1450 3119
f 3119 1450 1452
f 3119 1452 3120
f 3120 1452 1454
f 3120 1454 3121
f 3121 1454 1456
f 3121 1456 3122
f 3122 1456 1458
f 3122 1458 3123
f 3123 1458 1460
f 3123 1460 3124
f 3124 1460 1462
f 3124 1462 3125
f 3125 1462 1464
f 3125 1464 3126
f 3126 1464 1194
f 3126 1194 1192
f 1766 3153 1767
f 1767 3153 1769
f 1490 1492 3154
f 3154 1492 3163
f 3154 3163 3155
f 3155 3163 3164
f 3155 3164 3156
f 3156 3164 3165
f 3156 3165 3157
f 3157 3165 3166
f 3157 3166 3158
f 3158 3166 3167
f 3158 3167 3159
f 3159 3167 3168
f 3159 3168 3160
f 3160 3168 3169
f 3160 3169 3161
f 3161 3169 3170
f 3161 3170 3162
f 3162 3170 1204
f 3162 1204 1202
f 1168 1170 1780
f 1780 1170 3171
f 1780 3171 1778
f 1778 3171 3172
f 1778 3172 1776
f 1776 3172 3173
f 1776 3173 1774
f 1774 3173 3174
f 1774 3174 1772
f 1772 3174 3175
f 1772 3175 1770
f 1770 3175 2331
f 1494 1496 3163
f 3163 1496 3164
f 3165 3164 1498
f 1498 3164 1496
f 3171 1170 1172
f 3172 3171 3176
f 3176 3171 1172
f 3176 1172 1174
f 3173 3172 3177
f 3177 3172 3176
f 3177 3176 3178
f 3178 3176 1174
f 3178 1174 1176
f 3174 3173 3179
f 3179 3173 3177
f 3179 3177 3180
f 3180 3177 3178
f 3180 3178 1764
f 1764 3178 1176
f 3175 3174 3181
f 3181 3174 3179
f 3181 3179 3182
f 3182 3179 3180
f 3182 3180 1762
f 1762 3180 1764
f 2331 3175 2330
f 2330 3175 3181
f 2330 3181 1759
f 1759 3181 3182
f 1759 3182 1760
f 1760 3182 1762
f 1758 2330 1759
f 1492 1494 3163
f 3166 3165 1500
f 1500 3165 1498
f 1517 1522 1518
f 1518 1522 3183
f 1518 3183 1519
f 1519 3183 3184
f 1519 3184 1520
f 1520 3184 3185
f 1520 3185 1521
f 1521 3185 1214
f 1521 1214 1212
f 3166 1500 1502
f 3166 1502 3167
f 3167 1502 1504
f 3167 1504 3168
f 3168 1504 1506
f 3168 1506 3169
f 3169 1506 1508
f 3169 1508 3170
f 3170 1508 1206
f 3170 1206 1204
f 2332 1763 1180
f 1180 1763 1178
f 1522 1524 3183
f 3183 1524 3186
f 3183 3186 3184
f 3184 3186 3187
f 3184 3187 3185
f 3185 3187 1216
f 3185 1216 1214
f 1182 2332 1180
f 1526 1528 3186
f 3186 1528 3187
f 1216 3187 1218
f 1218 3187 1528
f 1524 1526 3186
f 1221 1223 3188
f 3188 1223 1225
f 3188 1225 1678
f 1221 3188 1713
f 1713 3188 3189
f 1713 3189 1711
f 1711 3189 3190
f 1711 3190 1709
f 1709 3190 3191
f 1709 3191 1707
f 1707 3191 3192
f 1707 3192 1705
f 1705 3192 3193
f 1705 3193 1703
f 1703 3193 3194
f 1703 3194 1701
f 1701 3194 3195
f 1701 3195 1699
f 1699 3195 3196
f 1699 3196 1697
f 1697 3196 3197
f 1697 3197 1695
f 1695 3197 3198
f 1695 3198 1693
f 1693 3198 3199
f 1693 3199 1691
f 1691 3199 3200
f 1691 3200 1689
f 1689 3200 3201
f 1689 3201 1687
f 1687 3201 3202
f 1687 3202 1685
f 1685 3202 3203
f 1685 3203 1683
f 1683 3203 3204
f 1683 3204 1681
f 1681 3204 1679
f 3189 3188 1678
f 1217 1219 1712
f 1215 1217 3205
f 3205 1217 1712
f 3205 1712 1710
f 1213 1215 3206
f 3206 1215 3205
f 3206 3205 3207
f 3207 3205 1710
f 3207 1710 1708
f 1211 1213 3208
f 3208 1213 3206
f 3208 3206 3209
f 3209 3206 3207
f 3209 3207 3210
f 3210 3207 1708
f 3210 1708 1706
f 1209 1211 3211
f 3211 1211 3208
f 3211 3208 3212
f 3212 3208 3209
f 3212 3209 3213
f 3213 3209 3210
f 3213 3210 1757
f 1757 3210 1706
f 1207 1209 3214
f 3214 1209 3211
f 3214 3211 3215
f 3215 3211 3212
f 3215 3212 3216
f 3216 3212 3213
f 3216 3213 1755
f 1755 3213 1757
f 1205 1207 3217
f 3217 1207 3214
f 3217 3214 3218
f 3218 3214 3215
f 3218 3215 3219
f 3219 3215 3216
f 3219 3216 1753
f 1753 3216 1755
f 1203 1205 3220
f 3220 1205 3217
f 3220 3217 3221
f 3221 3217 3218
f 3221 3218 3222
f 3222 3218 3219
f 3222 3219 1751
f 1751 3219 1753
f 1201 1203 3223
f 3223 1203 3220
f 3223 3220 3224
f 3224 3220 3221
f 3224 3221 3225
f 3225 3221 3222
f 3225 3222 1749
f 1749 3222 1751
f 1199 1201 3226
f 3226 1201 3223
f 3226 3223 3227
f 3227 3223 3224
f 3227 3224 3228
f 3228 3224 3225
f 3228 3225 1747
f 1747 3225 1749
f 1197 1199 3229
f 3229 1199 3226
f 3229 3226 3230
f 3230 3226 3227
f 3230 3227 3231
f 3231 3227 3228
f 3231 3228 1745
f 1745 3228 1747
f 1195 1197 3232
f 3232 1197 3229
f 3232 3229 3233
f 3233 3229 3230
f 3233 3230 3234
f 3234 3230 3231
f 3234 3231 1743
f 1743 3231 1745
f 1193 1195 3235
f 3235 1195 3232
f 3235 3232 3236
f 3236 3232 3233
f 3236 3233 3237
f 3237 3233 3234
f 3237 3234 1741
f 1741 3234 1743
f 1191 1193 3238
f 3238 1193 3235
f 3238 3235 3239
f 3239 3235 3236
f 3239 3236 3240
f 3240 3236 3237
f 3240 3237 1739
f 1739 3237 1741
f 1189 1191 3241
f 3241 1191 3238
f 3241 3238 3242
f 3242 3238 3239
f 3242 3239 3243
f 3243 3239 3240
f 3243 3240 1737
f 1737 3240 1739
f 2333 2334 3241
f 3241 2334 1189
f 2333 3241 3242
f 1185 2333 1734
f 1734 2333 3242
f 1734 3242 3243
f 3190 3189 1676
f 1676 3189 1678
f 1677 1229 1231
f 1677 1231 1675
f 1675 1231 1233
f 1675 1233 1673
f 1673 1233 1235
f 1673 1235 1671
f 1671 1235 1237
f 1671 1237 1669
f 1669 1237 1239
f 1669 1239 1667
f 1667 1239 1241
f 1667 1241 1665
f 1665 1241 1243
f 1665 1243 1663
f 1663 1243 1245
f 1663 1245 1661
f 1661 1245 1247
f 1661 1247 1659
f 1659 1247 1249
f 1659 1249 1657
f 1657 1249 1251
f 1657 1251 1655
f 1655 1251 1253
f 1655 1253 1653
f 1653 1253 1255
f 1653 1255 1651
f 1651 1255 1257
f 1651 1257 1649
f 1649 1257 1259
f 1649 1259 1647
f 1647 1259 1261
f 1647 1261 1645
f 1645 1261 1263
f 1645 1263 1643
f 3190 1676 1674
f 3190 1674 3191
f 3191 1674 1672
f 3191 1672 3192
f 3192 1672 1670
f 3192 1670 3193
f 3193 1670 1668
f 3193 1668 3194
f 3194 1668 1666
f 3194 1666 3195
f 3195 1666 1664
f 3195 1664 3196
f 3196 1664 1662
f 3196 1662 3197
f 3197 1662 1660
f 3197 1660 3198
f 3198 1660 1658
f 3198 1658 3199
f 3199 1658 1656
f 3199 1656 3200
f 3200 1656 1654
f 3200 1654 3201
f 3201 1654 1652
f 3201 1652 3202
f 3202 1652 1650
f 3202 1650 3203
f 3203 1650 1648
f 3203 1648 3204
f 3204 1648 1646
f 3204 1646 1679
f 1734 3243 1735
f 1735 3243 1737
f 1704 1702 1756
f 1756 1702 3244
f 1756 3244 1754
f 1754 3244 3245
f 1754 3245 1752
f 1752 3245 3246
f 1752 3246 1750
f 1750 3246 3247
f 1750 3247 1748
f 1748 3247 3248
f 1748 3248 1746
f 1746 3248 3249
f 1746 3249 1744
f 1744 3249 3250
f 1744 3250 1742
f 1742 3250 3251
f 1742 3251 1740
f 1740 3251 3252
f 1740 3252 1738
f 1738 3252 2336
f 1548 1563 1549
f 1549 1563 3253
f 1549 3253 1550
f 1550 3253 3254
f 1550 3254 1551
f 1551 3254 3255
f 1551 3255 1552
f 1552 3255 3256
f 1552 3256 1553
f 1553 3256 3257
f 1553 3257 1554
f 1554 3257 3258
f 1554 3258 1555
f 1555 3258 3259
f 1555 3259 1556
f 1556 3259 3260
f 1556 3260 1557
f 1557 3260 3261
f 1557 3261 1558
f 1558 3261 3262
f 1558 3262 1559
f 1559 3262 3263
f 1559 3263 1560
f 1560 3263 3264
f 1560 3264 1561
f 1561 3264 1642
f 1561 1642 1562
f 3244 1702 1700
f 3245 3244 3265
f 3265 3244 1700
f 3265 1700 1698
f 3246 3245 3266
f 3266 3245 3265
f 3266 3265 3267
f 3267 3265 1698
f 3267 1698 1696
f 3247 3246 3268
f 3268 3246 3266
f 3268 3266 3269
f 3269 3266 3267
f 3269 3267 1733
f 1733 3267 1696
f 3248 3247 3270
f 3270 3247 3268
f 3270 3268 3271
f 3271 3268 3269
f 3271 3269 1731
f 1731 3269 1733
f 3249 3248 3272
f 3272 3248 3270
f 3272 3270 3273
f 3273 3270 3271
f 3273 3271 1729
f 1729 3271 1731
f 3250 3249 3274
f 3274 3249 3272
f 3274 3272 3275
f 3275 3272 3273
f 3275 3273 1727
f 1727 3273 1729
f 3251 3250 3276
f 3276 3250 3274
f 3276 3274 3277
f 3277 3274 3275
f 3277 3275 1725
f 1725 3275 1727
f 3252 3251 3278
f 3278 3251 3276
f 3278 3276 3279
f 3279 3276 3277
f 3279 3277 1723
f 1723 3277 1725
f 2336 3252 2335
f 2335 3252 3278
f 2335 3278 1720
f 1720 3278 3279
f 1720 3279 1721
f 1721 3279 1723
f 1719 2335 1720
f 1563 1565 3253
f 3253 1565 3280
f 3253 3280 3254
f 3254 3280 3281
f 3254 3281 3255
f 3255 3281 3282
f 3255 3282 3256
f 3256 3282 3283
f 3256 3283 3257
f 3257 3283 3284
f 3257 3284 3258
f 3258 3284 3285
f 3258 3285 3259
f 3259 3285 3286
f 3259 3286 3260
f 3260 3286 3287
f 3260 3287 3261
f 3261 3287 3288
f 3261 3288 3262
f 3262 3288 3289
f 3262 3289 3263
f 3263 3289 3290
f 3263 3290 3264
f 3264 3290 1641
f 3264 1641 1642
f 1567 1569 3280
f 3280 1569 3281
f 3282 3281 1571
f 1571 3281 1569
f 1694 1692 1732
f 1732 1692 3291
f 1732 3291 1730
f 1730 3291 3292
f 1730 3292 1728
f 1728 3292 3293
f 1728 3293 1726
f 1726 3293 3294
f 1726 3294 1724
f 1724 3294 2338
f 1565 1567 3280
f 3283 3282 1573
f 1573 3282 1571
f 1692 1690 3291
f 3291 1690 3295
f 3291 3295 3292
f 3292 3295 3296
f 3292 3296 3293
f 3293 3296 3297
f 3293 3297 3294
f 3294 3297 2337
f 3294 2337 2338
f 1714 2337 1715
f 1715 2337 3297
f 1715 3297 3298
f 3298 3297 3296
f 3298 3296 3299
f 3299 3296 3295
f 3299 3295 1688
f 1688 3295 1690
f 1602 1611 1603
f 1603 1611 3300
f 1603 3300 1604
f 1604 3300 3301
f 1604 3301 1605
f 1605 3301 3302
f 1605 3302 1606
f 1606 3302 3303
f 1606 3303 1607
f 1607 3303 3304
f 1607 3304 1608
f 1608 3304 3305
f 1608 3305 1609
f 1609 3305 1640
f 1609 1640 1610
f 3283 1573 1575
f 3283 1575 3284
f 3284 1575 1577
f 3284 1577 3285
f 3285 1577 1579
f 3285 1579 3286
f 3286 1579 1581
f 3286 1581 3287
f 3287 1581 1583
f 3287 1583 3288
f 3288 1583 1585
f 3288 1585 3289
f 3289 1585 1587
f 3289 1587 3290
f 3290 1587 1589
f 3290 1589 1641
f 1688 1686 3299
f 3299 1686 1718
f 3299 1718 3298
f 3298 1718 1716
f 3298 1716 1715
f 1611 1613 3300
f 3300 1613 3306
f 3300 3306 3301
f 3301 3306 3307
f 3301 3307 3302
f 3302 3307 3308
f 3302 3308 3303
f 3303 3308 3309
f 3303 3309 3304
f 3304 3309 3310
f 3304 3310 3305
f 3305 3310 1639
f 3305 1639 1640
f 1615 1617 3306
f 3306 1617 3307
f 3308 3307 1619
f 1619 3307 1617
f 1717 1684 1682
f 1680 1717 1682
f 1613 1615 3306
f 3309 3308 1621
f 1621 3308 1619
f 1634 1633 1638
f 3309 1621 1623
f 3309 1623 3310
f 3310 1623 1625
f 3310 1625 1639
f 129 131 1680
f 1680 131 1714
f 1714 131 2168
f 1714 2168 1719
f 1719 2168 2159
f 1719 2159 1185
f 1185 2159 2140
f 1185 2140 1184
f 1184 2140 300
f 1184 300 1758
f 1758 300 2076
f 1758 2076 1765
f 1765 2076 2061
f 1765 2061 1782
f 1782 2061 2056
f 1782 2056 1100
f 1100 2056 520
f 1100 520 1846
f 1846 520 700
f 1846 700 1865
f 1865 700 742
f 1865 742 1872
f 1872 742 1997
f 1872 1997 1889
f 1889 1997 1980
f 1889 1980 851
f 851 1980 1973
f 851 1973 1952
f 3311 2 3312
f 3312 2 1
f 3312 1 3313
f 3313 1 128
f 3313 128 3314
f 3314 128 10
f 3314 10 3315
f 3315 10 3316
f 3315 3316 3317
f 3317 3316 3318
f 3317 3318 3319
f 3319 3318 3320
f 3319 3320 3321
f 3321 3320 3322
f 3321 3322 3323
f 3323 3322 3324
f 3323 3324 3325
f 3325 3324 3326
f 3325 3326 3327
f 3327 3326 3328
f 3327 3328 3329
f 3329 3328 3330
f 3329 3330 3331
f 3331 3330 3332
f 3331 3332 3333
f 3333 3332 3334
f 3333 3334 3335
f 3335 3334 3336
f 3335 3336 3337
f 3337 3336 3338
f 3337 3338 3339
f 3339 3338 3340
f 3339 3340 3341
f 3341 3340 3342
f 3341 3342 3343
f 3343 3342 3344
f 3343 3344 3345
f 3345 3344 3346
f 3345 3346 3347
f 3347 3346 3348
f 3347 3348 3349
f 3349 3348 3350
f 3349 3350 3351
f 3351 3350 3352
f 3351 3352 3353
f 3353 3352 3354
f 3353 3354 3355
f 3355 3354 3356
f 3355 3356 3357
f 3357 3356 3358
f 3357 3358 3359
f 3359 3358 3360
f 3359 3360 3361
f 3361 3360 3362
f 3361 3362 3363
f 3363 3362 3364
f 3363 3364 3365
f 3365 3364 3366
f 3365 3366 3367
f 3367 3366 3368
f 3367 3368 3369
f 3369 3368 3370
f 3369 3370 3371
f 3371 3370 3372
f 3371 3372 3373
f 3373 3372 3374
f 3373 3374 3375
f 3375 3374 3376
f 3375 3376 3377
f 3377 3376 3378
f 3377 3378 3379
f 3379 3378 3380
f 3379 3380 3381
f 3381 3380 3382
f 3381 3382 3383
f 3383 3382 3384
f 3383 3384 3385
f 3385 3384 3386
f 3385 3386 3387
f 3387 3386 3388
f 3387 3388 3389
f 3389 3388 3390
f 3389 3390 3391
f 3391 3390 3392
f 3391 3392 3393
f 3393 3392 3394
f 3393 3394 3395
f 3395 3394 19
f 3395 19 20
f 10 9 3316
f 3316 9 3396
f 3316 3396 3397
f 3397 3396 3398
f 3397 3398 3399
f 3399 3398 3390
f 3399 3390 3388
f 9 8 3396
f 3396 8 3400
f 3396 3400 3398
f 3398 3400 3392
f 3398 3392 3390
f 8 19 3400
f 3400 19 3394
f 3400 3394 3392
f 3395 20 3401
f 3401 20 21
f 3401 21 3402
f 3402 21 22
f 3402 22 3403
f 3403 22 3404
f 3403 3404 3405
f 3405 3404 3406
f 3405 3406 3407
f 3407 3406 3408
f 3407 3408 3409
f 3409 3408 3410
f 3409 3410 3411
f 3411 3410 3412
f 3411 3412 3413
f 3413 3412 3414
f 3413 3414 3415
f 3415 3414 3416
f 3415 3416 3417
f 3417 3416 3418
f 3417 3418 3419
f 3419 3418 3420
f 3419 3420 3421
f 3421 3420 3422
f 3421 3422 3423
f 3423 3422 3424
f 3423 3424 3425
f 3425 3424 3426
f 3425 3426 3427
f 3427 3426 3428
f 3427 3428 3429
f 3429 3428 3430
f 3429 3430 3431
f 3431 3430 3432
f 3431 3432 3433
f 3433 3432 3434
f 3433 3434 3435
f 3435 3434 3436
f 3435 3436 3437
f 3437 3436 3438
f 3437 3438 3439
f 3439 3438 3440
f 3439 3440 3441
f 3441 3440 3442
f 3441 3442 3443
f 3443 3442 3444
f 3443 3444 3445
f 3445 3444 3446
f 3445 3446 3447
f 3447 3446 3448
f 3447 3448 3449
f 3449 3448 3450
f 3449 3450 3451
f 3451 3450 3452
f 3451 3452 3453
f 3453 3452 3454
f 3453 3454 3455
f 3455 3454 3456
f 3455 3456 3457
f 3457 3456 3458
f 3457 3458 3459
f 3459 3458 3460
f 3459 3460 3461
f 3461 3460 3462
f 3461 3462 3463
f 3463 3462 3464
f 3463 3464 3465
f 3465 3464 3466
f 3465 3466 3467
f 3467 3466 3468
f 3467 3468 3469
f 3469 3468 3470
f 3469 3470 3471
f 3471 3470 3472
f 3471 3472 3473
f 3473 3472 3474
f 3473 3474 3475
f 3475 3474 3476
f 3475 3476 3477
f 3477 3476 3478
f 3477 3478 3479
f 3479 3478 3480
f 3479 3480 3481
f 3481 3480 3482
f 3481 3482 3483
f 3483 3482 3484
f 3483 3484 3485
f 3485 3484 3486
f 3485 3486 3487
f 3487 3486 3488
f 3487 3488 3489
f 3489 3488 3490
f 3489 3490 3491
f 3491 3490 3492
f 3491 3492 3493
f 3493 3492 3494
f 3493 3494 3495
f 3495 3494 3496
f 3495 3496 3497
f 3497 3496 3498
f 3497 3498 3499
f 3499 3498 3500
f 3499 3500 3501
f 3501 3500 3502
f 3501 3502 3503
f 3503 3502 3504
f 3503 3504 3505
f 3505 3504 3506
f 3505 3506 3507
f 3507 3506 3508
f 3507 3508 3509
f 3509 3508 3510
f 3509 3510 3511
f 3511 3510 3512
f 3511 3512 3513
f 3513 3512 3514
f 3513 3514 3515
f 3515 3514 3516
f 3515 3516 3517
f 3517 3516 76
f 3517 76 3518
f 3518 76 78
f 3518 78 3519
f 3519 78 82
f 3519 82 3520
f 3520 82 84
f 3520 84 3521
f 3521 84 3522
f 3521 3522 3523
f 3523 3522 3524
f 3523 3524 3525
f 3525 3524 3526
f 3525 3526 3527
f 3527 3526 3528
f 3527 3528 3529
f 3529 3528 3530
f 3529 3530 3531
f 3531 3530 3532
f 3531 3532 3533
f 3533 3532 3534
f 3533 3534 3535
f 3535 3534 3536
f 3535 3536 3537
f 3537 3536 3538
f 3537 3538 3539
f 3539 3538 3540
f 3539 3540 3541
f 3541 3540 3542
f 3541 3542 3543
f 3543 3542 3544
f 3543 3544 3545
f 3545 3544 3546
f 3545 3546 3547
f 3547 3546 3548
f 3547 3548 3549
f 3549 3548 3550
f 3549 3550 3551
f 3551 3550 3552
f 3551 3552 3553
f 3553 3552 3554
f 3553 3554 3555
f 3555 3554 3556
f 3555 3556 3557
f 3557 3556 3558
f 3557 3558 3559
f 3559 3558 3560
f 3559 3560 3561
f 3561 3560 3562
f 3561 3562 3563
f 3563 3562 3564
f 3563 3564 3565
f 3565 3564 3566
f 3565 3566 3567
f 3567 3566 3568
f 3567 3568 3569
f 3569 3568 3570
f 3569 3570 3571
f 3571 3570 3572
f 3571 3572 3573
f 3573 3572 3574
f 3573 3574 3575
f 3575 3574 3576
f 3575 3576 3577
f 3577 3576 3578
f 3577 3578 3579
f 3579 3578 3580
f 3579 3580 3581
f 3581 3580 3582
f 3581 3582 3583
f 3583 3582 3584
f 3583 3584 3585
f 3585 3584 3586
f 3585 3586 3587
f 3587 3586 3588
f 3587 3588 3589
f 3589 3588 3590
f 3589 3590 3591
f 3591 3590 3592
f 3591 3592 3593
f 3593 3592 3594
f 3593 3594 3595
f 3595 3594 3596
f 3595 3596 3597
f 3597 3596 3598
f 3597 3598 3599
f 3599 3598 3600
f 3599 3600 3601
f 3601 3600 3602
f 3601 3602 3603
f 3603 3602 3604
f 3603 3604 3605
f 3605 3604 3606
f 3605 3606 3607
f 3607 3606 3608
f 3607 3608 3609
f 3609 3608 3610
f 3609 3610 3611
f 3611 3610 3612
f 3611 3612 3613
f 3613 3612 125
f 3613 125 126
f 22 23 3404
f 3404 23 3614
f 3404 3614 3615
f 3615 3614 3616
f 3615 3616 3617
f 3617 3616 3618
f 3617 3618 3619
f 3619 3618 3620
f 3619 3620 3621
f 3621 3620 3622
f 3621 3622 3623
f 3623 3622 3624
f 3623 3624 3625
f 3625 3624 3626
f 3625 3626 3627
f 3627 3626 3628
f 3627 3628 3629
f 3629 3628 3630
f 3629 3630 3631
f 3631 3630 3632
f 3631 3632 3633
f 3633 3632 3634
f 3633 3634 3635
f 3635 3634 3636
f 3635 3636 3637
f 3637 3636 3638
f 3637 3638 3639
f 3639 3638 3640
f 3639 3640 3641
f 3641 3640 3642
f 3641 3642 3643
f 3643 3642 3644
f 3643 3644 3645
f 3645 3644 3646
f 3645 3646 3647
f 3647 3646 3648
f 3647 3648 3476
f 3476 3648 3478
f 23 24 3614
f 3614 24 3649
f 3614 3649 3616
f 3616 3649 3650
f 3616 3650 3618
f 3618 3650 3651
f 3618 3651 3620
f 3620 3651 3652
f 3620 3652 3622
f 3622 3652 3653
f 3622 3653 3624
f 3624 3653 3654
f 3624 3654 3626
f 3626 3654 3655
f 3626 3655 3628
f 3628 3655 3656
f 3628 3656 3630
f 3630 3656 3657
f 3630 3657 3632
f 3632 3657 3658
f 3632 3658 3634
f 3634 3658 3659
f 3634 3659 3636
f 3636 3659 3660
f 3636 3660 3638
f 3638 3660 3661
f 3638 3661 3640
f 3640 3661 3662
f 3640 3662 3642
f 3642 3662 3663
f 3642 3663 3644
f 3644 3663 3664
f 3644 3664 3646
f 3646 3664 3665
f 3646 3665 3648
f 3648 3665 3666
f 3648 3666 3478
f 3478 3666 3480
f 24 25 3649
f 3649 25 3650
f 3650 25 3651
f 3651 25 26
f 3651 26 3667
f 3667 26 28
f 3667 28 3668
f 3668 28 30
f 3668 30 3669
f 3669 30 3670
f 3669 3670 3671
f 3671 3670 3672
f 3671 3672 3654
f 3654 3672 3655
f 30 32 3670
f 3670 32 3673
f 3670 3673 3674
f 3674 3673 3675
f 3674 3675 3676
f 3676 3675 3677
f 3676 3677 3678
f 3678 3677 3679
f 3678 3679 3680
f 3680 3679 3681
f 3680 3681 3682
f 3682 3681 3683
f 3682 3683 3684
f 3684 3683 3685
f 3684 3685 3686
f 3686 3685 3687
f 3686 3687 3688
f 3688 3687 3689
f 3688 3689 3690
f 3690 3689 3691
f 3690 3691 3692
f 3692 3691 3693
f 3692 3693 3694
f 3694 3693 3695
f 3694 3695 3696
f 3696 3695 3697
f 3696 3697 3698
f 3698 3697 3699
f 3698 3699 3484
f 3484 3699 3486
f 32 33 3673
f 3673 33 3700
f 3673 3700 3675
f 3675 3700 3701
f 3675 3701 3677
f 3677 3701 3702
f 3677 3702 3679
f 3679 3702 3703
f 3679 3703 3681
f 3681 3703 3704
f 3681 3704 3683
f 3683 3704 3705
f 3683 3705 3685
f 3685 3705 3706
f 3685 3706 3687
f 3687 3706 3707
f 3687 3707 3689
f 3689 3707 3708
f 3689 3708 3691
f 3691 3708 3709
f 3691 3709 3693
f 3693 3709 3710
f 3693 3710 3695
f 3695 3710 3711
f 3695 3711 3697
f 3697 3711 3712
f 3697 3712 3699
f 3699 3712 3713
f 3699 3713 3486
f 3486 3713 3488
f 33 34 3700
f 3700 34 3701
f 3701 34 3702
f 3702 34 35
f 3702 35 3714
f 3714 35 36
f 3714 36 3715
f 3715 36 42
f 3715 42 3716
f 3716 42 3717
f 3716 3717 3718
f 3718 3717 3719
f 3718 3719 3705
f 3705 3719 3706
f 42 44 3717
f 3717 44 3720
f 3717 3720 3721
f 3721 3720 3722
f 3721 3722 3723
f 3723 3722 3724
f 3723 3724 3725
f 3725 3724 3726
f 3725 3726 3727
f 3727 3726 3728
f 3727 3728 3729
f 3729 3728 3730
f 3729 3730 3731
f 3731 3730 3732
f 3731 3732 3733
f 3733 3732 3734
f 3733 3734 3735
f 3735 3734 3736
f 3735 3736 3737
f 3737 3736 3738
f 3737 3738 3492
f 3492 3738 3494
f 44 46 3720
f 3720 46 3739
f 3720 3739 3722
f 3722 3739 3740
f 3722 3740 3724
f 3724 3740 3741
f 3724 3741 3726
f 3726 3741 3742
f 3726 3742 3728
f 3728 3742 3743
f 3728 3743 3730
f 3730 3743 3744
f 3730 3744 3732
f 3732 3744 3745
f 3732 3745 3734
f 3734 3745 3746
f 3734 3746 3736
f 3736 3746 3747
f 3736 3747 3738
f 3738 3747 3748
f 3738 3748 3494
f 3494 3748 3496
f 46 48 3739
f 3739 48 3740
f 3740 48 3741
f 3741 48 49
f 3741 49 3749
f 3749 49 50
f 3749 50 3750
f 3750 50 52
f 3750 52 3751
f 3751 52 3752
f 3751 3752 3753
f 3753 3752 3754
f 3753 3754 3744
f 3744 3754 3745
f 52 55 3752
f 3752 55 3755
f 3752 3755 3756
f 3756 3755 3757
f 3756 3757 3758
f 3758 3757 3759
f 3758 3759 3760
f 3760 3759 3761
f 3760 3761 3762
f 3762 3761 3763
f 3762 3763 3764
f 3764 3763 3765
f 3764 3765 3500
f 3500 3765 3502
f 55 58 3755
f 3755 58 3766
f 3755 3766 3757
f 3757 3766 3767
f 3757 3767 3759
f 3759 3767 3768
f 3759 3768 3761
f 3761 3768 3769
f 3761 3769 3763
f 3763 3769 3770
f 3763 3770 3765
f 3765 3770 3771
f 3765 3771 3502
f 3502 3771 3504
f 58 60 3766
f 3766 60 3767
f 3767 60 3768
f 3768 60 62
f 3768 62 3772
f 3772 62 64
f 3772 64 3773
f 3773 64 66
f 3773 66 3774
f 3774 66 3775
f 3774 3775 3776
f 3776 3775 3777
f 3776 3777 3771
f 3771 3777 3504
f 66 68 3775
f 3775 68 3778
f 3775 3778 3779
f 3779 3778 3780
f 3779 3780 3508
f 3508 3780 3510
f 68 70 3778
f 3778 70 3781
f 3778 3781 3780
f 3780 3781 3782
f 3780 3782 3510
f 3510 3782 3512
f 70 72 3781
f 3781 72 3782
f 3782 72 3512
f 3512 72 73
f 3512 73 3514
f 3514 73 75
f 3514 75 3516
f 3516 75 76
f 84 86 3522
f 3522 86 3783
f 3522 3783 3524
f 3524 3783 3784
f 3524 3784 3526
f 3526 3784 3785
f 3526 3785 3528
f 3528 3785 3786
f 3528 3786 3530
f 3530 3786 3787
f 3530 3787 3532
f 3532 3787 3788
f 3532 3788 3534
f 3534 3788 3789
f 3534 3789 3536
f 3536 3789 3790
f 3536 3790 3538
f 3538 3790 3791
f 3538 3791 3540
f 3540 3791 3792
f 3540 3792 3542
f 3542 3792 3793
f 3542 3793 3544
f 3544 3793 3794
f 3544 3794 3546
f 3546 3794 3795
f 3546 3795 3548
f 3548 3795 3796
f 3548 3796 3550
f 3550 3796 3797
f 3550 3797 3552
f 3552 3797 3798
f 3552 3798 3554
f 3554 3798 3799
f 3554 3799 3556
f 3556 3799 3800
f 3556 3800 3558
f 3558 3800 3801
f 3558 3801 3560
f 3560 3801 3802
f 3560 3802 3562
f 3562 3802 3803
f 3562 3803 3564
f 3564 3803 3804
f 3564 3804 3566
f 3566 3804 3805
f 3566 3805 3568
f 3568 3805 3806
f 3568 3806 3570
f 3570 3806 3572
f 86 88 3783
f 3783 88 3807
f 3783 3807 3784
f 3784 3807 3808
f 3784 3808 3785
f 3785 3808 3809
f 3785 3809 3786
f 3786 3809 3810
f 3786 3810 3787
f 3787 3810 3811
f 3787 3811 3788
f 3788 3811 3812
f 3788 3812 3789
f 3789 3812 3813
f 3789 3813 3790
f 3790 3813 3814
f 3790 3814 3791
f 3791 3814 3815
f 3791 3815 3792
f 3792 3815 3816
f 3792 3816 3793
f 3793 3816 3817
f 3793 3817 3794
f 3794 3817 3818
f 3794 3818 3795
f 3795 3818 3819
f 3795 3819 3796
f 3796 3819 3820
f 3796 3820 3797
f 3797 3820 3821
f 3797 3821 3798
f 3798 3821 3822
f 3798 3822 3799
f 3799 3822 3823
f 3799 3823 3800
f 3800 3823 3824
f 3800 3824 3801
f 3801 3824 3825
f 3801 3825 3802
f 3802 3825 3826
f 3802 3826 3803
f 3803 3826 3827
f 3803 3827 3804
f 3804 3827 3828
f 3804 3828 3805
f 3805 3828 3829
f 3805 3829 3806
f 3806 3829 3830
f 3806 3830 3572
f 3572 3830 3574
f 88 89 3807
f 3807 89 3808
f 3808 89 3809
f 3809 89 90
f 3809 90 3831
f 3831 90 91
f 3831 91 3832
f 3832 91 92
f 3832 92 3833
f 3833 92 3834
f 3833 3834 3835
f 3835 3834 3836
f 3835 3836 3812
f 3812 3836 3813
f 92 98 3834
f 3834 98 3837
f 3834 3837 3838
f 3838 3837 3839
f 3838 3839 3840
f 3840 3839 3841
f 3840 3841 3842
f 3842 3841 3843
f 3842 3843 3844
f 3844 3843 3845
f 3844 3845 3846
f 3846 3845 3847
f 3846 3847 3848
f 3848 3847 3849
f 3848 3849 3850
f 3850 3849 3851
f 3850 3851 3852
f 3852 3851 3853
f 3852 3853 3854
f 3854 3853 3855
f 3854 3855 3856
f 3856 3855 3857
f 3856 3857 3858
f 3858 3857 3859
f 3858 3859 3860
f 3860 3859 3861
f 3860 3861 3862
f 3862 3861 3863
f 3862 3863 3864
f 3864 3863 3865
f 3864 3865 3866
f 3866 3865 3867
f 3866 3867 3868
f 3868 3867 3869
f 3868 3869 3870
f 3870 3869 3871
f 3870 3871 3872
f 3872 3871 3580
f 3872 3580 3578
f 98 100 3837
f 3837 100 3873
f 3837 3873 3839
f 3839 3873 3874
f 3839 3874 3841
f 3841 3874 3875
f 3841 3875 3843
f 3843 3875 3876
f 3843 3876 3845
f 3845 3876 3877
f 3845 3877 3847
f 3847 3877 3878
f 3847 3878 3849
f 3849 3878 3879
f 3849 3879 3851
f 3851 3879 3880
f 3851 3880 3853
f 3853 3880 3881
f 3853 3881 3855
f 3855 3881 3882
f 3855 3882 3857
f 3857 3882 3883
f 3857 3883 3859
f 3859 3883 3884
f 3859 3884 3861
f 3861 3884 3885
f 3861 3885 3863
f 3863 3885 3886
f 3863 3886 3865
f 3865 3886 3887
f 3865 3887 3867
f 3867 3887 3888
f 3867 3888 3869
f 3869 3888 3889
f 3869 3889 3871
f 3871 3889 3582
f 3871 3582 3580
f 100 102 3873
f 3873 102 3890
f 3873 3890 3874
f 3874 3890 3891
f 3874 3891 3875
f 3875 3891 3892
f 3875 3892 3876
f 3876 3892 3893
f 3876 3893 3877
f 3877 3893 3894
f 3877 3894 3878
f 3878 3894 3895
f 3878 3895 3879
f 3879 3895 3896
f 3879 3896 3880
f 3880 3896 3897
f 3880 3897 3881
f 3881 3897 3898
f 3881 3898 3882
f 3882 3898 3899
f 3882 3899 3883
f 3883 3899 3900
f 3883 3900 3884
f 3884 3900 3901
f 3884 3901 3885
f 3885 3901 3902
f 3885 3902 3886
f 3886 3902 3903
f 3886 3903 3887
f 3887 3903 3904
f 3887 3904 3888
f 3888 3904 3905
f 3888 3905 3889
f 3889 3905 3584
f 3889 3584 3582
f 102 104 3890
f 3890 104 3906
f 3890 3906 3891
f 3891 3906 3907
f 3891 3907 3892
f 3892 3907 3908
f 3892 3908 3893
f 3893 3908 3909
f 3893 3909 3894
f 3894 3909 3910
f 3894 3910 3895
f 3895 3910 3911
f 3895 3911 3896
f 3896 3911 3912
f 3896 3912 3897
f 3897 3912 3913
f 3897 3913 3898
f 3898 3913 3914
f 3898 3914 3899
f 3899 3914 3915
f 3899 3915 3900
f 3900 3915 3916
f 3900 3916 3901
f 3901 3916 3917
f 3901 3917 3902
f 3902 3917 3918
f 3902 3918 3903
f 3903 3918 3919
f 3903 3919 3904
f 3904 3919 3920
f 3904 3920 3905
f 3905 3920 3586
f 3905 3586 3584
f 104 105 3906
f 3906 105 3907
f 3907 105 3908
f 3908 105 106
f 3908 106 3921
f 3921 106 107
f 3921 107 3922
f 3922 107 108
f 3922 108 3923
f 3923 108 114
f 3923 114 3924
f 3924 114 116
f 3924 116 3925
f 3925 116 3926
f 3925 3926 3927
f 3927 3926 3928
f 3927 3928 3929
f 3929 3928 3930
f 3929 3930 3931
f 3931 3930 3932
f 3931 3932 3933
f 3933 3932 3934
f 3933 3934 3935
f 3935 3934 3936
f 3935 3936 3937
f 3937 3936 3938
f 3937 3938 3939
f 3939 3938 3598
f 3939 3598 3596
f 116 118 3926
f 3926 118 3940
f 3926 3940 3928
f 3928 3940 3941
f 3928 3941 3930
f 3930 3941 3942
f 3930 3942 3932
f 3932 3942 3943
f 3932 3943 3934
f 3934 3943 3944
f 3934 3944 3936
f 3936 3944 3945
f 3936 3945 3938
f 3938 3945 3600
f 3938 3600 3598
f 118 120 3940
f 3940 120 3946
f 3940 3946 3941
f 3941 3946 3947
f 3941 3947 3942
f 3942 3947 3948
f 3942 3948 3943
f 3943 3948 3949
f 3943 3949 3944
f 3944 3949 3950
f 3944 3950 3945
f 3945 3950 3602
f 3945 3602 3600
f 120 121 3946
f 3946 121 3951
f 3946 3951 3947
f 3947 3951 3952
f 3947 3952 3948
f 3948 3952 3953
f 3948 3953 3949
f 3949 3953 3954
f 3949 3954 3950
f 3950 3954 3604
f 3950 3604 3602
f 121 122 3951
f 3951 122 3955
f 3951 3955 3952
f 3952 3955 3956
f 3952 3956 3953
f 3953 3956 3957
f 3953 3957 3954
f 3954 3957 3606
f 3954 3606 3604
f 122 123 3955
f 3955 123 3958
f 3955 3958 3956
f 3956 3958 3959
f 3956 3959 3957
f 3957 3959 3608
f 3957 3608 3606
f 3958 123 3960
f 3960 123 124
f 3960 124 3612
f 3612 124 125
f 3613 126 3961
f 3961 126 127
f 3961 127 3962
f 3962 127 119
f 3962 119 3963
f 3963 119 3964
f 3963 3964 3965
f 3965 3964 3966
f 3965 3966 3967
f 3967 3966 3968
f 3967 3968 3969
f 3969 3968 3970
f 3969 3970 3971
f 3971 3970 3972
f 3971 3972 3973
f 3973 3972 3974
f 3973 3974 3975
f 3975 3974 3976
f 3975 3976 3977
f 3977 3976 3978
f 3977 3978 3979
f 3979 3978 3980
f 3979 3980 3981
f 3981 3980 3982
f 3981 3982 3983
f 3983 3982 3984
f 3983 3984 3985
f 3985 3984 3986
f 3985 3986 3987
f 3987 3986 3988
f 3987 3988 3989
f 3989 3988 3990
f 3989 3990 3991
f 3991 3990 3992
f 3991 3992 3993
f 3993 3992 3994
f 3993 3994 3995
f 3995 3994 3996
f 3995 3996 3997
f 3997 3996 3998
f 3997 3998 3999
f 3999 3998 4000
f 3999 4000 4001
f 4001 4000 4002
f 4002 4000 4003
f 4002 4003 4004
f 4004 4003 4005
f 4004 4005 4006
f 4006 4005 4007
f 4006 4007 4008
f 4008 4007 4009
f 4008 4009 4010
f 4010 4009 4011
f 4010 4011 4012
f 4012 4011 4013
f 4012 4013 4014
f 4014 4013 4015
f 4014 4015 4016
f 4016 4015 4017
f 4016 4017 4018
f 4018 4017 4019
f 4018 4019 4020
f 4020 4019 4021
f 4020 4021 4022
f 4022 4021 4023
f 4022 4023 4024
f 4024 4023 4025
f 4024 4025 4026
f 4026 4025 4027
f 4026 4027 4028
f 4028 4027 4029
f 4028 4029 4030
f 4030 4029 4031
f 4030 4031 4032
f 4032 4031 4033
f 4032 4033 4034
f 4034 4033 4035
f 4034 4035 4036
f 4036 4035 4037
f 4036 4037 4038
f 4038 4037 4039
f 4038 4039 4040
f 4040 4039 85
f 4040 85 83
f 119 117 3964
f 3964 117 4041
f 3964 4041 3966
f 3966 4041 4042
f 3966 4042 3968
f 3968 4042 4043
f 3968 4043 3970
f 3970 4043 4044
f 3970 4044 3972
f 3972 4044 4045
f 3972 4045 3974
f 3974 4045 4046
f 3974 4046 3976
f 3976 4046 4047
f 3976 4047 3978
f 3978 4047 4048
f 3978 4048 3980
f 3980 4048 4049
f 3980 4049 3982
f 3982 4049 4050
f 3982 4050 3984
f 3984 4050 4051
f 3984 4051 3986
f 3986 4051 4052
f 3986 4052 3988
f 3988 4052 4053
f 3988 4053 3990
f 3990 4053 4054
f 3990 4054 3992
f 3992 4054 4055
f 3992 4055 3994
f 3994 4055 4056
f 3994 4056 3996
f 3996 4056 4057
f 3996 4057 3998
f 3998 4057 4058
f 3998 4058 4000
f 4000 4058 4003
f 117 115 4041
f 4041 115 4059
f 4041 4059 4042
f 4042 4059 4060
f 4042 4060 4043
f 4043 4060 4061
f 4043 4061 4044
f 4044 4061 4062
f 4044 4062 4045
f 4045 4062 4063
f 4045 4063 4046
f 4046 4063 4064
f 4046 4064 4047
f 4047 4064 4065
f 4047 4065 4048
f 4048 4065 4066
f 4048 4066 4049
f 4049 4066 4067
f 4049 4067 4050
f 4050 4067 4068
f 4050 4068 4051
f 4051 4068 4069
f 4051 4069 4052
f 4052 4069 4070
f 4052 4070 4053
f 4053 4070 4071
f 4053 4071 4054
f 4054 4071 4072
f 4054 4072 4055
f 4055 4072 4073
f 4055 4073 4056
f 4056 4073 4074
f 4056 4074 4057
f 4057 4074 4075
f 4057 4075 4058
f 4058 4075 4005
f 4058 4005 4003
f 115 113 4059
f 4059 113 4076
f 4059 4076 4060
f 4060 4076 4077
f 4060 4077 4061
f 4061 4077 4078
f 4061 4078 4062
f 4062 4078 4079
f 4062 4079 4063
f 4063 4079 4080
f 4063 4080 4064
f 4064 4080 4081
f 4064 4081 4065
f 4065 4081 4082
f 4065 4082 4066
f 4066 4082 4083
f 4066 4083 4067
f 4067 4083 4084
f 4067 4084 4068
f 4068 4084 4085
f 4068 4085 4069
f 4069 4085 4086
f 4069 4086 4070
f 4070 4086 4087
f 4070 4087 4071
f 4071 4087 4088
f 4071 4088 4072
f 4072 4088 4089
f 4072 4089 4073
f 4073 4089 4090
f 4073 4090 4074
f 4074 4090 4091
f 4074 4091 4075
f 4075 4091 4007
f 4075 4007 4005
f 113 112 4076
f 4076 112 4092
f 4076 4092 4077
f 4077 4092 4093
f 4077 4093 4078
f 4078 4093 4094
f 4078 4094 4079
f 4079 4094 4095
f 4079 4095 4080
f 4080 4095 4096
f 4080 4096 4081
f 4081 4096 4097
f 4081 4097 4082
f 4082 4097 4098
f 4082 4098 4083
f 4083 4098 4099
f 4083 4099 4084
f 4084 4099 4100
f 4084 4100 4085
f 4085 4100 4101
f 4085 4101 4086
f 4086 4101 4102
f 4086 4102 4087
f 4087 4102 4103
f 4087 4103 4088
f 4088 4103 4104
f 4088 4104 4089
f 4089 4104 4105
f 4089 4105 4090
f 4090 4105 4106
f 4090 4106 4091
f 4091 4106 4009
f 4091 4009 4007
f 112 111 4092
f 4092 111 4107
f 4092 4107 4093
f 4093 4107 4108
f 4093 4108 4094
f 4094 4108 4109
f 4094 4109 4095
f 4095 4109 4110
f 4095 4110 4096
f 4096 4110 4111
f 4096 4111 4097
f 4097 4111 4112
f 4097 4112 4098
f 4098 4112 4113
f 4098 4113 4099
f 4099 4113 4114
f 4099 4114 4100
f 4100 4114 4115
f 4100 4115 4101
f 4101 4115 4116
f 4101 4116 4102
f 4102 4116 4117
f 4102 4117 4103
f 4103 4117 4118
f 4103 4118 4104
f 4104 4118 4119
f 4104 4119 4105
f 4105 4119 4120
f 4105 4120 4106
f 4106 4120 4011
f 4106 4011 4009
f 4107 111 4121
f 4121 111 110
f 4121 110 4122
f 4122 110 109
f 4122 109 4123
f 4123 109 103
f 4123 103 4124
f 4124 103 101
f 4124 101 4125
f 4125 101 99
f 4125 99 4126
f 4126 99 4127
f 4126 4127 4128
f 4128 4127 4129
f 4128 4129 4130
f 4130 4129 4131
f 4130 4131 4132
f 4132 4131 4133
f 4132 4133 4134
f 4134 4133 4135
f 4134 4135 4136
f 4136 4135 4137
f 4136 4137 4138
f 4138 4137 4139
f 4138 4139 4140
f 4140 4139 4025
f 4140 4025 4023
f 99 97 4127
f 4127 97 4141
f 4127 4141 4129
f 4129 4141 4142
f 4129 4142 4131
f 4131 4142 4143
f 4131 4143 4133
f 4133 4143 4144
f 4133 4144 4135
f 4135 4144 4145
f 4135 4145 4137
f 4137 4145 4146
f 4137 4146 4139
f 4139 4146 4027
f 4139 4027 4025
f 97 96 4141
f 4141 96 4147
f 4141 4147 4142
f 4142 4147 4148
f 4142 4148 4143
f 4143 4148 4149
f 4143 4149 4144
f 4144 4149 4150
f 4144 4150 4145
f 4145 4150 4151
f 4145 4151 4146
f 4146 4151 4029
f 4146 4029 4027
f 96 95 4147
f 4147 95 4152
f 4147 4152 4148
f 4148 4152 4153
f 4148 4153 4149
f 4149 4153 4154
f 4149 4154 4150
f 4150 4154 4155
f 4150 4155 4151
f 4151 4155 4031
f 4151 4031 4029
f 95 94 4152
f 4152 94 4156
f 4152 4156 4153
f 4153 4156 4157
f 4153 4157 4154
f 4154 4157 4158
f 4154 4158 4155
f 4155 4158 4033
f 4155 4033 4031
f 94 93 4156
f 4156 93 4159
f 4156 4159 4157
f 4157 4159 4160
f 4157 4160 4158
f 4158 4160 4035
f 4158 4035 4033
f 4159 93 4161
f 4161 93 87
f 4161 87 4039
f 4039 87 85
f 4040 83 4162
f 4162 83 81
f 4162 81 4163
f 4163 81 80
f 4163 80 4164
f 4164 80 4165
f 4164 4165 4166
f 4166 4165 4167
f 4166 4167 4168
f 4168 4167 4169
f 4168 4169 4170
f 4170 4169 4171
f 4170 4171 4172
f 4172 4171 4173
f 4172 4173 4174
f 4174 4173 4175
f 4174 4175 4176
f 4176 4175 4177
f 4176 4177 4178
f 4178 4177 4179
f 4178 4179 4180
f 4180 4179 4181
f 4180 4181 4182
f 4182 4181 4183
f 4182 4183 4184
f 4184 4183 4185
f 4184 4185 4186
f 4186 4185 4187
f 4186 4187 4188
f 4188 4187 4189
f 4188 4189 4190
f 4190 4189 4191
f 4190 4191 4192
f 4192 4191 4193
f 4192 4193 4194
f 4194 4193 4195
f 4194 4195 4196
f 4196 4195 4197
f 4196 4197 4198
f 4198 4197 4199
f 4198 4199 4200
f 4200 4199 4201
f 4200 4201 4202
f 4202 4201 4203
f 4203 4201 4204
f 4203 4204 4205
f 4205 4204 4206
f 4205 4206 4207
f 4207 4206 4208
f 4207 4208 4209
f 4209 4208 4210
f 4209 4210 4211
f 4211 4210 4212
f 4211 4212 4213
f 4213 4212 4214
f 4213 4214 4215
f 4215 4214 4216
f 4215 4216 4217
f 4217 4216 4218
f 4217 4218 4219
f 4219 4218 4220
f 4219 4220 4221
f 4221 4220 4222
f 4221 4222 4223
f 4223 4222 4224
f 4223 4224 4225
f 4225 4224 4226
f 4225 4226 4227
f 4227 4226 4228
f 4227 4228 4229
f 4229 4228 4230
f 4229 4230 4231
f 4231 4230 4232
f 4231 4232 4233
f 4233 4232 4234
f 4233 4234 4235
f 4235 4234 4236
f 4235 4236 4237
f 4237 4236 4238
f 4237 4238 4239
f 4239 4238 4240
f 4239 4240 4241
f 4241 4240 4242
f 4241 4242 4243
f 4243 4242 43
f 4243 43 41
f 80 79 4165
f 4165 79 4244
f 4165 4244 4167
f 4167 4244 4245
f 4167 4245 4169
f 4169 4245 4246
f 4169 4246 4171
f 4171 4246 4247
f 4171 4247 4173
f 4173 4247 4248
f 4173 4248 4175
f 4175 4248 4249
f 4175 4249 4177
f 4177 4249 4250
f 4177 4250 4179
f 4179 4250 4251
f 4179 4251 4181
f 4181 4251 4252
f 4181 4252 4183
f 4183 4252 4253
f 4183 4253 4185
f 4185 4253 4254
f 4185 4254 4187
f 4187 4254 4255
f 4187 4255 4189
f 4189 4255 4256
f 4189 4256 4191
f 4191 4256 4257
f 4191 4257 4193
f 4193 4257 4258
f 4193 4258 4195
f 4195 4258 4259
f 4195 4259 4197
f 4197 4259 4260
f 4197 4260 4199
f 4199 4260 4261
f 4199 4261 4201
f 4201 4261 4204
f 79 77 4244
f 4244 77 4262
f 4244 4262 4245
f 4245 4262 4263
f 4245 4263 4246
f 4246 4263 4264
f 4246 4264 4247
f 4247 4264 4265
f 4247 4265 4248
f 4248 4265 4266
f 4248 4266 4249
f 4249 4266 4267
f 4249 4267 4250
f 4250 4267 4268
f 4250 4268 4251
f 4251 4268 4269
f 4251 4269 4252
f 4252 4269 4270
f 4252 4270 4253
f 4253 4270 4271
f 4253 4271 4254
f 4254 4271 4272
f 4254 4272 4255
f 4255 4272 4273
f 4255 4273 4256
f 4256 4273 4274
f 4256 4274 4257
f 4257 4274 4275
f 4257 4275 4258
f 4258 4275 4276
f 4258 4276 4259
f 4259 4276 4277
f 4259 4277 4260
f 4260 4277 4278
f 4260 4278 4261
f 4261 4278 4279
f 4261 4279 4204
f 4204 4279 4206
f 77 74 4262
f 4262 74 4280
f 4262 4280 4263
f 4263 4280 4281
f 4263 4281 4264
f 4264 4281 4282
f 4264 4282 4265
f 4265 4282 4283
f 4265 4283 4266
f 4266 4283 4284
f 4266 4284 4267
f 4267 4284 4285
f 4267 4285 4268
f 4268 4285 4286
f 4268 4286 4269
f 4269 4286 4287
f 4269 4287 4270
f 4270 4287 4288
f 4270 4288 4271
f 4271 4288 4289
f 4271 4289 4272
f 4272 4289 4290
f 4272 4290 4273
f 4273 4290 4291
f 4273 4291 4274
f 4274 4291 4292
f 4274 4292 4275
f 4275 4292 4293
f 4275 4293 4276
f 4276 4293 4294
f 4276 4294 4277
f 4277 4294 4295
f 4277 4295 4278
f 4278 4295 4296
f 4278 4296 4279
f 4279 4296 4208
f 4279 4208 4206
f 74 71 4280
f 4280 71 4297
f 4280 4297 4281
f 4281 4297 4298
f 4281 4298 4282
f 4282 4298 4299
f 4282 4299 4283
f 4283 4299 4300
f 4283 4300 4284
f 4284 4300 4301
f 4284 4301 4285
f 4285 4301 4302
f 4285 4302 4286
f 4286 4302 4303
f 4286 4303 4287
f 4287 4303 4304
f 4287 4304 4288
f 4288 4304 4305
f 4288 4305 4289
f 4289 4305 4306
f 4289 4306 4290
f 4290 4306 4307
f 4290 4307 4291
f 4291 4307 4308
f 4291 4308 4292
f 4292 4308 4309
f 4292 4309 4293
f 4293 4309 4310
f 4293 4310 4294
f 4294 4310 4311
f 4294 4311 4295
f 4295 4311 4312
f 4295 4312 4296
f 4296 4312 4210
f 4296 4210 4208
f 71 69 4297
f 4297 69 4313
f 4297 4313 4298
f 4298 4313 4314
f 4298 4314 4299
f 4299 4314 4315
f 4299 4315 4300
f 4300 4315 4316
f 4300 4316 4301
f 4301 4316 4317
f 4301 4317 4302
f 4302 4317 4318
f 4302 4318 4303
f 4303 4318 4319
f 4303 4319 4304
f 4304 4319 4320
f 4304 4320 4305
f 4305 4320 4321
f 4305 4321 4306
f 4306 4321 4322
f 4306 4322 4307
f 4307 4322 4323
f 4307 4323 4308
f 4308 4323 4324
f 4308 4324 4309
f 4309 4324 4325
f 4309 4325 4310
f 4310 4325 4326
f 4310 4326 4311
f 4311 4326 4327
f 4311 4327 4312
f 4312 4327 4212
f 4312 4212 4210
f 4313 69 4328
f 4328 69 67
f 4328 67 4329
f 4329 67 65
f 4329 65 4330
f 4330 65 63
f 4330 63 4331
f 4331 63 61
f 4331 61 4332
f 4332 61 59
f 4332 59 4333
f 4333 59 4334
f 4333 4334 4335
f 4335 4334 4336
f 4335 4336 4337
f 4337 4336 4338
f 4337 4338 4339
f 4339 4338 4340
f 4339 4340 4341
f 4341 4340 4342
f 4341 4342 4343
f 4343 4342 4344
f 4343 4344 4345
f 4345 4344 4346
f 4345 4346 4347
f 4347 4346 4348
f 4347 4348 4349
f 4349 4348 4226
f 4349 4226 4224
f 59 57 4334
f 4334 57 4350
f 4334 4350 4336
f 4336 4350 4351
f 4336 4351 4338
f 4338 4351 4352
f 4338 4352 4340
f 4340 4352 4353
f 4340 4353 4342
f 4342 4353 4354
f 4342 4354 4344
f 4344 4354 4355
f 4344 4355 4346
f 4346 4355 4356
f 4346 4356 4348
f 4348 4356 4228
f 4348 4228 4226
f 57 56 4350
f 4350 56 4357
f 4350 4357 4351
f 4351 4357 4358
f 4351 4358 4352
f 4352 4358 4359
f 4352 4359 4353
f 4353 4359 4360
f 4353 4360 4354
f 4354 4360 4361
f 4354 4361 4355
f 4355 4361 4362
f 4355 4362 4356
f 4356 4362 4230
f 4356 4230 4228
f 56 54 4357
f 4357 54 4363
f 4357 4363 4358
f 4358 4363 4364
f 4358 4364 4359
f 4359 4364 4365
f 4359 4365 4360
f 4360 4365 4366
f 4360 4366 4361
f 4361 4366 4367
f 4361 4367 4362
f 4362 4367 4232
f 4362 4232 4230
f 54 53 4363
f 4363 53 4368
f 4363 4368 4364
f 4364 4368 4369
f 4364 4369 4365
f 4365 4369 4370
f 4365 4370 4366
f 4366 4370 4371
f 4366 4371 4367
f 4367 4371 4234
f 4367 4234 4232
f 53 51 4368
f 4368 51 4372
f 4368 4372 4369
f 4369 4372 4373
f 4369 4373 4370
f 4370 4373 4374
f 4370 4374 4371
f 4371 4374 4236
f 4371 4236 4234
f 4372 51 4375
f 4375 51 47
f 4375 47 4376
f 4376 47 45
f 4376 45 4242
f 4242 45 43
f 4243 41 4377
f 4377 41 40
f 4377 40 4378
f 4378 40 4379
f 4378 4379 4380
f 4380 4379 4381
f 4380 4381 4382
f 4382 4381 4383
f 4382 4383 4384
f 4384 4383 4385
f 4384 4385 4386
f 4386 4385 4387
f 4386 4387 4388
f 4388 4387 4389
f 4388 4389 4390
f 4390 4389 4391
f 4390 4391 4392
f 4392 4391 4393
f 4392 4393 4394
f 4394 4393 4395
f 4394 4395 4396
f 4396 4395 4397
f 4396 4397 4398
f 4398 4397 4399
f 4398 4399 4400
f 4400 4399 4401
f 4400 4401 4402
f 4402 4401 4403
f 4402 4403 4404
f 4404 4403 4405
f 4404 4405 4406
f 4406 4405 4407
f 4406 4407 4408
f 4408 4407 4409
f 4408 4409 4410
f 4410 4409 4411
f 4410 4411 4412
f 4412 4411 4413
f 4412 4413 4414
f 4414 4413 4415
f 4414 4415 4416
f 4416 4415 4417
f 4416 4417 4418
f 4418 4417 4419
f 4418 4419 4420
f 4420 4419 4421
f 4420 4421 4422
f 4422 4421 4423
f 4422 4423 4424
f 4424 4423 4425
f 4425 4423 4426
f 4425 4426 4427
f 4427 4426 4428
f 4427 4428 4429
f 4429 4428 4430
f 4429 4430 4431
f 4431 4430 4432
f 4431 4432 4433
f 4433 4432 4434
f 4433 4434 4435
f 4435 4434 4436
f 4435 4436 4437
f 4437 4436 4438
f 4437 4438 4439
f 4439 4438 4440
f 4439 4440 4441
f 4441 4440 4442
f 4441 4442 4443
f 4443 4442 4444
f 4443 4444 4445
f 4445 4444 4446
f 4445 4446 4447
f 4447 4446 4448
f 4447 4448 4449
f 4449 4448 4450
f 4449 4450 4451
f 4451 4450 4452
f 4451 4452 4453
f 4453 4452 4454
f 4453 4454 4455
f 4455 4454 4456
f 4455 4456 4457
f 4457 4456 4458
f 4457 4458 4459
f 4459 4458 4460
f 4459 4460 4461
f 4461 4460 4462
f 4461 4462 4463
f 4463 4462 4464
f 4463 4464 27
f 27 4464 29
f 29 4464 4465
f 29 4465 4466
f 4466 4465 4467
f 4466 4467 4468
f 4468 4467 4469
f 4468 4469 4470
f 4470 4469 4471
f 4470 4471 4472
f 4472 4471 4473
f 4472 4473 4387
f 4387 4473 4389
f 40 39 4379
f 4379 39 4474
f 4379 4474 4381
f 4381 4474 4475
f 4381 4475 4383
f 4383 4475 4476
f 4383 4476 4385
f 4385 4476 4472
f 4385 4472 4387
f 39 38 4474
f 4474 38 4477
f 4474 4477 4475
f 4475 4477 4478
f 4475 4478 4476
f 4476 4478 4470
f 4476 4470 4472
f 38 37 4477
f 4477 37 4479
f 4477 4479 4478
f 4478 4479 4468
f 4478 4468 4470
f 37 31 4479
f 4479 31 4466
f 4479 4466 4468
f 31 29 4466
f 27 18 4463
f 4463 18 4480
f 4463 4480 4461
f 4461 4480 4481
f 4461 4481 4459
f 4459 4481 4482
f 4459 4482 4457
f 4457 4482 4483
f 4457 4483 4455
f 4455 4483 4484
f 4455 4484 4453
f 4453 4484 4485
f 4453 4485 4451
f 4451 4485 4486
f 4451 4486 4449
f 4449 4486 4487
f 4449 4487 4447
f 4447 4487 4488
f 4447 4488 4445
f 4445 4488 4489
f 4445 4489 4443
f 4443 4489 4490
f 4443 4490 4441
f 4441 4490 4491
f 4441 4491 4439
f 4439 4491 4492
f 4439 4492 4437
f 4437 4492 4493
f 4437 4493 4435
f 4435 4493 4494
f 4435 4494 4433
f 4433 4494 4495
f 4433 4495 4431
f 18 17 4480
f 4480 17 4496
f 4480 4496 4481
f 4481 4496 4497
f 4481 4497 4482
f 4482 4497 4498
f 4482 4498 4483
f 4483 4498 4499
f 4483 4499 4484
f 4484 4499 4500
f 4484 4500 4485
f 4485 4500 4501
f 4485 4501 4486
f 4486 4501 4502
f 4486 4502 4487
f 4487 4502 4503
f 4487 4503 4488
f 4488 4503 4504
f 4488 4504 4489
f 4489 4504 4505
f 4489 4505 4490
f 4490 4505 4506
f 4490 4506 4491
f 4491 4506 4507
f 4491 4507 4492
f 4492 4507 4508
f 4492 4508 4493
f 4493 4508 4509
f 4493 4509 4494
f 4494 4509 4495
f 17 16 4496
f 4496 16 4510
f 4496 4510 4497
f 4497 4510 4511
f 4497 4511 4498
f 4498 4511 4512
f 4498 4512 4499
f 4499 4512 4513
f 4499 4513 4500
f 4500 4513 4514
f 4500 4514 4501
f 4501 4514 4515
f 4501 4515 4502
f 4502 4515 4516
f 4502 4516 4503
f 4503 4516 4517
f 4503 4517 4504
f 4504 4517 4518
f 4504 4518 4505
f 4505 4518 4519
f 4505 4519 4506
f 4506 4519 4520
f 4506 4520 4507
f 4507 4520 4521
f 4507 4521 4508
f 4508 4521 4522
f 4508 4522 4509
f 4509 4522 4523
f 4509 4523 4495
f 16 15 4510
f 4510 15 4524
f 4510 4524 4511
f 4511 4524 4525
f 4511 4525 4512
f 4512 4525 4526
f 4512 4526 4513
f 4513 4526 4527
f 4513 4527 4514
f 4514 4527 4528
f 4514 4528 4515
f 4515 4528 4529
f 4515 4529 4516
f 4516 4529 4530
f 4516 4530 4517
f 4517 4530 4531
f 4517 4531 4518
f 4518 4531 4532
f 4518 4532 4519
f 4519 4532 4533
f 4519 4533 4520
f 4520 4533 4534
f 4520 4534 4521
f 4521 4534 4535
f 4521 4535 4522
f 4522 4535 4536
f 4522 4536 4523
f 4524 15 4537
f 4537 15 14
f 4537 14 4538
f 4538 14 13
f 4538 13 4539
f 4539 13 12
f 4539 12 4540
f 4540 12 11
f 4540 11 4541
f 4541 11 7
f 4541 7 4542
f 4542 7 4543
f 4542 4543 4544
f 4544 4543 4545
f 4544 4545 4546
f 4546 4545 4547
f 4546 4547 4548
f 4548 4547 4549
f 4548 4549 4550
f 4550 4549 4551
f 4550 4551 4530
f 4530 4551 4531
f 7 3 4543
f 4543 3 4552
f 4543 4552 4553
f 4553 4552 4554
f 4553 4554 4555
f 4555 4554 4556
f 4555 4556 4557
f 4557 4556 4558
f 4557 4558 4559
f 4559 4558 4560
f 4559 4560 4561
f 3 6 4552
f 4552 6 4562
f 4552 4562 4554
f 4554 4562 4563
f 4554 4563 4556
f 4556 4563 4564
f 4556 4564 4558
f 4558 4564 4565
f 4558 4565 4560
f 6 5 4562
f 4562 5 4566
f 4562 4566 4563
f 4563 4566 4567
f 4563 4567 4564
f 4564 4567 4568
f 4564 4568 4565
f 5 4 4566
f 4566 4 4569
f 4566 4569 4567
f 4567 4569 3311
f 4567 3311 4568
f 4 2 4569
f 4569 2 3311
f 4559 4561 4570
f 4570 4561 4571
f 4570 4571 4572
f 4572 4571 4573
f 4572 4573 4574
f 4574 4573 4575
f 4574 4575 4576
f 4576 4575 4536
f 4576 4536 4535
f 4420 4577 4418
f 4418 4577 4578
f 4418 4578 4416
f 4416 4578 4579
f 4416 4579 4414
f 4414 4579 4580
f 4414 4580 4412
f 4412 4580 4581
f 4412 4581 4410
f 4410 4581 4582
f 4410 4582 4408
f 4408 4582 4583
f 4408 4583 4406
f 4406 4583 4584
f 4406 4584 4404
f 4404 4584 4585
f 4404 4585 4402
f 4402 4585 4586
f 4402 4586 4400
f 4400 4586 4587
f 4400 4587 4398
f 4398 4587 4588
f 4398 4588 4396
f 4396 4588 4589
f 4396 4589 4394
f 4394 4589 4590
f 4394 4590 4392
f 4392 4590 4591
f 4392 4591 4390
f 4390 4591 4592
f 4390 4592 4388
f 4388 4592 4593
f 4388 4593 4386
f 4386 4593 4594
f 4386 4594 4384
f 4384 4594 4595
f 4384 4595 4382
f 4382 4595 4596
f 4382 4596 4380
f 4380 4596 4597
f 4380 4597 4378
f 4378 4597 4377
f 4577 4598 4578
f 4578 4598 4579
f 4579 4598 4580
f 4580 4598 4599
f 4580 4599 4600
f 4600 4599 4601
f 4600 4601 4602
f 4602 4601 4603
f 4602 4603 4604
f 4604 4603 4605
f 4604 4605 4606
f 4606 4605 4607
f 4606 4607 4608
f 4608 4607 4609
f 4608 4609 4610
f 4610 4609 4611
f 4610 4611 4612
f 4612 4611 4613
f 4612 4613 4614
f 4614 4613 4615
f 4614 4615 4616
f 4616 4615 4617
f 4616 4617 4618
f 4618 4617 4619
f 4618 4619 4620
f 4620 4619 4621
f 4620 4621 4622
f 4622 4621 4623
f 4622 4623 4624
f 4624 4623 4625
f 4624 4625 4626
f 4626 4625 4627
f 4626 4627 4628
f 4628 4627 4629
f 4628 4629 4630
f 4630 4629 4631
f 4630 4631 4632
f 4632 4631 4633
f 4632 4633 4634
f 4634 4633 4239
f 4634 4239 4241
f 4601 4635 4603
f 4603 4635 4636
f 4603 4636 4605
f 4605 4636 4637
f 4605 4637 4607
f 4607 4637 4638
f 4607 4638 4609
f 4609 4638 4639
f 4609 4639 4611
f 4611 4639 4640
f 4611 4640 4613
f 4613 4640 4641
f 4613 4641 4615
f 4615 4641 4642
f 4615 4642 4617
f 4617 4642 4643
f 4617 4643 4619
f 4619 4643 4644
f 4619 4644 4621
f 4621 4644 4645
f 4621 4645 4623
f 4623 4645 4646
f 4623 4646 4625
f 4625 4646 4647
f 4625 4647 4627
f 4627 4647 4648
f 4627 4648 4629
f 4629 4648 4649
f 4629 4649 4631
f 4631 4649 4650
f 4631 4650 4633
f 4633 4650 4237
f 4633 4237 4239
f 4635 4651 4636
f 4636 4651 4652
f 4636 4652 4637
f 4637 4652 4653
f 4637 4653 4638
f 4638 4653 4654
f 4638 4654 4639
f 4639 4654 4655
f 4639 4655 4640
f 4640 4655 4656
f 4640 4656 4641
f 4641 4656 4657
f 4641 4657 4642
f 4642 4657 4658
f 4642 4658 4643
f 4643 4658 4659
f 4643 4659 4644
f 4644 4659 4660
f 4644 4660 4645
f 4645 4660 4661
f 4645 4661 4646
f 4646 4661 4662
f 4646 4662 4647
f 4647 4662 4663
f 4647 4663 4648
f 4648 4663 4664
f 4648 4664 4649
f 4649 4664 4665
f 4649 4665 4650
f 4650 4665 4235
f 4650 4235 4237
f 4652 4651 4666
f 4666 4651 4667
f 4666 4667 4668
f 4668 4667 4669
f 4668 4669 4670
f 4670 4669 4671
f 4670 4671 4672
f 4672 4671 4673
f 4672 4673 4674
f 4674 4673 4675
f 4674 4675 4676
f 4676 4675 4677
f 4676 4677 4678
f 4678 4677 4679
f 4678 4679 4680
f 4680 4679 4681
f 4680 4681 4682
f 4682 4681 4683
f 4682 4683 4684
f 4684 4683 4685
f 4684 4685 4686
f 4686 4685 4687
f 4686 4687 4688
f 4688 4687 4689
f 4688 4689 4690
f 4690 4689 4227
f 4690 4227 4229
f 4669 4691 4671
f 4671 4691 4692
f 4671 4692 4673
f 4673 4692 4693
f 4673 4693 4675
f 4675 4693 4694
f 4675 4694 4677
f 4677 4694 4695
f 4677 4695 4679
f 4679 4695 4696
f 4679 4696 4681
f 4681 4696 4697
f 4681 4697 4683
f 4683 4697 4698
f 4683 4698 4685
f 4685 4698 4699
f 4685 4699 4687
f 4687 4699 4700
f 4687 4700 4689
f 4689 4700 4225
f 4689 4225 4227
f 4691 4701 4692
f 4692 4701 4702
f 4692 4702 4693
f 4693 4702 4703
f 4693 4703 4694
f 4694 4703 4704
f 4694 4704 4695
f 4695 4704 4705
f 4695 4705 4696
f 4696 4705 4706
f 4696 4706 4697
f 4697 4706 4707
f 4697 4707 4698
f 4698 4707 4708
f 4698 4708 4699
f 4699 4708 4709
f 4699 4709 4700
f 4700 4709 4223
f 4700 4223 4225
f 4702 4701 4710
f 4710 4701 4711
f 4710 4711 4712
f 4712 4711 4713
f 4712 4713 4714
f 4714 4713 4715
f 4714 4715 4716
f 4716 4715 4717
f 4716 4717 4718
f 4718 4717 4719
f 4718 4719 4720
f 4720 4719 4721
f 4720 4721 4722
f 4722 4721 4215
f 4722 4215 4217
f 4713 4723 4715
f 4715 4723 4724
f 4715 4724 4717
f 4717 4724 4725
f 4717 4725 4719
f 4719 4725 4726
f 4719 4726 4721
f 4721 4726 4213
f 4721 4213 4215
f 4723 4727 4724
f 4724 4727 4728
f 4724 4728 4725
f 4725 4728 4729
f 4725 4729 4726
f 4726 4729 4211
f 4726 4211 4213
f 4728 4727 4730
f 4730 4727 4731
f 4730 4731 4207
f 4207 4731 4205
f 4200 4202 4732
f 4732 4202 4733
f 4732 4733 4734
f 4734 4733 4735
f 4734 4735 4736
f 4736 4735 4737
f 4736 4737 4738
f 4738 4737 4739
f 4738 4739 4740
f 4740 4739 4741
f 4740 4741 4742
f 4742 4741 4743
f 4742 4743 4744
f 4744 4743 4745
f 4744 4745 4746
f 4746 4745 4747
f 4746 4747 4748
f 4748 4747 4749
f 4748 4749 4750
f 4750 4749 4751
f 4750 4751 4752
f 4752 4751 4753
f 4752 4753 4754
f 4754 4753 4755
f 4754 4755 4756
f 4756 4755 4757
f 4756 4757 4758
f 4758 4757 4759
f 4758 4759 4760
f 4760 4759 4761
f 4760 4761 4762
f 4762 4761 4763
f 4762 4763 4764
f 4764 4763 4765
f 4764 4765 4766
f 4766 4765 4767
f 4766 4767 4768
f 4768 4767 4769
f 4768 4769 4770
f 4770 4769 4038
f 4770 4038 4040
f 4735 4771 4737
f 4737 4771 4772
f 4737 4772 4739
f 4739 4772 4773
f 4739 4773 4741
f 4741 4773 4774
f 4741 4774 4743
f 4743 4774 4775
f 4743 4775 4745
f 4745 4775 4776
f 4745 4776 4747
f 4747 4776 4777
f 4747 4777 4749
f 4749 4777 4778
f 4749 4778 4751
f 4751 4778 4779
f 4751 4779 4753
f 4753 4779 4780
f 4753 4780 4755
f 4755 4780 4781
f 4755 4781 4757
f 4757 4781 4782
f 4757 4782 4759
f 4759 4782 4783
f 4759 4783 4761
f 4761 4783 4784
f 4761 4784 4763
f 4763 4784 4785
f 4763 4785 4765
f 4765 4785 4786
f 4765 4786 4767
f 4767 4786 4787
f 4767 4787 4769
f 4769 4787 4036
f 4769 4036 4038
f 4771 4788 4772
f 4772 4788 4789
f 4772 4789 4773
f 4773 4789 4790
f 4773 4790 4774
f 4774 4790 4791
f 4774 4791 4775
f 4775 4791 4792
f 4775 4792 4776
f 4776 4792 4793
f 4776 4793 4777
f 4777 4793 4794
f 4777 4794 4778
f 4778 4794 4795
f 4778 4795 4779
f 4779 4795 4796
f 4779 4796 4780
f 4780 4796 4797
f 4780 4797 4781
f 4781 4797 4798
f 4781 4798 4782
f 4782 4798 4799
f 4782 4799 4783
f 4783 4799 4800
f 4783 4800 4784
f 4784 4800 4801
f 4784 4801 4785
f 4785 4801 4802
f 4785 4802 4786
f 4786 4802 4803
f 4786 4803 4787
f 4787 4803 4034
f 4787 4034 4036
f 4789 4788 4804
f 4804 4788 4805
f 4804 4805 4806
f 4806 4805 4807
f 4806 4807 4808
f 4808 4807 4809
f 4808 4809 4810
f 4810 4809 4811
f 4810 4811 4812
f 4812 4811 4813
f 4812 4813 4814
f 4814 4813 4815
f 4814 4815 4816
f 4816 4815 4817
f 4816 4817 4818
f 4818 4817 4819
f 4818 4819 4820
f 4820 4819 4821
f 4820 4821 4822
f 4822 4821 4823
f 4822 4823 4824
f 4824 4823 4825
f 4824 4825 4826
f 4826 4825 4827
f 4826 4827 4828
f 4828 4827 4829
f 4828 4829 4830
f 4830 4829 4026
f 4830 4026 4028
f 4807 4831 4809
f 4809 4831 4832
f 4809 4832 4811
f 4811 4832 4833
f 4811 4833 4813
f 4813 4833 4834
f 4813 4834 4815
f 4815 4834 4835
f 4815 4835 4817
f 4817 4835 4836
f 4817 4836 4819
f 4819 4836 4837
f 4819 4837 4821
f 4821 4837 4838
f 4821 4838 4823
f 4823 4838 4839
f 4823 4839 4825
f 4825 4839 4840
f 4825 4840 4827
f 4827 4840 4841
f 4827 4841 4829
f 4829 4841 4024
f 4829 4024 4026
f 4831 4842 4832
f 4832 4842 4843
f 4832 4843 4833
f 4833 4843 4844
f 4833 4844 4834
f 4834 4844 4845
f 4834 4845 4835
f 4835 4845 4846
f 4835 4846 4836
f 4836 4846 4847
f 4836 4847 4837
f 4837 4847 4848
f 4837 4848 4838
f 4838 4848 4849
f 4838 4849 4839
f 4839 4849 4850
f 4839 4850 4840
f 4840 4850 4851
f 4840 4851 4841
f 4841 4851 4022
f 4841 4022 4024
f 4843 4842 4852
f 4852 4842 4853
f 4852 4853 4854
f 4854 4853 4855
f 4854 4855 4856
f 4856 4855 4857
f 4856 4857 4858
f 4858 4857 4859
f 4858 4859 4860
f 4860 4859 4861
f 4860 4861 4862
f 4862 4861 4863
f 4862 4863 4864
f 4864 4863 4865
f 4864 4865 4866
f 4866 4865 4012
f 4866 4012 4014
f 4857 4867 4859
f 4859 4867 4868
f 4859 4868 4861
f 4861 4868 4869
f 4861 4869 4863
f 4863 4869 4870
f 4863 4870 4865
f 4865 4870 4010
f 4865 4010 4012
f 4867 4871 4868
f 4868 4871 4872
f 4868 4872 4869
f 4869 4872 4873
f 4869 4873 4870
f 4870 4873 4008
f 4870 4008 4010
f 4872 4871 4874
f 4874 4871 4875
f 4874 4875 4004
f 4004 4875 4002
f 4001 4876 3999
f 3999 4876 4877
f 3999 4877 3997
f 3997 4877 4878
f 3997 4878 3995
f 3995 4878 4879
f 3995 4879 3993
f 3993 4879 4880
f 3993 4880 3991
f 3991 4880 4881
f 3991 4881 3989
f 3989 4881 4882
f 3989 4882 3987
f 3987 4882 4883
f 3987 4883 3985
f 3985 4883 4884
f 3985 4884 3983
f 3983 4884 4885
f 3983 4885 3981
f 3981 4885 4886
f 3981 4886 3979
f 3979 4886 4887
f 3979 4887 3977
f 3977 4887 4888
f 3977 4888 3975
f 3975 4888 4889
f 3975 4889 3973
f 3973 4889 4890
f 3973 4890 3971
f 3971 4890 4891
f 3971 4891 3969
f 3969 4891 4892
f 3969 4892 3967
f 3967 4892 4893
f 3967 4893 3965
f 3965 4893 4894
f 3965 4894 3963
f 3963 4894 3962
f 4877 4876 4895
f 4895 4876 4896
f 4895 4896 4897
f 4897 4896 4898
f 4897 4898 4899
f 4899 4898 4900
f 4899 4900 4901
f 4901 4900 4902
f 4901 4902 4903
f 4903 4902 4904
f 4903 4904 4905
f 4905 4904 4906
f 4905 4906 4907
f 4907 4906 4908
f 4907 4908 4909
f 4909 4908 4910
f 4909 4910 4911
f 4911 4910 4912
f 4911 4912 4913
f 4913 4912 4914
f 4913 4914 4915
f 4915 4914 4916
f 4915 4916 4917
f 4917 4916 4918
f 4917 4918 4919
f 4919 4918 4920
f 4919 4920 4921
f 4921 4920 4922
f 4921 4922 4923
f 4923 4922 4924
f 4923 4924 4925
f 4925 4924 4926
f 4925 4926 4927
f 4927 4926 4928
f 4927 4928 4929
f 4929 4928 4930
f 4929 4930 4931
f 4931 4930 3609
f 4931 3609 3611
f 4898 4932 4900
f 4900 4932 4933
f 4900 4933 4902
f 4902 4933 4934
f 4902 4934 4904
f 4904 4934 4935
f 4904 4935 4906
f 4906 4935 4936
f 4906 4936 4908
f 4908 4936 4937
f 4908 4937 4910
f 4910 4937 4938
f 4910 4938 4912
f 4912 4938 4939
f 4912 4939 4914
f 4914 4939 4940
f 4914 4940 4916
f 4916 4940 4941
f 4916 4941 4918
f 4918 4941 4942
f 4918 4942 4920
f 4920 4942 4943
f 4920 4943 4922
f 4922 4943 4944
f 4922 4944 4924
f 4924 4944 4945
f 4924 4945 4926
f 4926 4945 4946
f 4926 4946 4928
f 4928 4946 4947
f 4928 4947 4930
f 4930 4947 3607
f 4930 3607 3609
f 4932 4948 4933
f 4933 4948 4949
f 4933 4949 4934
f 4934 4949 4950
f 4934 4950 4935
f 4935 4950 4951
f 4935 4951 4936
f 4936 4951 4952
f 4936 4952 4937
f 4937 4952 4953
f 4937 4953 4938
f 4938 4953 4954
f 4938 4954 4939
f 4939 4954 4955
f 4939 4955 4940
f 4940 4955 4956
f 4940 4956 4941
f 4941 4956 4957
f 4941 4957 4942
f 4942 4957 4958
f 4942 4958 4943
f 4943 4958 4959
f 4943 4959 4944
f 4944 4959 4960
f 4944 4960 4945
f 4945 4960 4961
f 4945 4961 4946
f 4946 4961 4962
f 4946 4962 4947
f 4947 4962 3605
f 4947 3605 3607
f 4949 4948 4963
f 4963 4948 4964
f 4963 4964 4965
f 4965 4964 4966
f 4965 4966 4967
f 4967 4966 4968
f 4967 4968 4969
f 4969 4968 4970
f 4969 4970 4971
f 4971 4970 4972
f 4971 4972 4973
f 4973 4972 4974
f 4973 4974 4975
f 4975 4974 4976
f 4975 4976 4977
f 4977 4976 4978
f 4977 4978 4979
f 4979 4978 4980
f 4979 4980 4981
f 4981 4980 4982
f 4981 4982 4983
f 4983 4982 4984
f 4983 4984 4985
f 4985 4984 4986
f 4985 4986 4987
f 4987 4986 3597
f 4987 3597 3599
f 4966 4988 4968
f 4968 4988 4989
f 4968 4989 4970
f 4970 4989 4990
f 4970 4990 4972
f 4972 4990 4991
f 4972 4991 4974
f 4974 4991 4992
f 4974 4992 4976
f 4976 4992 4993
f 4976 4993 4978
f 4978 4993 4994
f 4978 4994 4980
f 4980 4994 4995
f 4980 4995 4982
f 4982 4995 4996
f 4982 4996 4984
f 4984 4996 4997
f 4984 4997 4986
f 4986 4997 3595
f 4986 3595 3597
f 4988 4998 4989
f 4989 4998 4999
f 4989 4999 4990
f 4990 4999 5000
f 4990 5000 4991
f 4991 5000 5001
f 4991 5001 4992
f 4992 5001 5002
f 4992 5002 4993
f 4993 5002 5003
f 4993 5003 4994
f 4994 5003 5004
f 4994 5004 4995
f 4995 5004 5005
f 4995 5005 4996
f 4996 5005 5006
f 4996 5006 4997
f 4997 5006 3593
f 4997 3593 3595
f 4999 4998 5007
f 5007 4998 5008
f 5007 5008 5009
f 5009 5008 5010
f 5009 5010 5011
f 5011 5010 5012
f 5011 5012 5013
f 5013 5012 5014
f 5013 5014 5015
f 5015 5014 5016
f 5015 5016 5017
f 5017 5016 5018
f 5017 5018 5019
f 5019 5018 3585
f 5019 3585 3587
f 5010 5020 5012
f 5012 5020 5021
f 5012 5021 5014
f 5014 5021 5022
f 5014 5022 5016
f 5016 5022 5023
f 5016 5023 5018
f 5018 5023 3583
f 5018 3583 3585
f 5020 5024 5021
f 5021 5024 5025
f 5021 5025 5022
f 5022 5025 5026
f 5022 5026 5023
f 5023 5026 3581
f 5023 3581 3583
f 5025 5024 5027
f 5027 5024 5028
f 5027 5028 3577
f 3577 5028 3575
f 3571 5029 3569
f 3569 5029 5030
f 3569 5030 3567
f 3567 5030 5031
f 3567 5031 3565
f 3565 5031 5032
f 3565 5032 3563
f 3563 5032 5033
f 3563 5033 3561
f 3561 5033 5034
f 3561 5034 3559
f 3559 5034 5035
f 3559 5035 3557
f 3557 5035 5036
f 3557 5036 3555
f 3555 5036 5037
f 3555 5037 3553
f 3553 5037 5038
f 3553 5038 3551
f 3551 5038 5039
f 3551 5039 3549
f 3549 5039 5040
f 3549 5040 3547
f 3547 5040 5041
f 3547 5041 3545
f 3545 5041 5042
f 3545 5042 3543
f 3543 5042 5043
f 3543 5043 3541
f 3541 5043 5044
f 3541 5044 3539
f 3539 5044 5045
f 3539 5045 3537
f 3537 5045 5046
f 3537 5046 3535
f 3535 5046 5047
f 3535 5047 3533
f 3533 5047 5048
f 3533 5048 3531
f 3531 5048 5049
f 3531 5049 3529
f 3529 5049 5050
f 3529 5050 3527
f 3527 5050 5051
f 3527 5051 3525
f 3525 5051 5052
f 3525 5052 3523
f 3523 5052 5053
f 3523 5053 3521
f 3521 5053 3520
f 5029 5054 5030
f 5030 5054 5055
f 5030 5055 5031
f 5031 5055 5056
f 5031 5056 5032
f 5032 5056 5057
f 5032 5057 5033
f 5033 5057 5058
f 5033 5058 5034
f 5034 5058 5059
f 5034 5059 5035
f 5035 5059 5060
f 5035 5060 5036
f 5036 5060 5061
f 5036 5061 5037
f 5037 5061 5062
f 5037 5062 5038
f 5038 5062 5063
f 5038 5063 5039
f 5039 5063 5064
f 5039 5064 5040
f 5040 5064 5065
f 5040 5065 5041
f 5041 5065 5066
f 5041 5066 5042
f 5042 5066 5067
f 5042 5067 5043
f 5043 5067 5068
f 5043 5068 5044
f 5044 5068 5069
f 5044 5069 5045
f 5045 5069 5070
f 5045 5070 5046
f 5046 5070 5071
f 5046 5071 5047
f 5047 5071 5072
f 5047 5072 5048
f 5048 5072 5073
f 5048 5073 5049
f 5049 5073 5074
f 5049 5074 5050
f 5050 5074 5075
f 5050 5075 5051
f 5051 5075 5076
f 5051 5076 5052
f 5052 5076 5077
f 5052 5077 5053
f 5053 5077 5078
f 5053 5078 3520
f 3520 5078 3519
f 5055 5054 5079
f 5079 5054 5080
f 5079 5080 5081
f 5081 5080 5082
f 5081 5082 5083
f 5083 5082 5084
f 5083 5084 5085
f 5085 5084 5086
f 5085 5086 5087
f 5087 5086 5088
f 5087 5088 5089
f 5089 5088 5090
f 5089 5090 5091
f 5091 5090 5092
f 5091 5092 5093
f 5093 5092 5094
f 5093 5094 5095
f 5095 5094 5096
f 5095 5096 5097
f 5097 5096 5098
f 5097 5098 5099
f 5099 5098 5100
f 5099 5100 5101
f 5101 5100 5102
f 5101 5102 5103
f 5103 5102 5104
f 5103 5104 5105
f 5105 5104 5106
f 5105 5106 5107
f 5107 5106 5108
f 5107 5108 5109
f 5109 5108 5110
f 5109 5110 5111
f 5111 5110 5112
f 5111 5112 5113
f 5113 5112 5114
f 5113 5114 5115
f 5115 5114 5116
f 5115 5116 5117
f 5117 5116 5118
f 5117 5118 5119
f 5119 5118 5120
f 5119 5120 5121
f 5121 5120 5122
f 5121 5122 5123
f 5123 5122 5124
f 5123 5124 5125
f 5125 5124 5126
f 5125 5126 5127
f 5127 5126 5128
f 5127 5128 5129
f 5129 5128 5130
f 5129 5130 5131
f 5131 5130 5132
f 5131 5132 3513
f 3513 5132 3511
f 5082 5133 5084
f 5084 5133 5134
f 5084 5134 5086
f 5086 5134 5135
f 5086 5135 5088
f 5088 5135 5136
f 5088 5136 5090
f 5090 5136 5137
f 5090 5137 5092
f 5092 5137 5138
f 5092 5138 5094
f 5094 5138 5139
f 5094 5139 5096
f 5096 5139 5140
f 5096 5140 5098
f 5098 5140 5141
f 5098 5141 5100
f 5100 5141 5142
f 5100 5142 5102
f 5102 5142 5143
f 5102 5143 5104
f 5104 5143 5144
f 5104 5144 5106
f 5106 5144 5145
f 5106 5145 5108
f 5108 5145 5146
f 5108 5146 5110
f 5110 5146 5147
f 5110 5147 5112
f 5112 5147 5148
f 5112 5148 5114
f 5114 5148 5149
f 5114 5149 5116
f 5116 5149 5150
f 5116 5150 5118
f 5118 5150 5151
f 5118 5151 5120
f 5120 5151 5152
f 5120 5152 5122
f 5122 5152 5153
f 5122 5153 5124
f 5124 5153 5154
f 5124 5154 5126
f 5126 5154 5155
f 5126 5155 5128
f 5128 5155 5156
f 5128 5156 5130
f 5130 5156 5157
f 5130 5157 5132
f 5132 5157 5158
f 5132 5158 3511
f 3511 5158 3509
f 5133 5159 5134
f 5134 5159 5160
f 5134 5160 5135
f 5135 5160 5161
f 5135 5161 5136
f 5136 5161 5162
f 5136 5162 5137
f 5137 5162 5163
f 5137 5163 5138
f 5138 5163 5164
f 5138 5164 5139
f 5139 5164 5165
f 5139 5165 5140
f 5140 5165 5166
f 5140 5166 5141
f 5141 5166 5167
f 5141 5167 5142
f 5142 5167 5168
f 5142 5168 5143
f 5143 5168 5169
f 5143 5169 5144
f 5144 5169 5170
f 5144 5170 5145
f 5145 5170 5171
f 5145 5171 5146
f 5146 5171 5172
f 5146 5172 5147
f 5147 5172 5173
f 5147 5173 5148
f 5148 5173 5174
f 5148 5174 5149
f 5149 5174 5175
f 5149 5175 5150
f 5150 5175 5176
f 5150 5176 5151
f 5151 5176 5177
f 5151 5177 5152
f 5152 5177 5178
f 5152 5178 5153
f 5153 5178 5179
f 5153 5179 5154
f 5154 5179 5180
f 5154 5180 5155
f 5155 5180 5181
f 5155 5181 5156
f 5156 5181 5182
f 5156 5182 5157
f 5157 5182 5183
f 5157 5183 5158
f 5158 5183 5184
f 5158 5184 3509
f 3509 5184 3507
f 5160 5159 5185
f 5185 5159 5186
f 5185 5186 5187
f 5187 5186 5188
f 5187 5188 5189
f 5189 5188 5190
f 5189 5190 5191
f 5191 5190 5192
f 5191 5192 5193
f 5193 5192 5194
f 5193 5194 5195
f 5195 5194 5196
f 5195 5196 5197
f 5197 5196 5198
f 5197 5198 5199
f 5199 5198 5200
f 5199 5200 5201
f 5201 5200 5202
f 5201 5202 5203
f 5203 5202 5204
f 5203 5204 5205
f 5205 5204 5206
f 5205 5206 5207
f 5207 5206 5208
f 5207 5208 5209
f 5209 5208 5210
f 5209 5210 5211
f 5211 5210 5212
f 5211 5212 5213
f 5213 5212 5214
f 5213 5214 5215
f 5215 5214 5216
f 5215 5216 5217
f 5217 5216 5218
f 5217 5218 5219
f 5219 5218 5220
f 5219 5220 5221
f 5221 5220 5222
f 5221 5222 5223
f 5223 5222 5224
f 5223 5224 5225
f 5225 5224 5226
f 5225 5226 5227
f 5227 5226 5228
f 5227 5228 5229
f 5229 5228 5230
f 5229 5230 5231
f 5231 5230 5232
f 5231 5232 5233
f 5233 5232 5234
f 5233 5234 3505
f 3505 5234 3503
f 5188 5235 5190
f 5190 5235 5236
f 5190 5236 5192
f 5192 5236 5237
f 5192 5237 5194
f 5194 5237 5238
f 5194 5238 5196
f 5196 5238 5239
f 5196 5239 5198
f 5198 5239 5240
f 5198 5240 5200
f 5200 5240 5241
f 5200 5241 5202
f 5202 5241 5242
f 5202 5242 5204
f 5204 5242 5243
f 5204 5243 5206
f 5206 5243 5244
f 5206 5244 5208
f 5208 5244 5245
f 5208 5245 5210
f 5210 5245 5246
f 5210 5246 5212
f 5212 5246 5247
f 5212 5247 5214
f 5214 5247 5248
f 5214 5248 5216
f 5216 5248 5249
f 5216 5249 5218
f 5218 5249 5250
f 5218 5250 5220
f 5220 5250 5251
f 5220 5251 5222
f 5222 5251 5252
f 5222 5252 5224
f 5224 5252 5253
f 5224 5253 5226
f 5226 5253 5254
f 5226 5254 5228
f 5228 5254 5255
f 5228 5255 5230
f 5230 5255 5256
f 5230 5256 5232
f 5232 5256 5257
f 5232 5257 5234
f 5234 5257 5258
f 5234 5258 3503
f 3503 5258 3501
f 5235 5259 5236
f 5236 5259 5260
f 5236 5260 5237
f 5237 5260 5261
f 5237 5261 5238
f 5238 5261 5262
f 5238 5262 5239
f 5239 5262 5263
f 5239 5263 5240
f 5240 5263 5264
f 5240 5264 5241
f 5241 5264 5265
f 5241 5265 5242
f 5242 5265 5266
f 5242 5266 5243
f 5243 5266 5267
f 5243 5267 5244
f 5244 5267 5268
f 5244 5268 5245
f 5245 5268 5269
f 5245 5269 5246
f 5246 5269 5270
f 5246 5270 5247
f 5247 5270 5271
f 5247 5271 5248
f 5248 5271 5272
f 5248 5272 5249
f 5249 5272 5273
f 5249 5273 5250
f 5250 5273 5274
f 5250 5274 5251
f 5251 5274 5275
f 5251 5275 5252
f 5252 5275 5276
f 5252 5276 5253
f 5253 5276 5277
f 5253 5277 5254
f 5254 5277 5278
f 5254 5278 5255
f 5255 5278 5279
f 5255 5279 5256
f 5256 5279 5280
f 5256 5280 5257
f 5257 5280 5281
f 5257 5281 5258
f 5258 5281 5282
f 5258 5282 3501
f 3501 5282 3499
f 5260 5259 5283
f 5283 5259 5284
f 5283 5284 5285
f 5285 5284 5286
f 5285 5286 5287
f 5287 5286 5288
f 5287 5288 5289
f 5289 5288 5290
f 5289 5290 5291
f 5291 5290 5292
f 5291 5292 5293
f 5293 5292 5294
f 5293 5294 5295
f 5295 5294 5296
f 5295 5296 5297
f 5297 5296 5298
f 5297 5298 5299
f 5299 5298 5300
f 5299 5300 5301
f 5301 5300 5302
f 5301 5302 5303
f 5303 5302 5304
f 5303 5304 5305
f 5305 5304 5306
f 5305 5306 5307
f 5307 5306 5308
f 5307 5308 5309
f 5309 5308 5310
f 5309 5310 5311
f 5311 5310 5312
f 5311 5312 5313
f 5313 5312 5314
f 5313 5314 5315
f 5315 5314 5316
f 5315 5316 5317
f 5317 5316 5318
f 5317 5318 5319
f 5319 5318 5320
f 5319 5320 5321
f 5321 5320 5322
f 5321 5322 5323
f 5323 5322 5324
f 5323 5324 5325
f 5325 5324 5326
f 5325 5326 5327
f 5327 5326 5328
f 5327 5328 3497
f 3497 5328 3495
f 5286 5329 5288
f 5288 5329 5330
f 5288 5330 5290
f 5290 5330 5331
f 5290 5331 5292
f 5292 5331 5332
f 5292 5332 5294
f 5294 5332 5333
f 5294 5333 5296
f 5296 5333 5334
f 5296 5334 5298
f 5298 5334 5335
f 5298 5335 5300
f 5300 5335 5336
f 5300 5336 5302
f 5302 5336 5337
f 5302 5337 5304
f 5304 5337 5338
f 5304 5338 5306
f 5306 5338 5339
f 5306 5339 5308
f 5308 5339 5340
f 5308 5340 5310
f 5310 5340 5341
f 5310 5341 5312
f 5312 5341 5342
f 5312 5342 5314
f 5314 5342 5343
f 5314 5343 5316
f 5316 5343 5344
f 5316 5344 5318
f 5318 5344 5345
f 5318 5345 5320
f 5320 5345 5346
f 5320 5346 5322
f 5322 5346 5347
f 5322 5347 5324
f 5324 5347 5348
f 5324 5348 5326
f 5326 5348 5349
f 5326 5349 5328
f 5328 5349 5350
f 5328 5350 3495
f 3495 5350 3493
f 5330 5329 5331
f 5331 5329 5351
f 5331 5351 5332
f 5332 5351 5352
f 5332 5352 5353
f 5353 5352 5354
f 5353 5354 5355
f 5355 5354 5356
f 5355 5356 5357
f 5357 5356 5358
f 5357 5358 5359
f 5359 5358 5360
f 5359 5360 5361
f 5361 5360 5362
f 5361 5362 5363
f 5363 5362 5364
f 5363 5364 5365
f 5365 5364 5366
f 5365 5366 5367
f 5367 5366 5368
f 5367 5368 5369
f 5369 5368 5370
f 5369 5370 5371
f 5371 5370 5372
f 5371 5372 5373
f 5373 5372 5374
f 5373 5374 5375
f 5375 5374 5376
f 5375 5376 5377
f 5377 5376 5378
f 5377 5378 5379
f 5379 5378 5380
f 5379 5380 5381
f 5381 5380 5382
f 5381 5382 5383
f 5383 5382 5384
f 5383 5384 5385
f 5385 5384 5386
f 5385 5386 5387
f 5387 5386 5388
f 5387 5388 5389
f 5389 5388 5390
f 5389 5390 3491
f 3491 5390 3489
f 5352 5391 5354
f 5354 5391 5392
f 5354 5392 5356
f 5356 5392 5393
f 5356 5393 5358
f 5358 5393 5394
f 5358 5394 5360
f 5360 5394 5395
f 5360 5395 5362
f 5362 5395 5396
f 5362 5396 5364
f 5364 5396 5397
f 5364 5397 5366
f 5366 5397 5398
f 5366 5398 5368
f 5368 5398 5399
f 5368 5399 5370
f 5370 5399 5400
f 5370 5400 5372
f 5372 5400 5401
f 5372 5401 5374
f 5374 5401 5402
f 5374 5402 5376
f 5376 5402 5403
f 5376 5403 5378
f 5378 5403 5404
f 5378 5404 5380
f 5380 5404 5405
f 5380 5405 5382
f 5382 5405 5406
f 5382 5406 5384
f 5384 5406 5407
f 5384 5407 5386
f 5386 5407 5408
f 5386 5408 5388
f 5388 5408 5409
f 5388 5409 5390
f 5390 5409 5410
f 5390 5410 3489
f 3489 5410 3487
f 5391 5411 5392
f 5392 5411 5412
f 5392 5412 5393
f 5393 5412 5413
f 5393 5413 5394
f 5394 5413 5414
f 5394 5414 5395
f 5395 5414 5415
f 5395 5415 5396
f 5396 5415 5416
f 5396 5416 5397
f 5397 5416 5417
f 5397 5417 5398
f 5398 5417 5418
f 5398 5418 5399
f 5399 5418 5419
f 5399 5419 5400
f 5400 5419 5420
f 5400 5420 5401
f 5401 5420 5421
f 5401 5421 5402
f 5402 5421 5422
f 5402 5422 5403
f 5403 5422 5423
f 5403 5423 5404
f 5404 5423 5424
f 5404 5424 5405
f 5405 5424 5425
f 5405 5425 5406
f 5406 5425 5426
f 5406 5426 5407
f 5407 5426 5427
f 5407 5427 5408
f 5408 5427 5428
f 5408 5428 5409
f 5409 5428 5429
f 5409 5429 5410
f 5410 5429 5430
f 5410 5430 3487
f 3487 5430 3485
f 5412 5411 5431
f 5431 5411 5432
f 5431 5432 5433
f 5433 5432 5434
f 5433 5434 5435
f 5435 5434 5436
f 5435 5436 5414
f 5414 5436 5415
f 5432 5437 5434
f 5434 5437 5438
f 5434 5438 5436
f 5436 5438 5439
f 5436 5439 5415
f 5415 5439 5416
f 5437 5440 5438
f 5438 5440 5441
f 5438 5441 5442
f 5442 5441 5443
f 5442 5443 5444
f 5444 5443 5445
f 5444 5445 5446
f 5446 5445 5447
f 5446 5447 5448
f 5448 5447 5449
f 5448 5449 5450
f 5450 5449 5451
f 5450 5451 5452
f 5452 5451 5453
f 5452 5453 5454
f 5454 5453 5455
f 5454 5455 5456
f 5456 5455 5457
f 5456 5457 5458
f 5458 5457 5459
f 5458 5459 5460
f 5460 5459 5461
f 5460 5461 5462
f 5462 5461 5463
f 5462 5463 5464
f 5464 5463 5465
f 5464 5465 5466
f 5466 5465 5467
f 5466 5467 5468
f 5468 5467 5469
f 5468 5469 5470
f 5470 5469 5471
f 5470 5471 5472
f 5472 5471 5473
f 5472 5473 3481
f 3481 5473 3479
f 5441 5440 5474
f 5474 5440 5475
f 5474 5475 5476
f 5476 5475 5477
f 5476 5477 5445
f 5445 5477 5447
f 5475 5478 5477
f 5477 5478 5479
f 5477 5479 5480
f 5480 5479 5481
f 5480 5481 5482
f 5482 5481 5483
f 5482 5483 5484
f 5484 5483 5485
f 5484 5485 5486
f 5486 5485 5487
f 5486 5487 5488
f 5488 5487 5489
f 5488 5489 5490
f 5490 5489 5491
f 5490 5491 5492
f 5492 5491 5493
f 5492 5493 5494
f 5494 5493 5495
f 5494 5495 5496
f 5496 5495 5497
f 5496 5497 5498
f 5498 5497 5499
f 5498 5499 5500
f 5500 5499 5501
f 5500 5501 5502
f 5502 5501 5503
f 5502 5503 5504
f 5504 5503 5505
f 5504 5505 5506
f 5506 5505 5507
f 5506 5507 3477
f 3477 5507 3475
f 5478 5508 5479
f 5479 5508 5509
f 5479 5509 5481
f 5481 5509 5510
f 5481 5510 5483
f 5483 5510 5511
f 5483 5511 5485
f 5485 5511 5512
f 5485 5512 5487
f 5487 5512 5513
f 5487 5513 5489
f 5489 5513 5514
f 5489 5514 5491
f 5491 5514 5515
f 5491 5515 5493
f 5493 5515 5516
f 5493 5516 5495
f 5495 5516 5517
f 5495 5517 5497
f 5497 5517 5518
f 5497 5518 5499
f 5499 5518 5519
f 5499 5519 5501
f 5501 5519 5520
f 5501 5520 5503
f 5503 5520 5521
f 5503 5521 5505
f 5505 5521 5522
f 5505 5522 5507
f 5507 5522 5523
f 5507 5523 3475
f 3475 5523 3473
f 5509 5508 5510
f 5510 5508 5524
f 5510 5524 5511
f 5511 5524 5525
f 5511 5525 5512
f 5512 5525 5526
f 5512 5526 5513
f 5513 5526 5527
f 5513 5527 5514
f 5514 5527 5528
f 5514 5528 5515
f 5515 5528 5529
f 5515 5529 5516
f 5516 5529 5530
f 5516 5530 5517
f 5517 5530 5531
f 5517 5531 5518
f 5518 5531 5532
f 5518 5532 5519
f 5519 5532 5533
f 5519 5533 5520
f 5520 5533 5534
f 5520 5534 5521
f 5521 5534 5535
f 5521 5535 5522
f 5522 5535 5536
f 5522 5536 5523
f 5523 5536 5537
f 5523 5537 3473
f 3473 5537 3471
f 5524 5538 5525
f 5525 5538 5539
f 5525 5539 5526
f 5526 5539 5540
f 5526 5540 5527
f 5527 5540 5541
f 5527 5541 5528
f 5528 5541 5542
f 5528 5542 5529
f 5529 5542 5543
f 5529 5543 5530
f 5530 5543 5544
f 5530 5544 5531
f 5531 5544 5545
f 5531 5545 5532
f 5532 5545 5546
f 5532 5546 5533
f 5533 5546 5547
f 5533 5547 5534
f 5534 5547 5548
f 5534 5548 5535
f 5535 5548 5549
f 5535 5549 5536
f 5536 5549 5550
f 5536 5550 5537
f 5537 5550 5551
f 5537 5551 3471
f 3471 5551 3469
f 5538 5552 5539
f 5539 5552 5540
f 5540 5552 5541
f 5541 5552 5553
f 5541 5553 5554
f 5554 5553 5555
f 5554 5555 5556
f 5556 5555 5557
f 5556 5557 5558
f 5558 5557 5559
f 5558 5559 5560
f 5560 5559 5561
f 5560 5561 5562
f 5562 5561 5563
f 5562 5563 5564
f 5564 5563 5565
f 5564 5565 5566
f 5566 5565 5567
f 5566 5567 5568
f 5568 5567 5569
f 5568 5569 5570
f 5570 5569 5571
f 5570 5571 5572
f 5572 5571 5573
f 5572 5573 5574
f 5574 5573 5575
f 5574 5575 3467
f 3467 5575 3465
f 5553 5576 5555
f 5555 5576 5557
f 5576 5577 5557
f 5557 5577 5559
f 5559 5577 5578
f 5578 5577 5579
f 5578 5579 5580
f 5580 5579 5581
f 5580 5581 5582
f 5582 5581 5583
f 5582 5583 5563
f 5563 5583 5565
f 5579 5584 5581
f 5581 5584 5585
f 5581 5585 5583
f 5583 5585 5586
f 5583 5586 5565
f 5565 5586 5567
f 5584 5587 5585
f 5585 5587 5588
f 5585 5588 5589
f 5589 5588 5590
f 5589 5590 5591
f 5591 5590 5592
f 5591 5592 5593
f 5593 5592 5594
f 5593 5594 5595
f 5595 5594 5596
f 5595 5596 5597
f 5597 5596 5598
f 5597 5598 5599
f 5599 5598 5600
f 5599 5600 3461
f 3461 5600 3459
f 5588 5587 5601
f 5601 5587 5602
f 5601 5602 5603
f 5603 5602 5604
f 5603 5604 5592
f 5592 5604 5594
f 5602 5605 5604
f 5604 5605 5606
f 5604 5606 5607
f 5607 5606 5608
f 5607 5608 5609
f 5609 5608 5610
f 5609 5610 5611
f 5611 5610 5612
f 5611 5612 5613
f 5613 5612 5614
f 5613 5614 3457
f 3457 5614 3455
f 5605 5615 5606
f 5606 5615 5616
f 5606 5616 5608
f 5608 5616 5617
f 5608 5617 5610
f 5610 5617 5618
f 5610 5618 5612
f 5612 5618 5619
f 5612 5619 5614
f 5614 5619 5620
f 5614 5620 3455
f 3455 5620 3453
f 5616 5615 5617
f 5617 5615 5621
f 5617 5621 5618
f 5618 5621 5622
f 5618 5622 5619
f 5619 5622 5623
f 5619 5623 5620
f 5620 5623 5624
f 5620 5624 3453
f 3453 5624 3451
f 5621 5625 5622
f 5622 5625 5626
f 5622 5626 5623
f 5623 5626 5627
f 5623 5627 5624
f 5624 5627 5628
f 5624 5628 3451
f 3451 5628 3449
f 5625 5629 5626
f 5626 5629 5627
f 5627 5629 5628
f 5628 5629 5630
f 5628 5630 5631
f 5631 5630 5632
f 5631 5632 3447
f 3447 5632 3445
f 5630 5633 5632
f 5632 5633 3445
f 5633 3443 3445
f 3441 5634 3439
f 3439 5634 5635
f 3439 5635 3437
f 3437 5635 5636
f 3437 5636 3435
f 3435 5636 5637
f 3435 5637 3433
f 3433 5637 5638
f 3433 5638 3431
f 3431 5638 5639
f 3431 5639 3429
f 3429 5639 5640
f 3429 5640 3427
f 3427 5640 5641
f 3427 5641 3425
f 3425 5641 5642
f 3425 5642 3423
f 3423 5642 5643
f 3423 5643 3421
f 3421 5643 5644
f 3421 5644 3419
f 3419 5644 5645
f 3419 5645 3417
f 3417 5645 5646
f 3417 5646 3415
f 3415 5646 5647
f 3415 5647 3413
f 3413 5647 5648
f 3413 5648 3411
f 3411 5648 5649
f 3411 5649 3409
f 3409 5649 5650
f 3409 5650 3407
f 3407 5650 5651
f 3407 5651 3405
f 3405 5651 5652
f 3405 5652 3403
f 3403 5652 3402
f 5634 5653 5635
f 5635 5653 5654
f 5635 5654 5655
f 5655 5654 3361
f 5655 3361 3363
f 5654 5653 3359
f 3359 5653 3357
f 3353 5656 3351
f 3351 5656 5657
f 3351 5657 3349
f 3349 5657 5658
f 3349 5658 3347
f 3347 5658 5659
f 3347 5659 3345
f 3345 5659 5660
f 3345 5660 3343
f 3343 5660 5661
f 3343 5661 3341
f 3341 5661 5662
f 3341 5662 3339
f 3339 5662 5663
f 3339 5663 3337
f 3337 5663 5664
f 3337 5664 3335
f 3335 5664 5665
f 3335 5665 3333
f 3333 5665 5666
f 3333 5666 3331
f 3331 5666 5667
f 3331 5667 3329
f 3329 5667 5668
f 3329 5668 3327
f 3327 5668 5669
f 3327 5669 3325
f 3325 5669 5670
f 3325 5670 3323
f 3323 5670 5671
f 3323 5671 3321
f 3321 5671 5672
f 3321 5672 3319
f 3319 5672 5673
f 3319 5673 3317
f 3317 5673 5674
f 3317 5674 3315
f 3315 5674 3314
f 5657 5656 5675
f 5675 5656 5676
f 5675 5676 5677
f 5677 5676 4424
f 5677 4424 4425
f 5677 4425 5678
f 5678 4425 4427
f 5678 4427 5679
f 5679 4427 4429
f 5679 4429 5680
f 5680 4429 4431
f 5680 4431 5681
f 5681 4431 5682
f 5681 5682 5683
f 5683 5682 5684
f 5683 5684 5661
f 5661 5684 5662
f 4431 4495 5682
f 5682 4495 5685
f 5682 5685 5684
f 5684 5685 5686
f 5684 5686 5662
f 5662 5686 5663
f 5685 4495 5687
f 5687 4495 4523
f 5687 4523 5688
f 5688 4523 4536
f 5688 4536 5689
f 5689 4536 5690
f 5689 5690 5691
f 5691 5690 5692
f 5691 5692 5666
f 5666 5692 5667
f 4536 4575 5690
f 5690 4575 5693
f 5690 5693 5692
f 5692 5693 5694
f 5692 5694 5667
f 5667 5694 5668
f 4575 4573 5693
f 5693 4573 5695
f 5693 5695 5694
f 5694 5695 5696
f 5694 5696 5668
f 5668 5696 5669
f 4573 4571 5695
f 5695 4571 5697
f 5695 5697 5696
f 5696 5697 5698
f 5696 5698 5669
f 5669 5698 5670
f 4571 4561 5697
f 5697 4561 5699
f 5697 5699 5698
f 5698 5699 5700
f 5698 5700 5670
f 5670 5700 5671
f 4561 4560 5699
f 5699 4560 5701
f 5699 5701 5700
f 5700 5701 5702
f 5700 5702 5671
f 5671 5702 5672
f 4560 4565 5701
f 5701 4565 5703
f 5701 5703 5702
f 5702 5703 5704
f 5702 5704 5672
f 5672 5704 5673
f 4565 4568 5703
f 5703 4568 5705
f 5703 5705 5704
f 5704 5705 5706
f 5704 5706 5673
f 5673 5706 5674
f 4568 3311 5705
f 5705 3311 3312
f 5705 3312 5706
f 5706 3312 3313
f 5706 3313 5674
f 5674 3313 3314
f 5333 5332 5353
f 5688 5689 5707
f 5707 5689 5691
f 5707 5691 5665
f 5665 5691 5666
f 5686 5685 5687
f 5687 5688 5708
f 5708 5688 5707
f 5708 5707 5664
f 5664 5707 5665
f 5680 5681 5709
f 5709 5681 5683
f 5709 5683 5660
f 5660 5683 5661
f 5679 5680 5710
f 5710 5680 5709
f 5710 5709 5659
f 5659 5709 5660
f 5675 5677 5678
f 5678 5679 5711
f 5711 5679 5710
f 5711 5710 5658
f 5658 5710 5659
f 5663 5686 5708
f 5708 5686 5687
f 5663 5708 5664
f 5657 5675 5711
f 5711 5675 5678
f 5657 5711 5658
f 3316 3397 3318
f 3318 3397 5712
f 3318 5712 3320
f 3320 5712 5713
f 3320 5713 3322
f 3322 5713 5714
f 3322 5714 3324
f 3324 5714 5715
f 3324 5715 3326
f 3326 5715 5716
f 3326 5716 3328
f 3328 5716 5717
f 3328 5717 3330
f 3330 5717 5718
f 3330 5718 3332
f 3332 5718 5719
f 3332 5719 3334
f 3334 5719 5720
f 3334 5720 3336
f 3336 5720 5721
f 3336 5721 3338
f 3338 5721 5722
f 3338 5722 3340
f 3340 5722 5723
f 3340 5723 3342
f 3342 5723 5724
f 3342 5724 3344
f 3344 5724 5725
f 3344 5725 3346
f 3346 5725 5726
f 3346 5726 3348
f 3348 5726 5727
f 3348 5727 3350
f 3350 5727 3354
f 3350 3354 3352
f 3397 3399 5712
f 5712 3399 5728
f 5712 5728 5713
f 5713 5728 5729
f 5713 5729 5714
f 5714 5729 5730
f 5714 5730 5715
f 5715 5730 5731
f 5715 5731 5716
f 5716 5731 5732
f 5716 5732 5717
f 5717 5732 5733
f 5717 5733 5718
f 5718 5733 5734
f 5718 5734 5719
f 5719 5734 5735
f 5719 5735 5720
f 5720 5735 5736
f 5720 5736 5721
f 5721 5736 5737
f 5721 5737 5722
f 5722 5737 5738
f 5722 5738 5723
f 5723 5738 5739
f 5723 5739 5724
f 5724 5739 5740
f 5724 5740 5725
f 5725 5740 5741
f 5725 5741 5726
f 5726 5741 5742
f 5726 5742 5727
f 5727 5742 3356
f 5727 3356 3354
f 3399 3388 5728
f 5728 3388 3386
f 5728 3386 5729
f 5729 3386 3384
f 5729 3384 5730
f 5730 3384 3382
f 5730 3382 5731
f 5731 3382 3380
f 5731 3380 5732
f 5732 3380 3378
f 5732 3378 5733
f 5733 3378 3376
f 5733 3376 5734
f 5734 3376 3374
f 5734 3374 5735
f 5735 3374 3372
f 5735 3372 5736
f 5736 3372 3370
f 5736 3370 5737
f 5737 3370 3368
f 5737 3368 5738
f 5738 3368 3366
f 5738 3366 5739
f 5739 3366 3364
f 5739 3364 5740
f 5740 3364 3362
f 5740 3362 5741
f 5741 3362 3360
f 5741 3360 5742
f 5742 3360 3358
f 5742 3358 3356
f 3393 3395 5743
f 5743 3395 3401
f 5743 3401 5652
f 5652 3401 3402
f 3391 3393 5744
f 5744 3393 5743
f 5744 5743 5651
f 5651 5743 5652
f 3389 3391 5745
f 5745 3391 5744
f 5745 5744 5650
f 5650 5744 5651
f 3387 3389 5746
f 5746 3389 5745
f 5746 5745 5649
f 5649 5745 5650
f 3385 3387 5747
f 5747 3387 5746
f 5747 5746 5648
f 5648 5746 5649
f 3383 3385 5748
f 5748 3385 5747
f 5748 5747 5647
f 5647 5747 5648
f 3381 3383 5749
f 5749 3383 5748
f 5749 5748 5646
f 5646 5748 5647
f 3379 3381 5750
f 5750 3381 5749
f 5750 5749 5645
f 5645 5749 5646
f 3377 3379 5751
f 5751 3379 5750
f 5751 5750 5644
f 5644 5750 5645
f 3375 3377 5752
f 5752 3377 5751
f 5752 5751 5643
f 5643 5751 5644
f 3373 3375 5753
f 5753 3375 5752
f 5753 5752 5642
f 5642 5752 5643
f 3371 3373 5754
f 5754 3373 5753
f 5754 5753 5641
f 5641 5753 5642
f 3369 3371 5755
f 5755 3371 5754
f 5755 5754 5640
f 5640 5754 5641
f 3367 3369 5756
f 5756 3369 5755
f 5756 5755 5639
f 5639 5755 5640
f 3365 3367 5757
f 5757 3367 5756
f 5757 5756 5638
f 5638 5756 5639
f 3363 3365 5758
f 5758 3365 5757
f 5758 5757 5637
f 5637 5757 5638
f 5654 3359 3361
f 3363 5758 5655
f 5655 5758 5636
f 5655 5636 5635
f 5636 5758 5637
f 3404 3615 3406
f 3406 3615 5759
f 3406 5759 3408
f 3408 5759 5760
f 3408 5760 3410
f 3410 5760 5761
f 3410 5761 3412
f 3412 5761 5762
f 3412 5762 3414
f 3414 5762 5763
f 3414 5763 3416
f 3416 5763 5764
f 3416 5764 3418
f 3418 5764 5765
f 3418 5765 3420
f 3420 5765 5766
f 3420 5766 3422
f 3422 5766 5767
f 3422 5767 3424
f 3424 5767 5768
f 3424 5768 3426
f 3426 5768 5769
f 3426 5769 3428
f 3428 5769 5770
f 3428 5770 3430
f 3430 5770 5771
f 3430 5771 3432
f 3432 5771 5772
f 3432 5772 3434
f 3434 5772 5773
f 3434 5773 3436
f 3436 5773 5774
f 3436 5774 3438
f 3438 5774 3442
f 3438 3442 3440
f 3615 3617 5759
f 5759 3617 5775
f 5759 5775 5760
f 5760 5775 5776
f 5760 5776 5761
f 5761 5776 5777
f 5761 5777 5762
f 5762 5777 5778
f 5762 5778 5763
f 5763 5778 5779
f 5763 5779 5764
f 5764 5779 5780
f 5764 5780 5765
f 5765 5780 5781
f 5765 5781 5766
f 5766 5781 5782
f 5766 5782 5767
f 5767 5782 5783
f 5767 5783 5768
f 5768 5783 5784
f 5768 5784 5769
f 5769 5784 5785
f 5769 5785 5770
f 5770 5785 5786
f 5770 5786 5771
f 5771 5786 5787
f 5771 5787 5772
f 5772 5787 5788
f 5772 5788 5773
f 5773 5788 5789
f 5773 5789 5774
f 5774 5789 3444
f 5774 3444 3442
f 3617 3619 5775
f 5775 3619 5790
f 5775 5790 5776
f 5776 5790 5791
f 5776 5791 5777
f 5777 5791 5792
f 5777 5792 5778
f 5778 5792 5793
f 5778 5793 5779
f 5779 5793 5794
f 5779 5794 5780
f 5780 5794 5795
f 5780 5795 5781
f 5781 5795 5796
f 5781 5796 5782
f 5782 5796 5797
f 5782 5797 5783
f 5783 5797 5798
f 5783 5798 5784
f 5784 5798 5799
f 5784 5799 5785
f 5785 5799 5800
f 5785 5800 5786
f 5786 5800 5801
f 5786 5801 5787
f 5787 5801 5802
f 5787 5802 5788
f 5788 5802 5803
f 5788 5803 5789
f 5789 5803 3446
f 5789 3446 3444
f 5790 3619 3621
f 5791 5790 5804
f 5804 5790 3621
f 5804 3621 3623
f 5792 5791 5805
f 5805 5791 5804
f 5805 5804 5806
f 5806 5804 3623
f 5806 3623 3625
f 5793 5792 5807
f 5807 5792 5805
f 5807 5805 5808
f 5808 5805 5806
f 5808 5806 5809
f 5809 5806 3625
f 5809 3625 3627
f 5794 5793 5810
f 5810 5793 5807
f 5810 5807 5811
f 5811 5807 5808
f 5811 5808 5812
f 5812 5808 5809
f 5812 5809 5813
f 5813 5809 3627
f 5813 3627 3629
f 5795 5794 5814
f 5814 5794 5810
f 5814 5810 5815
f 5815 5810 5811
f 5815 5811 5816
f 5816 5811 5812
f 5816 5812 5817
f 5817 5812 5813
f 5817 5813 5818
f 5818 5813 3629
f 5818 3629 3631
f 5796 5795 5819
f 5819 5795 5814
f 5819 5814 5820
f 5820 5814 5815
f 5820 5815 5821
f 5821 5815 5816
f 5821 5816 5822
f 5822 5816 5817
f 5822 5817 5823
f 5823 5817 5818
f 5823 5818 5824
f 5824 5818 3631
f 5824 3631 3633
f 5797 5796 5825
f 5825 5796 5819
f 5825 5819 5826
f 5826 5819 5820
f 5826 5820 5827
f 5827 5820 5821
f 5827 5821 5828
f 5828 5821 5822
f 5828 5822 5829
f 5829 5822 5823
f 5829 5823 5830
f 5830 5823 5824
f 5830 5824 5831
f 5831 5824 3633
f 5831 3633 3635
f 5798 5797 5832
f 5832 5797 5825
f 5832 5825 5833
f 5833 5825 5826
f 5833 5826 5834
f 5834 5826 5827
f 5834 5827 5835
f 5835 5827 5828
f 5835 5828 5836
f 5836 5828 5829
f 5836 5829 5837
f 5837 5829 5830
f 5837 5830 5838
f 5838 5830 5831
f 5838 5831 5839
f 5839 5831 3635
f 5839 3635 3637
f 5799 5798 5840
f 5840 5798 5832
f 5840 5832 5841
f 5841 5832 5833
f 5841 5833 5842
f 5842 5833 5834
f 5842 5834 5843
f 5843 5834 5835
f 5843 5835 5844
f 5844 5835 5836
f 5844 5836 5845
f 5845 5836 5837
f 5845 5837 5846
f 5846 5837 5838
f 5846 5838 5847
f 5847 5838 5839
f 5847 5839 5848
f 5848 5839 3637
f 5848 3637 3639
f 5800 5799 5849
f 5849 5799 5840
f 5849 5840 5850
f 5850 5840 5841
f 5850 5841 5851
f 5851 5841 5842
f 5851 5842 5852
f 5852 5842 5843
f 5852 5843 5853
f 5853 5843 5844
f 5853 5844 5854
f 5854 5844 5845
f 5854 5845 5855
f 5855 5845 5846
f 5855 5846 5856
f 5856 5846 5847
f 5856 5847 5857
f 5857 5847 5848
f 5857 5848 5858
f 5858 5848 3639
f 5858 3639 3641
f 5801 5800 5859
f 5859 5800 5849
f 5859 5849 5860
f 5860 5849 5850
f 5860 5850 5861
f 5861 5850 5851
f 5861 5851 5862
f 5862 5851 5852
f 5862 5852 5863
f 5863 5852 5853
f 5863 5853 5864
f 5864 5853 5854
f 5864 5854 5865
f 5865 5854 5855
f 5865 5855 5866
f 5866 5855 5856
f 5866 5856 5867
f 5867 5856 5857
f 5867 5857 5868
f 5868 5857 5858
f 5868 5858 5869
f 5869 5858 3641
f 5869 3641 3643
f 5802 5801 5870
f 5870 5801 5859
f 5870 5859 5871
f 5871 5859 5860
f 5871 5860 5872
f 5872 5860 5861
f 5872 5861 5873
f 5873 5861 5862
f 5873 5862 5874
f 5874 5862 5863
f 5874 5863 5875
f 5875 5863 5864
f 5875 5864 5876
f 5876 5864 5865
f 5876 5865 5877
f 5877 5865 5866
f 5877 5866 5878
f 5878 5866 5867
f 5878 5867 5879
f 5879 5867 5868
f 5879 5868 5880
f 5880 5868 5869
f 5880 5869 5881
f 5881 5869 3643
f 5881 3643 3645
f 5803 5802 5882
f 5882 5802 5870
f 5882 5870 5883
f 5883 5870 5871
f 5883 5871 5884
f 5884 5871 5872
f 5884 5872 5885
f 5885 5872 5873
f 5885 5873 5886
f 5886 5873 5874
f 5886 5874 5887
f 5887 5874 5875
f 5887 5875 5888
f 5888 5875 5876
f 5888 5876 5889
f 5889 5876 5877
f 5889 5877 5890
f 5890 5877 5878
f 5890 5878 5891
f 5891 5878 5879
f 5891 5879 5892
f 5892 5879 5880
f 5892 5880 5893
f 5893 5880 5881
f 5893 5881 5894
f 5894 5881 3645
f 5894 3645 3647
f 3446 5803 3448
f 3448 5803 5882
f 3448 5882 3450
f 3450 5882 5883
f 3450 5883 3452
f 3452 5883 5884
f 3452 5884 3454
f 3454 5884 5885
f 3454 5885 3456
f 3456 5885 5886
f 3456 5886 3458
f 3458 5886 5887
f 3458 5887 3460
f 3460 5887 5888
f 3460 5888 3462
f 3462 5888 5889
f 3462 5889 3464
f 3464 5889 5890
f 3464 5890 3466
f 3466 5890 5891
f 3466 5891 3468
f 3468 5891 5892
f 3468 5892 3470
f 3470 5892 5893
f 3470 5893 3472
f 3472 5893 5894
f 3472 5894 3474
f 3474 5894 3647
f 3474 3647 3476
f 5631 3447 3449
f 3651 3667 3652
f 3652 3667 5895
f 3652 5895 3653
f 3653 5895 3671
f 3653 3671 3654
f 5628 5631 3449
f 3667 3668 5895
f 5895 3668 3669
f 5895 3669 3671
f 3670 3674 3672
f 3672 3674 5896
f 3672 5896 3655
f 3655 5896 3656
f 3674 3676 5896
f 5896 3676 5897
f 5896 5897 3656
f 3656 5897 3657
f 5613 3457 3459
f 3676 3678 5897
f 5897 3678 5898
f 5897 5898 3657
f 3657 5898 3658
f 5611 5613 5600
f 5600 5613 3459
f 5898 3678 3680
f 3658 5898 5899
f 5899 5898 3680
f 5899 3680 3682
f 3658 5899 3659
f 3659 5899 5900
f 3659 5900 3660
f 3660 5900 5901
f 3660 5901 3661
f 3661 5901 5902
f 3661 5902 3662
f 3662 5902 5903
f 3662 5903 3663
f 3663 5903 5904
f 3663 5904 3664
f 3664 5904 5905
f 3664 5905 3665
f 3665 5905 5906
f 3665 5906 3666
f 3666 5906 5907
f 3666 5907 3480
f 3480 5907 3482
f 5900 5899 3682
f 3461 3463 5599
f 5599 3463 5908
f 5599 5908 5597
f 5597 5908 5909
f 5597 5909 5595
f 5595 5909 5910
f 5595 5910 5593
f 5593 5910 5911
f 5593 5911 5591
f 5591 5911 5912
f 5591 5912 5589
f 5589 5912 5586
f 5589 5586 5585
f 5908 3463 3465
f 5611 5600 5598
f 5611 5598 5609
f 5609 5598 5596
f 5609 5596 5607
f 5607 5596 5594
f 5607 5594 5604
f 3702 3714 3703
f 3703 3714 5913
f 3703 5913 3704
f 3704 5913 3718
f 3704 3718 3705
f 5901 5900 3684
f 3684 5900 3682
f 5909 5908 5575
f 5575 5908 3465
f 3714 3715 5913
f 5913 3715 3716
f 5913 3716 3718
f 5902 5901 3686
f 3686 5901 3684
f 5574 3467 3469
f 5910 5909 5573
f 5573 5909 5575
f 3717 3721 3719
f 3719 3721 5914
f 3719 5914 3706
f 3706 5914 3707
f 5902 3686 3688
f 5902 3688 5903
f 5903 3688 3690
f 5903 3690 5904
f 5904 3690 3692
f 5904 3692 5905
f 5905 3692 3694
f 5905 3694 5906
f 5906 3694 3696
f 5906 3696 5907
f 5907 3696 3698
f 5907 3698 3482
f 3482 3698 3484
f 5574 3469 5551
f 5574 5551 5572
f 5572 5551 5550
f 5572 5550 5570
f 5570 5550 5549
f 5570 5549 5568
f 5568 5549 5548
f 5568 5548 5566
f 5566 5548 5547
f 5566 5547 5564
f 5564 5547 5546
f 5564 5546 5562
f 5562 5546 5545
f 5562 5545 5560
f 5560 5545 5544
f 5560 5544 5558
f 5558 5544 5543
f 5558 5543 5556
f 5556 5543 5542
f 5556 5542 5554
f 5554 5542 5541
f 5910 5573 5571
f 5910 5571 5911
f 5911 5571 5569
f 5911 5569 5912
f 5912 5569 5567
f 5912 5567 5586
f 5603 5592 5590
f 5588 5601 5590
f 5590 5601 5603
f 3721 3723 5914
f 5914 3723 5915
f 5914 5915 3707
f 3707 5915 3708
f 3723 3725 5915
f 5915 3725 5916
f 5915 5916 3708
f 3708 5916 3709
f 5916 3725 3727
f 3709 5916 5917
f 5917 5916 3727
f 5917 3727 3729
f 3709 5917 3710
f 3710 5917 5918
f 3710 5918 3711
f 3711 5918 5919
f 3711 5919 3712
f 3712 5919 5920
f 3712 5920 3713
f 3713 5920 5921
f 3713 5921 3488
f 3488 5921 3490
f 5918 5917 3729
f 3477 3479 5506
f 5506 3479 5473
f 5506 5473 5504
f 5504 5473 5471
f 5504 5471 5502
f 5502 5471 5469
f 5502 5469 5500
f 5500 5469 5467
f 5500 5467 5498
f 5498 5467 5465
f 5498 5465 5496
f 5496 5465 5463
f 5496 5463 5494
f 5494 5463 5461
f 5494 5461 5492
f 5492 5461 5459
f 5492 5459 5490
f 5490 5459 5457
f 5490 5457 5488
f 5488 5457 5455
f 5488 5455 5486
f 5486 5455 5453
f 5486 5453 5484
f 5484 5453 5451
f 5484 5451 5482
f 5482 5451 5449
f 5482 5449 5480
f 5480 5449 5447
f 5480 5447 5477
f 5578 5580 5582
f 5578 5582 5561
f 5561 5582 5563
f 3741 3749 3742
f 3742 3749 5922
f 3742 5922 3743
f 3743 5922 3753
f 3743 3753 3744
f 5919 5918 3731
f 3731 5918 3729
f 5472 3481 3483
f 5559 5578 5561
f 3749 3750 5922
f 5922 3750 3751
f 5922 3751 3753
f 5920 5919 3733
f 3733 5919 3731
f 5472 3483 5923
f 5923 3483 3485
f 5923 3485 5430
f 3752 3756 3754
f 3754 3756 5924
f 3754 5924 3745
f 3745 5924 3746
f 5920 3733 3735
f 5920 3735 5921
f 5921 3735 3737
f 5921 3737 3490
f 3490 3737 3492
f 5430 5925 5923
f 5923 5925 5470
f 5923 5470 5472
f 5470 5925 5468
f 5468 5925 5926
f 5468 5926 5466
f 5466 5926 5927
f 5466 5927 5464
f 5464 5927 5928
f 5464 5928 5462
f 5462 5928 5929
f 5462 5929 5460
f 5460 5929 5930
f 5460 5930 5458
f 5458 5930 5931
f 5458 5931 5456
f 5456 5931 5932
f 5456 5932 5454
f 5454 5932 5933
f 5454 5933 5452
f 5452 5933 5934
f 5452 5934 5450
f 5450 5934 5935
f 5450 5935 5448
f 5448 5935 5936
f 5448 5936 5446
f 5446 5936 5937
f 5446 5937 5444
f 5444 5937 5938
f 5444 5938 5442
f 5442 5938 5439
f 5442 5439 5438
f 5926 5925 5429
f 5429 5925 5430
f 3756 3758 5924
f 5924 3758 5939
f 5924 5939 3746
f 3746 5939 3747
f 5927 5926 5428
f 5428 5926 5429
f 3758 3760 5939
f 5939 3760 5940
f 5939 5940 3747
f 3747 5940 3748
f 5389 3491 3493
f 5928 5927 5427
f 5427 5927 5428
f 5940 3760 3762
f 3748 5940 5941
f 5941 5940 3762
f 5941 3762 3764
f 3498 3496 5941
f 5941 3496 3748
f 3498 5941 3764
f 5389 3493 5350
f 5389 5350 5387
f 5387 5350 5349
f 5387 5349 5385
f 5385 5349 5348
f 5385 5348 5383
f 5383 5348 5347
f 5383 5347 5381
f 5381 5347 5346
f 5381 5346 5379
f 5379 5346 5345
f 5379 5345 5377
f 5377 5345 5344
f 5377 5344 5375
f 5375 5344 5343
f 5375 5343 5373
f 5373 5343 5342
f 5373 5342 5371
f 5371 5342 5341
f 5371 5341 5369
f 5369 5341 5340
f 5369 5340 5367
f 5367 5340 5339
f 5367 5339 5365
f 5365 5339 5338
f 5365 5338 5363
f 5363 5338 5337
f 5363 5337 5361
f 5361 5337 5336
f 5361 5336 5359
f 5359 5336 5335
f 5359 5335 5357
f 5357 5335 5334
f 5357 5334 5355
f 5355 5334 5333
f 5355 5333 5353
f 5928 5427 5426
f 5928 5426 5929
f 5929 5426 5425
f 5929 5425 5930
f 5930 5425 5424
f 5930 5424 5931
f 5931 5424 5423
f 5931 5423 5932
f 5932 5423 5422
f 5932 5422 5933
f 5933 5422 5421
f 5933 5421 5934
f 5934 5421 5420
f 5934 5420 5935
f 5935 5420 5419
f 5935 5419 5936
f 5936 5419 5418
f 5936 5418 5937
f 5937 5418 5417
f 5937 5417 5938
f 5938 5417 5416
f 5938 5416 5439
f 3768 3772 3769
f 3769 3772 5942
f 3769 5942 3770
f 3770 5942 3776
f 3770 3776 3771
f 3500 3498 3764
f 5327 3497 3499
f 3772 3773 5942
f 5942 3773 3774
f 5942 3774 3776
f 5325 5327 5282
f 5282 5327 3499
f 3506 3504 3777
f 3506 3777 3779
f 3779 3777 3775
f 5325 5282 5281
f 5325 5281 5323
f 5323 5281 5280
f 5323 5280 5321
f 5321 5280 5279
f 5321 5279 5319
f 5319 5279 5278
f 5319 5278 5317
f 5317 5278 5277
f 5317 5277 5315
f 5315 5277 5276
f 5315 5276 5313
f 5313 5276 5275
f 5313 5275 5311
f 5311 5275 5274
f 5311 5274 5309
f 5309 5274 5273
f 5309 5273 5307
f 5307 5273 5272
f 5307 5272 5305
f 5305 5272 5271
f 5305 5271 5303
f 5303 5271 5270
f 5303 5270 5301
f 5301 5270 5269
f 5301 5269 5299
f 5299 5269 5268
f 5299 5268 5297
f 5297 5268 5267
f 5297 5267 5295
f 5295 5267 5266
f 5295 5266 5293
f 5293 5266 5265
f 5293 5265 5291
f 5291 5265 5264
f 5291 5264 5289
f 5289 5264 5263
f 5289 5263 5287
f 5287 5263 5262
f 5287 5262 5285
f 5285 5262 5261
f 5285 5261 5283
f 5283 5261 5260
f 3508 3506 3779
f 5233 3505 3507
f 5231 5233 5184
f 5184 5233 3507
f 5231 5184 5183
f 5231 5183 5229
f 5229 5183 5182
f 5229 5182 5227
f 5227 5182 5181
f 5227 5181 5225
f 5225 5181 5180
f 5225 5180 5223
f 5223 5180 5179
f 5223 5179 5221
f 5221 5179 5178
f 5221 5178 5219
f 5219 5178 5177
f 5219 5177 5217
f 5217 5177 5176
f 5217 5176 5215
f 5215 5176 5175
f 5215 5175 5213
f 5213 5175 5174
f 5213 5174 5211
f 5211 5174 5173
f 5211 5173 5209
f 5209 5173 5172
f 5209 5172 5207
f 5207 5172 5171
f 5207 5171 5205
f 5205 5171 5170
f 5205 5170 5203
f 5203 5170 5169
f 5203 5169 5201
f 5201 5169 5168
f 5201 5168 5199
f 5199 5168 5167
f 5199 5167 5197
f 5197 5167 5166
f 5197 5166 5195
f 5195 5166 5165
f 5195 5165 5193
f 5193 5165 5164
f 5193 5164 5191
f 5191 5164 5163
f 5191 5163 5189
f 5189 5163 5162
f 5189 5162 5187
f 5187 5162 5161
f 5187 5161 5185
f 5185 5161 5160
f 5476 5445 5443
f 5441 5474 5443
f 5443 5474 5476
f 5131 3513 3515
f 5131 3515 5943
f 5943 3515 3517
f 5943 3517 3518
f 3518 5944 5943
f 5943 5944 5129
f 5943 5129 5131
f 5129 5944 5127
f 5127 5944 5945
f 5127 5945 5125
f 5125 5945 5946
f 5125 5946 5123
f 5123 5946 5947
f 5123 5947 5121
f 5121 5947 5948
f 5121 5948 5119
f 5119 5948 5949
f 5119 5949 5117
f 5117 5949 5950
f 5117 5950 5115
f 5115 5950 5951
f 5115 5951 5113
f 5113 5951 5952
f 5113 5952 5111
f 5111 5952 5953
f 5111 5953 5109
f 5109 5953 5954
f 5109 5954 5107
f 5107 5954 5955
f 5107 5955 5105
f 5105 5955 5956
f 5105 5956 5103
f 5103 5956 5957
f 5103 5957 5101
f 5101 5957 5958
f 5101 5958 5099
f 5099 5958 5959
f 5099 5959 5097
f 5097 5959 5960
f 5097 5960 5095
f 5095 5960 5961
f 5095 5961 5093
f 5093 5961 5962
f 5093 5962 5091
f 5091 5962 5963
f 5091 5963 5089
f 5089 5963 5964
f 5089 5964 5087
f 5087 5964 5965
f 5087 5965 5085
f 5085 5965 5966
f 5085 5966 5083
f 5083 5966 5081
f 5944 3518 5967
f 5967 3518 3519
f 5967 3519 5078
f 5431 5433 5435
f 5431 5435 5413
f 5413 5435 5414
f 5944 5967 5945
f 5945 5967 5968
f 5945 5968 5946
f 5946 5968 5969
f 5946 5969 5947
f 5947 5969 5970
f 5947 5970 5948
f 5948 5970 5971
f 5948 5971 5949
f 5949 5971 5972
f 5949 5972 5950
f 5950 5972 5973
f 5950 5973 5951
f 5951 5973 5974
f 5951 5974 5952
f 5952 5974 5975
f 5952 5975 5953
f 5953 5975 5976
f 5953 5976 5954
f 5954 5976 5977
f 5954 5977 5955
f 5955 5977 5978
f 5955 5978 5956
f 5956 5978 5979
f 5956 5979 5957
f 5957 5979 5980
f 5957 5980 5958
f 5958 5980 5981
f 5958 5981 5959
f 5959 5981 5982
f 5959 5982 5960
f 5960 5982 5983
f 5960 5983 5961
f 5961 5983 5984
f 5961 5984 5962
f 5962 5984 5985
f 5962 5985 5963
f 5963 5985 5986
f 5963 5986 5964
f 5964 5986 5987
f 5964 5987 5965
f 5965 5987 5988
f 5965 5988 5966
f 5966 5988 5989
f 5966 5989 5081
f 5081 5989 5079
f 5968 5967 5078
f 5412 5431 5413
f 5969 5968 5077
f 5077 5968 5078
f 5970 5969 5076
f 5076 5969 5077
f 5970 5076 5075
f 5970 5075 5971
f 5971 5075 5074
f 5971 5074 5972
f 5972 5074 5073
f 5972 5073 5973
f 5973 5073 5072
f 5973 5072 5974
f 5974 5072 5071
f 5974 5071 5975
f 5975 5071 5070
f 5975 5070 5976
f 5976 5070 5069
f 5976 5069 5977
f 5977 5069 5068
f 5977 5068 5978
f 5978 5068 5067
f 5978 5067 5979
f 5979 5067 5066
f 5979 5066 5980
f 5980 5066 5065
f 5980 5065 5981
f 5981 5065 5064
f 5981 5064 5982
f 5982 5064 5063
f 5982 5063 5983
f 5983 5063 5062
f 5983 5062 5984
f 5984 5062 5061
f 5984 5061 5985
f 5985 5061 5060
f 5985 5060 5986
f 5986 5060 5059
f 5986 5059 5987
f 5987 5059 5058
f 5987 5058 5988
f 5988 5058 5057
f 5988 5057 5989
f 5989 5057 5056
f 5989 5056 5079
f 5079 5056 5055
f 3809 3831 3810
f 3810 3831 5990
f 3810 5990 3811
f 3811 5990 3835
f 3811 3835 3812
f 3831 3832 5990
f 5990 3832 3833
f 5990 3833 3835
f 3834 3838 3836
f 3836 3838 5991
f 3836 5991 3813
f 3813 5991 3814
f 3838 3840 5991
f 5991 3840 5992
f 5991 5992 3814
f 3814 5992 3815
f 3840 3842 5992
f 5992 3842 5993
f 5992 5993 3815
f 3815 5993 3816
f 3842 3844 5993
f 5993 3844 5994
f 5993 5994 3816
f 3816 5994 3817
f 3844 3846 5994
f 5994 3846 5995
f 5994 5995 3817
f 3817 5995 3818
f 5995 3846 3848
f 3818 5995 5996
f 5996 5995 3848
f 5996 3848 3850
f 3818 5996 3819
f 3819 5996 5997
f 3819 5997 3820
f 3820 5997 5998
f 3820 5998 3821
f 3821 5998 5999
f 3821 5999 3822
f 3822 5999 6000
f 3822 6000 3823
f 3823 6000 6001
f 3823 6001 3824
f 3824 6001 6002
f 3824 6002 3825
f 3825 6002 6003
f 3825 6003 3826
f 3826 6003 6004
f 3826 6004 3827
f 3827 6004 6005
f 3827 6005 3828
f 3828 6005 6006
f 3828 6006 3829
f 3829 6006 6007
f 3829 6007 3830
f 3830 6007 6008
f 3830 6008 3574
f 3574 6008 3576
f 5997 5996 3850
f 3908 3921 3909
f 3909 3921 6009
f 3909 6009 3910
f 3910 6009 6010
f 3910 6010 3911
f 3911 6010 6011
f 3911 6011 3912
f 3912 6011 6012
f 3912 6012 3913
f 3913 6012 6013
f 3913 6013 3914
f 3914 6013 6014
f 3914 6014 3915
f 3915 6014 6015
f 3915 6015 3916
f 3916 6015 6016
f 3916 6016 3917
f 3917 6016 6017
f 3917 6017 3918
f 3918 6017 6018
f 3918 6018 3919
f 3919 6018 6019
f 3919 6019 3920
f 3920 6019 3588
f 3920 3588 3586
f 5998 5997 3852
f 3852 5997 3850
f 3921 3922 6009
f 6009 3922 6020
f 6009 6020 6010
f 6010 6020 6021
f 6010 6021 6011
f 6011 6021 6022
f 6011 6022 6012
f 6012 6022 6023
f 6012 6023 6013
f 6013 6023 6024
f 6013 6024 6014
f 6014 6024 6025
f 6014 6025 6015
f 6015 6025 6026
f 6015 6026 6016
f 6016 6026 6027
f 6016 6027 6017
f 6017 6027 6028
f 6017 6028 6018
f 6018 6028 6029
f 6018 6029 6019
f 6019 6029 3590
f 6019 3590 3588
f 5999 5998 3854
f 3854 5998 3852
f 3922 3923 6020
f 6020 3923 6030
f 6020 6030 6021
f 6021 6030 6031
f 6021 6031 6022
f 6022 6031 6032
f 6022 6032 6023
f 6023 6032 6033
f 6023 6033 6024
f 6024 6033 6034
f 6024 6034 6025
f 6025 6034 6035
f 6025 6035 6026
f 6026 6035 6036
f 6026 6036 6027
f 6027 6036 6037
f 6027 6037 6028
f 6028 6037 6038
f 6028 6038 6029
f 6029 6038 3592
f 6029 3592 3590
f 6000 5999 3856
f 3856 5999 3854
f 3923 3924 6030
f 6030 3924 6039
f 6030 6039 6031
f 6031 6039 6040
f 6031 6040 6032
f 6032 6040 6041
f 6032 6041 6033
f 6033 6041 6042
f 6033 6042 6034
f 6034 6042 6043
f 6034 6043 6035
f 6035 6043 6044
f 6035 6044 6036
f 6036 6044 6045
f 6036 6045 6037
f 6037 6045 6046
f 6037 6046 6038
f 6038 6046 3594
f 6038 3594 3592
f 6001 6000 3858
f 3858 6000 3856
f 3924 3925 6039
f 6039 3925 3927
f 6039 3927 6040
f 6040 3927 3929
f 6040 3929 6041
f 6041 3929 3931
f 6041 3931 6042
f 6042 3931 3933
f 6042 3933 6043
f 6043 3933 3935
f 6043 3935 6044
f 6044 3935 3937
f 6044 3937 6045
f 6045 3937 3939
f 6045 3939 6046
f 6046 3939 3596
f 6046 3596 3594
f 6002 6001 3860
f 3860 6001 3858
f 6002 3860 3862
f 6002 3862 6003
f 6003 3862 3864
f 6003 3864 6004
f 6004 3864 3866
f 6004 3866 6005
f 6005 3866 3868
f 6005 3868 6006
f 6006 3868 3870
f 6006 3870 6007
f 6007 3870 3872
f 6007 3872 6008
f 6008 3872 3578
f 6008 3578 3576
f 3612 3610 3960
f 3960 3610 3959
f 3960 3959 3958
f 3610 3608 3959
f 3611 3613 6047
f 6047 3613 3961
f 6047 3961 6048
f 6048 3961 3962
f 6048 3962 4894
f 3605 4962 3603
f 3603 4962 6049
f 3603 6049 3601
f 3601 6049 6050
f 3601 6050 3599
f 3599 6050 4987
f 3593 5006 3591
f 3591 5006 6051
f 3591 6051 3589
f 3589 6051 6052
f 3589 6052 3587
f 3587 6052 5019
f 5027 3577 3579
f 5027 3579 5026
f 5026 3579 3581
f 3611 6047 4931
f 4931 6047 6053
f 4931 6053 4929
f 4929 6053 6054
f 4929 6054 4927
f 4927 6054 6055
f 4927 6055 4925
f 4925 6055 6056
f 4925 6056 4923
f 4923 6056 6057
f 4923 6057 4921
f 4921 6057 6058
f 4921 6058 4919
f 4919 6058 6059
f 4919 6059 4917
f 4917 6059 6060
f 4917 6060 4915
f 4915 6060 6061
f 4915 6061 4913
f 4913 6061 6062
f 4913 6062 4911
f 4911 6062 6063
f 4911 6063 4909
f 4909 6063 6064
f 4909 6064 4907
f 4907 6064 6065
f 4907 6065 4905
f 4905 6065 6066
f 4905 6066 4903
f 4903 6066 6067
f 4903 6067 4901
f 4901 6067 6068
f 4901 6068 4899
f 4899 6068 4897
f 6053 6047 6048
f 4962 4961 6049
f 6049 4961 6069
f 6049 6069 6050
f 6050 6069 6070
f 6050 6070 4987
f 4987 6070 4985
f 5006 5005 6051
f 6051 5005 6071
f 6051 6071 6052
f 6052 6071 6072
f 6052 6072 5019
f 5019 6072 5017
f 5025 5027 5026
f 6053 6048 6073
f 6073 6048 4894
f 6073 4894 4893
f 4961 4960 6069
f 6069 4960 6074
f 6069 6074 6070
f 6070 6074 6075
f 6070 6075 4985
f 4985 6075 4983
f 5005 5004 6071
f 6071 5004 6076
f 6071 6076 6072
f 6072 6076 6077
f 6072 6077 5017
f 5017 6077 5015
f 6053 6073 6054
f 6054 6073 6078
f 6054 6078 6055
f 6055 6078 6079
f 6055 6079 6056
f 6056 6079 6080
f 6056 6080 6057
f 6057 6080 6081
f 6057 6081 6058
f 6058 6081 6082
f 6058 6082 6059
f 6059 6082 6083
f 6059 6083 6060
f 6060 6083 6084
f 6060 6084 6061
f 6061 6084 6085
f 6061 6085 6062
f 6062 6085 6086
f 6062 6086 6063
f 6063 6086 6087
f 6063 6087 6064
f 6064 6087 6088
f 6064 6088 6065
f 6065 6088 6089
f 6065 6089 6066
f 6066 6089 6090
f 6066 6090 6067
f 6067 6090 6091
f 6067 6091 6068
f 6068 6091 6092
f 6068 6092 4897
f 4897 6092 4895
f 6078 6073 4893
f 4960 4959 6074
f 6074 4959 6093
f 6074 6093 6075
f 6075 6093 6094
f 6075 6094 4983
f 4983 6094 4981
f 5004 5003 6076
f 6076 5003 6095
f 6076 6095 6077
f 6077 6095 6096
f 6077 6096 5015
f 5015 6096 5013
f 6078 4893 4892
f 6078 4892 6079
f 6079 4892 4891
f 6079 4891 6080
f 6080 4891 4890
f 6080 4890 6081
f 6081 4890 4889
f 6081 4889 6082
f 6082 4889 4888
f 6082 4888 6083
f 6083 4888 4887
f 6083 4887 6084
f 6084 4887 4886
f 6084 4886 6085
f 6085 4886 4885
f 6085 4885 6086
f 6086 4885 4884
f 6086 4884 6087
f 6087 4884 4883
f 6087 4883 6088
f 6088 4883 4882
f 6088 4882 6089
f 6089 4882 4881
f 6089 4881 6090
f 6090 4881 4880
f 6090 4880 6091
f 6091 4880 4879
f 6091 4879 6092
f 6092 4879 4878
f 6092 4878 4895
f 4895 4878 4877
f 6093 4959 4958
f 6094 6093 6097
f 6097 6093 4958
f 6097 4958 4957
f 4981 6094 6098
f 6098 6094 6097
f 6098 6097 6099
f 6099 6097 4957
f 6099 4957 4956
f 4981 6098 4979
f 4979 6098 6100
f 4979 6100 4977
f 4977 6100 6101
f 4977 6101 4975
f 4975 6101 6102
f 4975 6102 4973
f 4973 6102 6103
f 4973 6103 4971
f 4971 6103 6104
f 4971 6104 4969
f 4969 6104 6105
f 4969 6105 4967
f 4967 6105 4965
f 6100 6098 6099
f 6095 5003 5002
f 6096 6095 6106
f 6106 6095 5002
f 6106 5002 5001
f 5013 6096 6107
f 6107 6096 6106
f 6107 6106 6108
f 6108 6106 5001
f 6108 5001 5000
f 5009 5011 6107
f 6107 5011 5013
f 5009 6107 6108
f 6100 6099 6109
f 6109 6099 4956
f 6109 4956 4955
f 5007 5009 6108
f 5007 6108 5000
f 6100 6109 6101
f 6101 6109 6110
f 6101 6110 6102
f 6102 6110 6111
f 6102 6111 6103
f 6103 6111 6112
f 6103 6112 6104
f 6104 6112 6113
f 6104 6113 6105
f 6105 6113 6114
f 6105 6114 4965
f 4965 6114 4963
f 6110 6109 4955
f 4999 5007 5000
f 6111 6110 4954
f 4954 6110 4955
f 6112 6111 4953
f 4953 6111 4954
f 4122 6115 4121
f 4121 6115 4108
f 4121 4108 4107
f 4108 6115 4109
f 4109 6115 6116
f 4109 6116 4110
f 4110 6116 6117
f 4110 6117 4111
f 4111 6117 6118
f 4111 6118 4112
f 4112 6118 6119
f 4112 6119 4113
f 4113 6119 6120
f 4113 6120 4114
f 4114 6120 6121
f 4114 6121 4115
f 4115 6121 6122
f 4115 6122 4116
f 4116 6122 6123
f 4116 6123 4117
f 4117 6123 6124
f 4117 6124 4118
f 4118 6124 6125
f 4118 6125 4119
f 4119 6125 6126
f 4119 6126 4120
f 4120 6126 4013
f 4120 4013 4011
f 6115 4122 6127
f 6127 4122 4123
f 6127 4123 6128
f 6128 4123 4124
f 6128 4124 6129
f 6129 4124 4125
f 6129 4125 6130
f 6130 4125 4126
f 6130 4126 4128
f 6112 4953 4952
f 6112 4952 6113
f 6113 4952 4951
f 6113 4951 6114
f 6114 4951 4950
f 6114 4950 4963
f 4963 4950 4949
f 6115 6127 6116
f 6116 6127 6131
f 6116 6131 6117
f 6117 6131 6132
f 6117 6132 6118
f 6118 6132 6133
f 6118 6133 6119
f 6119 6133 6134
f 6119 6134 6120
f 6120 6134 6135
f 6120 6135 6121
f 6121 6135 6136
f 6121 6136 6122
f 6122 6136 6137
f 6122 6137 6123
f 6123 6137 6138
f 6123 6138 6124
f 6124 6138 6139
f 6124 6139 6125
f 6125 6139 6140
f 6125 6140 6126
f 6126 6140 4015
f 6126 4015 4013
f 6131 6127 6128
f 6131 6128 6141
f 6141 6128 6129
f 6141 6129 6142
f 6142 6129 6130
f 6142 6130 6143
f 6143 6130 4128
f 6143 4128 4130
f 6131 6141 6132
f 6132 6141 6144
f 6132 6144 6133
f 6133 6144 6145
f 6133 6145 6134
f 6134 6145 6146
f 6134 6146 6135
f 6135 6146 6147
f 6135 6147 6136
f 6136 6147 6148
f 6136 6148 6137
f 6137 6148 6149
f 6137 6149 6138
f 6138 6149 6150
f 6138 6150 6139
f 6139 6150 6151
f 6139 6151 6140
f 6140 6151 4017
f 6140 4017 4015
f 6144 6141 6142
f 6144 6142 6152
f 6152 6142 6143
f 6152 6143 6153
f 6153 6143 4130
f 6153 4130 4132
f 6153 6154 6152
f 6152 6154 6145
f 6152 6145 6144
f 6145 6154 6146
f 6146 6154 6155
f 6146 6155 6147
f 6147 6155 6156
f 6147 6156 6148
f 6148 6156 6157
f 6148 6157 6149
f 6149 6157 6158
f 6149 6158 6150
f 6150 6158 6159
f 6150 6159 6151
f 6151 6159 4019
f 6151 4019 4017
f 6154 6153 6160
f 6160 6153 4132
f 6160 4132 4134
f 6154 6160 6155
f 6155 6160 6161
f 6155 6161 6156
f 6156 6161 6162
f 6156 6162 6157
f 6157 6162 6163
f 6157 6163 6158
f 6158 6163 6164
f 6158 6164 6159
f 6159 6164 4021
f 6159 4021 4019
f 6161 6160 4134
f 6162 6161 4136
f 4136 6161 4134
f 6163 6162 4138
f 4138 6162 4136
f 6164 6163 4140
f 4140 6163 4138
f 4039 4037 4161
f 4161 4037 4160
f 4161 4160 4159
f 4037 4035 4160
f 6164 4140 4023
f 4023 4021 6164
f 4034 4803 4032
f 4032 4803 6165
f 4032 6165 4030
f 4030 6165 6166
f 4030 6166 4028
f 4028 6166 4830
f 4022 4851 4020
f 4020 4851 6167
f 4020 6167 4018
f 4018 6167 6168
f 4018 6168 4016
f 4016 6168 6169
f 4016 6169 4014
f 4014 6169 4866
f 4874 4004 4006
f 4874 4006 4873
f 4873 4006 4008
f 4040 4162 4770
f 4770 4162 6170
f 4770 6170 4768
f 4768 6170 6171
f 4768 6171 4766
f 4766 6171 6172
f 4766 6172 4764
f 4764 6172 6173
f 4764 6173 4762
f 4762 6173 6174
f 4762 6174 4760
f 4760 6174 6175
f 4760 6175 4758
f 4758 6175 6176
f 4758 6176 4756
f 4756 6176 6177
f 4756 6177 4754
f 4754 6177 6178
f 4754 6178 4752
f 4752 6178 6179
f 4752 6179 4750
f 4750 6179 6180
f 4750 6180 4748
f 4748 6180 6181
f 4748 6181 4746
f 4746 6181 6182
f 4746 6182 4744
f 4744 6182 6183
f 4744 6183 4742
f 4742 6183 6184
f 4742 6184 4740
f 4740 6184 6185
f 4740 6185 4738
f 4738 6185 6186
f 4738 6186 4736
f 4736 6186 4734
f 4803 4802 6165
f 6165 4802 6187
f 6165 6187 6166
f 6166 6187 6188
f 6166 6188 4830
f 4830 6188 4828
f 4851 4850 6167
f 6167 4850 6189
f 6167 6189 6168
f 6168 6189 6190
f 6168 6190 6169
f 6169 6190 6191
f 6169 6191 4866
f 4866 6191 4864
f 4872 4874 4873
f 4162 4163 6170
f 6170 4163 6192
f 6170 6192 6171
f 6171 6192 6193
f 6171 6193 6172
f 6172 6193 6194
f 6172 6194 6173
f 6173 6194 6195
f 6173 6195 6174
f 6174 6195 6196
f 6174 6196 6175
f 6175 6196 6197
f 6175 6197 6176
f 6176 6197 6198
f 6176 6198 6177
f 6177 6198 6199
f 6177 6199 6178
f 6178 6199 6200
f 6178 6200 6179
f 6179 6200 6201
f 6179 6201 6180
f 6180 6201 6202
f 6180 6202 6181
f 6181 6202 6203
f 6181 6203 6182
f 6182 6203 6204
f 6182 6204 6183
f 6183 6204 6205
f 6183 6205 6184
f 6184 6205 6206
f 6184 6206 6185
f 6185 6206 6207
f 6185 6207 6186
f 6186 6207 6208
f 6186 6208 4734
f 4734 6208 4732
f 4802 4801 6187
f 6187 4801 6209
f 6187 6209 6188
f 6188 6209 6210
f 6188 6210 4828
f 4828 6210 4826
f 4850 4849 6189
f 6189 4849 6211
f 6189 6211 6190
f 6190 6211 6212
f 6190 6212 6191
f 6191 6212 6213
f 6191 6213 4864
f 4864 6213 4862
f 4163 4164 6192
f 6192 4164 4166
f 6192 4166 6193
f 6193 4166 4168
f 6193 4168 6194
f 6194 4168 4170
f 6194 4170 6195
f 6195 4170 4172
f 6195 4172 6196
f 6196 4172 4174
f 6196 4174 6197
f 6197 4174 4176
f 6197 4176 6198
f 6198 4176 4178
f 6198 4178 6199
f 6199 4178 4180
f 6199 4180 6200
f 6200 4180 4182
f 6200 4182 6201
f 6201 4182 4184
f 6201 4184 6202
f 6202 4184 4186
f 6202 4186 6203
f 6203 4186 4188
f 6203 4188 6204
f 6204 4188 4190
f 6204 4190 6205
f 6205 4190 4192
f 6205 4192 6206
f 6206 4192 4194
f 6206 4194 6207
f 6207 4194 4196
f 6207 4196 6208
f 6208 4196 4198
f 6208 4198 4732
f 4732 4198 4200
f 4801 4800 6209
f 6209 4800 6214
f 6209 6214 6210
f 6210 6214 6215
f 6210 6215 4826
f 4826 6215 4824
f 4849 4848 6211
f 6211 4848 6216
f 6211 6216 6212
f 6212 6216 6217
f 6212 6217 6213
f 6213 6217 6218
f 6213 6218 4862
f 4862 6218 4860
f 6214 4800 4799
f 6215 6214 6219
f 6219 6214 4799
f 6219 4799 4798
f 4824 6215 6220
f 6220 6215 6219
f 6220 6219 6221
f 6221 6219 4798
f 6221 4798 4797
f 4824 6220 4822
f 4822 6220 6222
f 4822 6222 4820
f 4820 6222 6223
f 4820 6223 4818
f 4818 6223 6224
f 4818 6224 4816
f 4816 6224 6225
f 4816 6225 4814
f 4814 6225 6226
f 4814 6226 4812
f 4812 6226 6227
f 4812 6227 4810
f 4810 6227 6228
f 4810 6228 4808
f 4808 6228 4806
f 6222 6220 6221
f 6216 4848 4847
f 6217 6216 6229
f 6229 6216 4847
f 6229 4847 4846
f 6218 6217 6230
f 6230 6217 6229
f 6230 6229 6231
f 6231 6229 4846
f 6231 4846 4845
f 4860 6218 6232
f 6232 6218 6230
f 6232 6230 6233
f 6233 6230 6231
f 6233 6231 6234
f 6234 6231 4845
f 6234 4845 4844
f 4856 4858 6232
f 6232 4858 4860
f 4856 6232 6233
f 6222 6221 6235
f 6235 6221 4797
f 6235 4797 4796
f 4854 4856 6233
f 4854 6233 6234
f 6222 6235 6223
f 6223 6235 6236
f 6223 6236 6224
f 6224 6236 6237
f 6224 6237 6225
f 6225 6237 6238
f 6225 6238 6226
f 6226 6238 6239
f 6226 6239 6227
f 6227 6239 6240
f 6227 6240 6228
f 6228 6240 6241
f 6228 6241 4806
f 4806 6241 4804
f 6236 6235 4796
f 4852 4854 6234
f 4852 6234 4844
f 6237 6236 4795
f 4795 6236 4796
f 4843 4852 4844
f 6238 6237 4794
f 4794 6237 4795
f 4329 6242 4328
f 4328 6242 4314
f 4328 4314 4313
f 4314 6242 4315
f 4315 6242 6243
f 4315 6243 4316
f 4316 6243 6244
f 4316 6244 4317
f 4317 6244 6245
f 4317 6245 4318
f 4318 6245 6246
f 4318 6246 4319
f 4319 6246 6247
f 4319 6247 4320
f 4320 6247 6248
f 4320 6248 4321
f 4321 6248 6249
f 4321 6249 4322
f 4322 6249 6250
f 4322 6250 4323
f 4323 6250 6251
f 4323 6251 4324
f 4324 6251 6252
f 4324 6252 4325
f 4325 6252 6253
f 4325 6253 4326
f 4326 6253 6254
f 4326 6254 4327
f 4327 6254 4214
f 4327 4214 4212
f 6242 4329 6255
f 6255 4329 4330
f 6255 4330 6256
f 6256 4330 4331
f 6256 4331 6257
f 6257 4331 4332
f 6257 4332 6258
f 6258 4332 4333
f 6258 4333 4335
f 6238 4794 4793
f 6238 4793 6239
f 6239 4793 4792
f 6239 4792 6240
f 6240 4792 4791
f 6240 4791 6241
f 6241 4791 4790
f 6241 4790 4804
f 4804 4790 4789
f 6242 6255 6243
f 6243 6255 6259
f 6243 6259 6244
f 6244 6259 6260
f 6244 6260 6245
f 6245 6260 6261
f 6245 6261 6246
f 6246 6261 6262
f 6246 6262 6247
f 6247 6262 6263
f 6247 6263 6248
f 6248 6263 6264
f 6248 6264 6249
f 6249 6264 6265
f 6249 6265 6250
f 6250 6265 6266
f 6250 6266 6251
f 6251 6266 6267
f 6251 6267 6252
f 6252 6267 6268
f 6252 6268 6253
f 6253 6268 6269
f 6253 6269 6254
f 6254 6269 4216
f 6254 4216 4214
f 6259 6255 6256
f 6259 6256 6270
f 6270 6256 6257
f 6270 6257 6271
f 6271 6257 6258
f 6271 6258 6272
f 6272 6258 4335
f 6272 4335 4337
f 6259 6270 6260
f 6260 6270 6273
f 6260 6273 6261
f 6261 6273 6274
f 6261 6274 6262
f 6262 6274 6275
f 6262 6275 6263
f 6263 6275 6276
f 6263 6276 6264
f 6264 6276 6277
f 6264 6277 6265
f 6265 6277 6278
f 6265 6278 6266
f 6266 6278 6279
f 6266 6279 6267
f 6267 6279 6280
f 6267 6280 6268
f 6268 6280 6281
f 6268 6281 6269
f 6269 6281 4218
f 6269 4218 4216
f 6273 6270 6271
f 6273 6271 6282
f 6282 6271 6272
f 6282 6272 6283
f 6283 6272 4337
f 6283 4337 4339
f 6283 6284 6282
f 6282 6284 6274
f 6282 6274 6273
f 6274 6284 6275
f 6275 6284 6285
f 6275 6285 6276
f 6276 6285 6286
f 6276 6286 6277
f 6277 6286 6287
f 6277 6287 6278
f 6278 6287 6288
f 6278 6288 6279
f 6279 6288 6289
f 6279 6289 6280
f 6280 6289 6290
f 6280 6290 6281
f 6281 6290 4220
f 6281 4220 4218
f 6284 6283 6291
f 6291 6283 4339
f 6291 4339 4341
f 6284 6291 6285
f 6285 6291 6292
f 6285 6292 6286
f 6286 6292 6293
f 6286 6293 6287
f 6287 6293 6294
f 6287 6294 6288
f 6288 6294 6295
f 6288 6295 6289
f 6289 6295 6296
f 6289 6296 6290
f 6290 6296 4222
f 6290 4222 4220
f 6292 6291 4341
f 6293 6292 4343
f 4343 6292 4341
f 6294 6293 4345
f 4345 6293 4343
f 6295 6294 4347
f 4347 6294 4345
f 4376 6297 4375
f 4375 6297 4373
f 4375 4373 4372
f 4373 6297 4374
f 4374 6297 4238
f 4374 4238 4236
f 4242 4240 4376
f 4376 4240 6297
f 4240 4238 6297
f 6295 4347 4349
f 6295 4349 6296
f 6296 4349 4224
f 6296 4224 4222
f 4241 4243 6298
f 6298 4243 4377
f 6298 4377 4597
f 4235 4665 4233
f 4233 4665 6299
f 4233 6299 4231
f 4231 6299 6300
f 4231 6300 4229
f 4229 6300 4690
f 4223 4709 4221
f 4221 4709 6301
f 4221 6301 4219
f 4219 6301 6302
f 4219 6302 4217
f 4217 6302 4722
f 4730 4207 4209
f 4730 4209 4729
f 4729 4209 4211
f 4241 6298 4634
f 4634 6298 6303
f 4634 6303 4632
f 4632 6303 6304
f 4632 6304 4630
f 4630 6304 6305
f 4630 6305 4628
f 4628 6305 6306
f 4628 6306 4626
f 4626 6306 6307
f 4626 6307 4624
f 4624 6307 6308
f 4624 6308 4622
f 4622 6308 6309
f 4622 6309 4620
f 4620 6309 6310
f 4620 6310 4618
f 4618 6310 6311
f 4618 6311 4616
f 4616 6311 6312
f 4616 6312 4614
f 4614 6312 6313
f 4614 6313 4612
f 4612 6313 6314
f 4612 6314 4610
f 4610 6314 6315
f 4610 6315 4608
f 4608 6315 6316
f 4608 6316 4606
f 4606 6316 6317
f 4606 6317 4604
f 4604 6317 6318
f 4604 6318 4602
f 4602 6318 4600
f 6303 6298 4597
f 4665 4664 6299
f 6299 4664 6319
f 6299 6319 6300
f 6300 6319 6320
f 6300 6320 4690
f 4690 6320 4688
f 4709 4708 6301
f 6301 4708 6321
f 6301 6321 6302
f 6302 6321 6322
f 6302 6322 4722
f 4722 6322 4720
f 4728 4730 4729
f 6304 6303 4596
f 4596 6303 4597
f 4664 4663 6319
f 6319 4663 6323
f 6319 6323 6320
f 6320 6323 6324
f 6320 6324 4688
f 4688 6324 4686
f 4708 4707 6321
f 6321 4707 6325
f 6321 6325 6322
f 6322 6325 6326
f 6322 6326 4720
f 4720 6326 4718
f 6304 4596 4595
f 6304 4595 6305
f 6305 4595 4594
f 6305 4594 6306
f 6306 4594 4593
f 6306 4593 6307
f 6307 4593 4592
f 6307 4592 6308
f 6308 4592 4591
f 6308 4591 6309
f 6309 4591 4590
f 6309 4590 6310
f 6310 4590 4589
f 6310 4589 6311
f 6311 4589 4588
f 6311 4588 6312
f 6312 4588 4587
f 6312 4587 6313
f 6313 4587 4586
f 6313 4586 6314
f 6314 4586 4585
f 6314 4585 6315
f 6315 4585 4584
f 6315 4584 6316
f 6316 4584 4583
f 6316 4583 6317
f 6317 4583 4582
f 6317 4582 6318
f 6318 4582 4581
f 6318 4581 4600
f 4600 4581 4580
f 6323 4663 4662
f 6324 6323 6327
f 6327 6323 4662
f 6327 4662 4661
f 4686 6324 6328
f 6328 6324 6327
f 6328 6327 6329
f 6329 6327 4661
f 6329 4661 4660
f 4686 6328 4684
f 4684 6328 6330
f 4684 6330 4682
f 4682 6330 6331
f 4682 6331 4680
f 4680 6331 6332
f 4680 6332 4678
f 4678 6332 6333
f 4678 6333 4676
f 4676 6333 6334
f 4676 6334 4674
f 4674 6334 6335
f 4674 6335 4672
f 4672 6335 6336
f 4672 6336 4670
f 4670 6336 4668
f 6330 6328 6329
f 6325 4707 4706
f 6326 6325 6337
f 6337 6325 4706
f 6337 4706 4705
f 4718 6326 6338
f 6338 6326 6337
f 6338 6337 6339
f 6339 6337 4705
f 6339 4705 4704
f 4718 6338 4716
f 4716 6338 6340
f 4716 6340 4714
f 4714 6340 4712
f 6340 6338 6339
f 6330 6329 6341
f 6341 6329 4660
f 6341 4660 4659
f 6340 6339 6342
f 6342 6339 4704
f 6342 4704 4703
f 6330 6341 6331
f 6331 6341 6343
f 6331 6343 6332
f 6332 6343 6344
f 6332 6344 6333
f 6333 6344 6345
f 6333 6345 6334
f 6334 6345 6346
f 6334 6346 6335
f 6335 6346 6347
f 6335 6347 6336
f 6336 6347 6348
f 6336 6348 4668
f 4668 6348 4666
f 6343 6341 4659
f 4710 4712 6342
f 6342 4712 6340
f 4710 6342 4703
f 6344 6343 4658
f 4658 6343 4659
f 4702 4710 4703
f 4467 4465 6349
f 6349 4465 4464
f 6349 4464 4462
f 4469 4467 6350
f 6350 4467 6349
f 6350 6349 6351
f 6351 6349 4462
f 6351 4462 4460
f 4471 4469 6352
f 6352 4469 6350
f 6352 6350 6353
f 6353 6350 6351
f 6353 6351 6354
f 6354 6351 4460
f 6354 4460 4458
f 4473 4471 6355
f 6355 4471 6352
f 6355 6352 6356
f 6356 6352 6353
f 6356 6353 6357
f 6357 6353 6354
f 6357 6354 6358
f 6358 6354 4458
f 6358 4458 4456
f 4389 4473 6359
f 6359 4473 6355
f 6359 6355 6360
f 6360 6355 6356
f 6360 6356 6361
f 6361 6356 6357
f 6361 6357 6362
f 6362 6357 6358
f 6362 6358 6363
f 6363 6358 4456
f 6363 4456 4454
f 6345 6344 4657
f 4657 6344 4658
f 6360 6364 6359
f 6359 6364 4391
f 6359 4391 4389
f 4391 6364 4393
f 4393 6364 6365
f 4393 6365 4395
f 4395 6365 6366
f 4395 6366 4397
f 4397 6366 6367
f 4397 6367 4399
f 4399 6367 6368
f 4399 6368 4401
f 4401 6368 6369
f 4401 6369 4403
f 4403 6369 6370
f 4403 6370 4405
f 4405 6370 6371
f 4405 6371 4407
f 4407 6371 6372
f 4407 6372 4409
f 4409 6372 6373
f 4409 6373 4411
f 4411 6373 6374
f 4411 6374 4413
f 4413 6374 6375
f 4413 6375 4415
f 4415 6375 6376
f 4415 6376 4417
f 4417 6376 6377
f 4417 6377 4419
f 4419 6377 4421
f 6364 6360 6378
f 6378 6360 6361
f 6378 6361 6379
f 6379 6361 6362
f 6379 6362 6380
f 6380 6362 6363
f 6380 6363 6381
f 6381 6363 4454
f 6381 4454 4452
f 6345 4657 4656
f 6345 4656 6346
f 6346 4656 4655
f 6346 4655 6347
f 6347 4655 4654
f 6347 4654 6348
f 6348 4654 4653
f 6348 4653 4666
f 4666 4653 4652
f 6364 6378 6365
f 6365 6378 6382
f 6365 6382 6366
f 6366 6382 6383
f 6366 6383 6367
f 6367 6383 6384
f 6367 6384 6368
f 6368 6384 6385
f 6368 6385 6369
f 6369 6385 6386
f 6369 6386 6370
f 6370 6386 6387
f 6370 6387 6371
f 6371 6387 6388
f 6371 6388 6372
f 6372 6388 6389
f 6372 6389 6373
f 6373 6389 6390
f 6373 6390 6374
f 6374 6390 6391
f 6374 6391 6375
f 6375 6391 6392
f 6375 6392 6376
f 6376 6392 6393
f 6376 6393 6377
f 6377 6393 6394
f 6377 6394 4421
f 4421 6394 4423
f 6382 6378 6379
f 6382 6379 6395
f 6395 6379 6380
f 6395 6380 6396
f 6396 6380 6381
f 6396 6381 6397
f 6397 6381 4452
f 6397 4452 4450
f 6382 6395 6383
f 6383 6395 6398
f 6383 6398 6384
f 6384 6398 6399
f 6384 6399 6385
f 6385 6399 6400
f 6385 6400 6386
f 6386 6400 6401
f 6386 6401 6387
f 6387 6401 6402
f 6387 6402 6388
f 6388 6402 6403
f 6388 6403 6389
f 6389 6403 6404
f 6389 6404 6390
f 6390 6404 6405
f 6390 6405 6391
f 6391 6405 6406
f 6391 6406 6392
f 6392 6406 6407
f 6392 6407 6393
f 6393 6407 6408
f 6393 6408 6394
f 6394 6408 4426
f 6394 4426 4423
f 6398 6395 6396
f 6398 6396 6409
f 6409 6396 6397
f 6409 6397 6410
f 6410 6397 4450
f 6410 4450 4448
f 4538 6411 4537
f 4537 6411 4525
f 4537 4525 4524
f 4525 6411 4526
f 4526 6411 6412
f 4526 6412 4527
f 4527 6412 6413
f 4527 6413 4528
f 4528 6413 6414
f 4528 6414 4529
f 4529 6414 4550
f 4529 4550 4530
f 6411 4538 6415
f 6415 4538 4539
f 6415 4539 6416
f 6416 4539 4540
f 6416 4540 6417
f 6417 4540 4541
f 6417 4541 4542
f 6410 6418 6409
f 6409 6418 6399
f 6409 6399 6398
f 6399 6418 6400
f 6400 6418 6419
f 6400 6419 6401
f 6401 6419 6420
f 6401 6420 6402
f 6402 6420 6421
f 6402 6421 6403
f 6403 6421 6422
f 6403 6422 6404
f 6404 6422 6423
f 6404 6423 6405
f 6405 6423 6424
f 6405 6424 6406
f 6406 6424 6425
f 6406 6425 6407
f 6407 6425 6426
f 6407 6426 6408
f 6408 6426 4428
f 6408 4428 4426
f 6418 6410 6427
f 6427 6410 4448
f 6427 4448 4446
f 6411 6415 6412
f 6412 6415 6428
f 6412 6428 6413
f 6413 6428 6429
f 6413 6429 6414
f 6414 6429 4548
f 6414 4548 4550
f 6428 6415 6416
f 6418 6427 6419
f 6419 6427 6430
f 6419 6430 6420
f 6420 6430 6431
f 6420 6431 6421
f 6421 6431 6432
f 6421 6432 6422
f 6422 6432 6433
f 6422 6433 6423
f 6423 6433 6434
f 6423 6434 6424
f 6424 6434 6435
f 6424 6435 6425
f 6425 6435 6436
f 6425 6436 6426
f 6426 6436 4430
f 6426 4430 4428
f 6430 6427 4446
f 6428 6416 6437
f 6437 6416 6417
f 6437 6417 4544
f 4544 6417 4542
f 6431 6430 4444
f 4444 6430 4446
f 6428 6437 6429
f 6429 6437 4546
f 6429 4546 4548
f 4546 6437 4544
f 6432 6431 4442
f 4442 6431 4444
f 4543 4553 4545
f 4545 4553 6438
f 4545 6438 4547
f 4547 6438 6439
f 4547 6439 4549
f 4549 6439 6440
f 4549 6440 4551
f 4551 6440 6441
f 4551 6441 4531
f 4531 6441 4532
f 6432 4442 4440
f 6432 4440 6433
f 6433 4440 4438
f 6433 4438 6434
f 6434 4438 4436
f 6434 4436 6435
f 6435 4436 4434
f 6435 4434 6436
f 6436 4434 4432
f 6436 4432 4430
f 4553 4555 6438
f 6438 4555 6442
f 6438 6442 6439
f 6439 6442 6443
f 6439 6443 6440
f 6440 6443 6444
f 6440 6444 6441
f 6441 6444 6445
f 6441 6445 4532
f 4532 6445 4533
f 4555 4557 6442
f 6442 4557 6446
f 6442 6446 6443
f 6443 6446 6447
f 6443 6447 6444
f 6444 6447 6448
f 6444 6448 6445
f 6445 6448 6449
f 6445 6449 4533
f 4533 6449 4534
f 4557 4559 6446
f 6446 4559 4570
f 6446 4570 6447
f 6447 4570 4572
f 6447 4572 6448
f 6448 4572 4574
f 6448 4574 6449
f 6449 4574 4576
f 6449 4576 4534
f 4534 4576 4535
f 5676 258 4424
f 4424 258 1636
f 4424 1636 4422
f 4422 1636 1631
f 4422 1631 4420
f 4420 1631 1626
f 4420 1626 4577
f 4577 1626 1614
f 4577 1614 4598
f 4598 1614 1612
f 4598 1612 4599
f 4599 1612 1601
f 4599 1601 4601
f 4601 1601 1590
f 4601 1590 4635
f 4635 1590 1566
f 4635 1566 4651
f 4651 1566 1564
f 4651 1564 4667
f 4667 1564 1547
f 4667 1547 4669
f 4669 1547 1530
f 4669 1530 4691
f 4691 1530 1228
f 4691 1228 4701
f 4701 1228 1226
f 4701 1226 4711
f 4711 1226 1224
f 4711 1224 4713
f 4713 1224 1529
f 4713 1529 4723
f 4723 1529 1525
f 4723 1525 4727
f 4727 1525 1523
f 4727 1523 4731
f 4731 1523 1516
f 4731 1516 4205
f 4205 1516 1509
f 4205 1509 4203
f 4203 1509 1493
f 4203 1493 4202
f 4202 1493 1491
f 4202 1491 4733
f 4733 1491 1478
f 4733 1478 4735
f 4735 1478 1465
f 4735 1465 4771
f 4771 1465 1437
f 4771 1437 4788
f 4788 1437 1435
f 4788 1435 4805
f 4805 1435 1416
f 4805 1416 4807
f 4807 1416 1397
f 4807 1397 4831
f 4831 1397 1145
f 4831 1145 4842
f 4842 1145 1143
f 4842 1143 4853
f 4853 1143 1141
f 4853 1141 4855
f 4855 1141 1139
f 4855 1139 4857
f 4857 1139 1396
f 4857 1396 4867
f 4867 1396 1392
f 4867 1392 4871
f 4871 1392 1390
f 4871 1390 4875
f 4875 1390 1383
f 4875 1383 4002
f 4002 1383 1376
f 4002 1376 4001
f 4001 1376 1360
f 4001 1360 4876
f 4876 1360 1358
f 4876 1358 4896
f 4896 1358 1345
f 4896 1345 4898
f 4898 1345 1332
f 4898 1332 4932
f 4932 1332 1304
f 4932 1304 4948
f 4948 1304 1302
f 4948 1302 4964
f 4964 1302 1283
f 4964 1283 4966
f 4966 1283 1264
f 4966 1264 4988
f 4988 1264 1061
f 4988 1061 4998
f 4998 1061 1039
f 4998 1039 5008
f 5008 1039 891
f 5008 891 5010
f 5010 891 890
f 5010 890 5020
f 5020 890 1037
f 5020 1037 5024
f 5024 1037 1034
f 5024 1034 5028
f 5028 1034 1026
f 5028 1026 3575
f 3575 1026 1024
f 3575 1024 3573
f 3573 1024 1015
f 3573 1015 3571
f 3571 1015 1006
f 3571 1006 5029
f 5029 1006 986
f 5029 986 5054
f 5054 986 984
f 5054 984 5080
f 5080 984 983
f 5080 983 5082
f 5082 983 968
f 5082 968 5133
f 5133 968 936
f 5133 936 5159
f 5159 936 934
f 5159 934 5186
f 5186 934 913
f 5186 913 5188
f 5188 913 892
f 5188 892 5235
f 5235 892 808
f 5235 808 5259
f 5259 808 786
f 5259 786 5284
f 5284 786 782
f 5284 782 5286
f 5286 782 781
f 5286 781 5329
f 5329 781 783
f 5329 783 5351
f 5351 783 702
f 5351 702 5352
f 5352 702 679
f 5352 679 5391
f 5391 679 560
f 5391 560 5411
f 5411 560 559
f 5411 559 5432
f 5432 559 677
f 5432 677 5437
f 5437 677 672
f 5437 672 5440
f 5440 672 662
f 5440 662 5475
f 5475 662 660
f 5475 660 5478
f 5478 660 650
f 5478 650 5508
f 5508 650 630
f 5508 630 5524
f 5524 630 628
f 5524 628 5538
f 5538 628 613
f 5538 613 5552
f 5552 613 583
f 5552 583 5553
f 5553 583 581
f 5553 581 5576
f 5576 581 561
f 5576 561 5577
f 5577 561 481
f 5577 481 5579
f 5579 481 459
f 5579 459 5584
f 5584 459 340
f 5584 340 5587
f 5587 340 339
f 5587 339 5602
f 5602 339 457
f 5602 457 5605
f 5605 457 452
f 5605 452 5615
f 5615 452 442
f 5615 442 5621
f 5621 442 440
f 5621 440 5625
f 5625 440 430
f 5625 430 5629
f 5629 430 410
f 5629 410 5630
f 5630 410 408
f 5630 408 5633
f 5633 408 393
f 5633 393 3443
f 3443 393 363
f 3443 363 3441
f 3441 363 361
f 3441 361 5634
f 5634 361 341
f 5634 341 5653
f 5653 341 261
f 5653 261 3357
f 3357 261 171
f 3357 171 3355
f 3355 171 170
f 3355 170 3353
f 3353 170 212
f 3353 212 5656
f 5656 212 259
f 5656 259 5676
f 5676 259 258
