# Go Stone Model
# Converted from STL with planar UV mapping

v -0.292326 3.929700 1.328049
v -0.147025 3.929700 1.351870
v 0.000000 4.000000 -0.000000
v -0.434200 3.929700 1.288658
v -0.570983 3.929700 1.234159
v -0.701072 3.929700 1.165190
v -0.822941 3.929700 1.082561
v -0.935162 3.929700 0.987239
v -1.036420 3.929700 0.880343
v -1.125526 3.929700 0.763126
v -1.201437 3.929700 0.636961
v -1.263261 3.929700 0.503329
v -1.310276 3.929700 0.363796
v -1.341928 3.929700 0.219998
v -1.357847 3.929700 0.073620
v -1.357847 3.929700 -0.073620
v -1.341928 3.929700 -0.219998
v -1.310276 3.929700 -0.363796
v -1.263261 3.929700 -0.503329
v -1.201437 3.929700 -0.636961
v -1.125526 3.929700 -0.763126
v -1.036420 3.929700 -0.880343
v -0.935162 3.929700 -0.987239
v -0.822941 3.929700 -1.082561
v -0.701072 3.929700 -1.165190
v -0.570983 3.929700 -1.234159
v -0.434200 3.929700 -1.288658
v -0.292326 3.929700 -1.328049
v -0.147025 3.929700 -1.351870
v 0.000000 3.929700 -1.359842
v 0.147025 3.929700 -1.351870
v 0.292326 3.929700 -1.328049
v 0.434200 3.929700 -1.288658
v 0.570983 3.929700 -1.234159
v 0.701072 3.929700 -1.165190
v 0.822941 3.929700 -1.082561
v 0.935162 3.929700 -0.987239
v 1.036420 3.929700 -0.880343
v 1.125526 3.929700 -0.763126
v 1.201437 3.929700 -0.636961
v 1.263261 3.929700 -0.503329
v 1.310276 3.929700 -0.363796
v 1.341928 3.929700 -0.219998
v 1.357847 3.929700 -0.073620
v 1.357847 3.929700 0.073620
v 1.341928 3.929700 0.219998
v 1.310276 3.929700 0.363796
v 1.263261 3.929700 0.503329
v 1.201437 3.929700 0.636961
v 1.125526 3.929700 0.763126
v 1.036420 3.929700 0.880343
v 0.935162 3.929700 0.987239
v 0.822941 3.929700 1.082561
v 0.701072 3.929700 1.165190
v 0.570983 3.929700 1.234159
v 0.434200 3.929700 1.288658
v 0.292326 3.929700 1.328049
v 0.147025 3.929700 1.351870
v 0.000000 3.929700 1.359842
v 0.000000 3.570300 4.601984
v 0.497562 3.570300 4.575007
v 0.989291 3.570300 4.494392
v 1.469421 3.570300 4.361084
v 1.932323 3.570300 4.176647
v 2.372571 3.570300 3.943243
v 2.785002 3.570300 3.663608
v 3.164782 3.570300 3.341020
v 3.507458 3.570300 2.979261
v 3.809011 3.570300 2.582574
v 4.065908 3.570300 2.155608
v 4.275136 3.570300 1.703370
v 4.434241 3.570300 1.231161
v 4.541360 3.570300 0.744518
v 4.595235 3.570300 0.249146
v 4.595235 3.570300 -0.249146
v 4.541360 3.570300 -0.744518
v 4.434241 3.570300 -1.231161
v 4.275136 3.570300 -1.703370
v 4.065908 3.570300 -2.155608
v 3.809011 3.570300 -2.582574
v 3.507458 3.570300 -2.979261
v 3.164782 3.570300 -3.341020
v 2.785002 3.570300 -3.663608
v 2.372571 3.570300 -3.943243
v 1.932323 3.570300 -4.176647
v 1.469421 3.570300 -4.361084
v 0.989291 3.570300 -4.494392
v 0.497562 3.570300 -4.575007
v 0.000000 3.570300 -4.601984
v -0.497562 3.570300 -4.575007
v -0.989291 3.570300 -4.494392
v -1.469421 3.570300 -4.361084
v -1.932323 3.570300 -4.176647
v -2.372571 3.570300 -3.943243
v -2.785002 3.570300 -3.663608
v -3.164782 3.570300 -3.341020
v -3.507458 3.570300 -2.979261
v -3.809011 3.570300 -2.582574
v -4.065908 3.570300 -2.155608
v -4.275136 3.570300 -1.703370
v -4.434241 3.570300 -1.231161
v -4.541360 3.570300 -0.744518
v -4.595235 3.570300 -0.249146
v -4.595235 3.570300 0.249146
v -4.541360 3.570300 0.744518
v -4.434241 3.570300 1.231161
v -4.275136 3.570300 1.703370
v -4.065908 3.570300 2.155608
v -3.809011 3.570300 2.582574
v -3.507458 3.570300 2.979261
v -3.164782 3.570300 3.341020
v -2.785002 3.570300 3.663608
v -2.372571 3.570300 3.943243
v -1.932323 3.570300 4.176647
v -1.469421 3.570300 4.361084
v -0.989291 3.570300 4.494392
v -0.497562 3.570300 4.575007
v 0.000000 3.106676 6.847059
v 0.740297 3.106676 6.806921
v 1.471915 3.106676 6.686979
v 2.186276 3.106676 6.488637
v 2.875005 3.106676 6.214223
v 3.530028 3.106676 5.866952
v 4.143664 3.106676 5.450896
v 4.708719 3.106676 4.970934
v 5.218569 3.106676 4.432692
v 5.667236 3.106676 3.842481
v 6.049459 3.106676 3.207221
v 6.360759 3.106676 2.534358
v 6.597484 3.106676 1.831782
v 6.756860 3.106676 1.107731
v 6.837018 3.106676 0.370692
v 6.837018 3.106676 -0.370692
v 6.756860 3.106676 -1.107731
v 6.597484 3.106676 -1.831782
v 6.360759 3.106676 -2.534358
v 6.049459 3.106676 -3.207221
v 5.667236 3.106676 -3.842481
v 5.218569 3.106676 -4.432692
v 4.708719 3.106676 -4.970934
v 4.143664 3.106676 -5.450896
v 3.530028 3.106676 -5.866952
v 2.875005 3.106676 -6.214223
v 2.186276 3.106676 -6.488637
v 1.471915 3.106676 -6.686979
v 0.740297 3.106676 -6.806921
v 0.000000 3.106676 -6.847059
v -0.740297 3.106676 -6.806921
v -1.471915 3.106676 -6.686979
v -2.186276 3.106676 -6.488637
v -2.875005 3.106676 -6.214223
v -3.530028 3.106676 -5.866952
v -4.143664 3.106676 -5.450896
v -4.708719 3.106676 -4.970934
v -5.218569 3.106676 -4.432692
v -5.667236 3.106676 -3.842481
v -6.049459 3.106676 -3.207221
v -6.360759 3.106676 -2.534358
v -6.597484 3.106676 -1.831782
v -6.756860 3.106676 -1.107731
v -6.837018 3.106676 -0.370692
v -6.837018 3.106676 0.370692
v -6.756860 3.106676 1.107731
v -6.597484 3.106676 1.831782
v -6.360759 3.106676 2.534358
v -6.049459 3.106676 3.207221
v -5.667236 3.106676 3.842481
v -5.218569 3.106676 4.432692
v -4.708719 3.106676 4.970934
v -4.143664 3.106676 5.450896
v -3.530028 3.106676 5.866952
v -2.875005 3.106676 6.214223
v -2.186276 3.106676 6.488637
v -1.471915 3.106676 6.686979
v -0.740297 3.106676 6.806921
v 0.000000 2.999787 7.234313
v 0.782167 2.999787 7.191905
v 1.555163 2.999787 7.065178
v 2.309927 2.999787 6.855619
v 3.037609 2.999787 6.565684
v 3.729678 2.999787 6.198773
v 4.378019 2.999787 5.759186
v 4.975033 2.999787 5.252078
v 5.513718 2.999787 4.683395
v 5.987761 2.999787 4.059803
v 6.391602 2.999787 3.388613
v 6.720508 2.999787 2.677695
v 6.970622 2.999787 1.935384
v 7.139011 2.999787 1.170382
v 7.223703 2.999787 0.391658
v 7.223703 2.999787 -0.391658
v 7.139011 2.999787 -1.170382
v 6.970622 2.999787 -1.935384
v 6.720508 2.999787 -2.677695
v 6.391602 2.999787 -3.388613
v 5.987761 2.999787 -4.059803
v 5.513718 2.999787 -4.683395
v 4.975033 2.999787 -5.252078
v 4.378019 2.999787 -5.759186
v 3.729678 2.999787 -6.198773
v 3.037609 2.999787 -6.565684
v 2.309927 2.999787 -6.855619
v 1.555163 2.999787 -7.065178
v 0.782167 2.999787 -7.191905
v 0.000000 2.999787 -7.234313
v -0.782167 2.999787 -7.191905
v -1.555163 2.999787 -7.065178
v -2.309927 2.999787 -6.855619
v -3.037609 2.999787 -6.565684
v -3.729678 2.999787 -6.198773
v -4.378019 2.999787 -5.759186
v -4.975033 2.999787 -5.252078
v -5.513718 2.999787 -4.683395
v -5.987761 2.999787 -4.059803
v -6.391602 2.999787 -3.388613
v -6.720508 2.999787 -2.677695
v -6.970622 2.999787 -1.935384
v -7.139011 2.999787 -1.170382
v -7.223703 2.999787 -0.391658
v -7.223703 2.999787 0.391658
v -7.139011 2.999787 1.170382
v -6.970622 2.999787 1.935384
v -6.720508 2.999787 2.677695
v -6.391602 2.999787 3.388613
v -5.987761 2.999787 4.059803
v -5.513718 2.999787 4.683395
v -4.975033 2.999787 5.252078
v -4.378019 2.999787 5.759186
v -3.729678 2.999787 6.198773
v -3.037609 2.999787 6.565684
v -2.309927 2.999787 6.855619
v -1.555163 2.999787 7.065178
v -0.782167 2.999787 7.191905
v 0.000000 2.595068 8.425174
v 0.910922 2.595068 8.375784
v 1.811163 2.595068 8.228198
v 2.690171 2.595068 7.984143
v 3.537639 2.595068 7.646480
v 4.343631 2.595068 7.219170
v 5.098698 2.595068 6.707222
v 5.793987 2.595068 6.116638
v 6.421348 2.595068 5.454342
v 6.973423 2.595068 4.728098
v 7.443742 2.595068 3.946422
v 7.826790 2.595068 3.118478
v 8.118076 2.595068 2.253973
v 8.314185 2.595068 1.363041
v 8.412818 2.595068 0.456130
v 8.412818 2.595068 -0.456130
v 8.314185 2.595068 -1.363041
v 8.118076 2.595068 -2.253973
v 7.826790 2.595068 -3.118478
v 7.443742 2.595068 -3.946422
v 6.973423 2.595068 -4.728098
v 6.421348 2.595068 -5.454342
v 5.793987 2.595068 -6.116638
v 5.098698 2.595068 -6.707222
v 4.343631 2.595068 -7.219170
v 3.537639 2.595068 -7.646480
v 2.690171 2.595068 -7.984143
v 1.811163 2.595068 -8.228198
v 0.910922 2.595068 -8.375784
v 0.000000 2.595068 -8.425174
v -0.910922 2.595068 -8.375784
v -1.811163 2.595068 -8.228198
v -2.690171 2.595068 -7.984143
v -3.537639 2.595068 -7.646480
v -4.343631 2.595068 -7.219170
v -5.098698 2.595068 -6.707222
v -5.793987 2.595068 -6.116638
v -6.421348 2.595068 -5.454342
v -6.973423 2.595068 -4.728098
v -7.443742 2.595068 -3.946422
v -7.826790 2.595068 -3.118478
v -8.118076 2.595068 -2.253973
v -8.314185 2.595068 -1.363041
v -8.412818 2.595068 -0.456130
v -8.412818 2.595068 0.456130
v -8.314185 2.595068 1.363041
v -8.118076 2.595068 2.253973
v -7.826790 2.595068 3.118478
v -7.443742 2.595068 3.946422
v -6.973423 2.595068 4.728098
v -6.421348 2.595068 5.454342
v -5.793987 2.595068 6.116638
v -5.098698 2.595068 6.707222
v -4.343631 2.595068 7.219170
v -3.537639 2.595068 7.646480
v -2.690171 2.595068 7.984143
v -1.811163 2.595068 8.228198
v -0.910922 2.595068 8.375784
v 0.000000 2.245610 9.190970
v 0.993719 2.245610 9.137093
v 1.975787 2.245610 8.976090
v 2.934691 2.245610 8.709851
v 3.859188 2.245610 8.341498
v 4.738440 2.245610 7.875349
v 5.562138 2.245610 7.316867
v 6.320625 2.245610 6.672603
v 7.005009 2.245610 5.950108
v 7.607265 2.245610 5.157854
v 8.120333 2.245610 4.305128
v 8.538197 2.245610 3.401929
v 8.855959 2.245610 2.458845
v 9.069894 2.245610 1.486933
v 9.177491 2.245610 0.497589
v 9.177491 2.245610 -0.497589
v 9.069894 2.245610 -1.486933
v 8.855959 2.245610 -2.458845
v 8.538197 2.245610 -3.401929
v 8.120333 2.245610 -4.305128
v 7.607265 2.245610 -5.157854
v 7.005009 2.245610 -5.950108
v 6.320625 2.245610 -6.672603
v 5.562138 2.245610 -7.316867
v 4.738440 2.245610 -7.875349
v 3.859188 2.245610 -8.341498
v 2.934691 2.245610 -8.709851
v 1.975787 2.245610 -8.976090
v 0.993719 2.245610 -9.137093
v 0.000000 2.245610 -9.190970
v -0.993719 2.245610 -9.137093
v -1.975787 2.245610 -8.976090
v -2.934691 2.245610 -8.709851
v -3.859188 2.245610 -8.341498
v -4.738440 2.245610 -7.875349
v -5.562138 2.245610 -7.316867
v -6.320625 2.245610 -6.672603
v -7.005009 2.245610 -5.950108
v -7.607265 2.245610 -5.157854
v -8.120333 2.245610 -4.305128
v -8.538197 2.245610 -3.401929
v -8.855959 2.245610 -2.458845
v -9.069894 2.245610 -1.486933
v -9.177491 2.245610 -0.497589
v -9.177491 2.245610 0.497589
v -9.069894 2.245610 1.486933
v -8.855959 2.245610 2.458845
v -8.538197 2.245610 3.401929
v -8.120333 2.245610 4.305128
v -7.607265 2.245610 5.157854
v -7.005009 2.245610 5.950108
v -6.320625 2.245610 6.672603
v -5.562138 2.245610 7.316867
v -4.738440 2.245610 7.875349
v -3.859188 2.245610 8.341498
v -2.934691 2.245610 8.709851
v -1.975787 2.245610 8.976090
v -0.993719 2.245610 9.137093
v 0.000000 1.943006 9.707888
v 1.049607 1.943006 9.650979
v 2.086909 1.943006 9.480923
v 3.099743 1.943006 9.199711
v 4.076236 1.943006 8.810640
v 5.004939 1.943006 8.318274
v 5.874963 1.943006 7.728382
v 6.676109 1.943006 7.047882
v 7.398983 1.943006 6.284753
v 8.035111 1.943006 5.447941
v 8.577036 1.943006 4.547256
v 9.018401 1.943006 3.593260
v 9.354034 1.943006 2.597135
v 9.580000 1.943006 1.570561
v 9.693649 1.943006 0.525574
v 9.693649 1.943006 -0.525574
v 9.580000 1.943006 -1.570561
v 9.354034 1.943006 -2.597135
v 9.018401 1.943006 -3.593260
v 8.577036 1.943006 -4.547256
v 8.035111 1.943006 -5.447941
v 7.398983 1.943006 -6.284753
v 6.676109 1.943006 -7.047882
v 5.874963 1.943006 -7.728382
v 5.004939 1.943006 -8.318274
v 4.076236 1.943006 -8.810640
v 3.099743 1.943006 -9.199711
v 2.086909 1.943006 -9.480923
v 1.049607 1.943006 -9.650979
v 0.000000 1.943006 -9.707888
v -1.049607 1.943006 -9.650979
v -2.086909 1.943006 -9.480923
v -3.099743 1.943006 -9.199711
v -4.076236 1.943006 -8.810640
v -5.004939 1.943006 -8.318274
v -5.874963 1.943006 -7.728382
v -6.676109 1.943006 -7.047882
v -7.398983 1.943006 -6.284753
v -8.035111 1.943006 -5.447941
v -8.577036 1.943006 -4.547256
v -9.018401 1.943006 -3.593260
v -9.354034 1.943006 -2.597135
v -9.580000 1.943006 -1.570561
v -9.693649 1.943006 -0.525574
v -9.693649 1.943006 0.525574
v -9.580000 1.943006 1.570561
v -9.354034 1.943006 2.597135
v -9.018401 1.943006 3.593260
v -8.577036 1.943006 4.547256
v -8.035111 1.943006 5.447941
v -7.398983 1.943006 6.284753
v -6.676109 1.943006 7.047882
v -5.874963 1.943006 7.728382
v -5.004939 1.943006 8.318274
v -4.076236 1.943006 8.810640
v -3.099743 1.943006 9.199711
v -2.086909 1.943006 9.480923
v -1.049607 1.943006 9.650979
v 0.000000 1.702086 10.040256
v 1.085542 1.702086 9.981399
v 2.158358 1.702086 9.805519
v 3.205869 1.702086 9.514679
v 4.215794 1.702086 9.112288
v 5.176292 1.702086 8.603065
v 6.076104 1.702086 7.992977
v 6.904678 1.702086 7.289180
v 7.652301 1.702086 6.499923
v 8.310208 1.702086 5.634461
v 8.870687 1.702086 4.702940
v 9.327163 1.702086 3.716281
v 9.674288 1.702086 2.686053
v 9.907990 1.702086 1.624333
v 10.025530 1.702086 0.543568
v 10.025530 1.702086 -0.543568
v 9.907990 1.702086 -1.624333
v 9.674288 1.702086 -2.686053
v 9.327163 1.702086 -3.716281
v 8.870687 1.702086 -4.702940
v 8.310208 1.702086 -5.634461
v 7.652301 1.702086 -6.499923
v 6.904678 1.702086 -7.289180
v 6.076104 1.702086 -7.992977
v 5.176292 1.702086 -8.603065
v 4.215794 1.702086 -9.112288
v 3.205869 1.702086 -9.514679
v 2.158358 1.702086 -9.805519
v 1.085542 1.702086 -9.981399
v 0.000000 1.702086 -10.040256
v -1.085542 1.702086 -9.981399
v -2.158358 1.702086 -9.805519
v -3.205869 1.702086 -9.514679
v -4.215794 1.702086 -9.112288
v -5.176292 1.702086 -8.603065
v -6.076104 1.702086 -7.992977
v -6.904678 1.702086 -7.289180
v -7.652301 1.702086 -6.499923
v -8.310208 1.702086 -5.634461
v -8.870687 1.702086 -4.702940
v -9.327163 1.702086 -3.716281
v -9.674288 1.702086 -2.686053
v -9.907990 1.702086 -1.624333
v -10.025530 1.702086 -0.543568
v -10.025530 1.702086 0.543568
v -9.907990 1.702086 1.624333
v -9.674288 1.702086 2.686053
v -9.327163 1.702086 3.716281
v -8.870687 1.702086 4.702940
v -8.310208 1.702086 5.634461
v -7.652301 1.702086 6.499923
v -6.904678 1.702086 7.289180
v -6.076104 1.702086 7.992977
v -5.176292 1.702086 8.603065
v -4.215794 1.702086 9.112288
v -3.205869 1.702086 9.514679
v -2.158358 1.702086 9.805519
v -1.085542 1.702086 9.981399
v 0.000000 1.489241 10.283560
v 1.111848 1.489241 10.223277
v 2.210661 1.489241 10.043136
v 3.283556 1.489241 9.745248
v 4.317955 1.489241 9.333106
v 5.301729 1.489241 8.811542
v 6.223345 1.489241 8.186670
v 7.071999 1.489241 7.465818
v 7.837739 1.489241 6.657435
v 8.511589 1.489241 5.771000
v 9.085649 1.489241 4.816906
v 9.553187 1.489241 3.806338
v 9.908724 1.489241 2.751144
v 10.148089 1.489241 1.663695
v 10.268477 1.489241 0.556741
v 10.268477 1.489241 -0.556741
v 10.148089 1.489241 -1.663695
v 9.908724 1.489241 -2.751144
v 9.553187 1.489241 -3.806338
v 9.085649 1.489241 -4.816906
v 8.511589 1.489241 -5.771000
v 7.837739 1.489241 -6.657435
v 7.071999 1.489241 -7.465818
v 6.223345 1.489241 -8.186670
v 5.301729 1.489241 -8.811542
v 4.317955 1.489241 -9.333106
v 3.283556 1.489241 -9.745248
v 2.210661 1.489241 -10.043136
v 1.111848 1.489241 -10.223277
v 0.000000 1.489241 -10.283560
v -1.111848 1.489241 -10.223277
v -2.210661 1.489241 -10.043136
v -3.283556 1.489241 -9.745248
v -4.317955 1.489241 -9.333106
v -5.301729 1.489241 -8.811542
v -6.223345 1.489241 -8.186670
v -7.071999 1.489241 -7.465818
v -7.837739 1.489241 -6.657435
v -8.511589 1.489241 -5.771000
v -9.085649 1.489241 -4.816906
v -9.553187 1.489241 -3.806338
v -9.908724 1.489241 -2.751144
v -10.148089 1.489241 -1.663695
v -10.268477 1.489241 -0.556741
v -10.268477 1.489241 0.556741
v -10.148089 1.489241 1.663695
v -9.908724 1.489241 2.751144
v -9.553187 1.489241 3.806338
v -9.085649 1.489241 4.816906
v -8.511589 1.489241 5.771000
v -7.837739 1.489241 6.657435
v -7.071999 1.489241 7.465818
v -6.223345 1.489241 8.186670
v -5.301729 1.489241 8.811542
v -4.317955 1.489241 9.333106
v -3.283556 1.489241 9.745248
v -2.210661 1.489241 10.043136
v -1.111848 1.489241 10.223277
v 0.000000 1.289860 10.473289
v 1.132362 1.289860 10.411894
v 2.251447 1.289860 10.228429
v 3.344137 1.289860 9.925045
v 4.397620 1.289860 9.505300
v 5.399544 1.289860 8.974113
v 6.338164 1.289860 8.337713
v 7.202475 1.289860 7.603560
v 7.982344 1.289860 6.780263
v 8.668626 1.289860 5.877474
v 9.253277 1.289860 4.905777
v 9.729442 1.289860 3.876564
v 10.091537 1.289860 2.801902
v 10.335319 1.289860 1.694390
v 10.457930 1.289860 0.567012
v 10.457930 1.289860 -0.567012
v 10.335319 1.289860 -1.694390
v 10.091537 1.289860 -2.801902
v 9.729442 1.289860 -3.876564
v 9.253277 1.289860 -4.905777
v 8.668626 1.289860 -5.877474
v 7.982344 1.289860 -6.780263
v 7.202475 1.289860 -7.603560
v 6.338164 1.289860 -8.337713
v 5.399544 1.289860 -8.974113
v 4.397620 1.289860 -9.505300
v 3.344137 1.289860 -9.925045
v 2.251447 1.289860 -10.228429
v 1.132362 1.289860 -10.411894
v 0.000000 1.289860 -10.473289
v -1.132362 1.289860 -10.411894
v -2.251447 1.289860 -10.228429
v -3.344137 1.289860 -9.925045
v -4.397620 1.289860 -9.505300
v -5.399544 1.289860 -8.974113
v -6.338164 1.289860 -8.337713
v -7.202475 1.289860 -7.603560
v -7.982344 1.289860 -6.780263
v -8.668626 1.289860 -5.877474
v -9.253277 1.289860 -4.905777
v -9.729442 1.289860 -3.876564
v -10.091537 1.289860 -2.801902
v -10.335319 1.289860 -1.694390
v -10.457930 1.289860 -0.567012
v -10.457930 1.289860 0.567012
v -10.335319 1.289860 1.694390
v -10.091537 1.289860 2.801902
v -9.729442 1.289860 3.876564
v -9.253277 1.289860 4.905777
v -8.668626 1.289860 5.877474
v -7.982344 1.289860 6.780263
v -7.202475 1.289860 7.603560
v -6.338164 1.289860 8.337713
v -5.399544 1.289860 8.974113
v -4.397620 1.289860 9.505300
v -3.344137 1.289860 9.925045
v -2.251447 1.289860 10.228429
v -1.132362 1.289860 10.411894
v 0.000000 1.100343 10.622557
v 1.148500 1.100343 10.560287
v 2.283535 1.100343 10.374207
v 3.391798 1.100343 10.066499
v 4.460296 1.100343 9.640771
v 5.476500 1.100343 9.102013
v 6.428497 1.100343 8.456543
v 7.305126 1.100343 7.711928
v 8.096109 1.100343 6.876897
v 8.792173 1.100343 5.961241
v 9.385157 1.100343 4.975695
v 9.868107 1.100343 3.931813
v 10.235364 1.100343 2.841835
v 10.482619 1.100343 1.718538
v 10.606977 1.100343 0.575094
v 10.606977 1.100343 -0.575094
v 10.482619 1.100343 -1.718538
v 10.235364 1.100343 -2.841835
v 9.868107 1.100343 -3.931813
v 9.385157 1.100343 -4.975695
v 8.792173 1.100343 -5.961241
v 8.096109 1.100343 -6.876897
v 7.305126 1.100343 -7.711928
v 6.428497 1.100343 -8.456543
v 5.476500 1.100343 -9.102013
v 4.460296 1.100343 -9.640771
v 3.391798 1.100343 -10.066499
v 2.283535 1.100343 -10.374207
v 1.148500 1.100343 -10.560287
v 0.000000 1.100343 -10.622557
v -1.148500 1.100343 -10.560287
v -2.283535 1.100343 -10.374207
v -3.391798 1.100343 -10.066499
v -4.460296 1.100343 -9.640771
v -5.476500 1.100343 -9.102013
v -6.428497 1.100343 -8.456543
v -7.305126 1.100343 -7.711928
v -8.096109 1.100343 -6.876897
v -8.792173 1.100343 -5.961241
v -9.385157 1.100343 -4.975695
v -9.868107 1.100343 -3.931813
v -10.235364 1.100343 -2.841835
v -10.482619 1.100343 -1.718538
v -10.606977 1.100343 -0.575094
v -10.606977 1.100343 0.575094
v -10.482619 1.100343 1.718538
v -10.235364 1.100343 2.841835
v -9.868107 1.100343 3.931813
v -9.385157 1.100343 4.975695
v -8.792173 1.100343 5.961241
v -8.096109 1.100343 6.876897
v -7.305126 1.100343 7.711928
v -6.428497 1.100343 8.456543
v -5.476500 1.100343 9.102013
v -4.460296 1.100343 9.640771
v -3.391798 1.100343 10.066499
v -2.283535 1.100343 10.374207
v -1.148500 1.100343 10.560287
v 0.000000 0.917363 10.740294
v 1.161230 0.917363 10.677333
v 2.308846 0.917363 10.489191
v 3.429392 0.917363 10.178072
v 4.509732 0.917363 9.747626
v 5.537199 0.917363 9.202897
v 6.499748 0.917363 8.550272
v 7.386094 0.917363 7.797404
v 8.185843 0.917363 6.953118
v 8.889622 0.917363 6.027313
v 9.489178 0.917363 5.030844
v 9.977482 0.917363 3.975392
v 10.348809 0.917363 2.873333
v 10.598805 0.917363 1.737586
v 10.724542 0.917363 0.581468
v 10.724542 0.917363 -0.581468
v 10.598805 0.917363 -1.737586
v 10.348809 0.917363 -2.873333
v 9.977482 0.917363 -3.975392
v 9.489178 0.917363 -5.030844
v 8.889622 0.917363 -6.027313
v 8.185843 0.917363 -6.953118
v 7.386094 0.917363 -7.797404
v 6.499748 0.917363 -8.550272
v 5.537199 0.917363 -9.202897
v 4.509732 0.917363 -9.747626
v 3.429392 0.917363 -10.178072
v 2.308846 0.917363 -10.489191
v 1.161230 0.917363 -10.677333
v 0.000000 0.917363 -10.740294
v -1.161230 0.917363 -10.677333
v -2.308846 0.917363 -10.489191
v -3.429392 0.917363 -10.178072
v -4.509732 0.917363 -9.747626
v -5.537199 0.917363 -9.202897
v -6.499748 0.917363 -8.550272
v -7.386094 0.917363 -7.797404
v -8.185843 0.917363 -6.953118
v -8.889622 0.917363 -6.027313
v -9.489178 0.917363 -5.030844
v -9.977482 0.917363 -3.975392
v -10.348809 0.917363 -2.873333
v -10.598805 0.917363 -1.737586
v -10.724542 0.917363 -0.581468
v -10.724542 0.917363 0.581468
v -10.598805 0.917363 1.737586
v -10.348809 0.917363 2.873333
v -9.977482 0.917363 3.975392
v -9.489178 0.917363 5.030844
v -8.889622 0.917363 6.027313
v -8.185843 0.917363 6.953118
v -7.386094 0.917363 7.797404
v -6.499748 0.917363 8.550272
v -5.537199 0.917363 9.202897
v -4.509732 0.917363 9.747626
v -3.429392 0.917363 10.178072
v -2.308846 0.917363 10.489191
v -1.161230 0.917363 10.677333
v 0.000000 0.737732 10.832540
v 1.171204 0.737732 10.769038
v 2.328676 0.737732 10.579281
v 3.458847 0.737732 10.265491
v 4.548465 0.737732 9.831347
v 5.584758 0.737732 9.281939
v 6.555573 0.737732 8.623710
v 7.449532 0.737732 7.864375
v 8.256150 0.737732 7.012837
v 8.965974 0.737732 6.079081
v 9.570680 0.737732 5.074053
v 10.063177 0.737732 4.009536
v 10.437694 0.737732 2.898011
v 10.689837 0.737732 1.752510
v 10.816652 0.737732 0.586462
v 10.816652 0.737732 -0.586462
v 10.689837 0.737732 -1.752510
v 10.437694 0.737732 -2.898011
v 10.063177 0.737732 -4.009536
v 9.570680 0.737732 -5.074053
v 8.965974 0.737732 -6.079081
v 8.256150 0.737732 -7.012837
v 7.449532 0.737732 -7.864375
v 6.555573 0.737732 -8.623710
v 5.584758 0.737732 -9.281939
v 4.548465 0.737732 -9.831347
v 3.458847 0.737732 -10.265491
v 2.328676 0.737732 -10.579281
v 1.171204 0.737732 -10.769038
v 0.000000 0.737732 -10.832540
v -1.171204 0.737732 -10.769038
v -2.328676 0.737732 -10.579281
v -3.458847 0.737732 -10.265491
v -4.548465 0.737732 -9.831347
v -5.584758 0.737732 -9.281939
v -6.555573 0.737732 -8.623710
v -7.449532 0.737732 -7.864375
v -8.256150 0.737732 -7.012837
v -8.965974 0.737732 -6.079081
v -9.570680 0.737732 -5.074053
v -10.063177 0.737732 -4.009536
v -10.437694 0.737732 -2.898011
v -10.689837 0.737732 -1.752510
v -10.816652 0.737732 -0.586462
v -10.816652 0.737732 0.586462
v -10.689837 0.737732 1.752510
v -10.437694 0.737732 2.898011
v -10.063177 0.737732 4.009536
v -9.570680 0.737732 5.074053
v -8.965974 0.737732 6.079081
v -8.256150 0.737732 7.012837
v -7.449532 0.737732 7.864375
v -6.555573 0.737732 8.623710
v -5.584758 0.737732 9.281939
v -4.548465 0.737732 9.831347
v -3.458847 0.737732 10.265491
v -2.328676 0.737732 10.579281
v -1.171204 0.737732 10.769038
v 0.000000 0.558233 10.903218
v 1.178845 0.558233 10.839303
v 2.343869 0.558233 10.648307
v 3.481414 0.558233 10.332469
v 4.578143 0.558233 9.895493
v 5.621196 0.558233 9.342501
v 6.598346 0.558233 8.679976
v 7.498137 0.558233 7.915687
v 8.310019 0.558233 7.058594
v 9.024474 0.558233 6.118745
v 9.633124 0.558233 5.107159
v 10.128836 0.558233 4.035697
v 10.505795 0.558233 2.916920
v 10.759584 0.558233 1.763944
v 10.887228 0.558233 0.590288
v 10.887228 0.558233 -0.590288
v 10.759584 0.558233 -1.763944
v 10.505795 0.558233 -2.916920
v 10.128836 0.558233 -4.035697
v 9.633124 0.558233 -5.107159
v 9.024474 0.558233 -6.118745
v 8.310019 0.558233 -7.058594
v 7.498137 0.558233 -7.915687
v 6.598346 0.558233 -8.679976
v 5.621196 0.558233 -9.342501
v 4.578143 0.558233 -9.895493
v 3.481414 0.558233 -10.332469
v 2.343869 0.558233 -10.648307
v 1.178845 0.558233 -10.839303
v 0.000000 0.558233 -10.903218
v -1.178845 0.558233 -10.839303
v -2.343869 0.558233 -10.648307
v -3.481414 0.558233 -10.332469
v -4.578143 0.558233 -9.895493
v -5.621196 0.558233 -9.342501
v -6.598346 0.558233 -8.679976
v -7.498137 0.558233 -7.915687
v -8.310019 0.558233 -7.058594
v -9.024474 0.558233 -6.118745
v -9.633124 0.558233 -5.107159
v -10.128836 0.558233 -4.035697
v -10.505795 0.558233 -2.916920
v -10.759584 0.558233 -1.763944
v -10.887228 0.558233 -0.590288
v -10.887228 0.558233 0.590288
v -10.759584 0.558233 1.763944
v -10.505795 0.558233 2.916920
v -10.128836 0.558233 4.035697
v -9.633124 0.558233 5.107159
v -9.024474 0.558233 6.118745
v -8.310019 0.558233 7.058594
v -7.498137 0.558233 7.915687
v -6.598346 0.558233 8.679976
v -5.621196 0.558233 9.342501
v -4.578143 0.558233 9.895493
v -3.481414 0.558233 10.332469
v -2.343869 0.558233 10.648307
v -1.178845 0.558233 10.839303
v 0.000000 0.375399 10.954557
v 1.184396 0.375399 10.890342
v 2.354906 0.375399 10.698446
v 3.497807 0.375399 10.381122
v 4.599699 0.375399 9.942087
v 5.647665 0.375399 9.386491
v 6.629416 0.375399 8.720847
v 7.533443 0.375399 7.952959
v 8.349148 0.375399 7.091830
v 9.066966 0.375399 6.147556
v 9.678483 0.375399 5.131207
v 10.176529 0.375399 4.054699
v 10.555264 0.375399 2.930655
v 10.810247 0.375399 1.772250
v 10.938492 0.375399 0.593068
v 10.938492 0.375399 -0.593068
v 10.810247 0.375399 -1.772250
v 10.555264 0.375399 -2.930655
v 10.176529 0.375399 -4.054699
v 9.678483 0.375399 -5.131207
v 9.066966 0.375399 -6.147556
v 8.349148 0.375399 -7.091830
v 7.533443 0.375399 -7.952959
v 6.629416 0.375399 -8.720847
v 5.647665 0.375399 -9.386491
v 4.599699 0.375399 -9.942087
v 3.497807 0.375399 -10.381122
v 2.354906 0.375399 -10.698446
v 1.184396 0.375399 -10.890342
v 0.000000 0.375399 -10.954557
v -1.184396 0.375399 -10.890342
v -2.354906 0.375399 -10.698446
v -3.497807 0.375399 -10.381122
v -4.599699 0.375399 -9.942087
v -5.647665 0.375399 -9.386491
v -6.629416 0.375399 -8.720847
v -7.533443 0.375399 -7.952959
v -8.349148 0.375399 -7.091830
v -9.066966 0.375399 -6.147556
v -9.678483 0.375399 -5.131207
v -10.176529 0.375399 -4.054699
v -10.555264 0.375399 -2.930655
v -10.810247 0.375399 -1.772250
v -10.938492 0.375399 -0.593068
v -10.938492 0.375399 0.593068
v -10.810247 0.375399 1.772250
v -10.555264 0.375399 2.930655
v -10.176529 0.375399 4.054699
v -9.678483 0.375399 5.131207
v -9.066966 0.375399 6.147556
v -8.349148 0.375399 7.091830
v -7.533443 0.375399 7.952959
v -6.629416 0.375399 8.720847
v -5.647665 0.375399 9.386491
v -4.599699 0.375399 9.942087
v -3.497807 0.375399 10.381122
v -2.354906 0.375399 10.698446
v -1.184396 0.375399 10.890342
v 0.000000 0.185452 10.987214
v 1.187927 0.185452 10.922807
v 2.361926 0.185452 10.730339
v 3.508234 0.185452 10.412068
v 4.613411 0.185452 9.971725
v 5.664500 0.185452 9.414474
v 6.649179 0.185452 8.746844
v 7.555901 0.185452 7.976668
v 8.374037 0.185452 7.112971
v 9.093996 0.185452 6.165883
v 9.707336 0.185452 5.146504
v 10.206866 0.185452 4.066787
v 10.586730 0.185452 2.939391
v 10.842474 0.185452 1.777533
v 10.971100 0.185452 0.594836
v 10.971100 0.185452 -0.594836
v 10.842474 0.185452 -1.777533
v 10.586730 0.185452 -2.939391
v 10.206866 0.185452 -4.066787
v 9.707336 0.185452 -5.146504
v 9.093996 0.185452 -6.165883
v 8.374037 0.185452 -7.112971
v 7.555901 0.185452 -7.976668
v 6.649179 0.185452 -8.746844
v 5.664500 0.185452 -9.414474
v 4.613411 0.185452 -9.971725
v 3.508234 0.185452 -10.412068
v 2.361926 0.185452 -10.730339
v 1.187927 0.185452 -10.922807
v 0.000000 0.185452 -10.987214
v -1.187927 0.185452 -10.922807
v -2.361926 0.185452 -10.730339
v -3.508234 0.185452 -10.412068
v -4.613411 0.185452 -9.971725
v -5.664500 0.185452 -9.414474
v -6.649179 0.185452 -8.746844
v -7.555901 0.185452 -7.976668
v -8.374037 0.185452 -7.112971
v -9.093996 0.185452 -6.165883
v -9.707336 0.185452 -5.146504
v -10.206866 0.185452 -4.066787
v -10.586730 0.185452 -2.939391
v -10.842474 0.185452 -1.777533
v -10.971100 0.185452 -0.594836
v -10.971100 0.185452 0.594836
v -10.842474 0.185452 1.777533
v -10.586730 0.185452 2.939391
v -10.206866 0.185452 4.066787
v -9.707336 0.185452 5.146504
v -9.093996 0.185452 6.165883
v -8.374037 0.185452 7.112971
v -7.555901 0.185452 7.976668
v -6.649179 0.185452 8.746844
v -5.664500 0.185452 9.414474
v -4.613411 0.185452 9.971725
v -3.508234 0.185452 10.412068
v -2.361926 0.185452 10.730339
v -1.187927 0.185452 10.922807
v -10.855092 0.000000 -1.779602
v -10.983868 0.000000 -0.595528
v -11.000000 0.000000 0.000000
v -10.983868 0.000000 0.595528
v -10.855092 0.000000 1.779602
v -10.599050 0.000000 2.942812
v -10.218744 0.000000 4.071520
v -9.718633 0.000000 5.152493
v -9.104579 0.000000 6.173058
v -8.383782 0.000000 7.121249
v -7.564694 0.000000 7.985950
v -6.656916 0.000000 8.757024
v -5.671093 0.000000 9.425428
v -4.618780 0.000000 9.983330
v -3.512317 0.000000 10.424185
v -2.364675 0.000000 10.742826
v -1.189309 0.000000 10.935518
v 0.000000 0.000000 11.000000
v 1.189309 0.000000 10.935518
v 2.364675 0.000000 10.742826
v 3.512317 0.000000 10.424185
v 4.618780 0.000000 9.983330
v 5.671093 0.000000 9.425428
v 6.656916 0.000000 8.757024
v 7.564694 0.000000 7.985950
v 8.383782 0.000000 7.121249
v 9.104579 0.000000 6.173058
v 9.718633 0.000000 5.152493
v 10.218744 0.000000 4.071520
v 10.599050 0.000000 2.942812
v 10.855092 0.000000 1.779602
v 10.983868 0.000000 0.595528
v 10.983868 0.000000 -0.595528
v 10.855092 0.000000 -1.779602
v 10.599050 0.000000 -2.942812
v 10.218744 0.000000 -4.071520
v 9.718633 0.000000 -5.152493
v 9.104579 0.000000 -6.173058
v 8.383782 0.000000 -7.121249
v 7.564694 0.000000 -7.985950
v 6.656916 0.000000 -8.757024
v 5.671093 0.000000 -9.425428
v 4.618780 0.000000 -9.983330
v 3.512317 0.000000 -10.424185
v 2.364675 0.000000 -10.742826
v 1.189309 0.000000 -10.935518
v 0.000000 0.000000 -11.000000
v -1.189309 0.000000 -10.935518
v -2.364675 0.000000 -10.742826
v -3.512317 0.000000 -10.424185
v -4.618780 0.000000 -9.983330
v -5.671093 0.000000 -9.425428
v -6.656916 0.000000 -8.757024
v -7.564694 0.000000 -7.985950
v -8.383782 0.000000 -7.121249
v -9.104579 0.000000 -6.173058
v -9.718633 0.000000 -5.152493
v -10.218744 0.000000 -4.071520
v -10.599050 0.000000 -2.942812
v 0.000000 -4.000000 -0.000000
v -0.292326 -3.929700 1.328049
v -0.434200 -3.929700 1.288658
v -0.147025 -3.929700 1.351870
v 0.000000 -3.929700 1.359842
v -0.701072 -3.929700 1.165190
v -0.822941 -3.929700 1.082561
v -0.570983 -3.929700 1.234159
v -1.036420 -3.929700 0.880343
v -1.125526 -3.929700 0.763126
v -0.935162 -3.929700 0.987239
v -1.263261 -3.929700 0.503329
v -1.310276 -3.929700 0.363796
v -1.201437 -3.929700 0.636961
v -1.357847 -3.929700 0.073620
v -1.357847 -3.929700 -0.073620
v -1.341928 -3.929700 0.219998
v -1.310276 -3.929700 -0.363796
v -1.263261 -3.929700 -0.503329
v -1.341928 -3.929700 -0.219998
v -1.125526 -3.929700 -0.763126
v -1.036420 -3.929700 -0.880343
v -1.201437 -3.929700 -0.636961
v -0.822941 -3.929700 -1.082561
v -0.701072 -3.929700 -1.165190
v -0.935162 -3.929700 -0.987239
v -0.434200 -3.929700 -1.288658
v -0.292326 -3.929700 -1.328049
v -0.570983 -3.929700 -1.234159
v 0.000000 -3.929700 -1.359842
v 0.147025 -3.929700 -1.351870
v -0.147025 -3.929700 -1.351870
v 0.434200 -3.929700 -1.288658
v 0.570983 -3.929700 -1.234159
v 0.292326 -3.929700 -1.328049
v 0.822941 -3.929700 -1.082561
v 0.935162 -3.929700 -0.987239
v 0.701072 -3.929700 -1.165190
v 1.125526 -3.929700 -0.763126
v 1.201437 -3.929700 -0.636961
v 1.036420 -3.929700 -0.880343
v 1.310276 -3.929700 -0.363796
v 1.341928 -3.929700 -0.219998
v 1.263261 -3.929700 -0.503329
v 1.357847 -3.929700 0.073620
v 1.341928 -3.929700 0.219998
v 1.357847 -3.929700 -0.073620
v 1.263261 -3.929700 0.503329
v 1.201437 -3.929700 0.636961
v 1.310276 -3.929700 0.363796
v 1.036420 -3.929700 0.880343
v 0.935162 -3.929700 0.987239
v 1.125526 -3.929700 0.763126
v 0.701072 -3.929700 1.165190
v 0.570983 -3.929700 1.234159
v 0.822941 -3.929700 1.082561
v 0.292326 -3.929700 1.328049
v 0.147025 -3.929700 1.351870
v 0.434200 -3.929700 1.288658
v -10.971100 -0.185452 0.594836
v -10.971100 -0.185452 -0.594836
v -10.842474 -0.185452 -1.777533
v -10.586730 -0.185452 -2.939391
v -10.206866 -0.185452 -4.066787
v -9.707336 -0.185452 -5.146504
v -9.093996 -0.185452 -6.165883
v -8.374037 -0.185452 -7.112971
v -7.555901 -0.185452 -7.976668
v -6.649179 -0.185452 -8.746844
v -5.664500 -0.185452 -9.414474
v -4.613411 -0.185452 -9.971725
v -3.508234 -0.185452 -10.412068
v -2.361926 -0.185452 -10.730339
v -1.187927 -0.185452 -10.922807
v 0.000000 -0.185452 -10.987214
v 1.187927 -0.185452 -10.922807
v 2.361926 -0.185452 -10.730339
v 3.508234 -0.185452 -10.412068
v 4.613411 -0.185452 -9.971725
v 5.664500 -0.185452 -9.414474
v 6.649179 -0.185452 -8.746844
v 7.555901 -0.185452 -7.976668
v 8.374037 -0.185452 -7.112971
v 9.093996 -0.185452 -6.165883
v 9.707336 -0.185452 -5.146504
v 10.206866 -0.185452 -4.066787
v 10.586730 -0.185452 -2.939391
v 10.842474 -0.185452 -1.777533
v 10.971100 -0.185452 -0.594836
v 10.971100 -0.185452 0.594836
v 10.842474 -0.185452 1.777533
v 10.586730 -0.185452 2.939391
v 10.206866 -0.185452 4.066787
v 9.707336 -0.185452 5.146504
v 9.093996 -0.185452 6.165883
v 8.374037 -0.185452 7.112971
v 7.555901 -0.185452 7.976668
v 6.649179 -0.185452 8.746844
v 5.664500 -0.185452 9.414474
v 4.613411 -0.185452 9.971725
v 3.508234 -0.185452 10.412068
v 2.361926 -0.185452 10.730339
v 1.187927 -0.185452 10.922807
v 0.000000 -0.185452 10.987214
v -1.187927 -0.185452 10.922807
v -2.361926 -0.185452 10.730339
v -3.508234 -0.185452 10.412068
v -4.613411 -0.185452 9.971725
v -5.664500 -0.185452 9.414474
v -6.649179 -0.185452 8.746844
v -7.555901 -0.185452 7.976668
v -8.374037 -0.185452 7.112971
v -9.093996 -0.185452 6.165883
v -9.707336 -0.185452 5.146504
v -10.206866 -0.185452 4.066787
v -10.586730 -0.185452 2.939391
v -10.842474 -0.185452 1.777533
v 0.000000 -0.375399 10.954557
v 1.184396 -0.375399 10.890342
v 2.354906 -0.375399 10.698446
v 3.497807 -0.375399 10.381122
v 4.599699 -0.375399 9.942087
v 5.647665 -0.375399 9.386491
v 6.629416 -0.375399 8.720847
v 7.533443 -0.375399 7.952959
v 8.349148 -0.375399 7.091830
v 9.066966 -0.375399 6.147556
v 9.678483 -0.375399 5.131207
v 10.176529 -0.375399 4.054699
v 10.555264 -0.375399 2.930655
v 10.810247 -0.375399 1.772250
v 10.938492 -0.375399 0.593068
v 10.938492 -0.375399 -0.593068
v 10.810247 -0.375399 -1.772250
v 10.555264 -0.375399 -2.930655
v 10.176529 -0.375399 -4.054699
v 9.678483 -0.375399 -5.131207
v 9.066966 -0.375399 -6.147556
v 8.349148 -0.375399 -7.091830
v 7.533443 -0.375399 -7.952959
v 6.629416 -0.375399 -8.720847
v 5.647665 -0.375399 -9.386491
v 4.599699 -0.375399 -9.942087
v 3.497807 -0.375399 -10.381122
v 2.354906 -0.375399 -10.698446
v 1.184396 -0.375399 -10.890342
v 0.000000 -0.375399 -10.954557
v -1.184396 -0.375399 -10.890342
v -2.354906 -0.375399 -10.698446
v -3.497807 -0.375399 -10.381122
v -4.599699 -0.375399 -9.942087
v -5.647665 -0.375399 -9.386491
v -6.629416 -0.375399 -8.720847
v -7.533443 -0.375399 -7.952959
v -8.349148 -0.375399 -7.091830
v -9.066966 -0.375399 -6.147556
v -9.678483 -0.375399 -5.131207
v -10.176529 -0.375399 -4.054699
v -10.555264 -0.375399 -2.930655
v -10.810247 -0.375399 -1.772250
v -10.938492 -0.375399 -0.593068
v -10.938492 -0.375399 0.593068
v -10.810247 -0.375399 1.772250
v -10.555264 -0.375399 2.930655
v -10.176529 -0.375399 4.054699
v -9.678483 -0.375399 5.131207
v -9.066966 -0.375399 6.147556
v -8.349148 -0.375399 7.091830
v -7.533443 -0.375399 7.952959
v -6.629416 -0.375399 8.720847
v -5.647665 -0.375399 9.386491
v -4.599699 -0.375399 9.942087
v -3.497807 -0.375399 10.381122
v -2.354906 -0.375399 10.698446
v -1.184396 -0.375399 10.890342
v 0.000000 -0.558233 10.903218
v 1.178845 -0.558233 10.839303
v 2.343869 -0.558233 10.648307
v 3.481414 -0.558233 10.332469
v 4.578143 -0.558233 9.895493
v 5.621196 -0.558233 9.342501
v 6.598346 -0.558233 8.679976
v 7.498137 -0.558233 7.915687
v 8.310019 -0.558233 7.058594
v 9.024474 -0.558233 6.118745
v 9.633124 -0.558233 5.107159
v 10.128836 -0.558233 4.035697
v 10.505795 -0.558233 2.916920
v 10.759584 -0.558233 1.763944
v 10.887228 -0.558233 0.590288
v 10.887228 -0.558233 -0.590288
v 10.759584 -0.558233 -1.763944
v 10.505795 -0.558233 -2.916920
v 10.128836 -0.558233 -4.035697
v 9.633124 -0.558233 -5.107159
v 9.024474 -0.558233 -6.118745
v 8.310019 -0.558233 -7.058594
v 7.498137 -0.558233 -7.915687
v 6.598346 -0.558233 -8.679976
v 5.621196 -0.558233 -9.342501
v 4.578143 -0.558233 -9.895493
v 3.481414 -0.558233 -10.332469
v 2.343869 -0.558233 -10.648307
v 1.178845 -0.558233 -10.839303
v 0.000000 -0.558233 -10.903218
v -1.178845 -0.558233 -10.839303
v -2.343869 -0.558233 -10.648307
v -3.481414 -0.558233 -10.332469
v -4.578143 -0.558233 -9.895493
v -5.621196 -0.558233 -9.342501
v -6.598346 -0.558233 -8.679976
v -7.498137 -0.558233 -7.915687
v -8.310019 -0.558233 -7.058594
v -9.024474 -0.558233 -6.118745
v -9.633124 -0.558233 -5.107159
v -10.128836 -0.558233 -4.035697
v -10.505795 -0.558233 -2.916920
v -10.759584 -0.558233 -1.763944
v -10.887228 -0.558233 -0.590288
v -10.887228 -0.558233 0.590288
v -10.759584 -0.558233 1.763944
v -10.505795 -0.558233 2.916920
v -10.128836 -0.558233 4.035697
v -9.633124 -0.558233 5.107159
v -9.024474 -0.558233 6.118745
v -8.310019 -0.558233 7.058594
v -7.498137 -0.558233 7.915687
v -6.598346 -0.558233 8.679976
v -5.621196 -0.558233 9.342501
v -4.578143 -0.558233 9.895493
v -3.481414 -0.558233 10.332469
v -2.343869 -0.558233 10.648307
v -1.178845 -0.558233 10.839303
v 0.000000 -0.737732 10.832540
v 1.171204 -0.737732 10.769038
v 2.328676 -0.737732 10.579281
v 3.458847 -0.737732 10.265491
v 4.548465 -0.737732 9.831347
v 5.584758 -0.737732 9.281939
v 6.555573 -0.737732 8.623710
v 7.449532 -0.737732 7.864375
v 8.256150 -0.737732 7.012837
v 8.965974 -0.737732 6.079081
v 9.570680 -0.737732 5.074053
v 10.063177 -0.737732 4.009536
v 10.437694 -0.737732 2.898011
v 10.689837 -0.737732 1.752510
v 10.816652 -0.737732 0.586462
v 10.816652 -0.737732 -0.586462
v 10.689837 -0.737732 -1.752510
v 10.437694 -0.737732 -2.898011
v 10.063177 -0.737732 -4.009536
v 9.570680 -0.737732 -5.074053
v 8.965974 -0.737732 -6.079081
v 8.256150 -0.737732 -7.012837
v 7.449532 -0.737732 -7.864375
v 6.555573 -0.737732 -8.623710
v 5.584758 -0.737732 -9.281939
v 4.548465 -0.737732 -9.831347
v 3.458847 -0.737732 -10.265491
v 2.328676 -0.737732 -10.579281
v 1.171204 -0.737732 -10.769038
v 0.000000 -0.737732 -10.832540
v -1.171204 -0.737732 -10.769038
v -2.328676 -0.737732 -10.579281
v -3.458847 -0.737732 -10.265491
v -4.548465 -0.737732 -9.831347
v -5.584758 -0.737732 -9.281939
v -6.555573 -0.737732 -8.623710
v -7.449532 -0.737732 -7.864375
v -8.256150 -0.737732 -7.012837
v -8.965974 -0.737732 -6.079081
v -9.570680 -0.737732 -5.074053
v -10.063177 -0.737732 -4.009536
v -10.437694 -0.737732 -2.898011
v -10.689837 -0.737732 -1.752510
v -10.816652 -0.737732 -0.586462
v -10.816652 -0.737732 0.586462
v -10.689837 -0.737732 1.752510
v -10.437694 -0.737732 2.898011
v -10.063177 -0.737732 4.009536
v -9.570680 -0.737732 5.074053
v -8.965974 -0.737732 6.079081
v -8.256150 -0.737732 7.012837
v -7.449532 -0.737732 7.864375
v -6.555573 -0.737732 8.623710
v -5.584758 -0.737732 9.281939
v -4.548465 -0.737732 9.831347
v -3.458847 -0.737732 10.265491
v -2.328676 -0.737732 10.579281
v -1.171204 -0.737732 10.769038
v 0.000000 -0.917363 10.740294
v 1.161230 -0.917363 10.677333
v 2.308846 -0.917363 10.489191
v 3.429392 -0.917363 10.178072
v 4.509732 -0.917363 9.747626
v 5.537199 -0.917363 9.202897
v 6.499748 -0.917363 8.550272
v 7.386094 -0.917363 7.797404
v 8.185843 -0.917363 6.953118
v 8.889622 -0.917363 6.027313
v 9.489178 -0.917363 5.030844
v 9.977482 -0.917363 3.975392
v 10.348809 -0.917363 2.873333
v 10.598805 -0.917363 1.737586
v 10.724542 -0.917363 0.581468
v 10.724542 -0.917363 -0.581468
v 10.598805 -0.917363 -1.737586
v 10.348809 -0.917363 -2.873333
v 9.977482 -0.917363 -3.975392
v 9.489178 -0.917363 -5.030844
v 8.889622 -0.917363 -6.027313
v 8.185843 -0.917363 -6.953118
v 7.386094 -0.917363 -7.797404
v 6.499748 -0.917363 -8.550272
v 5.537199 -0.917363 -9.202897
v 4.509732 -0.917363 -9.747626
v 3.429392 -0.917363 -10.178072
v 2.308846 -0.917363 -10.489191
v 1.161230 -0.917363 -10.677333
v 0.000000 -0.917363 -10.740294
v -1.161230 -0.917363 -10.677333
v -2.308846 -0.917363 -10.489191
v -3.429392 -0.917363 -10.178072
v -4.509732 -0.917363 -9.747626
v -5.537199 -0.917363 -9.202897
v -6.499748 -0.917363 -8.550272
v -7.386094 -0.917363 -7.797404
v -8.185843 -0.917363 -6.953118
v -8.889622 -0.917363 -6.027313
v -9.489178 -0.917363 -5.030844
v -9.977482 -0.917363 -3.975392
v -10.348809 -0.917363 -2.873333
v -10.598805 -0.917363 -1.737586
v -10.724542 -0.917363 -0.581468
v -10.724542 -0.917363 0.581468
v -10.598805 -0.917363 1.737586
v -10.348809 -0.917363 2.873333
v -9.977482 -0.917363 3.975392
v -9.489178 -0.917363 5.030844
v -8.889622 -0.917363 6.027313
v -8.185843 -0.917363 6.953118
v -7.386094 -0.917363 7.797404
v -6.499748 -0.917363 8.550272
v -5.537199 -0.917363 9.202897
v -4.509732 -0.917363 9.747626
v -3.429392 -0.917363 10.178072
v -2.308846 -0.917363 10.489191
v -1.161230 -0.917363 10.677333
v 0.000000 -1.100343 10.622557
v 1.148500 -1.100343 10.560287
v 2.283535 -1.100343 10.374207
v 3.391798 -1.100343 10.066499
v 4.460296 -1.100343 9.640771
v 5.476500 -1.100343 9.102013
v 6.428497 -1.100343 8.456543
v 7.305126 -1.100343 7.711928
v 8.096109 -1.100343 6.876897
v 8.792173 -1.100343 5.961241
v 9.385157 -1.100343 4.975695
v 9.868107 -1.100343 3.931813
v 10.235364 -1.100343 2.841835
v 10.482619 -1.100343 1.718538
v 10.606977 -1.100343 0.575094
v 10.606977 -1.100343 -0.575094
v 10.482619 -1.100343 -1.718538
v 10.235364 -1.100343 -2.841835
v 9.868107 -1.100343 -3.931813
v 9.385157 -1.100343 -4.975695
v 8.792173 -1.100343 -5.961241
v 8.096109 -1.100343 -6.876897
v 7.305126 -1.100343 -7.711928
v 6.428497 -1.100343 -8.456543
v 5.476500 -1.100343 -9.102013
v 4.460296 -1.100343 -9.640771
v 3.391798 -1.100343 -10.066499
v 2.283535 -1.100343 -10.374207
v 1.148500 -1.100343 -10.560287
v 0.000000 -1.100343 -10.622557
v -1.148500 -1.100343 -10.560287
v -2.283535 -1.100343 -10.374207
v -3.391798 -1.100343 -10.066499
v -4.460296 -1.100343 -9.640771
v -5.476500 -1.100343 -9.102013
v -6.428497 -1.100343 -8.456543
v -7.305126 -1.100343 -7.711928
v -8.096109 -1.100343 -6.876897
v -8.792173 -1.100343 -5.961241
v -9.385157 -1.100343 -4.975695
v -9.868107 -1.100343 -3.931813
v -10.235364 -1.100343 -2.841835
v -10.482619 -1.100343 -1.718538
v -10.606977 -1.100343 -0.575094
v -10.606977 -1.100343 0.575094
v -10.482619 -1.100343 1.718538
v -10.235364 -1.100343 2.841835
v -9.868107 -1.100343 3.931813
v -9.385157 -1.100343 4.975695
v -8.792173 -1.100343 5.961241
v -8.096109 -1.100343 6.876897
v -7.305126 -1.100343 7.711928
v -6.428497 -1.100343 8.456543
v -5.476500 -1.100343 9.102013
v -4.460296 -1.100343 9.640771
v -3.391798 -1.100343 10.066499
v -2.283535 -1.100343 10.374207
v -1.148500 -1.100343 10.560287
v 0.000000 -1.289860 10.473289
v 1.132362 -1.289860 10.411894
v 2.251447 -1.289860 10.228429
v 3.344137 -1.289860 9.925045
v 4.397620 -1.289860 9.505300
v 5.399544 -1.289860 8.974113
v 6.338164 -1.289860 8.337713
v 7.202475 -1.289860 7.603560
v 7.982344 -1.289860 6.780263
v 8.668626 -1.289860 5.877474
v 9.253277 -1.289860 4.905777
v 9.729442 -1.289860 3.876564
v 10.091537 -1.289860 2.801902
v 10.335319 -1.289860 1.694390
v 10.457930 -1.289860 0.567012
v 10.457930 -1.289860 -0.567012
v 10.335319 -1.289860 -1.694390
v 10.091537 -1.289860 -2.801902
v 9.729442 -1.289860 -3.876564
v 9.253277 -1.289860 -4.905777
v 8.668626 -1.289860 -5.877474
v 7.982344 -1.289860 -6.780263
v 7.202475 -1.289860 -7.603560
v 6.338164 -1.289860 -8.337713
v 5.399544 -1.289860 -8.974113
v 4.397620 -1.289860 -9.505300
v 3.344137 -1.289860 -9.925045
v 2.251447 -1.289860 -10.228429
v 1.132362 -1.289860 -10.411894
v 0.000000 -1.289860 -10.473289
v -1.132362 -1.289860 -10.411894
v -2.251447 -1.289860 -10.228429
v -3.344137 -1.289860 -9.925045
v -4.397620 -1.289860 -9.505300
v -5.399544 -1.289860 -8.974113
v -6.338164 -1.289860 -8.337713
v -7.202475 -1.289860 -7.603560
v -7.982344 -1.289860 -6.780263
v -8.668626 -1.289860 -5.877474
v -9.253277 -1.289860 -4.905777
v -9.729442 -1.289860 -3.876564
v -10.091537 -1.289860 -2.801902
v -10.335319 -1.289860 -1.694390
v -10.457930 -1.289860 -0.567012
v -10.457930 -1.289860 0.567012
v -10.335319 -1.289860 1.694390
v -10.091537 -1.289860 2.801902
v -9.729442 -1.289860 3.876564
v -9.253277 -1.289860 4.905777
v -8.668626 -1.289860 5.877474
v -7.982344 -1.289860 6.780263
v -7.202475 -1.289860 7.603560
v -6.338164 -1.289860 8.337713
v -5.399544 -1.289860 8.974113
v -4.397620 -1.289860 9.505300
v -3.344137 -1.289860 9.925045
v -2.251447 -1.289860 10.228429
v -1.132362 -1.289860 10.411894
v 0.000000 -1.489241 10.283560
v 1.111848 -1.489241 10.223277
v 2.210661 -1.489241 10.043136
v 3.283556 -1.489241 9.745248
v 4.317955 -1.489241 9.333106
v 5.301729 -1.489241 8.811542
v 6.223345 -1.489241 8.186670
v 7.071999 -1.489241 7.465818
v 7.837739 -1.489241 6.657435
v 8.511589 -1.489241 5.771000
v 9.085649 -1.489241 4.816906
v 9.553187 -1.489241 3.806338
v 9.908724 -1.489241 2.751144
v 10.148089 -1.489241 1.663695
v 10.268477 -1.489241 0.556741
v 10.268477 -1.489241 -0.556741
v 10.148089 -1.489241 -1.663695
v 9.908724 -1.489241 -2.751144
v 9.553187 -1.489241 -3.806338
v 9.085649 -1.489241 -4.816906
v 8.511589 -1.489241 -5.771000
v 7.837739 -1.489241 -6.657435
v 7.071999 -1.489241 -7.465818
v 6.223345 -1.489241 -8.186670
v 5.301729 -1.489241 -8.811542
v 4.317955 -1.489241 -9.333106
v 3.283556 -1.489241 -9.745248
v 2.210661 -1.489241 -10.043136
v 1.111848 -1.489241 -10.223277
v 0.000000 -1.489241 -10.283560
v -1.111848 -1.489241 -10.223277
v -2.210661 -1.489241 -10.043136
v -3.283556 -1.489241 -9.745248
v -4.317955 -1.489241 -9.333106
v -5.301729 -1.489241 -8.811542
v -6.223345 -1.489241 -8.186670
v -7.071999 -1.489241 -7.465818
v -7.837739 -1.489241 -6.657435
v -8.511589 -1.489241 -5.771000
v -9.085649 -1.489241 -4.816906
v -9.553187 -1.489241 -3.806338
v -9.908724 -1.489241 -2.751144
v -10.148089 -1.489241 -1.663695
v -10.268477 -1.489241 -0.556741
v -10.268477 -1.489241 0.556741
v -10.148089 -1.489241 1.663695
v -9.908724 -1.489241 2.751144
v -9.553187 -1.489241 3.806338
v -9.085649 -1.489241 4.816906
v -8.511589 -1.489241 5.771000
v -7.837739 -1.489241 6.657435
v -7.071999 -1.489241 7.465818
v -6.223345 -1.489241 8.186670
v -5.301729 -1.489241 8.811542
v -4.317955 -1.489241 9.333106
v -3.283556 -1.489241 9.745248
v -2.210661 -1.489241 10.043136
v -1.111848 -1.489241 10.223277
v 0.000000 -1.702086 10.040256
v 1.085542 -1.702086 9.981399
v 2.158358 -1.702086 9.805519
v 3.205869 -1.702086 9.514679
v 4.215794 -1.702086 9.112288
v 5.176292 -1.702086 8.603065
v 6.076104 -1.702086 7.992977
v 6.904678 -1.702086 7.289180
v 7.652301 -1.702086 6.499923
v 8.310208 -1.702086 5.634461
v 8.870687 -1.702086 4.702940
v 9.327163 -1.702086 3.716281
v 9.674288 -1.702086 2.686053
v 9.907990 -1.702086 1.624333
v 10.025530 -1.702086 0.543568
v 10.025530 -1.702086 -0.543568
v 9.907990 -1.702086 -1.624333
v 9.674288 -1.702086 -2.686053
v 9.327163 -1.702086 -3.716281
v 8.870687 -1.702086 -4.702940
v 8.310208 -1.702086 -5.634461
v 7.652301 -1.702086 -6.499923
v 6.904678 -1.702086 -7.289180
v 6.076104 -1.702086 -7.992977
v 5.176292 -1.702086 -8.603065
v 4.215794 -1.702086 -9.112288
v 3.205869 -1.702086 -9.514679
v 2.158358 -1.702086 -9.805519
v 1.085542 -1.702086 -9.981399
v 0.000000 -1.702086 -10.040256
v -1.085542 -1.702086 -9.981399
v -2.158358 -1.702086 -9.805519
v -3.205869 -1.702086 -9.514679
v -4.215794 -1.702086 -9.112288
v -5.176292 -1.702086 -8.603065
v -6.076104 -1.702086 -7.992977
v -6.904678 -1.702086 -7.289180
v -7.652301 -1.702086 -6.499923
v -8.310208 -1.702086 -5.634461
v -8.870687 -1.702086 -4.702940
v -9.327163 -1.702086 -3.716281
v -9.674288 -1.702086 -2.686053
v -9.907990 -1.702086 -1.624333
v -10.025530 -1.702086 -0.543568
v -10.025530 -1.702086 0.543568
v -9.907990 -1.702086 1.624333
v -9.674288 -1.702086 2.686053
v -9.327163 -1.702086 3.716281
v -8.870687 -1.702086 4.702940
v -8.310208 -1.702086 5.634461
v -7.652301 -1.702086 6.499923
v -6.904678 -1.702086 7.289180
v -6.076104 -1.702086 7.992977
v -5.176292 -1.702086 8.603065
v -4.215794 -1.702086 9.112288
v -3.205869 -1.702086 9.514679
v -2.158358 -1.702086 9.805519
v -1.085542 -1.702086 9.981399
v 0.000000 -1.943006 9.707888
v 1.049607 -1.943006 9.650979
v 2.086909 -1.943006 9.480923
v 3.099743 -1.943006 9.199711
v 4.076236 -1.943006 8.810640
v 5.004939 -1.943006 8.318274
v 5.874963 -1.943006 7.728382
v 6.676109 -1.943006 7.047882
v 7.398983 -1.943006 6.284753
v 8.035111 -1.943006 5.447941
v 8.577036 -1.943006 4.547256
v 9.018401 -1.943006 3.593260
v 9.354034 -1.943006 2.597135
v 9.580000 -1.943006 1.570561
v 9.693649 -1.943006 0.525574
v 9.693649 -1.943006 -0.525574
v 9.580000 -1.943006 -1.570561
v 9.354034 -1.943006 -2.597135
v 9.018401 -1.943006 -3.593260
v 8.577036 -1.943006 -4.547256
v 8.035111 -1.943006 -5.447941
v 7.398983 -1.943006 -6.284753
v 6.676109 -1.943006 -7.047882
v 5.874963 -1.943006 -7.728382
v 5.004939 -1.943006 -8.318274
v 4.076236 -1.943006 -8.810640
v 3.099743 -1.943006 -9.199711
v 2.086909 -1.943006 -9.480923
v 1.049607 -1.943006 -9.650979
v 0.000000 -1.943006 -9.707888
v -1.049607 -1.943006 -9.650979
v -2.086909 -1.943006 -9.480923
v -3.099743 -1.943006 -9.199711
v -4.076236 -1.943006 -8.810640
v -5.004939 -1.943006 -8.318274
v -5.874963 -1.943006 -7.728382
v -6.676109 -1.943006 -7.047882
v -7.398983 -1.943006 -6.284753
v -8.035111 -1.943006 -5.447941
v -8.577036 -1.943006 -4.547256
v -9.018401 -1.943006 -3.593260
v -9.354034 -1.943006 -2.597135
v -9.580000 -1.943006 -1.570561
v -9.693649 -1.943006 -0.525574
v -9.693649 -1.943006 0.525574
v -9.580000 -1.943006 1.570561
v -9.354034 -1.943006 2.597135
v -9.018401 -1.943006 3.593260
v -8.577036 -1.943006 4.547256
v -8.035111 -1.943006 5.447941
v -7.398983 -1.943006 6.284753
v -6.676109 -1.943006 7.047882
v -5.874963 -1.943006 7.728382
v -5.004939 -1.943006 8.318274
v -4.076236 -1.943006 8.810640
v -3.099743 -1.943006 9.199711
v -2.086909 -1.943006 9.480923
v -1.049607 -1.943006 9.650979
v 0.000000 -2.245610 9.190970
v 0.993719 -2.245610 9.137093
v 1.975787 -2.245610 8.976090
v 2.934691 -2.245610 8.709851
v 3.859188 -2.245610 8.341498
v 4.738440 -2.245610 7.875349
v 5.562138 -2.245610 7.316867
v 6.320625 -2.245610 6.672603
v 7.005009 -2.245610 5.950108
v 7.607265 -2.245610 5.157854
v 8.120333 -2.245610 4.305128
v 8.538197 -2.245610 3.401929
v 8.855959 -2.245610 2.458845
v 9.069894 -2.245610 1.486933
v 9.177491 -2.245610 0.497589
v 9.177491 -2.245610 -0.497589
v 9.069894 -2.245610 -1.486933
v 8.855959 -2.245610 -2.458845
v 8.538197 -2.245610 -3.401929
v 8.120333 -2.245610 -4.305128
v 7.607265 -2.245610 -5.157854
v 7.005009 -2.245610 -5.950108
v 6.320625 -2.245610 -6.672603
v 5.562138 -2.245610 -7.316867
v 4.738440 -2.245610 -7.875349
v 3.859188 -2.245610 -8.341498
v 2.934691 -2.245610 -8.709851
v 1.975787 -2.245610 -8.976090
v 0.993719 -2.245610 -9.137093
v 0.000000 -2.245610 -9.190970
v -0.993719 -2.245610 -9.137093
v -1.975787 -2.245610 -8.976090
v -2.934691 -2.245610 -8.709851
v -3.859188 -2.245610 -8.341498
v -4.738440 -2.245610 -7.875349
v -5.562138 -2.245610 -7.316867
v -6.320625 -2.245610 -6.672603
v -7.005009 -2.245610 -5.950108
v -7.607265 -2.245610 -5.157854
v -8.120333 -2.245610 -4.305128
v -8.538197 -2.245610 -3.401929
v -8.855959 -2.245610 -2.458845
v -9.069894 -2.245610 -1.486933
v -9.177491 -2.245610 -0.497589
v -9.177491 -2.245610 0.497589
v -9.069894 -2.245610 1.486933
v -8.855959 -2.245610 2.458845
v -8.538197 -2.245610 3.401929
v -8.120333 -2.245610 4.305128
v -7.607265 -2.245610 5.157854
v -7.005009 -2.245610 5.950108
v -6.320625 -2.245610 6.672603
v -5.562138 -2.245610 7.316867
v -4.738440 -2.245610 7.875349
v -3.859188 -2.245610 8.341498
v -2.934691 -2.245610 8.709851
v -1.975787 -2.245610 8.976090
v -0.993719 -2.245610 9.137093
v 0.000000 -2.595068 8.425174
v 0.910922 -2.595068 8.375784
v 1.811163 -2.595068 8.228198
v 2.690171 -2.595068 7.984143
v 3.537639 -2.595068 7.646480
v 4.343631 -2.595068 7.219170
v 5.098698 -2.595068 6.707222
v 5.793987 -2.595068 6.116638
v 6.421348 -2.595068 5.454342
v 6.973423 -2.595068 4.728098
v 7.443742 -2.595068 3.946422
v 7.826790 -2.595068 3.118478
v 8.118076 -2.595068 2.253973
v 8.314185 -2.595068 1.363041
v 8.412818 -2.595068 0.456130
v 8.412818 -2.595068 -0.456130
v 8.314185 -2.595068 -1.363041
v 8.118076 -2.595068 -2.253973
v 7.826790 -2.595068 -3.118478
v 7.443742 -2.595068 -3.946422
v 6.973423 -2.595068 -4.728098
v 6.421348 -2.595068 -5.454342
v 5.793987 -2.595068 -6.116638
v 5.098698 -2.595068 -6.707222
v 4.343631 -2.595068 -7.219170
v 3.537639 -2.595068 -7.646480
v 2.690171 -2.595068 -7.984143
v 1.811163 -2.595068 -8.228198
v 0.910922 -2.595068 -8.375784
v 0.000000 -2.595068 -8.425174
v -0.910922 -2.595068 -8.375784
v -1.811163 -2.595068 -8.228198
v -2.690171 -2.595068 -7.984143
v -3.537639 -2.595068 -7.646480
v -4.343631 -2.595068 -7.219170
v -5.098698 -2.595068 -6.707222
v -5.793987 -2.595068 -6.116638
v -6.421348 -2.595068 -5.454342
v -6.973423 -2.595068 -4.728098
v -7.443742 -2.595068 -3.946422
v -7.826790 -2.595068 -3.118478
v -8.118076 -2.595068 -2.253973
v -8.314185 -2.595068 -1.363041
v -8.412818 -2.595068 -0.456130
v -8.412818 -2.595068 0.456130
v -8.314185 -2.595068 1.363041
v -8.118076 -2.595068 2.253973
v -7.826790 -2.595068 3.118478
v -7.443742 -2.595068 3.946422
v -6.973423 -2.595068 4.728098
v -6.421348 -2.595068 5.454342
v -5.793987 -2.595068 6.116638
v -5.098698 -2.595068 6.707222
v -4.343631 -2.595068 7.219170
v -3.537639 -2.595068 7.646480
v -2.690171 -2.595068 7.984143
v -1.811163 -2.595068 8.228198
v -0.910922 -2.595068 8.375784
v 0.000000 -2.999787 7.234313
v 0.782167 -2.999787 7.191905
v 1.555163 -2.999787 7.065178
v 2.309927 -2.999787 6.855619
v 3.037609 -2.999787 6.565684
v 3.729678 -2.999787 6.198773
v 4.378019 -2.999787 5.759186
v 4.975033 -2.999787 5.252078
v 5.513718 -2.999787 4.683395
v 5.987761 -2.999787 4.059803
v 6.391602 -2.999787 3.388613
v 6.720508 -2.999787 2.677695
v 6.970622 -2.999787 1.935384
v 7.139011 -2.999787 1.170382
v 7.223703 -2.999787 0.391658
v 7.223703 -2.999787 -0.391658
v 7.139011 -2.999787 -1.170382
v 6.970622 -2.999787 -1.935384
v 6.720508 -2.999787 -2.677695
v 6.391602 -2.999787 -3.388613
v 5.987761 -2.999787 -4.059803
v 5.513718 -2.999787 -4.683395
v 4.975033 -2.999787 -5.252078
v 4.378019 -2.999787 -5.759186
v 3.729678 -2.999787 -6.198773
v 3.037609 -2.999787 -6.565684
v 2.309927 -2.999787 -6.855619
v 1.555163 -2.999787 -7.065178
v 0.782167 -2.999787 -7.191905
v 0.000000 -2.999787 -7.234313
v -0.782167 -2.999787 -7.191905
v -1.555163 -2.999787 -7.065178
v -2.309927 -2.999787 -6.855619
v -3.037609 -2.999787 -6.565684
v -3.729678 -2.999787 -6.198773
v -4.378019 -2.999787 -5.759186
v -4.975033 -2.999787 -5.252078
v -5.513718 -2.999787 -4.683395
v -5.987761 -2.999787 -4.059803
v -6.391602 -2.999787 -3.388613
v -6.720508 -2.999787 -2.677695
v -6.970622 -2.999787 -1.935384
v -7.139011 -2.999787 -1.170382
v -7.223703 -2.999787 -0.391658
v -7.223703 -2.999787 0.391658
v -7.139011 -2.999787 1.170382
v -6.970622 -2.999787 1.935384
v -6.720508 -2.999787 2.677695
v -6.391602 -2.999787 3.388613
v -5.987761 -2.999787 4.059803
v -5.513718 -2.999787 4.683395
v -4.975033 -2.999787 5.252078
v -4.378019 -2.999787 5.759186
v -3.729678 -2.999787 6.198773
v -3.037609 -2.999787 6.565684
v -2.309927 -2.999787 6.855619
v -1.555163 -2.999787 7.065178
v -0.782167 -2.999787 7.191905
v 0.000000 -3.106676 6.847059
v 0.740297 -3.106676 6.806921
v 1.471915 -3.106676 6.686979
v 2.186276 -3.106676 6.488637
v 2.875005 -3.106676 6.214223
v 3.530028 -3.106676 5.866952
v 4.143664 -3.106676 5.450896
v 4.708719 -3.106676 4.970934
v 5.218569 -3.106676 4.432692
v 5.667236 -3.106676 3.842481
v 6.049459 -3.106676 3.207221
v 6.360759 -3.106676 2.534358
v 6.597484 -3.106676 1.831782
v 6.756860 -3.106676 1.107731
v 6.837018 -3.106676 0.370692
v 6.837018 -3.106676 -0.370692
v 6.756860 -3.106676 -1.107731
v 6.597484 -3.106676 -1.831782
v 6.360759 -3.106676 -2.534358
v 6.049459 -3.106676 -3.207221
v 5.667236 -3.106676 -3.842481
v 5.218569 -3.106676 -4.432692
v 4.708719 -3.106676 -4.970934
v 4.143664 -3.106676 -5.450896
v 3.530028 -3.106676 -5.866952
v 2.875005 -3.106676 -6.214223
v 2.186276 -3.106676 -6.488637
v 1.471915 -3.106676 -6.686979
v 0.740297 -3.106676 -6.806921
v 0.000000 -3.106676 -6.847059
v -0.740297 -3.106676 -6.806921
v -1.471915 -3.106676 -6.686979
v -2.186276 -3.106676 -6.488637
v -2.875005 -3.106676 -6.214223
v -3.530028 -3.106676 -5.866952
v -4.143664 -3.106676 -5.450896
v -4.708719 -3.106676 -4.970934
v -5.218569 -3.106676 -4.432692
v -5.667236 -3.106676 -3.842481
v -6.049459 -3.106676 -3.207221
v -6.360759 -3.106676 -2.534358
v -6.597484 -3.106676 -1.831782
v -6.756860 -3.106676 -1.107731
v -6.837018 -3.106676 -0.370692
v -6.837018 -3.106676 0.370692
v -6.756860 -3.106676 1.107731
v -6.597484 -3.106676 1.831782
v -6.360759 -3.106676 2.534358
v -6.049459 -3.106676 3.207221
v -5.667236 -3.106676 3.842481
v -5.218569 -3.106676 4.432692
v -4.708719 -3.106676 4.970934
v -4.143664 -3.106676 5.450896
v -3.530028 -3.106676 5.866952
v -2.875005 -3.106676 6.214223
v -2.186276 -3.106676 6.488637
v -1.471915 -3.106676 6.686979
v -0.740297 -3.106676 6.806921
v 0.000000 -3.570300 4.601984
v 0.497562 -3.570300 4.575007
v 0.989291 -3.570300 4.494392
v 1.469421 -3.570300 4.361084
v 1.932323 -3.570300 4.176647
v 2.372571 -3.570300 3.943243
v 2.785002 -3.570300 3.663608
v 3.164782 -3.570300 3.341020
v 3.507458 -3.570300 2.979261
v 3.809011 -3.570300 2.582574
v 4.065908 -3.570300 2.155608
v 4.275136 -3.570300 1.703370
v 4.434241 -3.570300 1.231161
v 4.541360 -3.570300 0.744518
v 4.595235 -3.570300 0.249146
v 4.595235 -3.570300 -0.249146
v 4.541360 -3.570300 -0.744518
v 4.434241 -3.570300 -1.231161
v 4.275136 -3.570300 -1.703370
v 4.065908 -3.570300 -2.155608
v 3.809011 -3.570300 -2.582574
v 3.507458 -3.570300 -2.979261
v 3.164782 -3.570300 -3.341020
v 2.785002 -3.570300 -3.663608
v 2.372571 -3.570300 -3.943243
v 1.932323 -3.570300 -4.176647
v 1.469421 -3.570300 -4.361084
v 0.989291 -3.570300 -4.494392
v 0.497562 -3.570300 -4.575007
v 0.000000 -3.570300 -4.601984
v -0.497562 -3.570300 -4.575007
v -0.989291 -3.570300 -4.494392
v -1.469421 -3.570300 -4.361084
v -1.932323 -3.570300 -4.176647
v -2.372571 -3.570300 -3.943243
v -2.785002 -3.570300 -3.663608
v -3.164782 -3.570300 -3.341020
v -3.507458 -3.570300 -2.979261
v -3.809011 -3.570300 -2.582574
v -4.065908 -3.570300 -2.155608
v -4.275136 -3.570300 -1.703370
v -4.434241 -3.570300 -1.231161
v -4.541360 -3.570300 -0.744518
v -4.595235 -3.570300 -0.249146
v -4.595235 -3.570300 0.249146
v -4.541360 -3.570300 0.744518
v -4.434241 -3.570300 1.231161
v -4.275136 -3.570300 1.703370
v -4.065908 -3.570300 2.155608
v -3.809011 -3.570300 2.582574
v -3.507458 -3.570300 2.979261
v -3.164782 -3.570300 3.341020
v -2.785002 -3.570300 3.663608
v -2.372571 -3.570300 3.943243
v -1.932323 -3.570300 4.176647
v -1.469421 -3.570300 4.361084
v -0.989291 -3.570300 4.494392
v -0.497562 -3.570300 4.575007
vt 0.487079 0.560366
vt 0.493684 0.561449
vt 0.500367 0.500000
vt 0.480630 0.558575
vt 0.474413 0.556098
vt 0.468500 0.552963
vt 0.462960 0.549207
vt 0.457859 0.544875
vt 0.453257 0.540016
vt 0.449206 0.534688
vt 0.445756 0.528953
vt 0.442946 0.522879
vt 0.440809 0.516536
vt 0.439370 0.510000
vt 0.438646 0.503346
vt 0.438646 0.496654
vt 0.439370 0.490000
vt 0.440809 0.483464
vt 0.442946 0.477121
vt 0.445756 0.471047
vt 0.449206 0.465312
vt 0.453257 0.459984
vt 0.457859 0.455126
vt 0.462960 0.450793
vt 0.468500 0.447037
vt 0.474413 0.443902
vt 0.480630 0.441425
vt 0.487079 0.439634
vt 0.493684 0.438551
vt 0.500367 0.438189
vt 0.507050 0.438551
vt 0.513654 0.439634
vt 0.520103 0.441425
vt 0.526320 0.443902
vt 0.532234 0.447037
vt 0.537773 0.450793
vt 0.542874 0.455126
vt 0.547477 0.459984
vt 0.551527 0.465312
vt 0.554977 0.471047
vt 0.557788 0.477121
vt 0.559925 0.483464
vt 0.561363 0.490000
vt 0.562087 0.496654
vt 0.562087 0.503346
vt 0.561363 0.510000
vt 0.559925 0.516536
vt 0.557788 0.522879
vt 0.554977 0.528953
vt 0.551527 0.534688
vt 0.547477 0.540016
vt 0.542874 0.544875
vt 0.537773 0.549207
vt 0.532234 0.552963
vt 0.526320 0.556098
vt 0.520103 0.558575
vt 0.513654 0.560366
vt 0.507050 0.561449
vt 0.500367 0.561811
vt 0.500367 0.709181
vt 0.522983 0.707955
vt 0.545334 0.704291
vt 0.567159 0.698231
vt 0.588199 0.689848
vt 0.608211 0.679238
vt 0.626958 0.666528
vt 0.644220 0.651865
vt 0.659797 0.635421
vt 0.673504 0.617390
vt 0.685181 0.597982
vt 0.694691 0.577426
vt 0.701923 0.555962
vt 0.706792 0.533842
vt 0.709241 0.511325
vt 0.709241 0.488675
vt 0.706792 0.466158
vt 0.701923 0.444038
vt 0.694691 0.422574
vt 0.685181 0.402018
vt 0.673504 0.382610
vt 0.659797 0.364579
vt 0.644220 0.348135
vt 0.626958 0.333472
vt 0.608211 0.320762
vt 0.588199 0.310152
vt 0.567159 0.301769
vt 0.545334 0.295709
vt 0.522983 0.292045
vt 0.500367 0.290819
vt 0.477750 0.292045
vt 0.455399 0.295709
vt 0.433575 0.301769
vt 0.412534 0.310152
vt 0.392522 0.320762
vt 0.373776 0.333472
vt 0.356513 0.348135
vt 0.340937 0.364579
vt 0.327230 0.382610
vt 0.315553 0.402018
vt 0.306042 0.422574
vt 0.298810 0.444038
vt 0.293941 0.466158
vt 0.291492 0.488675
vt 0.291492 0.511325
vt 0.293941 0.533842
vt 0.298810 0.555962
vt 0.306042 0.577426
vt 0.315553 0.597982
vt 0.327230 0.617390
vt 0.340937 0.635421
vt 0.356513 0.651865
vt 0.373776 0.666528
vt 0.392522 0.679238
vt 0.412534 0.689848
vt 0.433575 0.698231
vt 0.455399 0.704291
vt 0.477750 0.707955
vt 0.500367 0.811230
vt 0.534017 0.809405
vt 0.567272 0.803954
vt 0.599743 0.794938
vt 0.631049 0.782465
vt 0.660822 0.766680
vt 0.688715 0.747768
vt 0.714399 0.725952
vt 0.737574 0.701486
vt 0.757968 0.674658
vt 0.775342 0.645783
vt 0.789492 0.615198
vt 0.800252 0.583263
vt 0.807497 0.550351
vt 0.811140 0.516850
vt 0.811140 0.483150
vt 0.807497 0.449649
vt 0.800252 0.416737
vt 0.789492 0.384802
vt 0.775342 0.354217
vt 0.757968 0.325342
vt 0.737574 0.298514
vt 0.714399 0.274048
vt 0.688715 0.252232
vt 0.660822 0.233320
vt 0.631049 0.217535
vt 0.599743 0.205062
vt 0.567272 0.196046
vt 0.534017 0.190595
vt 0.500367 0.188770
vt 0.466717 0.190595
vt 0.433461 0.196046
vt 0.400990 0.205062
vt 0.369685 0.217535
vt 0.339911 0.233320
vt 0.312018 0.252232
vt 0.286334 0.274048
vt 0.263159 0.298514
vt 0.242765 0.325342
vt 0.225391 0.354217
vt 0.211241 0.384802
vt 0.200481 0.416737
vt 0.193237 0.449649
vt 0.189593 0.483150
vt 0.189593 0.516850
vt 0.193237 0.550351
vt 0.200481 0.583263
vt 0.211241 0.615198
vt 0.225391 0.645783
vt 0.242765 0.674658
vt 0.263159 0.701486
vt 0.286334 0.725952
vt 0.312018 0.747768
vt 0.339911 0.766680
vt 0.369685 0.782465
vt 0.400990 0.794938
vt 0.433461 0.803954
vt 0.466717 0.809405
vt 0.500367 0.828832
vt 0.535920 0.826905
vt 0.571056 0.821144
vt 0.605363 0.811619
vt 0.638440 0.798440
vt 0.669897 0.781762
vt 0.699368 0.761781
vt 0.726504 0.738731
vt 0.750990 0.712882
vt 0.772538 0.684536
vt 0.790894 0.654028
vt 0.805844 0.621713
vt 0.817213 0.587972
vt 0.824867 0.553199
vt 0.828717 0.517803
vt 0.828717 0.482197
vt 0.824867 0.446801
vt 0.817213 0.412028
vt 0.805844 0.378287
vt 0.790894 0.345972
vt 0.772538 0.315464
vt 0.750990 0.287118
vt 0.726504 0.261269
vt 0.699368 0.238219
vt 0.669897 0.218238
vt 0.638440 0.201560
vt 0.605363 0.188381
vt 0.571056 0.178856
vt 0.535920 0.173095
vt 0.500367 0.171168
vt 0.464814 0.173095
vt 0.429677 0.178856
vt 0.395370 0.188381
vt 0.362294 0.201560
vt 0.330836 0.218238
vt 0.301366 0.238219
vt 0.274229 0.261269
vt 0.249743 0.287118
vt 0.228196 0.315464
vt 0.209839 0.345972
vt 0.194889 0.378287
vt 0.183520 0.412028
vt 0.175866 0.446801
vt 0.172017 0.482197
vt 0.172017 0.517803
vt 0.175866 0.553199
vt 0.183520 0.587972
vt 0.194889 0.621713
vt 0.209839 0.654028
vt 0.228196 0.684536
vt 0.249743 0.712882
vt 0.274229 0.738731
vt 0.301366 0.761781
vt 0.330836 0.781762
vt 0.362294 0.798440
vt 0.395370 0.811619
vt 0.429677 0.821144
vt 0.464814 0.826905
vt 0.500367 0.882962
vt 0.541772 0.880717
vt 0.582692 0.874009
vt 0.622647 0.862916
vt 0.661168 0.847567
vt 0.697804 0.828144
vt 0.732126 0.804874
vt 0.763730 0.778029
vt 0.792246 0.747925
vt 0.817340 0.714914
vt 0.838719 0.679383
vt 0.856130 0.641749
vt 0.869370 0.602453
vt 0.878284 0.561956
vt 0.882767 0.520733
vt 0.882767 0.479267
vt 0.878284 0.438044
vt 0.869370 0.397547
vt 0.856130 0.358251
vt 0.838719 0.320617
vt 0.817340 0.285086
vt 0.792246 0.252075
vt 0.763730 0.221971
vt 0.732126 0.195126
vt 0.697804 0.171856
vt 0.661168 0.152433
vt 0.622647 0.137084
vt 0.582692 0.125991
vt 0.541772 0.119283
vt 0.500367 0.117038
vt 0.458961 0.119283
vt 0.418041 0.125991
vt 0.378086 0.137084
vt 0.339565 0.152433
vt 0.302929 0.171856
vt 0.268608 0.195126
vt 0.237004 0.221971
vt 0.208487 0.252075
vt 0.183393 0.285086
vt 0.162015 0.320617
vt 0.144603 0.358251
vt 0.131363 0.397547
vt 0.122449 0.438044
vt 0.117966 0.479267
vt 0.117966 0.520733
vt 0.122449 0.561956
vt 0.131363 0.602453
vt 0.144603 0.641749
vt 0.162015 0.679383
vt 0.183393 0.714914
vt 0.208487 0.747925
vt 0.237004 0.778029
vt 0.268608 0.804874
vt 0.302929 0.828144
vt 0.339565 0.847567
vt 0.378086 0.862916
vt 0.418041 0.874009
vt 0.458961 0.880717
vt 0.500367 0.917771
vt 0.545536 0.915322
vt 0.590175 0.908004
vt 0.633762 0.895902
vt 0.675784 0.879159
vt 0.715750 0.857970
vt 0.753191 0.832585
vt 0.787668 0.803300
vt 0.818776 0.770459
vt 0.846151 0.734448
vt 0.869473 0.695688
vt 0.888467 0.654633
vt 0.902910 0.611766
vt 0.912635 0.567588
vt 0.917525 0.522618
vt 0.917525 0.477382
vt 0.912635 0.432412
vt 0.902910 0.388234
vt 0.888467 0.345367
vt 0.869473 0.304312
vt 0.846151 0.265552
vt 0.818776 0.229541
vt 0.787668 0.196700
vt 0.753191 0.167415
vt 0.715750 0.142030
vt 0.675784 0.120841
vt 0.633762 0.104098
vt 0.590175 0.091996
vt 0.545536 0.084678
vt 0.500367 0.082229
vt 0.455198 0.084678
vt 0.410558 0.091996
vt 0.366972 0.104098
vt 0.324949 0.120841
vt 0.284983 0.142030
vt 0.247542 0.167415
vt 0.213066 0.196700
vt 0.181957 0.229541
vt 0.154582 0.265552
vt 0.131261 0.304312
vt 0.112267 0.345367
vt 0.097823 0.388234
vt 0.088099 0.432412
vt 0.083208 0.477382
vt 0.083208 0.522618
vt 0.088099 0.567588
vt 0.097823 0.611766
vt 0.112267 0.654633
vt 0.131261 0.695688
vt 0.154582 0.734448
vt 0.181957 0.770459
vt 0.213066 0.803300
vt 0.247542 0.832585
vt 0.284983 0.857970
vt 0.324949 0.879159
vt 0.366972 0.895902
vt 0.410558 0.908004
vt 0.455198 0.915322
vt 0.500367 0.941268
vt 0.548076 0.938681
vt 0.595226 0.930951
vt 0.641264 0.918169
vt 0.685650 0.900484
vt 0.727864 0.878103
vt 0.767410 0.851290
vt 0.803826 0.820358
vt 0.836684 0.785671
vt 0.865599 0.747634
vt 0.890232 0.706693
vt 0.910294 0.663330
vt 0.925550 0.618052
vt 0.935821 0.571389
vt 0.940987 0.523890
vt 0.940987 0.476110
vt 0.935821 0.428611
vt 0.925550 0.381948
vt 0.910294 0.336670
vt 0.890232 0.293307
vt 0.865599 0.252366
vt 0.836684 0.214329
vt 0.803826 0.179642
vt 0.767410 0.148710
vt 0.727864 0.121897
vt 0.685650 0.099516
vt 0.641264 0.081831
vt 0.595226 0.069049
vt 0.548076 0.061319
vt 0.500367 0.058732
vt 0.452657 0.061319
vt 0.405507 0.069049
vt 0.359469 0.081831
vt 0.315083 0.099516
vt 0.272869 0.121897
vt 0.233323 0.148710
vt 0.196907 0.179642
vt 0.164049 0.214329
vt 0.135134 0.252366
vt 0.110501 0.293307
vt 0.090439 0.336670
vt 0.075183 0.381948
vt 0.064912 0.428611
vt 0.059746 0.476110
vt 0.059746 0.523890
vt 0.064912 0.571389
vt 0.075183 0.618052
vt 0.090439 0.663330
vt 0.110501 0.706693
vt 0.135134 0.747634
vt 0.164049 0.785671
vt 0.196907 0.820358
vt 0.233323 0.851290
vt 0.272869 0.878103
vt 0.315083 0.900484
vt 0.359469 0.918169
vt 0.405507 0.930951
vt 0.452657 0.938681
vt 0.500367 0.956375
vt 0.549709 0.953700
vt 0.598474 0.945705
vt 0.646088 0.932485
vt 0.691994 0.914195
vt 0.735653 0.891048
vt 0.776553 0.863317
vt 0.814216 0.831326
vt 0.848199 0.795451
vt 0.878103 0.756112
vt 0.903580 0.713770
vt 0.924329 0.668922
vt 0.940107 0.622093
vt 0.950730 0.573833
vt 0.956073 0.524708
vt 0.956073 0.475292
vt 0.950730 0.426167
vt 0.940107 0.377907
vt 0.924329 0.331078
vt 0.903580 0.286230
vt 0.878103 0.243888
vt 0.848199 0.204549
vt 0.814216 0.168674
vt 0.776553 0.136683
vt 0.735653 0.108952
vt 0.691994 0.085805
vt 0.646088 0.067515
vt 0.598474 0.054295
vt 0.549709 0.046300
vt 0.500367 0.043625
vt 0.451024 0.046300
vt 0.402259 0.054295
vt 0.354645 0.067515
vt 0.308740 0.085805
vt 0.265081 0.108952
vt 0.224180 0.136683
vt 0.186518 0.168674
vt 0.152535 0.204549
vt 0.122630 0.243888
vt 0.097154 0.286230
vt 0.076405 0.331078
vt 0.060626 0.377907
vt 0.050003 0.426167
vt 0.044661 0.475292
vt 0.044661 0.524708
vt 0.050003 0.573833
vt 0.060626 0.622093
vt 0.076405 0.668922
vt 0.097154 0.713770
vt 0.122630 0.756112
vt 0.152535 0.795451
vt 0.186518 0.831326
vt 0.224180 0.863317
vt 0.265081 0.891048
vt 0.308740 0.914195
vt 0.354645 0.932485
vt 0.402259 0.945705
vt 0.451024 0.953700
vt 0.500367 0.967435
vt 0.550905 0.964694
vt 0.600851 0.956506
vt 0.649619 0.942966
vt 0.696637 0.924232
vt 0.741354 0.900525
vt 0.783246 0.872121
vt 0.821821 0.839355
vt 0.856628 0.802611
vt 0.887257 0.762318
vt 0.913351 0.718950
vt 0.934602 0.673015
vt 0.950763 0.625052
vt 0.961643 0.575623
vt 0.967116 0.525306
vt 0.967116 0.474694
vt 0.961643 0.424378
vt 0.950763 0.374948
vt 0.934602 0.326985
vt 0.913351 0.281050
vt 0.887257 0.237682
vt 0.856628 0.197389
vt 0.821821 0.160645
vt 0.783246 0.127879
vt 0.741354 0.099475
vt 0.696637 0.075768
vt 0.649619 0.057034
vt 0.600851 0.043494
vt 0.550905 0.035306
vt 0.500367 0.032565
vt 0.449828 0.035306
vt 0.399882 0.043494
vt 0.351114 0.057034
vt 0.304096 0.075768
vt 0.259379 0.099475
vt 0.217487 0.127879
vt 0.178912 0.160645
vt 0.144106 0.197389
vt 0.113476 0.237682
vt 0.087383 0.281050
vt 0.066131 0.326985
vt 0.049970 0.374948
vt 0.039090 0.424378
vt 0.033618 0.474694
vt 0.033618 0.525306
vt 0.039090 0.575623
vt 0.049970 0.625052
vt 0.066131 0.673015
vt 0.087383 0.718950
vt 0.113476 0.762318
vt 0.144106 0.802611
vt 0.178912 0.839355
vt 0.217487 0.872121
vt 0.259379 0.900525
vt 0.304096 0.924232
vt 0.351114 0.942966
vt 0.399882 0.956506
vt 0.449828 0.964694
vt 0.500367 0.976059
vt 0.551838 0.973268
vt 0.602705 0.964929
vt 0.652373 0.951138
vt 0.700258 0.932059
vt 0.745800 0.907914
vt 0.788465 0.878987
vt 0.827752 0.845616
vt 0.863200 0.808194
vt 0.894395 0.767158
vt 0.920970 0.722990
vt 0.942614 0.676207
vt 0.959073 0.627359
vt 0.970154 0.577018
vt 0.975727 0.525773
vt 0.975727 0.474227
vt 0.970154 0.422982
vt 0.959073 0.372641
vt 0.942614 0.323793
vt 0.920970 0.277010
vt 0.894395 0.232842
vt 0.863200 0.191806
vt 0.827752 0.154384
vt 0.788465 0.121013
vt 0.745800 0.092086
vt 0.700258 0.067941
vt 0.652373 0.048862
vt 0.602705 0.035071
vt 0.551838 0.026732
vt 0.500367 0.023941
vt 0.448896 0.026732
vt 0.398028 0.035071
vt 0.348360 0.048862
vt 0.300475 0.067941
vt 0.254933 0.092086
vt 0.212268 0.121013
vt 0.172981 0.154384
vt 0.137533 0.191806
vt 0.106338 0.232842
vt 0.079763 0.277010
vt 0.058119 0.323793
vt 0.041660 0.372641
vt 0.030579 0.422982
vt 0.025006 0.474227
vt 0.025006 0.525773
vt 0.030579 0.577018
vt 0.041660 0.627359
vt 0.058119 0.676207
vt 0.079763 0.722990
vt 0.106338 0.767158
vt 0.137533 0.808194
vt 0.172981 0.845616
vt 0.212268 0.878987
vt 0.254933 0.907914
vt 0.300475 0.932059
vt 0.348360 0.951138
vt 0.398028 0.964929
vt 0.448896 0.973268
vt 0.500367 0.982843
vt 0.552571 0.980013
vt 0.604164 0.971555
vt 0.654539 0.957568
vt 0.703107 0.938217
vt 0.749298 0.913728
vt 0.792571 0.884388
vt 0.832418 0.850542
vt 0.868372 0.812586
vt 0.900011 0.770965
vt 0.926965 0.726168
vt 0.948917 0.678719
vt 0.965610 0.629174
vt 0.976849 0.578115
vt 0.982502 0.526141
vt 0.982502 0.473859
vt 0.976849 0.421885
vt 0.965610 0.370826
vt 0.948917 0.321281
vt 0.926965 0.273832
vt 0.900011 0.229034
vt 0.868372 0.187414
vt 0.832418 0.149458
vt 0.792571 0.115612
vt 0.749298 0.086272
vt 0.703107 0.061783
vt 0.654539 0.042432
vt 0.604164 0.028445
vt 0.552571 0.019987
vt 0.500367 0.017156
vt 0.448162 0.019987
vt 0.396570 0.028445
vt 0.346194 0.042432
vt 0.297626 0.061783
vt 0.251435 0.086272
vt 0.208162 0.115612
vt 0.168315 0.149458
vt 0.132362 0.187414
vt 0.100722 0.229034
vt 0.073769 0.273832
vt 0.051816 0.321281
vt 0.035123 0.370826
vt 0.023884 0.421885
vt 0.018231 0.473859
vt 0.018231 0.526141
vt 0.023884 0.578115
vt 0.035123 0.629174
vt 0.051816 0.678719
vt 0.073769 0.726168
vt 0.100722 0.770965
vt 0.132362 0.812586
vt 0.168315 0.850542
vt 0.208162 0.884388
vt 0.251435 0.913728
vt 0.297626 0.938217
vt 0.346194 0.957568
vt 0.396570 0.971555
vt 0.448162 0.980013
vt 0.500367 0.988195
vt 0.553150 0.985333
vt 0.605314 0.976781
vt 0.656248 0.962640
vt 0.705354 0.943074
vt 0.752058 0.918314
vt 0.795810 0.888649
vt 0.836098 0.854427
vt 0.872450 0.816051
vt 0.904440 0.773969
vt 0.931693 0.728675
vt 0.953889 0.680700
vt 0.970767 0.630606
vt 0.982131 0.578981
vt 0.987846 0.526430
vt 0.987846 0.473570
vt 0.982131 0.421019
vt 0.970767 0.369394
vt 0.953889 0.319300
vt 0.931693 0.271325
vt 0.904440 0.226031
vt 0.872450 0.183949
vt 0.836098 0.145573
vt 0.795810 0.111351
vt 0.752058 0.081686
vt 0.705354 0.056926
vt 0.656248 0.037360
vt 0.605314 0.023219
vt 0.553150 0.014667
vt 0.500367 0.011805
vt 0.447583 0.014667
vt 0.395419 0.023219
vt 0.344485 0.037360
vt 0.295379 0.056926
vt 0.248676 0.081686
vt 0.204924 0.111351
vt 0.164635 0.145573
vt 0.128283 0.183949
vt 0.096293 0.226031
vt 0.069040 0.271325
vt 0.046845 0.319300
vt 0.029966 0.369394
vt 0.018603 0.421019
vt 0.012887 0.473570
vt 0.012887 0.526430
vt 0.018603 0.578981
vt 0.029966 0.630606
vt 0.046845 0.680700
vt 0.069040 0.728675
vt 0.096293 0.773969
vt 0.128283 0.816051
vt 0.164635 0.854427
vt 0.204924 0.888649
vt 0.248676 0.918314
vt 0.295379 0.943074
vt 0.344485 0.962640
vt 0.395419 0.976781
vt 0.447583 0.985333
vt 0.500367 0.992388
vt 0.553603 0.989502
vt 0.606216 0.980876
vt 0.657587 0.966613
vt 0.707115 0.946879
vt 0.754219 0.921906
vt 0.798347 0.891987
vt 0.838982 0.857472
vt 0.875646 0.818765
vt 0.907911 0.776322
vt 0.935398 0.730639
vt 0.957784 0.682252
vt 0.974807 0.631728
vt 0.986268 0.579660
vt 0.992033 0.526657
vt 0.992033 0.473343
vt 0.986268 0.420340
vt 0.974807 0.368272
vt 0.957784 0.317748
vt 0.935398 0.269361
vt 0.907911 0.223678
vt 0.875646 0.181235
vt 0.838982 0.142528
vt 0.798347 0.108013
vt 0.754219 0.078094
vt 0.707115 0.053121
vt 0.657587 0.033387
vt 0.606216 0.019124
vt 0.553603 0.010498
vt 0.500367 0.007612
vt 0.447130 0.010498
vt 0.394518 0.019124
vt 0.343146 0.033387
vt 0.293618 0.053121
vt 0.246514 0.078094
vt 0.202386 0.108013
vt 0.161752 0.142528
vt 0.125087 0.181235
vt 0.092822 0.223678
vt 0.065336 0.269361
vt 0.042949 0.317748
vt 0.025926 0.368272
vt 0.014465 0.420340
vt 0.008701 0.473343
vt 0.008701 0.526657
vt 0.014465 0.579660
vt 0.025926 0.631728
vt 0.042949 0.682252
vt 0.065336 0.730639
vt 0.092822 0.776322
vt 0.125087 0.818765
vt 0.161752 0.857472
vt 0.202386 0.891987
vt 0.246514 0.921906
vt 0.293618 0.946879
vt 0.343146 0.966613
vt 0.394518 0.980876
vt 0.447130 0.989502
vt 0.500367 0.995601
vt 0.553951 0.992696
vt 0.606906 0.984014
vt 0.658613 0.969658
vt 0.708464 0.949795
vt 0.755876 0.924659
vt 0.800291 0.894544
vt 0.841191 0.859804
vt 0.878095 0.820845
vt 0.910570 0.778125
vt 0.938236 0.732144
vt 0.960768 0.683441
vt 0.977903 0.632587
vt 0.989439 0.580179
vt 0.995241 0.526831
vt 0.995241 0.473169
vt 0.989439 0.419821
vt 0.977903 0.367413
vt 0.960768 0.316559
vt 0.938236 0.267856
vt 0.910570 0.221875
vt 0.878095 0.179155
vt 0.841191 0.140196
vt 0.800291 0.105456
vt 0.755876 0.075341
vt 0.708464 0.050205
vt 0.658613 0.030342
vt 0.606906 0.015986
vt 0.553951 0.007304
vt 0.500367 0.004399
vt 0.446783 0.007304
vt 0.393827 0.015986
vt 0.342121 0.030342
vt 0.292269 0.050205
vt 0.244858 0.075341
vt 0.200442 0.105456
vt 0.159542 0.140196
vt 0.122638 0.179155
vt 0.090163 0.221875
vt 0.062497 0.267856
vt 0.039965 0.316559
vt 0.022831 0.367413
vt 0.011295 0.419821
vt 0.005493 0.473169
vt 0.005493 0.526831
vt 0.011295 0.580179
vt 0.022831 0.632587
vt 0.039965 0.683441
vt 0.062497 0.732144
vt 0.090163 0.778125
vt 0.122638 0.820845
vt 0.159542 0.859804
vt 0.200442 0.894544
vt 0.244858 0.924659
vt 0.292269 0.949795
vt 0.342121 0.969658
vt 0.393827 0.984014
vt 0.446783 0.992696
vt 0.500367 0.997934
vt 0.554203 0.995016
vt 0.607408 0.986293
vt 0.659358 0.971869
vt 0.709444 0.951913
vt 0.757079 0.926659
vt 0.801704 0.896402
vt 0.842796 0.861498
vt 0.879873 0.822356
vt 0.912501 0.779434
vt 0.940298 0.733237
vt 0.962936 0.684304
vt 0.980151 0.633212
vt 0.991742 0.580557
vt 0.997571 0.526958
vt 0.997571 0.473042
vt 0.991742 0.419443
vt 0.980151 0.366788
vt 0.962936 0.315696
vt 0.940298 0.266763
vt 0.912501 0.220566
vt 0.879873 0.177644
vt 0.842796 0.138502
vt 0.801704 0.103598
vt 0.757079 0.073341
vt 0.709444 0.048087
vt 0.659358 0.028131
vt 0.607408 0.013707
vt 0.554203 0.004984
vt 0.500367 0.002066
vt 0.446530 0.004984
vt 0.393325 0.013707
vt 0.341375 0.028131
vt 0.291289 0.048087
vt 0.243655 0.073341
vt 0.199030 0.103598
vt 0.157937 0.138502
vt 0.120860 0.177644
vt 0.088232 0.220566
vt 0.060436 0.266763
vt 0.037797 0.315696
vt 0.020582 0.366788
vt 0.008992 0.419443
vt 0.003162 0.473042
vt 0.003162 0.526958
vt 0.008992 0.580557
vt 0.020582 0.633212
vt 0.037797 0.684304
vt 0.060436 0.733237
vt 0.088232 0.779434
vt 0.120860 0.822356
vt 0.157937 0.861498
vt 0.199030 0.896402
vt 0.243655 0.926659
vt 0.291289 0.951913
vt 0.341375 0.971869
vt 0.393325 0.986293
vt 0.446530 0.995016
vt 0.500367 0.999419
vt 0.554363 0.996491
vt 0.607727 0.987743
vt 0.659832 0.973276
vt 0.710067 0.953260
vt 0.757844 0.927931
vt 0.802602 0.897584
vt 0.843817 0.862576
vt 0.881005 0.823317
vt 0.913730 0.780267
vt 0.941609 0.733932
vt 0.964315 0.684854
vt 0.981582 0.633609
vt 0.993206 0.580797
vt 0.999053 0.527038
vt 0.999053 0.472962
vt 0.993206 0.419203
vt 0.981582 0.366391
vt 0.964315 0.315146
vt 0.941609 0.266068
vt 0.913730 0.219733
vt 0.881005 0.176683
vt 0.843817 0.137424
vt 0.802602 0.102416
vt 0.757844 0.072069
vt 0.710067 0.046740
vt 0.659832 0.026724
vt 0.607727 0.012257
vt 0.554363 0.003509
vt 0.500367 0.000581
vt 0.446370 0.003509
vt 0.393006 0.012257
vt 0.340901 0.026724
vt 0.290666 0.046740
vt 0.242889 0.072069
vt 0.198131 0.102416
vt 0.156917 0.137424
vt 0.119729 0.176683
vt 0.087003 0.219733
vt 0.059124 0.266068
vt 0.036418 0.315146
vt 0.019152 0.366391
vt 0.007527 0.419203
vt 0.001680 0.472962
vt 0.001680 0.527038
vt 0.007527 0.580797
vt 0.019152 0.633609
vt 0.036418 0.684854
vt 0.059124 0.733932
vt 0.087003 0.780267
vt 0.119729 0.823317
vt 0.156917 0.862576
vt 0.198131 0.897584
vt 0.242889 0.927931
vt 0.290666 0.953260
vt 0.340901 0.973276
vt 0.393006 0.987743
vt 0.446370 0.996491
vt 0.006953 0.419109
vt 0.001100 0.472931
vt 0.000367 0.500000
vt 0.001100 0.527069
vt 0.006953 0.580891
vt 0.018592 0.633764
vt 0.035878 0.685069
vt 0.058611 0.734204
vt 0.086522 0.780594
vt 0.119286 0.823693
vt 0.156517 0.862998
vt 0.197780 0.898047
vt 0.242590 0.928429
vt 0.290422 0.953788
vt 0.340716 0.973827
vt 0.392881 0.988310
vt 0.446307 0.997069
vt 0.500367 1.000000
vt 0.554426 0.997069
vt 0.607852 0.988310
vt 0.660017 0.973827
vt 0.710311 0.953788
vt 0.758144 0.928429
vt 0.802954 0.898047
vt 0.844216 0.862998
vt 0.881448 0.823693
vt 0.914211 0.780594
vt 0.942123 0.734204
vt 0.964855 0.685069
vt 0.982142 0.633764
vt 0.993780 0.580891
vt 0.999633 0.527069
vt 0.999633 0.472931
vt 0.993780 0.419109
vt 0.982142 0.366236
vt 0.964855 0.314931
vt 0.942123 0.265796
vt 0.914211 0.219406
vt 0.881448 0.176307
vt 0.844216 0.137002
vt 0.802954 0.101953
vt 0.758144 0.071571
vt 0.710311 0.046212
vt 0.660017 0.026173
vt 0.607852 0.011690
vt 0.554426 0.002931
vt 0.500367 0.000000
vt 0.446307 0.002931
vt 0.392881 0.011690
vt 0.340716 0.026173
vt 0.290422 0.046212
vt 0.242590 0.071571
vt 0.197780 0.101953
vt 0.156517 0.137002
vt 0.119286 0.176307
vt 0.086522 0.219406
vt 0.058611 0.265796
vt 0.035878 0.314931
vt 0.018592 0.366236
vt 0.500367 0.500000
vt 0.487079 0.560366
vt 0.480630 0.558575
vt 0.493684 0.561449
vt 0.500367 0.561811
vt 0.468500 0.552963
vt 0.462960 0.549207
vt 0.474413 0.556098
vt 0.453257 0.540016
vt 0.449206 0.534688
vt 0.457859 0.544875
vt 0.442946 0.522879
vt 0.440809 0.516536
vt 0.445756 0.528953
vt 0.438646 0.503346
vt 0.438646 0.496654
vt 0.439370 0.510000
vt 0.440809 0.483464
vt 0.442946 0.477121
vt 0.439370 0.490000
vt 0.449206 0.465312
vt 0.453257 0.459984
vt 0.445756 0.471047
vt 0.462960 0.450793
vt 0.468500 0.447037
vt 0.457859 0.455126
vt 0.480630 0.441425
vt 0.487079 0.439634
vt 0.474413 0.443902
vt 0.500367 0.438189
vt 0.507050 0.438551
vt 0.493684 0.438551
vt 0.520103 0.441425
vt 0.526320 0.443902
vt 0.513654 0.439634
vt 0.537773 0.450793
vt 0.542874 0.455126
vt 0.532234 0.447037
vt 0.551527 0.465312
vt 0.554977 0.471047
vt 0.547477 0.459984
vt 0.559925 0.483464
vt 0.561363 0.490000
vt 0.557788 0.477121
vt 0.562087 0.503346
vt 0.561363 0.510000
vt 0.562087 0.496654
vt 0.557788 0.522879
vt 0.554977 0.528953
vt 0.559925 0.516536
vt 0.547477 0.540016
vt 0.542874 0.544875
vt 0.551527 0.534688
vt 0.532234 0.552963
vt 0.526320 0.556098
vt 0.537773 0.549207
vt 0.513654 0.560366
vt 0.507050 0.561449
vt 0.520103 0.558575
vt 0.001680 0.527038
vt 0.001680 0.472962
vt 0.007527 0.419203
vt 0.019152 0.366391
vt 0.036418 0.315146
vt 0.059124 0.266068
vt 0.087003 0.219733
vt 0.119729 0.176683
vt 0.156917 0.137424
vt 0.198131 0.102416
vt 0.242889 0.072069
vt 0.290666 0.046740
vt 0.340901 0.026724
vt 0.393006 0.012257
vt 0.446370 0.003509
vt 0.500367 0.000581
vt 0.554363 0.003509
vt 0.607727 0.012257
vt 0.659832 0.026724
vt 0.710067 0.046740
vt 0.757844 0.072069
vt 0.802602 0.102416
vt 0.843817 0.137424
vt 0.881005 0.176683
vt 0.913730 0.219733
vt 0.941609 0.266068
vt 0.964315 0.315146
vt 0.981582 0.366391
vt 0.993206 0.419203
vt 0.999053 0.472962
vt 0.999053 0.527038
vt 0.993206 0.580797
vt 0.981582 0.633609
vt 0.964315 0.684854
vt 0.941609 0.733932
vt 0.913730 0.780267
vt 0.881005 0.823317
vt 0.843817 0.862576
vt 0.802602 0.897584
vt 0.757844 0.927931
vt 0.710067 0.953260
vt 0.659832 0.973276
vt 0.607727 0.987743
vt 0.554363 0.996491
vt 0.500367 0.999419
vt 0.446370 0.996491
vt 0.393006 0.987743
vt 0.340901 0.973276
vt 0.290666 0.953260
vt 0.242889 0.927931
vt 0.198131 0.897584
vt 0.156917 0.862576
vt 0.119729 0.823317
vt 0.087003 0.780267
vt 0.059124 0.733932
vt 0.036418 0.684854
vt 0.019152 0.633609
vt 0.007527 0.580797
vt 0.500367 0.997934
vt 0.554203 0.995016
vt 0.607408 0.986293
vt 0.659358 0.971869
vt 0.709444 0.951913
vt 0.757079 0.926659
vt 0.801704 0.896402
vt 0.842796 0.861498
vt 0.879873 0.822356
vt 0.912501 0.779434
vt 0.940298 0.733237
vt 0.962936 0.684304
vt 0.980151 0.633212
vt 0.991742 0.580557
vt 0.997571 0.526958
vt 0.997571 0.473042
vt 0.991742 0.419443
vt 0.980151 0.366788
vt 0.962936 0.315696
vt 0.940298 0.266763
vt 0.912501 0.220566
vt 0.879873 0.177644
vt 0.842796 0.138502
vt 0.801704 0.103598
vt 0.757079 0.073341
vt 0.709444 0.048087
vt 0.659358 0.028131
vt 0.607408 0.013707
vt 0.554203 0.004984
vt 0.500367 0.002066
vt 0.446530 0.004984
vt 0.393325 0.013707
vt 0.341375 0.028131
vt 0.291289 0.048087
vt 0.243655 0.073341
vt 0.199030 0.103598
vt 0.157937 0.138502
vt 0.120860 0.177644
vt 0.088232 0.220566
vt 0.060436 0.266763
vt 0.037797 0.315696
vt 0.020582 0.366788
vt 0.008992 0.419443
vt 0.003162 0.473042
vt 0.003162 0.526958
vt 0.008992 0.580557
vt 0.020582 0.633212
vt 0.037797 0.684304
vt 0.060436 0.733237
vt 0.088232 0.779434
vt 0.120860 0.822356
vt 0.157937 0.861498
vt 0.199030 0.896402
vt 0.243655 0.926659
vt 0.291289 0.951913
vt 0.341375 0.971869
vt 0.393325 0.986293
vt 0.446530 0.995016
vt 0.500367 0.995601
vt 0.553951 0.992696
vt 0.606906 0.984014
vt 0.658613 0.969658
vt 0.708464 0.949795
vt 0.755876 0.924659
vt 0.800291 0.894544
vt 0.841191 0.859804
vt 0.878095 0.820845
vt 0.910570 0.778125
vt 0.938236 0.732144
vt 0.960768 0.683441
vt 0.977903 0.632587
vt 0.989439 0.580179
vt 0.995241 0.526831
vt 0.995241 0.473169
vt 0.989439 0.419821
vt 0.977903 0.367413
vt 0.960768 0.316559
vt 0.938236 0.267856
vt 0.910570 0.221875
vt 0.878095 0.179155
vt 0.841191 0.140196
vt 0.800291 0.105456
vt 0.755876 0.075341
vt 0.708464 0.050205
vt 0.658613 0.030342
vt 0.606906 0.015986
vt 0.553951 0.007304
vt 0.500367 0.004399
vt 0.446783 0.007304
vt 0.393827 0.015986
vt 0.342121 0.030342
vt 0.292269 0.050205
vt 0.244858 0.075341
vt 0.200442 0.105456
vt 0.159542 0.140196
vt 0.122638 0.179155
vt 0.090163 0.221875
vt 0.062497 0.267856
vt 0.039965 0.316559
vt 0.022831 0.367413
vt 0.011295 0.419821
vt 0.005493 0.473169
vt 0.005493 0.526831
vt 0.011295 0.580179
vt 0.022831 0.632587
vt 0.039965 0.683441
vt 0.062497 0.732144
vt 0.090163 0.778125
vt 0.122638 0.820845
vt 0.159542 0.859804
vt 0.200442 0.894544
vt 0.244858 0.924659
vt 0.292269 0.949795
vt 0.342121 0.969658
vt 0.393827 0.984014
vt 0.446783 0.992696
vt 0.500367 0.992388
vt 0.553603 0.989502
vt 0.606216 0.980876
vt 0.657587 0.966613
vt 0.707115 0.946879
vt 0.754219 0.921906
vt 0.798347 0.891987
vt 0.838982 0.857472
vt 0.875646 0.818765
vt 0.907911 0.776322
vt 0.935398 0.730639
vt 0.957784 0.682252
vt 0.974807 0.631728
vt 0.986268 0.579660
vt 0.992033 0.526657
vt 0.992033 0.473343
vt 0.986268 0.420340
vt 0.974807 0.368272
vt 0.957784 0.317748
vt 0.935398 0.269361
vt 0.907911 0.223678
vt 0.875646 0.181235
vt 0.838982 0.142528
vt 0.798347 0.108013
vt 0.754219 0.078094
vt 0.707115 0.053121
vt 0.657587 0.033387
vt 0.606216 0.019124
vt 0.553603 0.010498
vt 0.500367 0.007612
vt 0.447130 0.010498
vt 0.394518 0.019124
vt 0.343146 0.033387
vt 0.293618 0.053121
vt 0.246514 0.078094
vt 0.202386 0.108013
vt 0.161752 0.142528
vt 0.125087 0.181235
vt 0.092822 0.223678
vt 0.065336 0.269361
vt 0.042949 0.317748
vt 0.025926 0.368272
vt 0.014465 0.420340
vt 0.008701 0.473343
vt 0.008701 0.526657
vt 0.014465 0.579660
vt 0.025926 0.631728
vt 0.042949 0.682252
vt 0.065336 0.730639
vt 0.092822 0.776322
vt 0.125087 0.818765
vt 0.161752 0.857472
vt 0.202386 0.891987
vt 0.246514 0.921906
vt 0.293618 0.946879
vt 0.343146 0.966613
vt 0.394518 0.980876
vt 0.447130 0.989502
vt 0.500367 0.988195
vt 0.553150 0.985333
vt 0.605314 0.976781
vt 0.656248 0.962640
vt 0.705354 0.943074
vt 0.752058 0.918314
vt 0.795810 0.888649
vt 0.836098 0.854427
vt 0.872450 0.816051
vt 0.904440 0.773969
vt 0.931693 0.728675
vt 0.953889 0.680700
vt 0.970767 0.630606
vt 0.982131 0.578981
vt 0.987846 0.526430
vt 0.987846 0.473570
vt 0.982131 0.421019
vt 0.970767 0.369394
vt 0.953889 0.319300
vt 0.931693 0.271325
vt 0.904440 0.226031
vt 0.872450 0.183949
vt 0.836098 0.145573
vt 0.795810 0.111351
vt 0.752058 0.081686
vt 0.705354 0.056926
vt 0.656248 0.037360
vt 0.605314 0.023219
vt 0.553150 0.014667
vt 0.500367 0.011805
vt 0.447583 0.014667
vt 0.395419 0.023219
vt 0.344485 0.037360
vt 0.295379 0.056926
vt 0.248676 0.081686
vt 0.204924 0.111351
vt 0.164635 0.145573
vt 0.128283 0.183949
vt 0.096293 0.226031
vt 0.069040 0.271325
vt 0.046845 0.319300
vt 0.029966 0.369394
vt 0.018603 0.421019
vt 0.012887 0.473570
vt 0.012887 0.526430
vt 0.018603 0.578981
vt 0.029966 0.630606
vt 0.046845 0.680700
vt 0.069040 0.728675
vt 0.096293 0.773969
vt 0.128283 0.816051
vt 0.164635 0.854427
vt 0.204924 0.888649
vt 0.248676 0.918314
vt 0.295379 0.943074
vt 0.344485 0.962640
vt 0.395419 0.976781
vt 0.447583 0.985333
vt 0.500367 0.982843
vt 0.552571 0.980013
vt 0.604164 0.971555
vt 0.654539 0.957568
vt 0.703107 0.938217
vt 0.749298 0.913728
vt 0.792571 0.884388
vt 0.832418 0.850542
vt 0.868372 0.812586
vt 0.900011 0.770965
vt 0.926965 0.726168
vt 0.948917 0.678719
vt 0.965610 0.629174
vt 0.976849 0.578115
vt 0.982502 0.526141
vt 0.982502 0.473859
vt 0.976849 0.421885
vt 0.965610 0.370826
vt 0.948917 0.321281
vt 0.926965 0.273832
vt 0.900011 0.229034
vt 0.868372 0.187414
vt 0.832418 0.149458
vt 0.792571 0.115612
vt 0.749298 0.086272
vt 0.703107 0.061783
vt 0.654539 0.042432
vt 0.604164 0.028445
vt 0.552571 0.019987
vt 0.500367 0.017156
vt 0.448162 0.019987
vt 0.396570 0.028445
vt 0.346194 0.042432
vt 0.297626 0.061783
vt 0.251435 0.086272
vt 0.208162 0.115612
vt 0.168315 0.149458
vt 0.132362 0.187414
vt 0.100722 0.229034
vt 0.073769 0.273832
vt 0.051816 0.321281
vt 0.035123 0.370826
vt 0.023884 0.421885
vt 0.018231 0.473859
vt 0.018231 0.526141
vt 0.023884 0.578115
vt 0.035123 0.629174
vt 0.051816 0.678719
vt 0.073769 0.726168
vt 0.100722 0.770965
vt 0.132362 0.812586
vt 0.168315 0.850542
vt 0.208162 0.884388
vt 0.251435 0.913728
vt 0.297626 0.938217
vt 0.346194 0.957568
vt 0.396570 0.971555
vt 0.448162 0.980013
vt 0.500367 0.976059
vt 0.551838 0.973268
vt 0.602705 0.964929
vt 0.652373 0.951138
vt 0.700258 0.932059
vt 0.745800 0.907914
vt 0.788465 0.878987
vt 0.827752 0.845616
vt 0.863200 0.808194
vt 0.894395 0.767158
vt 0.920970 0.722990
vt 0.942614 0.676207
vt 0.959073 0.627359
vt 0.970154 0.577018
vt 0.975727 0.525773
vt 0.975727 0.474227
vt 0.970154 0.422982
vt 0.959073 0.372641
vt 0.942614 0.323793
vt 0.920970 0.277010
vt 0.894395 0.232842
vt 0.863200 0.191806
vt 0.827752 0.154384
vt 0.788465 0.121013
vt 0.745800 0.092086
vt 0.700258 0.067941
vt 0.652373 0.048862
vt 0.602705 0.035071
vt 0.551838 0.026732
vt 0.500367 0.023941
vt 0.448896 0.026732
vt 0.398028 0.035071
vt 0.348360 0.048862
vt 0.300475 0.067941
vt 0.254933 0.092086
vt 0.212268 0.121013
vt 0.172981 0.154384
vt 0.137533 0.191806
vt 0.106338 0.232842
vt 0.079763 0.277010
vt 0.058119 0.323793
vt 0.041660 0.372641
vt 0.030579 0.422982
vt 0.025006 0.474227
vt 0.025006 0.525773
vt 0.030579 0.577018
vt 0.041660 0.627359
vt 0.058119 0.676207
vt 0.079763 0.722990
vt 0.106338 0.767158
vt 0.137533 0.808194
vt 0.172981 0.845616
vt 0.212268 0.878987
vt 0.254933 0.907914
vt 0.300475 0.932059
vt 0.348360 0.951138
vt 0.398028 0.964929
vt 0.448896 0.973268
vt 0.500367 0.967435
vt 0.550905 0.964694
vt 0.600851 0.956506
vt 0.649619 0.942966
vt 0.696637 0.924232
vt 0.741354 0.900525
vt 0.783246 0.872121
vt 0.821821 0.839355
vt 0.856628 0.802611
vt 0.887257 0.762318
vt 0.913351 0.718950
vt 0.934602 0.673015
vt 0.950763 0.625052
vt 0.961643 0.575623
vt 0.967116 0.525306
vt 0.967116 0.474694
vt 0.961643 0.424378
vt 0.950763 0.374948
vt 0.934602 0.326985
vt 0.913351 0.281050
vt 0.887257 0.237682
vt 0.856628 0.197389
vt 0.821821 0.160645
vt 0.783246 0.127879
vt 0.741354 0.099475
vt 0.696637 0.075768
vt 0.649619 0.057034
vt 0.600851 0.043494
vt 0.550905 0.035306
vt 0.500367 0.032565
vt 0.449828 0.035306
vt 0.399882 0.043494
vt 0.351114 0.057034
vt 0.304096 0.075768
vt 0.259379 0.099475
vt 0.217487 0.127879
vt 0.178912 0.160645
vt 0.144106 0.197389
vt 0.113476 0.237682
vt 0.087383 0.281050
vt 0.066131 0.326985
vt 0.049970 0.374948
vt 0.039090 0.424378
vt 0.033618 0.474694
vt 0.033618 0.525306
vt 0.039090 0.575623
vt 0.049970 0.625052
vt 0.066131 0.673015
vt 0.087383 0.718950
vt 0.113476 0.762318
vt 0.144106 0.802611
vt 0.178912 0.839355
vt 0.217487 0.872121
vt 0.259379 0.900525
vt 0.304096 0.924232
vt 0.351114 0.942966
vt 0.399882 0.956506
vt 0.449828 0.964694
vt 0.500367 0.956375
vt 0.549709 0.953700
vt 0.598474 0.945705
vt 0.646088 0.932485
vt 0.691994 0.914195
vt 0.735653 0.891048
vt 0.776553 0.863317
vt 0.814216 0.831326
vt 0.848199 0.795451
vt 0.878103 0.756112
vt 0.903580 0.713770
vt 0.924329 0.668922
vt 0.940107 0.622093
vt 0.950730 0.573833
vt 0.956073 0.524708
vt 0.956073 0.475292
vt 0.950730 0.426167
vt 0.940107 0.377907
vt 0.924329 0.331078
vt 0.903580 0.286230
vt 0.878103 0.243888
vt 0.848199 0.204549
vt 0.814216 0.168674
vt 0.776553 0.136683
vt 0.735653 0.108952
vt 0.691994 0.085805
vt 0.646088 0.067515
vt 0.598474 0.054295
vt 0.549709 0.046300
vt 0.500367 0.043625
vt 0.451024 0.046300
vt 0.402259 0.054295
vt 0.354645 0.067515
vt 0.308740 0.085805
vt 0.265081 0.108952
vt 0.224180 0.136683
vt 0.186518 0.168674
vt 0.152535 0.204549
vt 0.122630 0.243888
vt 0.097154 0.286230
vt 0.076405 0.331078
vt 0.060626 0.377907
vt 0.050003 0.426167
vt 0.044661 0.475292
vt 0.044661 0.524708
vt 0.050003 0.573833
vt 0.060626 0.622093
vt 0.076405 0.668922
vt 0.097154 0.713770
vt 0.122630 0.756112
vt 0.152535 0.795451
vt 0.186518 0.831326
vt 0.224180 0.863317
vt 0.265081 0.891048
vt 0.308740 0.914195
vt 0.354645 0.932485
vt 0.402259 0.945705
vt 0.451024 0.953700
vt 0.500367 0.941268
vt 0.548076 0.938681
vt 0.595226 0.930951
vt 0.641264 0.918169
vt 0.685650 0.900484
vt 0.727864 0.878103
vt 0.767410 0.851290
vt 0.803826 0.820358
vt 0.836684 0.785671
vt 0.865599 0.747634
vt 0.890232 0.706693
vt 0.910294 0.663330
vt 0.925550 0.618052
vt 0.935821 0.571389
vt 0.940987 0.523890
vt 0.940987 0.476110
vt 0.935821 0.428611
vt 0.925550 0.381948
vt 0.910294 0.336670
vt 0.890232 0.293307
vt 0.865599 0.252366
vt 0.836684 0.214329
vt 0.803826 0.179642
vt 0.767410 0.148710
vt 0.727864 0.121897
vt 0.685650 0.099516
vt 0.641264 0.081831
vt 0.595226 0.069049
vt 0.548076 0.061319
vt 0.500367 0.058732
vt 0.452657 0.061319
vt 0.405507 0.069049
vt 0.359469 0.081831
vt 0.315083 0.099516
vt 0.272869 0.121897
vt 0.233323 0.148710
vt 0.196907 0.179642
vt 0.164049 0.214329
vt 0.135134 0.252366
vt 0.110501 0.293307
vt 0.090439 0.336670
vt 0.075183 0.381948
vt 0.064912 0.428611
vt 0.059746 0.476110
vt 0.059746 0.523890
vt 0.064912 0.571389
vt 0.075183 0.618052
vt 0.090439 0.663330
vt 0.110501 0.706693
vt 0.135134 0.747634
vt 0.164049 0.785671
vt 0.196907 0.820358
vt 0.233323 0.851290
vt 0.272869 0.878103
vt 0.315083 0.900484
vt 0.359469 0.918169
vt 0.405507 0.930951
vt 0.452657 0.938681
vt 0.500367 0.917771
vt 0.545536 0.915322
vt 0.590175 0.908004
vt 0.633762 0.895902
vt 0.675784 0.879159
vt 0.715750 0.857970
vt 0.753191 0.832585
vt 0.787668 0.803300
vt 0.818776 0.770459
vt 0.846151 0.734448
vt 0.869473 0.695688
vt 0.888467 0.654633
vt 0.902910 0.611766
vt 0.912635 0.567588
vt 0.917525 0.522618
vt 0.917525 0.477382
vt 0.912635 0.432412
vt 0.902910 0.388234
vt 0.888467 0.345367
vt 0.869473 0.304312
vt 0.846151 0.265552
vt 0.818776 0.229541
vt 0.787668 0.196700
vt 0.753191 0.167415
vt 0.715750 0.142030
vt 0.675784 0.120841
vt 0.633762 0.104098
vt 0.590175 0.091996
vt 0.545536 0.084678
vt 0.500367 0.082229
vt 0.455198 0.084678
vt 0.410558 0.091996
vt 0.366972 0.104098
vt 0.324949 0.120841
vt 0.284983 0.142030
vt 0.247542 0.167415
vt 0.213066 0.196700
vt 0.181957 0.229541
vt 0.154582 0.265552
vt 0.131261 0.304312
vt 0.112267 0.345367
vt 0.097823 0.388234
vt 0.088099 0.432412
vt 0.083208 0.477382
vt 0.083208 0.522618
vt 0.088099 0.567588
vt 0.097823 0.611766
vt 0.112267 0.654633
vt 0.131261 0.695688
vt 0.154582 0.734448
vt 0.181957 0.770459
vt 0.213066 0.803300
vt 0.247542 0.832585
vt 0.284983 0.857970
vt 0.324949 0.879159
vt 0.366972 0.895902
vt 0.410558 0.908004
vt 0.455198 0.915322
vt 0.500367 0.882962
vt 0.541772 0.880717
vt 0.582692 0.874009
vt 0.622647 0.862916
vt 0.661168 0.847567
vt 0.697804 0.828144
vt 0.732126 0.804874
vt 0.763730 0.778029
vt 0.792246 0.747925
vt 0.817340 0.714914
vt 0.838719 0.679383
vt 0.856130 0.641749
vt 0.869370 0.602453
vt 0.878284 0.561956
vt 0.882767 0.520733
vt 0.882767 0.479267
vt 0.878284 0.438044
vt 0.869370 0.397547
vt 0.856130 0.358251
vt 0.838719 0.320617
vt 0.817340 0.285086
vt 0.792246 0.252075
vt 0.763730 0.221971
vt 0.732126 0.195126
vt 0.697804 0.171856
vt 0.661168 0.152433
vt 0.622647 0.137084
vt 0.582692 0.125991
vt 0.541772 0.119283
vt 0.500367 0.117038
vt 0.458961 0.119283
vt 0.418041 0.125991
vt 0.378086 0.137084
vt 0.339565 0.152433
vt 0.302929 0.171856
vt 0.268608 0.195126
vt 0.237004 0.221971
vt 0.208487 0.252075
vt 0.183393 0.285086
vt 0.162015 0.320617
vt 0.144603 0.358251
vt 0.131363 0.397547
vt 0.122449 0.438044
vt 0.117966 0.479267
vt 0.117966 0.520733
vt 0.122449 0.561956
vt 0.131363 0.602453
vt 0.144603 0.641749
vt 0.162015 0.679383
vt 0.183393 0.714914
vt 0.208487 0.747925
vt 0.237004 0.778029
vt 0.268608 0.804874
vt 0.302929 0.828144
vt 0.339565 0.847567
vt 0.378086 0.862916
vt 0.418041 0.874009
vt 0.458961 0.880717
vt 0.500367 0.828832
vt 0.535920 0.826905
vt 0.571056 0.821144
vt 0.605363 0.811619
vt 0.638440 0.798440
vt 0.669897 0.781762
vt 0.699368 0.761781
vt 0.726504 0.738731
vt 0.750990 0.712882
vt 0.772538 0.684536
vt 0.790894 0.654028
vt 0.805844 0.621713
vt 0.817213 0.587972
vt 0.824867 0.553199
vt 0.828717 0.517803
vt 0.828717 0.482197
vt 0.824867 0.446801
vt 0.817213 0.412028
vt 0.805844 0.378287
vt 0.790894 0.345972
vt 0.772538 0.315464
vt 0.750990 0.287118
vt 0.726504 0.261269
vt 0.699368 0.238219
vt 0.669897 0.218238
vt 0.638440 0.201560
vt 0.605363 0.188381
vt 0.571056 0.178856
vt 0.535920 0.173095
vt 0.500367 0.171168
vt 0.464814 0.173095
vt 0.429677 0.178856
vt 0.395370 0.188381
vt 0.362294 0.201560
vt 0.330836 0.218238
vt 0.301366 0.238219
vt 0.274229 0.261269
vt 0.249743 0.287118
vt 0.228196 0.315464
vt 0.209839 0.345972
vt 0.194889 0.378287
vt 0.183520 0.412028
vt 0.175866 0.446801
vt 0.172017 0.482197
vt 0.172017 0.517803
vt 0.175866 0.553199
vt 0.183520 0.587972
vt 0.194889 0.621713
vt 0.209839 0.654028
vt 0.228196 0.684536
vt 0.249743 0.712882
vt 0.274229 0.738731
vt 0.301366 0.761781
vt 0.330836 0.781762
vt 0.362294 0.798440
vt 0.395370 0.811619
vt 0.429677 0.821144
vt 0.464814 0.826905
vt 0.500367 0.811230
vt 0.534017 0.809405
vt 0.567272 0.803954
vt 0.599743 0.794938
vt 0.631049 0.782465
vt 0.660822 0.766680
vt 0.688715 0.747768
vt 0.714399 0.725952
vt 0.737574 0.701486
vt 0.757968 0.674658
vt 0.775342 0.645783
vt 0.789492 0.615198
vt 0.800252 0.583263
vt 0.807497 0.550351
vt 0.811140 0.516850
vt 0.811140 0.483150
vt 0.807497 0.449649
vt 0.800252 0.416737
vt 0.789492 0.384802
vt 0.775342 0.354217
vt 0.757968 0.325342
vt 0.737574 0.298514
vt 0.714399 0.274048
vt 0.688715 0.252232
vt 0.660822 0.233320
vt 0.631049 0.217535
vt 0.599743 0.205062
vt 0.567272 0.196046
vt 0.534017 0.190595
vt 0.500367 0.188770
vt 0.466717 0.190595
vt 0.433461 0.196046
vt 0.400990 0.205062
vt 0.369685 0.217535
vt 0.339911 0.233320
vt 0.312018 0.252232
vt 0.286334 0.274048
vt 0.263159 0.298514
vt 0.242765 0.325342
vt 0.225391 0.354217
vt 0.211241 0.384802
vt 0.200481 0.416737
vt 0.193237 0.449649
vt 0.189593 0.483150
vt 0.189593 0.516850
vt 0.193237 0.550351
vt 0.200481 0.583263
vt 0.211241 0.615198
vt 0.225391 0.645783
vt 0.242765 0.674658
vt 0.263159 0.701486
vt 0.286334 0.725952
vt 0.312018 0.747768
vt 0.339911 0.766680
vt 0.369685 0.782465
vt 0.400990 0.794938
vt 0.433461 0.803954
vt 0.466717 0.809405
vt 0.500367 0.709181
vt 0.522983 0.707955
vt 0.545334 0.704291
vt 0.567159 0.698231
vt 0.588199 0.689848
vt 0.608211 0.679238
vt 0.626958 0.666528
vt 0.644220 0.651865
vt 0.659797 0.635421
vt 0.673504 0.617390
vt 0.685181 0.597982
vt 0.694691 0.577426
vt 0.701923 0.555962
vt 0.706792 0.533842
vt 0.709241 0.511325
vt 0.709241 0.488675
vt 0.706792 0.466158
vt 0.701923 0.444038
vt 0.694691 0.422574
vt 0.685181 0.402018
vt 0.673504 0.382610
vt 0.659797 0.364579
vt 0.644220 0.348135
vt 0.626958 0.333472
vt 0.608211 0.320762
vt 0.588199 0.310152
vt 0.567159 0.301769
vt 0.545334 0.295709
vt 0.522983 0.292045
vt 0.500367 0.290819
vt 0.477750 0.292045
vt 0.455399 0.295709
vt 0.433575 0.301769
vt 0.412534 0.310152
vt 0.392522 0.320762
vt 0.373776 0.333472
vt 0.356513 0.348135
vt 0.340937 0.364579
vt 0.327230 0.382610
vt 0.315553 0.402018
vt 0.306042 0.422574
vt 0.298810 0.444038
vt 0.293941 0.466158
vt 0.291492 0.488675
vt 0.291492 0.511325
vt 0.293941 0.533842
vt 0.298810 0.555962
vt 0.306042 0.577426
vt 0.315553 0.597982
vt 0.327230 0.617390
vt 0.340937 0.635421
vt 0.356513 0.651865
vt 0.373776 0.666528
vt 0.392522 0.679238
vt 0.412534 0.689848
vt 0.433575 0.698231
vt 0.455399 0.704291
vt 0.477750 0.707955
vn -0.025175 0.994744 0.099246
vn -0.014297 0.994744 0.101386
vn -0.000000 1.000000 0.000000
vn -0.035758 0.994744 0.095943
vn -0.045921 0.994744 0.091514
vn -0.055547 0.994744 0.086013
vn -0.064521 0.994744 0.079503
vn -0.072738 0.994744 0.072061
vn -0.080103 0.994744 0.063774
vn -0.086529 0.994744 0.054740
vn -0.091940 0.994744 0.045063
vn -0.096273 0.994744 0.034859
vn -0.099478 0.994744 0.024246
vn -0.101516 0.994744 0.013348
vn -0.102364 0.994744 0.002294
vn -0.102012 0.994744 -0.008787
vn -0.100464 0.994744 -0.019765
vn -0.097738 0.994744 -0.030511
vn -0.093866 0.994744 -0.040900
vn -0.088894 0.994744 -0.050808
vn -0.082879 0.994744 -0.060122
vn -0.075893 0.994744 -0.068730
vn -0.068017 0.994744 -0.076533
vn -0.059344 0.994744 -0.083438
vn -0.049975 0.994744 -0.089365
vn -0.040020 0.994744 -0.094245
vn -0.029596 0.994744 -0.098019
vn -0.018824 0.994744 -0.100644
vn -0.007833 0.994744 -0.102090
vn 0.003251 0.994744 -0.102338
vn 0.014297 0.994744 -0.101386
vn 0.025175 0.994744 -0.099246
vn 0.035758 0.994744 -0.095943
vn 0.045921 0.994744 -0.091514
vn 0.055547 0.994744 -0.086013
vn 0.064521 0.994744 -0.079503
vn 0.072738 0.994744 -0.072061
vn 0.080103 0.994744 -0.063774
vn 0.086529 0.994744 -0.054740
vn 0.091940 0.994744 -0.045063
vn 0.096273 0.994744 -0.034859
vn 0.099478 0.994744 -0.024246
vn 0.101516 0.994744 -0.013348
vn 0.102364 0.994744 -0.002294
vn 0.102012 0.994744 0.008787
vn 0.100464 0.994744 0.019765
vn 0.097738 0.994744 0.030511
vn 0.093866 0.994744 0.040900
vn 0.088894 0.994744 0.050808
vn 0.082879 0.994744 0.060122
vn 0.075893 0.994744 0.068730
vn 0.068017 0.994744 0.076533
vn 0.059344 0.994744 0.083438
vn 0.049975 0.994744 0.089365
vn 0.040020 0.994744 0.094245
vn 0.029596 0.994744 0.098019
vn 0.018824 0.994744 0.100644
vn 0.007833 0.994744 0.102090
vn -0.003251 0.994744 0.102338
vn -0.002046 0.987455 0.157890
vn 0.015037 0.987455 0.157185
vn 0.031944 0.987455 0.154638
vn 0.048476 0.987455 0.150278
vn 0.064439 0.987455 0.144156
vn 0.079648 0.987455 0.136344
vn 0.093922 0.987455 0.126933
vn 0.107095 0.987455 0.116034
vn 0.119013 0.987455 0.103775
vn 0.129535 0.987455 0.090299
vn 0.138539 0.987455 0.075764
vn 0.145918 0.987455 0.060341
vn 0.151587 0.987455 0.044211
vn 0.155479 0.987455 0.027563
vn 0.157547 0.987455 0.010591
vn 0.157769 0.987455 -0.006505
vn 0.156141 0.987455 -0.023525
vn 0.152682 0.987455 -0.040269
vn 0.147433 0.987455 -0.056540
vn 0.140456 0.987455 -0.072149
vn 0.131832 0.987455 -0.086912
vn 0.121662 0.987455 -0.100656
vn 0.110066 0.987455 -0.113220
vn 0.097179 0.987455 -0.124457
vn 0.083153 0.987455 -0.134234
vn 0.068153 0.987455 -0.142438
vn 0.052353 0.987455 -0.148971
vn 0.035940 0.987455 -0.153758
vn 0.019105 0.987455 -0.156743
vn 0.002046 0.987455 -0.157890
vn -0.015037 0.987455 -0.157185
vn -0.031944 0.987455 -0.154638
vn -0.048476 0.987455 -0.150278
vn -0.064439 0.987455 -0.144156
vn -0.079648 0.987455 -0.136344
vn -0.093922 0.987455 -0.126933
vn -0.107095 0.987455 -0.116034
vn -0.119013 0.987455 -0.103775
vn -0.129535 0.987455 -0.090299
vn -0.138539 0.987455 -0.075764
vn -0.145918 0.987455 -0.060341
vn -0.151587 0.987455 -0.044211
vn -0.155479 0.987455 -0.027563
vn -0.157547 0.987455 -0.010591
vn -0.157769 0.987455 0.006505
vn -0.156141 0.987455 0.023525
vn -0.152682 0.987455 0.040269
vn -0.147433 0.987455 0.056540
vn -0.140456 0.987455 0.072149
vn -0.131832 0.987455 0.086912
vn -0.121662 0.987455 0.100656
vn -0.110066 0.987455 0.113220
vn -0.097179 0.987455 0.124457
vn -0.083153 0.987455 0.134234
vn -0.068153 0.987455 0.142438
vn -0.052353 0.987455 0.148971
vn -0.035940 0.987455 0.153758
vn -0.019105 0.987455 0.156743
vn 0.001465 0.977059 0.212962
vn 0.024482 0.977059 0.211555
vn 0.047212 0.977059 0.207668
vn 0.069388 0.977059 0.201346
vn 0.090750 0.977059 0.192664
vn 0.111049 0.977059 0.181722
vn 0.130046 0.977059 0.168651
vn 0.147518 0.977059 0.153602
vn 0.163260 0.977059 0.136752
vn 0.177088 0.977059 0.118299
vn 0.188841 0.977059 0.098459
vn 0.198379 0.977059 0.077464
vn 0.205591 0.977059 0.055562
vn 0.210393 0.977059 0.033007
vn 0.212729 0.977059 0.010066
vn 0.212570 0.977059 -0.012993
vn 0.209919 0.977059 -0.035899
vn 0.204807 0.977059 -0.058385
vn 0.197294 0.977059 -0.080187
vn 0.187468 0.977059 -0.101048
vn 0.175444 0.977059 -0.120724
vn 0.161363 0.977059 -0.138985
vn 0.145390 0.977059 -0.155617
vn 0.127713 0.977059 -0.170424
vn 0.108538 0.977059 -0.183233
vn 0.088090 0.977059 -0.193894
vn 0.066611 0.977059 -0.202282
vn 0.044350 0.977059 -0.208298
vn 0.021569 0.977059 -0.211872
vn -0.001465 0.977059 -0.212962
vn -0.024482 0.977059 -0.211555
vn -0.047212 0.977059 -0.207668
vn -0.069388 0.977059 -0.201346
vn -0.090750 0.977059 -0.192664
vn -0.111049 0.977059 -0.181722
vn -0.130046 0.977059 -0.168651
vn -0.147518 0.977059 -0.153602
vn -0.163260 0.977059 -0.136752
vn -0.177088 0.977059 -0.118299
vn -0.188841 0.977059 -0.098459
vn -0.198379 0.977059 -0.077464
vn -0.205591 0.977059 -0.055562
vn -0.210393 0.977059 -0.033007
vn -0.212729 0.977059 -0.010066
vn -0.212570 0.977059 0.012993
vn -0.209919 0.977059 0.035899
vn -0.204807 0.977059 0.058385
vn -0.197294 0.977059 0.080187
vn -0.187468 0.977059 0.101048
vn -0.175444 0.977059 0.120724
vn -0.161363 0.977059 0.138985
vn -0.145390 0.977059 0.155617
vn -0.127713 0.977059 0.170424
vn -0.108538 0.977059 0.183233
vn -0.088090 0.977059 0.193894
vn -0.066611 0.977059 0.202282
vn -0.044350 0.977059 0.208298
vn -0.021569 0.977059 0.211872
vn -0.003888 0.951022 0.309099
vn 0.029555 0.951022 0.307708
vn 0.062650 0.951022 0.302709
vn 0.095012 0.951022 0.294160
vn 0.126259 0.951022 0.282163
vn 0.156026 0.951022 0.266858
vn 0.183964 0.951022 0.248425
vn 0.209745 0.951022 0.227078
vn 0.233067 0.951022 0.203070
vn 0.253657 0.951022 0.176680
vn 0.271272 0.951022 0.148220
vn 0.285707 0.951022 0.118021
vn 0.296793 0.951022 0.086439
vn 0.304399 0.951022 0.053843
vn 0.308436 0.951022 0.020616
vn 0.308857 0.951022 -0.012852
vn 0.305656 0.951022 -0.046170
vn 0.298873 0.951022 -0.078947
vn 0.288585 0.951022 -0.110798
vn 0.274914 0.951022 -0.141350
vn 0.258020 0.951022 -0.170245
vn 0.238101 0.951022 -0.197144
vn 0.215390 0.951022 -0.221731
vn 0.190154 0.951022 -0.243719
vn 0.162689 0.951022 -0.262850
vn 0.133316 0.951022 -0.278899
vn 0.102380 0.951022 -0.291678
vn 0.070244 0.951022 -0.301037
vn 0.037284 0.951022 -0.306867
vn 0.003888 0.951022 -0.309099
vn -0.029555 0.951022 -0.307708
vn -0.062650 0.951022 -0.302709
vn -0.095012 0.951022 -0.294160
vn -0.126259 0.951022 -0.282163
vn -0.156026 0.951022 -0.266858
vn -0.183964 0.951022 -0.248425
vn -0.209745 0.951022 -0.227078
vn -0.233067 0.951022 -0.203070
vn -0.253657 0.951022 -0.176680
vn -0.271272 0.951022 -0.148220
vn -0.285707 0.951022 -0.118021
vn -0.296793 0.951022 -0.086439
vn -0.304399 0.951022 -0.053843
vn -0.308436 0.951022 -0.020616
vn -0.308857 0.951022 0.012852
vn -0.305656 0.951022 0.046170
vn -0.298873 0.951022 0.078947
vn -0.288585 0.951022 0.110798
vn -0.274914 0.951022 0.141350
vn -0.258020 0.951022 0.170245
vn -0.238101 0.951022 0.197144
vn -0.215390 0.951022 0.221731
vn -0.190154 0.951022 0.243719
vn -0.162689 0.951022 0.262850
vn -0.133316 0.951022 0.278899
vn -0.102380 0.951022 0.291678
vn -0.070244 0.951022 0.301037
vn -0.037284 0.951022 0.306867
vn -0.000295 0.932402 0.361423
vn 0.038783 0.932402 0.359336
vn 0.077407 0.932402 0.353037
vn 0.115123 0.932402 0.342598
vn 0.151490 0.932402 0.328143
vn 0.186080 0.932402 0.309840
vn 0.218489 0.932402 0.287905
vn 0.248336 0.932402 0.262595
vn 0.275272 0.932402 0.234205
vn 0.298980 0.932402 0.203070
vn 0.319183 0.932402 0.169555
vn 0.335644 0.932402 0.134051
vn 0.348170 0.932402 0.096975
vn 0.356614 0.932402 0.058763
vn 0.360877 0.932402 0.019862
vn 0.360909 0.932402 -0.019272
vn 0.356710 0.932402 -0.058180
vn 0.348328 0.932402 -0.096407
vn 0.335863 0.932402 -0.133502
vn 0.319460 0.932402 -0.169033
vn 0.299312 0.932402 -0.202582
vn 0.275654 0.932402 -0.233755
vn 0.248765 0.932402 -0.262189
vn 0.218959 0.932402 -0.287548
vn 0.186586 0.932402 -0.309536
vn 0.152026 0.932402 -0.327895
vn 0.115683 0.932402 -0.342410
vn 0.077984 0.932402 -0.352910
vn 0.039370 0.932402 -0.359273
vn 0.000295 0.932402 -0.361423
vn -0.038783 0.932402 -0.359336
vn -0.077407 0.932402 -0.353037
vn -0.115123 0.932402 -0.342598
vn -0.151490 0.932402 -0.328143
vn -0.186080 0.932402 -0.309840
vn -0.218489 0.932402 -0.287905
vn -0.248336 0.932402 -0.262595
vn -0.275272 0.932402 -0.234205
vn -0.298980 0.932402 -0.203070
vn -0.319183 0.932402 -0.169555
vn -0.335644 0.932402 -0.134051
vn -0.348170 0.932402 -0.096975
vn -0.356614 0.932402 -0.058763
vn -0.360877 0.932402 -0.019862
vn -0.360909 0.932402 0.019272
vn -0.356710 0.932402 0.058180
vn -0.348328 0.932402 0.096407
vn -0.335863 0.932402 0.133502
vn -0.319460 0.932402 0.169033
vn -0.299312 0.932402 0.202582
vn -0.275654 0.932402 0.233755
vn -0.248765 0.932402 0.262189
vn -0.218959 0.932402 0.287548
vn -0.186586 0.932402 0.309536
vn -0.152026 0.932402 0.327895
vn -0.115683 0.932402 0.342410
vn -0.077984 0.932402 0.352910
vn -0.039370 0.932402 0.359273
vn 0.000009 0.890906 0.454187
vn 0.049115 0.890906 0.451524
vn 0.097646 0.890906 0.443567
vn 0.145031 0.890906 0.430409
vn 0.190716 0.890906 0.412205
vn 0.234165 0.890906 0.389169
vn 0.274870 0.890906 0.361570
vn 0.312351 0.890906 0.329732
vn 0.346170 0.890906 0.294028
vn 0.375931 0.890906 0.254876
vn 0.401284 0.890906 0.212737
vn 0.421933 0.890906 0.168103
vn 0.437634 0.890906 0.121499
vn 0.448206 0.890906 0.073470
vn 0.453522 0.890906 0.024580
vn 0.453521 0.890906 -0.024598
vn 0.448203 0.890906 -0.073488
vn 0.437630 0.890906 -0.121517
vn 0.421926 0.890906 -0.168120
vn 0.401275 0.890906 -0.212753
vn 0.375921 0.890906 -0.254891
vn 0.346158 0.890906 -0.294042
vn 0.312338 0.890906 -0.329744
vn 0.274855 0.890906 -0.361581
vn 0.234150 0.890906 -0.389178
vn 0.190700 0.890906 -0.412213
vn 0.145014 0.890906 -0.430415
vn 0.097628 0.890907 -0.443570
vn 0.049097 0.890906 -0.451525
vn -0.000009 0.890906 -0.454187
vn -0.049115 0.890906 -0.451524
vn -0.097646 0.890906 -0.443567
vn -0.145031 0.890906 -0.430409
vn -0.190716 0.890906 -0.412205
vn -0.234165 0.890906 -0.389169
vn -0.274870 0.890906 -0.361570
vn -0.312351 0.890906 -0.329732
vn -0.346170 0.890906 -0.294028
vn -0.375931 0.890906 -0.254876
vn -0.401284 0.890906 -0.212737
vn -0.421933 0.890906 -0.168103
vn -0.437634 0.890906 -0.121499
vn -0.448206 0.890906 -0.073470
vn -0.453522 0.890906 -0.024580
vn -0.453521 0.890906 0.024598
vn -0.448203 0.890906 0.073488
vn -0.437630 0.890906 0.121517
vn -0.421926 0.890906 0.168120
vn -0.401275 0.890906 0.212753
vn -0.375921 0.890906 0.254891
vn -0.346158 0.890906 0.294042
vn -0.312338 0.890906 0.329744
vn -0.274855 0.890906 0.361581
vn -0.234150 0.890906 0.389178
vn -0.190700 0.890906 0.412213
vn -0.145014 0.890906 0.430415
vn -0.097628 0.890907 0.443570
vn -0.049097 0.890906 0.451525
vn 0.000673 0.841907 0.539623
vn 0.059013 0.841907 0.536387
vn 0.116660 0.841907 0.526862
vn 0.172940 0.841907 0.511160
vn 0.227192 0.841907 0.489466
vn 0.278781 0.841907 0.462033
vn 0.327102 0.841907 0.429183
vn 0.371587 0.841907 0.391301
vn 0.411716 0.841906 0.348832
vn 0.447018 0.841906 0.302273
vn 0.477078 0.841907 0.252169
vn 0.501546 0.841907 0.199110
vn 0.520134 0.841907 0.143716
vn 0.532623 0.841907 0.086637
vn 0.538868 0.841907 0.028543
vn 0.538795 0.841906 -0.029886
vn 0.532405 0.841907 -0.087965
vn 0.519773 0.841907 -0.145013
vn 0.501048 0.841907 -0.200360
vn 0.476448 0.841907 -0.253358
vn 0.446262 0.841906 -0.303387
vn 0.410845 0.841906 -0.349857
vn 0.370610 0.841907 -0.392226
vn 0.326030 0.841907 -0.429997
vn 0.277628 0.841907 -0.462727
vn 0.225971 0.841907 -0.490031
vn 0.171665 0.841907 -0.511590
vn 0.115346 0.841906 -0.527152
vn 0.057674 0.841907 -0.536532
vn -0.000673 0.841907 -0.539623
vn -0.059013 0.841907 -0.536387
vn -0.116660 0.841907 -0.526862
vn -0.172940 0.841907 -0.511160
vn -0.227192 0.841907 -0.489466
vn -0.278781 0.841907 -0.462033
vn -0.327102 0.841907 -0.429183
vn -0.371587 0.841907 -0.391301
vn -0.411716 0.841906 -0.348832
vn -0.447018 0.841906 -0.302273
vn -0.477078 0.841907 -0.252169
vn -0.501546 0.841907 -0.199110
vn -0.520134 0.841907 -0.143716
vn -0.532623 0.841907 -0.086637
vn -0.538868 0.841907 -0.028543
vn -0.538795 0.841906 0.029886
vn -0.532405 0.841907 0.087965
vn -0.519773 0.841907 0.145013
vn -0.501048 0.841907 0.200360
vn -0.476448 0.841907 0.253358
vn -0.446262 0.841906 0.303387
vn -0.410845 0.841906 0.349857
vn -0.370610 0.841907 0.392226
vn -0.326030 0.841907 0.429997
vn -0.277628 0.841907 0.462727
vn -0.225971 0.841907 0.490031
vn -0.171665 0.841907 0.511590
vn -0.115346 0.841906 0.527152
vn -0.057674 0.841907 0.536532
vn 0.000369 0.785088 0.619384
vn 0.067335 0.785088 0.615714
vn 0.133510 0.785087 0.604825
vn 0.198121 0.785088 0.586844
vn 0.260408 0.785088 0.561983
vn 0.319643 0.785088 0.530534
vn 0.375130 0.785088 0.492864
vn 0.426218 0.785088 0.449416
vn 0.472310 0.785088 0.400699
vn 0.512865 0.785088 0.347285
vn 0.547407 0.785088 0.289799
vn 0.575530 0.785088 0.228914
vn 0.596906 0.785088 0.165347
vn 0.611284 0.785088 0.099840
vn 0.618496 0.785088 0.033164
vn 0.618456 0.785088 -0.033902
vn 0.611165 0.785088 -0.100570
vn 0.596709 0.785088 -0.166059
vn 0.575257 0.785088 -0.229601
vn 0.547061 0.785088 -0.290451
vn 0.512450 0.785088 -0.347897
vn 0.471832 0.785088 -0.401262
vn 0.425682 0.785088 -0.449924
vn 0.374542 0.785088 -0.493311
vn 0.319010 0.785087 -0.530915
vn 0.259737 0.785088 -0.562293
vn 0.197420 0.785088 -0.587080
vn 0.132789 0.785088 -0.604983
vn 0.066600 0.785088 -0.615793
vn -0.000369 0.785088 -0.619384
vn -0.067335 0.785088 -0.615714
vn -0.133510 0.785087 -0.604825
vn -0.198121 0.785088 -0.586844
vn -0.260408 0.785088 -0.561983
vn -0.319643 0.785088 -0.530534
vn -0.375130 0.785088 -0.492864
vn -0.426218 0.785088 -0.449416
vn -0.472310 0.785088 -0.400699
vn -0.512865 0.785088 -0.347285
vn -0.547407 0.785088 -0.289799
vn -0.575530 0.785088 -0.228914
vn -0.596906 0.785088 -0.165347
vn -0.611284 0.785088 -0.099840
vn -0.618496 0.785088 -0.033164
vn -0.618456 0.785088 0.033902
vn -0.611165 0.785088 0.100570
vn -0.596709 0.785088 0.166059
vn -0.575257 0.785088 0.229601
vn -0.547061 0.785088 0.290451
vn -0.512450 0.785088 0.347897
vn -0.471832 0.785088 0.401262
vn -0.425682 0.785088 0.449924
vn -0.374542 0.785088 0.493311
vn -0.319010 0.785087 0.530915
vn -0.259737 0.785088 0.562293
vn -0.197420 0.785088 0.587080
vn -0.132789 0.785088 0.604983
vn -0.066600 0.785088 0.615793
vn 0.000144 0.724073 0.689723
vn 0.074715 0.724074 0.685664
vn 0.148410 0.724074 0.673566
vn 0.220366 0.724074 0.653572
vn 0.289737 0.724074 0.625914
vn 0.355713 0.724074 0.590920
vn 0.417517 0.724074 0.548996
vn 0.474426 0.724074 0.500636
vn 0.525773 0.724074 0.446407
vn 0.570956 0.724074 0.386944
vn 0.609446 0.724074 0.322945
vn 0.640789 0.724074 0.255159
vn 0.664621 0.724074 0.184382
vn 0.680660 0.724073 0.111443
vn 0.688718 0.724074 0.037197
vn 0.688702 0.724075 -0.037484
vn 0.680613 0.724074 -0.111726
vn 0.664544 0.724074 -0.184659
vn 0.640683 0.724074 -0.255426
vn 0.609311 0.724074 -0.323199
vn 0.570795 0.724074 -0.387182
vn 0.525587 0.724074 -0.446626
vn 0.474218 0.724074 -0.500835
vn 0.417288 0.724074 -0.549170
vn 0.355466 0.724074 -0.591068
vn 0.289476 0.724074 -0.626035
vn 0.220093 0.724074 -0.653663
vn 0.148130 0.724074 -0.673628
vn 0.074429 0.724073 -0.685695
vn -0.000144 0.724073 -0.689723
vn -0.074715 0.724074 -0.685664
vn -0.148410 0.724074 -0.673566
vn -0.220366 0.724074 -0.653572
vn -0.289737 0.724074 -0.625914
vn -0.355713 0.724074 -0.590920
vn -0.417517 0.724074 -0.548996
vn -0.474426 0.724074 -0.500636
vn -0.525773 0.724074 -0.446407
vn -0.570956 0.724074 -0.386944
vn -0.609446 0.724074 -0.322945
vn -0.640789 0.724074 -0.255159
vn -0.664621 0.724074 -0.184382
vn -0.680660 0.724073 -0.111443
vn -0.688718 0.724074 -0.037197
vn -0.688702 0.724075 0.037484
vn -0.680613 0.724074 0.111726
vn -0.664544 0.724074 0.184659
vn -0.640683 0.724074 0.255426
vn -0.609311 0.724074 0.323199
vn -0.570795 0.724074 0.387182
vn -0.525587 0.724074 0.446626
vn -0.474218 0.724074 0.500835
vn -0.417288 0.724074 0.549170
vn -0.355466 0.724074 0.591068
vn -0.289476 0.724074 0.626035
vn -0.220093 0.724074 0.653663
vn -0.148130 0.724074 0.673628
vn -0.074429 0.724073 0.685695
vn 0.000125 0.656899 0.753978
vn 0.081643 0.656899 0.749545
vn 0.162205 0.656899 0.736324
vn 0.240864 0.656899 0.714471
vn 0.316700 0.656899 0.684240
vn 0.388824 0.656898 0.645988
vn 0.456388 0.656898 0.600162
vn 0.518602 0.656898 0.547300
vn 0.574735 0.656899 0.488021
vn 0.624130 0.656899 0.423020
vn 0.666207 0.656899 0.353060
vn 0.700475 0.656898 0.278961
vn 0.726530 0.656898 0.201591
vn 0.744066 0.656899 0.121857
vn 0.752879 0.656899 0.040696
vn 0.752866 0.656899 -0.040944
vn 0.744027 0.656897 -0.122104
vn 0.726463 0.656898 -0.201831
vn 0.700383 0.656899 -0.279192
vn 0.666091 0.656899 -0.353280
vn 0.623990 0.656899 -0.423226
vn 0.574574 0.656898 -0.488211
vn 0.518421 0.656898 -0.547471
vn 0.456189 0.656899 -0.600313
vn 0.388610 0.656898 -0.646117
vn 0.316475 0.656898 -0.684345
vn 0.240629 0.656898 -0.714551
vn 0.161962 0.656899 -0.736378
vn 0.081396 0.656899 -0.749572
vn -0.000125 0.656899 -0.753978
vn -0.081643 0.656899 -0.749545
vn -0.162205 0.656899 -0.736324
vn -0.240864 0.656899 -0.714471
vn -0.316700 0.656899 -0.684240
vn -0.388824 0.656898 -0.645988
vn -0.456388 0.656898 -0.600162
vn -0.518602 0.656898 -0.547300
vn -0.574735 0.656899 -0.488021
vn -0.624130 0.656899 -0.423020
vn -0.666207 0.656899 -0.353060
vn -0.700475 0.656898 -0.278961
vn -0.726530 0.656898 -0.201591
vn -0.744066 0.656899 -0.121857
vn -0.752879 0.656899 -0.040696
vn -0.752866 0.656899 0.040944
vn -0.744027 0.656897 0.122104
vn -0.726463 0.656898 0.201831
vn -0.700383 0.656899 0.279192
vn -0.666091 0.656899 0.353280
vn -0.623990 0.656899 0.423226
vn -0.574574 0.656898 0.488211
vn -0.518421 0.656898 0.547471
vn -0.456189 0.656899 0.600313
vn -0.388610 0.656898 0.646117
vn -0.316475 0.656898 0.684345
vn -0.240629 0.656898 0.714551
vn -0.161962 0.656899 0.736378
vn -0.081396 0.656899 0.749572
vn 0.000073 0.582427 0.812883
vn 0.087961 0.582426 0.808111
vn 0.174817 0.582426 0.793863
vn 0.259624 0.582426 0.770309
vn 0.341387 0.582425 0.737723
vn 0.419148 0.582425 0.696488
vn 0.491995 0.582425 0.647087
vn 0.559073 0.582426 0.590100
vn 0.619597 0.582425 0.526195
vn 0.672856 0.582425 0.456120
vn 0.718227 0.582425 0.380698
vn 0.755178 0.582425 0.300812
vn 0.783274 0.582426 0.217399
vn 0.802188 0.582424 0.131438
vn 0.811696 0.582425 0.043936
vn 0.811688 0.582425 -0.044082
vn 0.802164 0.582426 -0.131582
vn 0.783235 0.582426 -0.217539
vn 0.755124 0.582425 -0.300947
vn 0.718159 0.582426 -0.380826
vn 0.672775 0.582425 -0.456241
vn 0.619503 0.582425 -0.526306
vn 0.558967 0.582426 -0.590200
vn 0.491879 0.582425 -0.647176
vn 0.419023 0.582425 -0.696563
vn 0.341255 0.582426 -0.737784
vn 0.259486 0.582426 -0.770355
vn 0.174675 0.582426 -0.793894
vn 0.087816 0.582426 -0.808126
vn -0.000073 0.582427 -0.812883
vn -0.087961 0.582426 -0.808111
vn -0.174817 0.582426 -0.793863
vn -0.259624 0.582426 -0.770309
vn -0.341387 0.582425 -0.737723
vn -0.419148 0.582425 -0.696488
vn -0.491995 0.582425 -0.647087
vn -0.559073 0.582426 -0.590100
vn -0.619597 0.582425 -0.526195
vn -0.672856 0.582425 -0.456120
vn -0.718227 0.582425 -0.380698
vn -0.755178 0.582425 -0.300812
vn -0.783274 0.582426 -0.217399
vn -0.802188 0.582424 -0.131438
vn -0.811696 0.582425 -0.043936
vn -0.811688 0.582425 0.044082
vn -0.802164 0.582426 0.131582
vn -0.783235 0.582426 0.217539
vn -0.755124 0.582425 0.300947
vn -0.718159 0.582426 0.380826
vn -0.672775 0.582425 0.456241
vn -0.619503 0.582425 0.526306
vn -0.558967 0.582426 0.590200
vn -0.491879 0.582425 0.647176
vn -0.419023 0.582425 0.696563
vn -0.341255 0.582426 0.737784
vn -0.259486 0.582426 0.770355
vn -0.174675 0.582426 0.793894
vn -0.087816 0.582426 0.808126
vn -0.000009 0.500988 0.865454
vn 0.093564 0.500988 0.860382
vn 0.186039 0.500989 0.845222
vn 0.276332 0.500991 0.820152
vn 0.363386 0.500990 0.785467
vn 0.446181 0.500990 0.741574
vn 0.523743 0.500990 0.688986
vn 0.595165 0.500990 0.628321
vn 0.659611 0.500989 0.560289
vn 0.716321 0.500989 0.485689
vn 0.764634 0.500990 0.405393
vn 0.803982 0.500990 0.320345
vn 0.833905 0.500990 0.231541
vn 0.854050 0.500992 0.140023
vn 0.864183 0.500990 0.046864
vn 0.864185 0.500988 -0.046847
vn 0.854054 0.500990 -0.140006
vn 0.833909 0.500991 -0.231525
vn 0.803989 0.500990 -0.320329
vn 0.764642 0.500990 -0.405378
vn 0.716331 0.500990 -0.485674
vn 0.659621 0.500989 -0.560276
vn 0.595178 0.500990 -0.628309
vn 0.523757 0.500990 -0.688976
vn 0.446195 0.500990 -0.741565
vn 0.363402 0.500989 -0.785461
vn 0.276349 0.500991 -0.820146
vn 0.186055 0.500990 -0.845217
vn 0.093581 0.500988 -0.860380
vn 0.000009 0.500988 -0.865454
vn -0.093564 0.500988 -0.860382
vn -0.186039 0.500989 -0.845222
vn -0.276332 0.500991 -0.820152
vn -0.363386 0.500990 -0.785467
vn -0.446181 0.500990 -0.741574
vn -0.523743 0.500990 -0.688986
vn -0.595165 0.500990 -0.628321
vn -0.659611 0.500989 -0.560289
vn -0.716321 0.500989 -0.485689
vn -0.764634 0.500990 -0.405393
vn -0.803982 0.500990 -0.320345
vn -0.833905 0.500990 -0.231541
vn -0.854050 0.500992 -0.140023
vn -0.864183 0.500990 -0.046864
vn -0.864185 0.500988 0.046847
vn -0.854054 0.500990 0.140006
vn -0.833909 0.500991 0.231525
vn -0.803989 0.500990 0.320329
vn -0.764642 0.500990 0.405378
vn -0.716331 0.500990 0.485674
vn -0.659621 0.500989 0.560276
vn -0.595178 0.500990 0.628309
vn -0.523757 0.500990 0.688976
vn -0.446195 0.500990 0.741565
vn -0.363402 0.500989 0.785461
vn -0.276349 0.500991 0.820146
vn -0.186055 0.500990 0.845217
vn -0.093581 0.500988 0.860380
vn -0.000118 0.413024 0.910720
vn 0.098349 0.413025 0.905394
vn 0.195662 0.413027 0.889452
vn 0.290682 0.413026 0.863084
vn 0.382294 0.413026 0.826596
vn 0.469424 0.413027 0.780416
vn 0.551050 0.413027 0.725088
vn 0.626216 0.413025 0.661259
vn 0.694039 0.413027 0.589677
vn 0.753725 0.413028 0.511181
vn 0.804577 0.413025 0.426693
vn 0.845993 0.413026 0.337201
vn 0.877492 0.413026 0.243756
vn 0.898704 0.413024 0.147454
vn 0.909378 0.413024 0.049423
vn 0.909390 0.413027 -0.049188
vn 0.898740 0.413027 -0.147221
vn 0.877556 0.413025 -0.243530
vn 0.846081 0.413026 -0.336982
vn 0.804687 0.413026 -0.426485
vn 0.753858 0.413026 -0.510987
vn 0.694192 0.413027 -0.589497
vn 0.626387 0.413026 -0.661097
vn 0.551238 0.413026 -0.724946
vn 0.469626 0.413026 -0.780295
vn 0.382508 0.413027 -0.826496
vn 0.290906 0.413026 -0.863008
vn 0.195893 0.413024 -0.889403
vn 0.098583 0.413025 -0.905368
vn 0.000118 0.413024 -0.910720
vn -0.098349 0.413025 -0.905394
vn -0.195662 0.413027 -0.889452
vn -0.290682 0.413026 -0.863084
vn -0.382294 0.413026 -0.826596
vn -0.469424 0.413027 -0.780416
vn -0.551050 0.413027 -0.725088
vn -0.626216 0.413025 -0.661259
vn -0.694039 0.413027 -0.589677
vn -0.753725 0.413028 -0.511181
vn -0.804577 0.413025 -0.426693
vn -0.845993 0.413026 -0.337201
vn -0.877492 0.413026 -0.243756
vn -0.898704 0.413024 -0.147454
vn -0.909378 0.413024 -0.049423
vn -0.909390 0.413027 0.049188
vn -0.898740 0.413027 0.147221
vn -0.877556 0.413025 0.243530
vn -0.846081 0.413026 0.336982
vn -0.804687 0.413026 0.426485
vn -0.753858 0.413026 0.510987
vn -0.694192 0.413027 0.589497
vn -0.626387 0.413026 0.661097
vn -0.551238 0.413026 0.724946
vn -0.469626 0.413026 0.780295
vn -0.382508 0.413027 0.826496
vn -0.290906 0.413026 0.863008
vn -0.195893 0.413024 0.889403
vn -0.098583 0.413025 0.905368
vn -0.000253 0.319056 0.947736
vn 0.102216 0.319058 0.942207
vn 0.203488 0.319055 0.925633
vn 0.302373 0.319057 0.898206
vn 0.397714 0.319057 0.860248
vn 0.488392 0.319055 0.812205
vn 0.573344 0.319056 0.754639
vn 0.651573 0.319056 0.688226
vn 0.722164 0.319057 0.613744
vn 0.784289 0.319054 0.532067
vn 0.837218 0.319054 0.444152
vn 0.880331 0.319055 0.351029
vn 0.913123 0.319055 0.253790
vn 0.935210 0.319057 0.153577
vn 0.946331 0.319059 0.051563
vn 0.946359 0.319057 -0.051057
vn 0.935292 0.319054 -0.153077
vn 0.913259 0.319056 -0.253302
vn 0.880518 0.319056 -0.350558
vn 0.837455 0.319054 -0.443704
vn 0.784573 0.319056 -0.531647
vn 0.722492 0.319056 -0.613358
vn 0.651942 0.319054 -0.687878
vn 0.573747 0.319056 -0.754332
vn 0.488826 0.319057 -0.811943
vn 0.398174 0.319055 -0.860036
vn 0.302854 0.319056 -0.898044
vn 0.203982 0.319057 -0.925523
vn 0.102720 0.319058 -0.942152
vn 0.000253 0.319056 -0.947736
vn -0.102216 0.319058 -0.942207
vn -0.203488 0.319055 -0.925633
vn -0.302373 0.319057 -0.898206
vn -0.397714 0.319057 -0.860248
vn -0.488392 0.319055 -0.812205
vn -0.573344 0.319056 -0.754639
vn -0.651573 0.319056 -0.688226
vn -0.722164 0.319057 -0.613744
vn -0.784289 0.319054 -0.532067
vn -0.837218 0.319054 -0.444152
vn -0.880331 0.319055 -0.351029
vn -0.913123 0.319055 -0.253790
vn -0.935210 0.319057 -0.153577
vn -0.946331 0.319059 -0.051563
vn -0.946359 0.319057 0.051057
vn -0.935292 0.319054 0.153077
vn -0.913259 0.319056 0.253302
vn -0.880518 0.319056 0.350558
vn -0.837455 0.319054 0.443704
vn -0.784573 0.319056 0.531647
vn -0.722492 0.319056 0.613358
vn -0.651942 0.319054 0.687878
vn -0.573747 0.319056 0.754332
vn -0.488826 0.319057 0.811943
vn -0.398174 0.319055 0.860036
vn -0.302854 0.319056 0.898044
vn -0.203982 0.319057 0.925523
vn -0.102720 0.319058 0.942152
vn -0.000404 0.219748 0.975557
vn 0.105075 0.219748 0.969881
vn 0.209321 0.219748 0.952835
vn 0.311114 0.219746 0.924619
vn 0.409260 0.219744 0.885561
vn 0.502606 0.219747 0.836121
vn 0.590061 0.219747 0.776878
vn 0.670597 0.219747 0.708528
vn 0.743271 0.219745 0.631870
vn 0.807231 0.219746 0.547804
vn 0.861727 0.219749 0.457316
vn 0.906120 0.219748 0.361466
vn 0.939890 0.219748 0.261378
vn 0.962640 0.219748 0.158226
vn 0.974104 0.219746 0.053219
vn 0.974148 0.219745 -0.052413
vn 0.962770 0.219748 -0.157429
vn 0.940106 0.219748 -0.260600
vn 0.906419 0.219746 -0.360716
vn 0.862105 0.219748 -0.456602
vn 0.807684 0.219747 -0.547136
vn 0.743794 0.219746 -0.631255
vn 0.671183 0.219747 -0.707972
vn 0.590703 0.219747 -0.776389
vn 0.503298 0.219746 -0.835705
vn 0.409992 0.219747 -0.885222
vn 0.311880 0.219747 -0.924361
vn 0.210110 0.219746 -0.952662
vn 0.105878 0.219747 -0.969794
vn 0.000404 0.219748 -0.975557
vn -0.105075 0.219748 -0.969881
vn -0.209321 0.219748 -0.952835
vn -0.311114 0.219746 -0.924619
vn -0.409260 0.219744 -0.885561
vn -0.502606 0.219747 -0.836121
vn -0.590061 0.219747 -0.776878
vn -0.670597 0.219747 -0.708528
vn -0.743271 0.219745 -0.631870
vn -0.807231 0.219746 -0.547804
vn -0.861727 0.219749 -0.457316
vn -0.906120 0.219748 -0.361466
vn -0.939890 0.219748 -0.261378
vn -0.962640 0.219748 -0.158226
vn -0.974104 0.219746 -0.053219
vn -0.974148 0.219745 0.052413
vn -0.962770 0.219748 0.157429
vn -0.940106 0.219748 0.260600
vn -0.906419 0.219746 0.360716
vn -0.862105 0.219748 0.456602
vn -0.807684 0.219747 0.547136
vn -0.743794 0.219746 0.631255
vn -0.671183 0.219747 0.707972
vn -0.590703 0.219747 0.776389
vn -0.503298 0.219746 0.835705
vn -0.409992 0.219747 0.885222
vn -0.311880 0.219747 0.924361
vn -0.210110 0.219746 0.952662
vn -0.105878 0.219747 0.969794
vn 0.000178 0.120140 0.992757
vn 0.107513 0.120139 0.986918
vn 0.213587 0.120138 0.969509
vn 0.317157 0.120138 0.940733
vn 0.417009 0.120141 0.900927
vn 0.511972 0.120138 0.850559
vn 0.600932 0.120139 0.790219
vn 0.682848 0.120139 0.720615
vn 0.756757 0.120139 0.642562
vn 0.821793 0.120141 0.556976
vn 0.877196 0.120141 0.464859
vn 0.922314 0.120140 0.367292
vn 0.956619 0.120140 0.265419
vn 0.979708 0.120141 0.160435
vn 0.991311 0.120139 0.053569
vn 0.991291 0.120141 -0.053924
vn 0.979650 0.120142 -0.160785
vn 0.956524 0.120139 -0.265762
vn 0.922182 0.120141 -0.367622
vn 0.877029 0.120142 -0.465172
vn 0.821594 0.120140 -0.557270
vn 0.756527 0.120139 -0.642833
vn 0.682590 0.120139 -0.720859
vn 0.600650 0.120139 -0.790434
vn 0.511667 0.120138 -0.850743
vn 0.416687 0.120138 -0.901077
vn 0.316821 0.120139 -0.940846
vn 0.213240 0.120139 -0.969585
vn 0.107159 0.120139 -0.986957
vn -0.000178 0.120140 -0.992757
vn -0.107513 0.120139 -0.986918
vn -0.213587 0.120138 -0.969509
vn -0.317157 0.120138 -0.940733
vn -0.417009 0.120141 -0.900927
vn -0.511972 0.120138 -0.850559
vn -0.600932 0.120139 -0.790219
vn -0.682848 0.120139 -0.720615
vn -0.756757 0.120139 -0.642562
vn -0.821793 0.120141 -0.556976
vn -0.877196 0.120141 -0.464859
vn -0.922314 0.120140 -0.367292
vn -0.956619 0.120140 -0.265419
vn -0.979708 0.120141 -0.160435
vn -0.990281 0.129207 -0.051475
vn -0.988279 0.139932 0.061021
vn -0.979650 0.120142 0.160785
vn -0.956524 0.120139 0.265762
vn -0.922182 0.120141 0.367622
vn -0.877029 0.120142 0.465172
vn -0.821594 0.120140 0.557270
vn -0.756527 0.120139 0.642833
vn -0.682590 0.120139 0.720859
vn -0.600650 0.120139 0.790434
vn -0.511667 0.120138 0.850743
vn -0.416687 0.120138 0.901077
vn -0.316821 0.120139 0.940846
vn -0.213240 0.120139 0.969585
vn -0.107159 0.120139 0.986957
vn -0.986827 0.000001 -0.161782
vn -0.995982 -0.017203 -0.087889
vn -1.000000 0.000000 0.000000
vn -0.995982 0.017203 0.087889
vn -0.986827 -0.000001 0.161782
vn -0.963550 -0.000000 0.267528
vn -0.928977 0.000000 0.370138
vn -0.883512 -0.000000 0.468408
vn -0.827689 -0.000000 0.561187
vn -0.762162 -0.000000 0.647386
vn -0.687700 0.000000 0.725995
vn -0.605174 -0.000000 0.796093
vn -0.515554 0.000000 0.856857
vn -0.419889 0.000001 0.907575
vn -0.319301 -0.000001 0.947653
vn -0.214971 -0.000000 0.976621
vn -0.108119 0.000000 0.994138
vn 0.000000 0.000000 1.000000
vn 0.108119 -0.000000 0.994138
vn 0.214971 0.000000 0.976621
vn 0.319301 0.000001 0.947653
vn 0.419889 -0.000001 0.907575
vn 0.515554 -0.000000 0.856857
vn 0.605174 0.000000 0.796093
vn 0.687700 -0.000000 0.725995
vn 0.762162 0.000000 0.647386
vn 0.827689 0.000000 0.561187
vn 0.883512 0.000000 0.468408
vn 0.928977 -0.000000 0.370138
vn 0.963550 0.000000 0.267528
vn 0.986827 0.000001 0.161782
vn 0.998533 0.000000 0.054139
vn 0.998533 -0.000000 -0.054139
vn 0.986827 -0.000001 -0.161782
vn 0.963550 -0.000000 -0.267528
vn 0.928977 0.000000 -0.370138
vn 0.883512 -0.000000 -0.468408
vn 0.827689 -0.000000 -0.561187
vn 0.762162 -0.000000 -0.647386
vn 0.687700 0.000000 -0.725995
vn 0.605174 -0.000000 -0.796093
vn 0.515554 0.000000 -0.856857
vn 0.419889 0.000001 -0.907575
vn 0.319301 -0.000001 -0.947653
vn 0.214971 -0.000000 -0.976621
vn 0.108119 0.000000 -0.994138
vn -0.000000 0.000000 -1.000000
vn -0.108119 -0.000000 -0.994138
vn -0.214971 0.000000 -0.976621
vn -0.319301 0.000001 -0.947653
vn -0.419889 -0.000001 -0.907575
vn -0.515554 -0.000000 -0.856857
vn -0.605174 0.000000 -0.796093
vn -0.687700 -0.000000 -0.725995
vn -0.762162 0.000000 -0.647386
vn -0.827689 0.000000 -0.561187
vn -0.883512 0.000000 -0.468408
vn -0.928977 -0.000000 -0.370138
vn -0.963550 0.000000 -0.267528
vn -0.000000 -1.000000 -0.000000
vn -0.025175 -0.994744 0.099246
vn -0.035758 -0.994744 0.095943
vn -0.014297 -0.994744 0.101386
vn -0.003251 -0.994744 0.102338
vn -0.055547 -0.994744 0.086013
vn -0.064521 -0.994744 0.079503
vn -0.045921 -0.994744 0.091514
vn -0.080103 -0.994744 0.063774
vn -0.086529 -0.994744 0.054740
vn -0.072738 -0.994744 0.072061
vn -0.096273 -0.994744 0.034859
vn -0.099478 -0.994744 0.024246
vn -0.091940 -0.994744 0.045063
vn -0.102364 -0.994744 0.002294
vn -0.102012 -0.994744 -0.008787
vn -0.101516 -0.994744 0.013348
vn -0.097738 -0.994744 -0.030511
vn -0.093866 -0.994744 -0.040900
vn -0.100464 -0.994744 -0.019765
vn -0.082879 -0.994744 -0.060122
vn -0.075893 -0.994744 -0.068730
vn -0.088894 -0.994744 -0.050808
vn -0.059344 -0.994744 -0.083438
vn -0.049975 -0.994744 -0.089365
vn -0.068017 -0.994744 -0.076533
vn -0.029596 -0.994744 -0.098019
vn -0.018824 -0.994744 -0.100644
vn -0.040020 -0.994744 -0.094245
vn 0.003251 -0.994744 -0.102338
vn 0.014297 -0.994744 -0.101386
vn -0.007833 -0.994744 -0.102090
vn 0.035758 -0.994744 -0.095943
vn 0.045921 -0.994744 -0.091514
vn 0.025175 -0.994744 -0.099246
vn 0.064521 -0.994744 -0.079503
vn 0.072738 -0.994744 -0.072061
vn 0.055547 -0.994744 -0.086013
vn 0.086529 -0.994744 -0.054740
vn 0.091940 -0.994744 -0.045063
vn 0.080103 -0.994744 -0.063774
vn 0.099478 -0.994744 -0.024246
vn 0.101516 -0.994744 -0.013348
vn 0.096273 -0.994744 -0.034859
vn 0.102012 -0.994744 0.008787
vn 0.100464 -0.994744 0.019765
vn 0.102364 -0.994744 -0.002294
vn 0.093866 -0.994744 0.040900
vn 0.088894 -0.994744 0.050808
vn 0.097738 -0.994744 0.030511
vn 0.075893 -0.994744 0.068730
vn 0.068017 -0.994744 0.076533
vn 0.082879 -0.994744 0.060122
vn 0.049975 -0.994744 0.089365
vn 0.040020 -0.994744 0.094245
vn 0.059344 -0.994744 0.083438
vn 0.018824 -0.994744 0.100644
vn 0.007833 -0.994744 0.102090
vn 0.029596 -0.994744 0.098019
vn -0.989275 -0.129195 0.068152
vn -0.989298 -0.139924 -0.041367
vn -0.982422 -0.120122 -0.142893
vn -0.961214 -0.120121 -0.248273
vn -0.928736 -0.120120 -0.350744
vn -0.885369 -0.120122 -0.449101
vn -0.831623 -0.120122 -0.542194
vn -0.768126 -0.120120 -0.628930
vn -0.695624 -0.120120 -0.708292
vn -0.614967 -0.120120 -0.779350
vn -0.527099 -0.120119 -0.841272
vn -0.433052 -0.120120 -0.893329
vn -0.333928 -0.120119 -0.934914
vn -0.230888 -0.120119 -0.965537
vn -0.125142 -0.120120 -0.984841
vn -0.017928 -0.120121 -0.992597
vn 0.089496 -0.120120 -0.988717
vn 0.195871 -0.120120 -0.973245
vn 0.299948 -0.120119 -0.946363
vn 0.400510 -0.120120 -0.908385
vn 0.496376 -0.120119 -0.859757
vn 0.586422 -0.120119 -0.801050
vn 0.669593 -0.120120 -0.732950
vn 0.744914 -0.120119 -0.656258
vn 0.811501 -0.120121 -0.571872
vn 0.868574 -0.120122 -0.480780
vn 0.915464 -0.120121 -0.384053
vn 0.951621 -0.120120 -0.282822
vn 0.976621 -0.120122 -0.178276
vn 0.990171 -0.120121 -0.071640
vn 0.992112 -0.120120 0.035836
vn 0.982422 -0.120122 0.142893
vn 0.961214 -0.120121 0.248273
vn 0.928736 -0.120120 0.350744
vn 0.885369 -0.120122 0.449101
vn 0.831623 -0.120122 0.542194
vn 0.768126 -0.120120 0.628930
vn 0.695624 -0.120120 0.708292
vn 0.614967 -0.120120 0.779350
vn 0.527099 -0.120119 0.841272
vn 0.433052 -0.120120 0.893329
vn 0.333928 -0.120119 0.934914
vn 0.230888 -0.120119 0.965537
vn 0.125142 -0.120120 0.984841
vn 0.017928 -0.120121 0.992597
vn -0.089496 -0.120120 0.988717
vn -0.195871 -0.120120 0.973245
vn -0.299948 -0.120119 0.946363
vn -0.400510 -0.120120 0.908385
vn -0.496376 -0.120119 0.859757
vn -0.586422 -0.120119 0.801050
vn -0.669593 -0.120120 0.732950
vn -0.744914 -0.120119 0.656258
vn -0.811501 -0.120121 0.571872
vn -0.868574 -0.120122 0.480780
vn -0.915464 -0.120121 0.384053
vn -0.951621 -0.120120 0.282822
vn -0.976621 -0.120122 0.178276
vn -0.000404 -0.219748 0.975557
vn 0.105075 -0.219748 0.969881
vn 0.209321 -0.219748 0.952835
vn 0.311114 -0.219746 0.924619
vn 0.409260 -0.219744 0.885561
vn 0.502606 -0.219747 0.836121
vn 0.590061 -0.219747 0.776878
vn 0.670597 -0.219747 0.708528
vn 0.743271 -0.219745 0.631870
vn 0.807231 -0.219746 0.547804
vn 0.861727 -0.219749 0.457316
vn 0.906120 -0.219748 0.361466
vn 0.939890 -0.219748 0.261378
vn 0.962640 -0.219748 0.158226
vn 0.974104 -0.219746 0.053219
vn 0.974148 -0.219745 -0.052413
vn 0.962770 -0.219748 -0.157429
vn 0.940106 -0.219748 -0.260600
vn 0.906419 -0.219746 -0.360716
vn 0.862105 -0.219748 -0.456602
vn 0.807684 -0.219747 -0.547136
vn 0.743794 -0.219746 -0.631255
vn 0.671183 -0.219747 -0.707972
vn 0.590703 -0.219747 -0.776389
vn 0.503298 -0.219746 -0.835705
vn 0.409992 -0.219747 -0.885222
vn 0.311880 -0.219747 -0.924361
vn 0.210110 -0.219746 -0.952662
vn 0.105878 -0.219747 -0.969794
vn 0.000404 -0.219748 -0.975557
vn -0.105075 -0.219748 -0.969881
vn -0.209321 -0.219748 -0.952835
vn -0.311114 -0.219746 -0.924619
vn -0.409260 -0.219744 -0.885561
vn -0.502606 -0.219747 -0.836121
vn -0.590061 -0.219747 -0.776878
vn -0.670597 -0.219747 -0.708528
vn -0.743271 -0.219745 -0.631870
vn -0.807231 -0.219746 -0.547804
vn -0.861727 -0.219749 -0.457316
vn -0.906120 -0.219748 -0.361466
vn -0.939890 -0.219748 -0.261378
vn -0.962640 -0.219748 -0.158226
vn -0.974104 -0.219746 -0.053219
vn -0.974148 -0.219745 0.052413
vn -0.962770 -0.219748 0.157429
vn -0.940106 -0.219748 0.260600
vn -0.906419 -0.219746 0.360716
vn -0.862105 -0.219748 0.456602
vn -0.807684 -0.219747 0.547136
vn -0.743794 -0.219746 0.631255
vn -0.671183 -0.219747 0.707972
vn -0.590703 -0.219747 0.776389
vn -0.503298 -0.219746 0.835705
vn -0.409992 -0.219747 0.885222
vn -0.311880 -0.219747 0.924361
vn -0.210110 -0.219746 0.952662
vn -0.105878 -0.219747 0.969794
vn -0.000253 -0.319056 0.947736
vn 0.102216 -0.319058 0.942207
vn 0.203488 -0.319055 0.925633
vn 0.302373 -0.319057 0.898206
vn 0.397714 -0.319057 0.860248
vn 0.488392 -0.319055 0.812205
vn 0.573344 -0.319056 0.754639
vn 0.651573 -0.319056 0.688226
vn 0.722164 -0.319057 0.613744
vn 0.784289 -0.319054 0.532067
vn 0.837218 -0.319054 0.444152
vn 0.880331 -0.319055 0.351029
vn 0.913123 -0.319055 0.253790
vn 0.935210 -0.319057 0.153577
vn 0.946331 -0.319059 0.051563
vn 0.946359 -0.319057 -0.051057
vn 0.935292 -0.319054 -0.153077
vn 0.913259 -0.319056 -0.253302
vn 0.880518 -0.319056 -0.350558
vn 0.837455 -0.319054 -0.443704
vn 0.784573 -0.319056 -0.531647
vn 0.722492 -0.319056 -0.613358
vn 0.651942 -0.319054 -0.687878
vn 0.573747 -0.319056 -0.754332
vn 0.488826 -0.319057 -0.811943
vn 0.398174 -0.319055 -0.860036
vn 0.302854 -0.319056 -0.898044
vn 0.203982 -0.319057 -0.925523
vn 0.102720 -0.319058 -0.942152
vn 0.000253 -0.319056 -0.947736
vn -0.102216 -0.319058 -0.942207
vn -0.203488 -0.319055 -0.925633
vn -0.302373 -0.319057 -0.898206
vn -0.397714 -0.319057 -0.860248
vn -0.488392 -0.319055 -0.812205
vn -0.573344 -0.319056 -0.754639
vn -0.651573 -0.319056 -0.688226
vn -0.722164 -0.319057 -0.613744
vn -0.784289 -0.319054 -0.532067
vn -0.837218 -0.319054 -0.444152
vn -0.880331 -0.319055 -0.351029
vn -0.913123 -0.319055 -0.253790
vn -0.935210 -0.319057 -0.153577
vn -0.946331 -0.319059 -0.051563
vn -0.946359 -0.319057 0.051057
vn -0.935292 -0.319054 0.153077
vn -0.913259 -0.319056 0.253302
vn -0.880518 -0.319056 0.350558
vn -0.837455 -0.319054 0.443704
vn -0.784573 -0.319056 0.531647
vn -0.722492 -0.319056 0.613358
vn -0.651942 -0.319054 0.687878
vn -0.573747 -0.319056 0.754332
vn -0.488826 -0.319057 0.811943
vn -0.398174 -0.319055 0.860036
vn -0.302854 -0.319056 0.898044
vn -0.203982 -0.319057 0.925523
vn -0.102720 -0.319058 0.942152
vn -0.000118 -0.413024 0.910720
vn 0.098349 -0.413025 0.905394
vn 0.195662 -0.413027 0.889452
vn 0.290682 -0.413026 0.863084
vn 0.382294 -0.413026 0.826596
vn 0.469424 -0.413027 0.780416
vn 0.551050 -0.413027 0.725088
vn 0.626216 -0.413025 0.661259
vn 0.694039 -0.413027 0.589677
vn 0.753725 -0.413028 0.511181
vn 0.804577 -0.413025 0.426693
vn 0.845993 -0.413026 0.337201
vn 0.877492 -0.413026 0.243756
vn 0.898704 -0.413024 0.147454
vn 0.909378 -0.413024 0.049423
vn 0.909390 -0.413027 -0.049188
vn 0.898740 -0.413027 -0.147221
vn 0.877556 -0.413025 -0.243530
vn 0.846081 -0.413026 -0.336982
vn 0.804687 -0.413026 -0.426485
vn 0.753858 -0.413026 -0.510987
vn 0.694192 -0.413027 -0.589497
vn 0.626387 -0.413026 -0.661097
vn 0.551238 -0.413026 -0.724946
vn 0.469626 -0.413026 -0.780295
vn 0.382508 -0.413027 -0.826496
vn 0.290906 -0.413026 -0.863008
vn 0.195893 -0.413024 -0.889403
vn 0.098583 -0.413025 -0.905368
vn 0.000118 -0.413024 -0.910720
vn -0.098349 -0.413025 -0.905394
vn -0.195662 -0.413027 -0.889452
vn -0.290682 -0.413026 -0.863084
vn -0.382294 -0.413026 -0.826596
vn -0.469424 -0.413027 -0.780416
vn -0.551050 -0.413027 -0.725088
vn -0.626216 -0.413025 -0.661259
vn -0.694039 -0.413027 -0.589677
vn -0.753725 -0.413028 -0.511181
vn -0.804577 -0.413025 -0.426693
vn -0.845993 -0.413026 -0.337201
vn -0.877492 -0.413026 -0.243756
vn -0.898704 -0.413024 -0.147454
vn -0.909378 -0.413024 -0.049423
vn -0.909390 -0.413027 0.049188
vn -0.898740 -0.413027 0.147221
vn -0.877556 -0.413025 0.243530
vn -0.846081 -0.413026 0.336982
vn -0.804687 -0.413026 0.426485
vn -0.753858 -0.413026 0.510987
vn -0.694192 -0.413027 0.589497
vn -0.626387 -0.413026 0.661097
vn -0.551238 -0.413026 0.724946
vn -0.469626 -0.413026 0.780295
vn -0.382508 -0.413027 0.826496
vn -0.290906 -0.413026 0.863008
vn -0.195893 -0.413024 0.889403
vn -0.098583 -0.413025 0.905368
vn -0.000009 -0.500988 0.865454
vn 0.093564 -0.500988 0.860382
vn 0.186039 -0.500989 0.845222
vn 0.276332 -0.500991 0.820152
vn 0.363386 -0.500990 0.785467
vn 0.446181 -0.500990 0.741574
vn 0.523743 -0.500990 0.688986
vn 0.595165 -0.500990 0.628321
vn 0.659611 -0.500989 0.560289
vn 0.716321 -0.500989 0.485689
vn 0.764634 -0.500990 0.405393
vn 0.803982 -0.500990 0.320345
vn 0.833905 -0.500990 0.231541
vn 0.854050 -0.500992 0.140023
vn 0.864183 -0.500990 0.046864
vn 0.864185 -0.500988 -0.046847
vn 0.854054 -0.500990 -0.140006
vn 0.833909 -0.500991 -0.231525
vn 0.803989 -0.500990 -0.320329
vn 0.764642 -0.500990 -0.405378
vn 0.716331 -0.500990 -0.485674
vn 0.659621 -0.500989 -0.560276
vn 0.595178 -0.500990 -0.628309
vn 0.523757 -0.500990 -0.688976
vn 0.446195 -0.500990 -0.741565
vn 0.363402 -0.500989 -0.785461
vn 0.276349 -0.500991 -0.820146
vn 0.186055 -0.500990 -0.845217
vn 0.093581 -0.500988 -0.860380
vn 0.000009 -0.500988 -0.865454
vn -0.093564 -0.500988 -0.860382
vn -0.186039 -0.500989 -0.845222
vn -0.276332 -0.500991 -0.820152
vn -0.363386 -0.500990 -0.785467
vn -0.446181 -0.500990 -0.741574
vn -0.523743 -0.500990 -0.688986
vn -0.595165 -0.500990 -0.628321
vn -0.659611 -0.500989 -0.560289
vn -0.716321 -0.500989 -0.485689
vn -0.764634 -0.500990 -0.405393
vn -0.803982 -0.500990 -0.320345
vn -0.833905 -0.500990 -0.231541
vn -0.854050 -0.500992 -0.140023
vn -0.864183 -0.500990 -0.046864
vn -0.864185 -0.500988 0.046847
vn -0.854054 -0.500990 0.140006
vn -0.833909 -0.500991 0.231525
vn -0.803989 -0.500990 0.320329
vn -0.764642 -0.500990 0.405378
vn -0.716331 -0.500990 0.485674
vn -0.659621 -0.500989 0.560276
vn -0.595178 -0.500990 0.628309
vn -0.523757 -0.500990 0.688976
vn -0.446195 -0.500990 0.741565
vn -0.363402 -0.500989 0.785461
vn -0.276349 -0.500991 0.820146
vn -0.186055 -0.500990 0.845217
vn -0.093581 -0.500988 0.860380
vn 0.000073 -0.582427 0.812883
vn 0.087961 -0.582426 0.808111
vn 0.174817 -0.582426 0.793863
vn 0.259624 -0.582426 0.770309
vn 0.341387 -0.582425 0.737723
vn 0.419148 -0.582425 0.696488
vn 0.491995 -0.582425 0.647087
vn 0.559073 -0.582426 0.590100
vn 0.619597 -0.582425 0.526195
vn 0.672856 -0.582425 0.456120
vn 0.718227 -0.582425 0.380698
vn 0.755178 -0.582425 0.300812
vn 0.783274 -0.582426 0.217399
vn 0.802188 -0.582424 0.131438
vn 0.811696 -0.582425 0.043936
vn 0.811688 -0.582425 -0.044082
vn 0.802164 -0.582426 -0.131582
vn 0.783235 -0.582426 -0.217539
vn 0.755124 -0.582425 -0.300947
vn 0.718159 -0.582426 -0.380826
vn 0.672775 -0.582425 -0.456241
vn 0.619503 -0.582425 -0.526306
vn 0.558967 -0.582426 -0.590200
vn 0.491879 -0.582425 -0.647176
vn 0.419023 -0.582425 -0.696563
vn 0.341255 -0.582426 -0.737784
vn 0.259486 -0.582426 -0.770355
vn 0.174675 -0.582426 -0.793894
vn 0.087816 -0.582426 -0.808126
vn -0.000073 -0.582427 -0.812883
vn -0.087961 -0.582426 -0.808111
vn -0.174817 -0.582426 -0.793863
vn -0.259624 -0.582426 -0.770309
vn -0.341387 -0.582425 -0.737723
vn -0.419148 -0.582425 -0.696488
vn -0.491995 -0.582425 -0.647087
vn -0.559073 -0.582426 -0.590100
vn -0.619597 -0.582425 -0.526195
vn -0.672856 -0.582425 -0.456120
vn -0.718227 -0.582425 -0.380698
vn -0.755178 -0.582425 -0.300812
vn -0.783274 -0.582426 -0.217399
vn -0.802188 -0.582424 -0.131438
vn -0.811696 -0.582425 -0.043936
vn -0.811688 -0.582425 0.044082
vn -0.802164 -0.582426 0.131582
vn -0.783235 -0.582426 0.217539
vn -0.755124 -0.582425 0.300947
vn -0.718159 -0.582426 0.380826
vn -0.672775 -0.582425 0.456241
vn -0.619503 -0.582425 0.526306
vn -0.558967 -0.582426 0.590200
vn -0.491879 -0.582425 0.647176
vn -0.419023 -0.582425 0.696563
vn -0.341255 -0.582426 0.737784
vn -0.259486 -0.582426 0.770355
vn -0.174675 -0.582426 0.793894
vn -0.087816 -0.582426 0.808126
vn 0.000125 -0.656899 0.753978
vn 0.081643 -0.656899 0.749545
vn 0.162205 -0.656899 0.736324
vn 0.240864 -0.656899 0.714471
vn 0.316700 -0.656899 0.684240
vn 0.388824 -0.656898 0.645988
vn 0.456388 -0.656898 0.600162
vn 0.518602 -0.656898 0.547300
vn 0.574735 -0.656899 0.488021
vn 0.624130 -0.656899 0.423020
vn 0.666207 -0.656899 0.353060
vn 0.700475 -0.656898 0.278961
vn 0.726530 -0.656898 0.201591
vn 0.744066 -0.656899 0.121857
vn 0.752879 -0.656899 0.040696
vn 0.752866 -0.656899 -0.040944
vn 0.744027 -0.656897 -0.122104
vn 0.726463 -0.656898 -0.201831
vn 0.700383 -0.656899 -0.279192
vn 0.666091 -0.656899 -0.353280
vn 0.623990 -0.656899 -0.423226
vn 0.574574 -0.656898 -0.488211
vn 0.518421 -0.656898 -0.547471
vn 0.456189 -0.656899 -0.600313
vn 0.388610 -0.656898 -0.646117
vn 0.316475 -0.656898 -0.684345
vn 0.240629 -0.656898 -0.714551
vn 0.161962 -0.656899 -0.736378
vn 0.081396 -0.656899 -0.749572
vn -0.000125 -0.656899 -0.753978
vn -0.081643 -0.656899 -0.749545
vn -0.162205 -0.656899 -0.736324
vn -0.240864 -0.656899 -0.714471
vn -0.316700 -0.656899 -0.684240
vn -0.388824 -0.656898 -0.645988
vn -0.456388 -0.656898 -0.600162
vn -0.518602 -0.656898 -0.547300
vn -0.574735 -0.656899 -0.488021
vn -0.624130 -0.656899 -0.423020
vn -0.666207 -0.656899 -0.353060
vn -0.700475 -0.656898 -0.278961
vn -0.726530 -0.656898 -0.201591
vn -0.744066 -0.656899 -0.121857
vn -0.752879 -0.656899 -0.040696
vn -0.752866 -0.656899 0.040944
vn -0.744027 -0.656897 0.122104
vn -0.726463 -0.656898 0.201831
vn -0.700383 -0.656899 0.279192
vn -0.666091 -0.656899 0.353280
vn -0.623990 -0.656899 0.423226
vn -0.574574 -0.656898 0.488211
vn -0.518421 -0.656898 0.547471
vn -0.456189 -0.656899 0.600313
vn -0.388610 -0.656898 0.646117
vn -0.316475 -0.656898 0.684345
vn -0.240629 -0.656898 0.714551
vn -0.161962 -0.656899 0.736378
vn -0.081396 -0.656899 0.749572
vn 0.000144 -0.724073 0.689723
vn 0.074715 -0.724074 0.685664
vn 0.148410 -0.724074 0.673566
vn 0.220366 -0.724074 0.653572
vn 0.289737 -0.724074 0.625914
vn 0.355713 -0.724074 0.590920
vn 0.417517 -0.724074 0.548996
vn 0.474426 -0.724074 0.500636
vn 0.525773 -0.724074 0.446407
vn 0.570956 -0.724074 0.386944
vn 0.609446 -0.724074 0.322945
vn 0.640789 -0.724074 0.255159
vn 0.664621 -0.724074 0.184382
vn 0.680660 -0.724073 0.111443
vn 0.688718 -0.724074 0.037197
vn 0.688702 -0.724075 -0.037484
vn 0.680613 -0.724074 -0.111726
vn 0.664544 -0.724074 -0.184659
vn 0.640683 -0.724074 -0.255426
vn 0.609311 -0.724074 -0.323199
vn 0.570795 -0.724074 -0.387182
vn 0.525587 -0.724074 -0.446626
vn 0.474218 -0.724074 -0.500835
vn 0.417288 -0.724074 -0.549170
vn 0.355466 -0.724074 -0.591068
vn 0.289476 -0.724074 -0.626035
vn 0.220093 -0.724074 -0.653663
vn 0.148130 -0.724074 -0.673628
vn 0.074429 -0.724073 -0.685695
vn -0.000144 -0.724073 -0.689723
vn -0.074715 -0.724074 -0.685664
vn -0.148410 -0.724074 -0.673566
vn -0.220366 -0.724074 -0.653572
vn -0.289737 -0.724074 -0.625914
vn -0.355713 -0.724074 -0.590920
vn -0.417517 -0.724074 -0.548996
vn -0.474426 -0.724074 -0.500636
vn -0.525773 -0.724074 -0.446407
vn -0.570956 -0.724074 -0.386944
vn -0.609446 -0.724074 -0.322945
vn -0.640789 -0.724074 -0.255159
vn -0.664621 -0.724074 -0.184382
vn -0.680660 -0.724073 -0.111443
vn -0.688718 -0.724074 -0.037197
vn -0.688702 -0.724075 0.037484
vn -0.680613 -0.724074 0.111726
vn -0.664544 -0.724074 0.184659
vn -0.640683 -0.724074 0.255426
vn -0.609311 -0.724074 0.323199
vn -0.570795 -0.724074 0.387182
vn -0.525587 -0.724074 0.446626
vn -0.474218 -0.724074 0.500835
vn -0.417288 -0.724074 0.549170
vn -0.355466 -0.724074 0.591068
vn -0.289476 -0.724074 0.626035
vn -0.220093 -0.724074 0.653663
vn -0.148130 -0.724074 0.673628
vn -0.074429 -0.724073 0.685695
vn 0.000369 -0.785088 0.619384
vn 0.067335 -0.785088 0.615714
vn 0.133510 -0.785087 0.604825
vn 0.198121 -0.785088 0.586844
vn 0.260408 -0.785088 0.561983
vn 0.319643 -0.785088 0.530534
vn 0.375130 -0.785088 0.492864
vn 0.426218 -0.785088 0.449416
vn 0.472310 -0.785088 0.400699
vn 0.512865 -0.785088 0.347285
vn 0.547407 -0.785088 0.289799
vn 0.575530 -0.785088 0.228914
vn 0.596906 -0.785088 0.165347
vn 0.611284 -0.785088 0.099840
vn 0.618496 -0.785088 0.033164
vn 0.618456 -0.785088 -0.033902
vn 0.611165 -0.785088 -0.100570
vn 0.596709 -0.785088 -0.166059
vn 0.575257 -0.785088 -0.229601
vn 0.547061 -0.785088 -0.290451
vn 0.512450 -0.785088 -0.347897
vn 0.471832 -0.785088 -0.401262
vn 0.425682 -0.785088 -0.449924
vn 0.374542 -0.785088 -0.493311
vn 0.319010 -0.785087 -0.530915
vn 0.259737 -0.785088 -0.562293
vn 0.197420 -0.785088 -0.587080
vn 0.132789 -0.785088 -0.604983
vn 0.066600 -0.785088 -0.615793
vn -0.000369 -0.785088 -0.619384
vn -0.067335 -0.785088 -0.615714
vn -0.133510 -0.785087 -0.604825
vn -0.198121 -0.785088 -0.586844
vn -0.260408 -0.785088 -0.561983
vn -0.319643 -0.785088 -0.530534
vn -0.375130 -0.785088 -0.492864
vn -0.426218 -0.785088 -0.449416
vn -0.472310 -0.785088 -0.400699
vn -0.512865 -0.785088 -0.347285
vn -0.547407 -0.785088 -0.289799
vn -0.575530 -0.785088 -0.228914
vn -0.596906 -0.785088 -0.165347
vn -0.611284 -0.785088 -0.099840
vn -0.618496 -0.785088 -0.033164
vn -0.618456 -0.785088 0.033902
vn -0.611165 -0.785088 0.100570
vn -0.596709 -0.785088 0.166059
vn -0.575257 -0.785088 0.229601
vn -0.547061 -0.785088 0.290451
vn -0.512450 -0.785088 0.347897
vn -0.471832 -0.785088 0.401262
vn -0.425682 -0.785088 0.449924
vn -0.374542 -0.785088 0.493311
vn -0.319010 -0.785087 0.530915
vn -0.259737 -0.785088 0.562293
vn -0.197420 -0.785088 0.587080
vn -0.132789 -0.785088 0.604983
vn -0.066600 -0.785088 0.615793
vn 0.000673 -0.841907 0.539623
vn 0.059013 -0.841907 0.536387
vn 0.116660 -0.841907 0.526862
vn 0.172940 -0.841907 0.511160
vn 0.227192 -0.841907 0.489466
vn 0.278781 -0.841907 0.462033
vn 0.327102 -0.841907 0.429183
vn 0.371587 -0.841907 0.391301
vn 0.411716 -0.841906 0.348832
vn 0.447018 -0.841906 0.302273
vn 0.477078 -0.841907 0.252169
vn 0.501546 -0.841907 0.199110
vn 0.520134 -0.841907 0.143716
vn 0.532623 -0.841907 0.086637
vn 0.538868 -0.841907 0.028543
vn 0.538795 -0.841906 -0.029886
vn 0.532405 -0.841907 -0.087965
vn 0.519773 -0.841907 -0.145013
vn 0.501048 -0.841907 -0.200360
vn 0.476448 -0.841907 -0.253358
vn 0.446262 -0.841906 -0.303387
vn 0.410845 -0.841906 -0.349857
vn 0.370610 -0.841907 -0.392226
vn 0.326030 -0.841907 -0.429997
vn 0.277628 -0.841907 -0.462727
vn 0.225971 -0.841907 -0.490031
vn 0.171665 -0.841907 -0.511590
vn 0.115346 -0.841906 -0.527152
vn 0.057674 -0.841907 -0.536532
vn -0.000673 -0.841907 -0.539623
vn -0.059013 -0.841907 -0.536387
vn -0.116660 -0.841907 -0.526862
vn -0.172940 -0.841907 -0.511160
vn -0.227192 -0.841907 -0.489466
vn -0.278781 -0.841907 -0.462033
vn -0.327102 -0.841907 -0.429183
vn -0.371587 -0.841907 -0.391301
vn -0.411716 -0.841906 -0.348832
vn -0.447018 -0.841906 -0.302273
vn -0.477078 -0.841907 -0.252169
vn -0.501546 -0.841907 -0.199110
vn -0.520134 -0.841907 -0.143716
vn -0.532623 -0.841907 -0.086637
vn -0.538868 -0.841907 -0.028543
vn -0.538795 -0.841906 0.029886
vn -0.532405 -0.841907 0.087965
vn -0.519773 -0.841907 0.145013
vn -0.501048 -0.841907 0.200360
vn -0.476448 -0.841907 0.253358
vn -0.446262 -0.841906 0.303387
vn -0.410845 -0.841906 0.349857
vn -0.370610 -0.841907 0.392226
vn -0.326030 -0.841907 0.429997
vn -0.277628 -0.841907 0.462727
vn -0.225971 -0.841907 0.490031
vn -0.171665 -0.841907 0.511590
vn -0.115346 -0.841906 0.527152
vn -0.057674 -0.841907 0.536532
vn 0.000009 -0.890906 0.454187
vn 0.049115 -0.890906 0.451524
vn 0.097646 -0.890906 0.443567
vn 0.145031 -0.890906 0.430409
vn 0.190716 -0.890906 0.412205
vn 0.234165 -0.890906 0.389169
vn 0.274870 -0.890906 0.361570
vn 0.312351 -0.890906 0.329732
vn 0.346170 -0.890906 0.294028
vn 0.375931 -0.890906 0.254876
vn 0.401284 -0.890906 0.212737
vn 0.421933 -0.890906 0.168103
vn 0.437634 -0.890906 0.121499
vn 0.448206 -0.890906 0.073470
vn 0.453522 -0.890906 0.024580
vn 0.453521 -0.890906 -0.024598
vn 0.448203 -0.890906 -0.073488
vn 0.437630 -0.890906 -0.121517
vn 0.421926 -0.890906 -0.168120
vn 0.401275 -0.890906 -0.212753
vn 0.375921 -0.890906 -0.254891
vn 0.346158 -0.890906 -0.294042
vn 0.312338 -0.890906 -0.329744
vn 0.274855 -0.890906 -0.361581
vn 0.234150 -0.890906 -0.389178
vn 0.190700 -0.890906 -0.412213
vn 0.145014 -0.890906 -0.430415
vn 0.097628 -0.890907 -0.443570
vn 0.049097 -0.890906 -0.451525
vn -0.000009 -0.890906 -0.454187
vn -0.049115 -0.890906 -0.451524
vn -0.097646 -0.890906 -0.443567
vn -0.145031 -0.890906 -0.430409
vn -0.190716 -0.890906 -0.412205
vn -0.234165 -0.890906 -0.389169
vn -0.274870 -0.890906 -0.361570
vn -0.312351 -0.890906 -0.329732
vn -0.346170 -0.890906 -0.294028
vn -0.375931 -0.890906 -0.254876
vn -0.401284 -0.890906 -0.212737
vn -0.421933 -0.890906 -0.168103
vn -0.437634 -0.890906 -0.121499
vn -0.448206 -0.890906 -0.073470
vn -0.453522 -0.890906 -0.024580
vn -0.453521 -0.890906 0.024598
vn -0.448203 -0.890906 0.073488
vn -0.437630 -0.890906 0.121517
vn -0.421926 -0.890906 0.168120
vn -0.401275 -0.890906 0.212753
vn -0.375921 -0.890906 0.254891
vn -0.346158 -0.890906 0.294042
vn -0.312338 -0.890906 0.329744
vn -0.274855 -0.890906 0.361581
vn -0.234150 -0.890906 0.389178
vn -0.190700 -0.890906 0.412213
vn -0.145014 -0.890906 0.430415
vn -0.097628 -0.890907 0.443570
vn -0.049097 -0.890906 0.451525
vn -0.000295 -0.932402 0.361423
vn 0.038783 -0.932402 0.359336
vn 0.077407 -0.932402 0.353037
vn 0.115123 -0.932402 0.342598
vn 0.151490 -0.932402 0.328143
vn 0.186080 -0.932402 0.309840
vn 0.218489 -0.932402 0.287905
vn 0.248336 -0.932402 0.262595
vn 0.275272 -0.932402 0.234205
vn 0.298980 -0.932402 0.203070
vn 0.319183 -0.932402 0.169555
vn 0.335644 -0.932402 0.134051
vn 0.348170 -0.932402 0.096975
vn 0.356614 -0.932402 0.058763
vn 0.360877 -0.932402 0.019862
vn 0.360909 -0.932402 -0.019272
vn 0.356710 -0.932402 -0.058180
vn 0.348328 -0.932402 -0.096407
vn 0.335863 -0.932402 -0.133502
vn 0.319460 -0.932402 -0.169033
vn 0.299312 -0.932402 -0.202582
vn 0.275654 -0.932402 -0.233755
vn 0.248765 -0.932402 -0.262189
vn 0.218959 -0.932402 -0.287548
vn 0.186586 -0.932402 -0.309536
vn 0.152026 -0.932402 -0.327895
vn 0.115683 -0.932402 -0.342410
vn 0.077984 -0.932402 -0.352910
vn 0.039370 -0.932402 -0.359273
vn 0.000295 -0.932402 -0.361423
vn -0.038783 -0.932402 -0.359336
vn -0.077407 -0.932402 -0.353037
vn -0.115123 -0.932402 -0.342598
vn -0.151490 -0.932402 -0.328143
vn -0.186080 -0.932402 -0.309840
vn -0.218489 -0.932402 -0.287905
vn -0.248336 -0.932402 -0.262595
vn -0.275272 -0.932402 -0.234205
vn -0.298980 -0.932402 -0.203070
vn -0.319183 -0.932402 -0.169555
vn -0.335644 -0.932402 -0.134051
vn -0.348170 -0.932402 -0.096975
vn -0.356614 -0.932402 -0.058763
vn -0.360877 -0.932402 -0.019862
vn -0.360909 -0.932402 0.019272
vn -0.356710 -0.932402 0.058180
vn -0.348328 -0.932402 0.096407
vn -0.335863 -0.932402 0.133502
vn -0.319460 -0.932402 0.169033
vn -0.299312 -0.932402 0.202582
vn -0.275654 -0.932402 0.233755
vn -0.248765 -0.932402 0.262189
vn -0.218959 -0.932402 0.287548
vn -0.186586 -0.932402 0.309536
vn -0.152026 -0.932402 0.327895
vn -0.115683 -0.932402 0.342410
vn -0.077984 -0.932402 0.352910
vn -0.039370 -0.932402 0.359273
vn -0.003888 -0.951022 0.309099
vn 0.029555 -0.951022 0.307708
vn 0.062650 -0.951022 0.302709
vn 0.095012 -0.951022 0.294160
vn 0.126259 -0.951022 0.282163
vn 0.156026 -0.951022 0.266858
vn 0.183964 -0.951022 0.248425
vn 0.209745 -0.951022 0.227078
vn 0.233067 -0.951022 0.203070
vn 0.253657 -0.951022 0.176680
vn 0.271272 -0.951022 0.148220
vn 0.285707 -0.951022 0.118021
vn 0.296793 -0.951022 0.086439
vn 0.304399 -0.951022 0.053843
vn 0.308436 -0.951022 0.020616
vn 0.308857 -0.951022 -0.012852
vn 0.305656 -0.951022 -0.046170
vn 0.298873 -0.951022 -0.078947
vn 0.288585 -0.951022 -0.110798
vn 0.274914 -0.951022 -0.141350
vn 0.258020 -0.951022 -0.170245
vn 0.238101 -0.951022 -0.197144
vn 0.215390 -0.951022 -0.221731
vn 0.190154 -0.951022 -0.243719
vn 0.162689 -0.951022 -0.262850
vn 0.133316 -0.951022 -0.278899
vn 0.102380 -0.951022 -0.291678
vn 0.070244 -0.951022 -0.301037
vn 0.037284 -0.951022 -0.306867
vn 0.003888 -0.951022 -0.309099
vn -0.029555 -0.951022 -0.307708
vn -0.062650 -0.951022 -0.302709
vn -0.095012 -0.951022 -0.294160
vn -0.126259 -0.951022 -0.282163
vn -0.156026 -0.951022 -0.266858
vn -0.183964 -0.951022 -0.248425
vn -0.209745 -0.951022 -0.227078
vn -0.233067 -0.951022 -0.203070
vn -0.253657 -0.951022 -0.176680
vn -0.271272 -0.951022 -0.148220
vn -0.285707 -0.951022 -0.118021
vn -0.296793 -0.951022 -0.086439
vn -0.304399 -0.951022 -0.053843
vn -0.308436 -0.951022 -0.020616
vn -0.308857 -0.951022 0.012852
vn -0.305656 -0.951022 0.046170
vn -0.298873 -0.951022 0.078947
vn -0.288585 -0.951022 0.110798
vn -0.274914 -0.951022 0.141350
vn -0.258020 -0.951022 0.170245
vn -0.238101 -0.951022 0.197144
vn -0.215390 -0.951022 0.221731
vn -0.190154 -0.951022 0.243719
vn -0.162689 -0.951022 0.262850
vn -0.133316 -0.951022 0.278899
vn -0.102380 -0.951022 0.291678
vn -0.070244 -0.951022 0.301037
vn -0.037284 -0.951022 0.306867
vn 0.001465 -0.977059 0.212962
vn 0.024482 -0.977059 0.211555
vn 0.047212 -0.977059 0.207668
vn 0.069388 -0.977059 0.201346
vn 0.090750 -0.977059 0.192664
vn 0.111049 -0.977059 0.181722
vn 0.130046 -0.977059 0.168651
vn 0.147518 -0.977059 0.153602
vn 0.163260 -0.977059 0.136752
vn 0.177088 -0.977059 0.118299
vn 0.188841 -0.977059 0.098459
vn 0.198379 -0.977059 0.077464
vn 0.205591 -0.977059 0.055562
vn 0.210393 -0.977059 0.033007
vn 0.212729 -0.977059 0.010066
vn 0.212570 -0.977059 -0.012993
vn 0.209919 -0.977059 -0.035899
vn 0.204807 -0.977059 -0.058385
vn 0.197294 -0.977059 -0.080187
vn 0.187468 -0.977059 -0.101048
vn 0.175444 -0.977059 -0.120724
vn 0.161363 -0.977059 -0.138985
vn 0.145390 -0.977059 -0.155617
vn 0.127713 -0.977059 -0.170424
vn 0.108538 -0.977059 -0.183233
vn 0.088090 -0.977059 -0.193894
vn 0.066611 -0.977059 -0.202282
vn 0.044350 -0.977059 -0.208298
vn 0.021569 -0.977059 -0.211872
vn -0.001465 -0.977059 -0.212962
vn -0.024482 -0.977059 -0.211555
vn -0.047212 -0.977059 -0.207668
vn -0.069388 -0.977059 -0.201346
vn -0.090750 -0.977059 -0.192664
vn -0.111049 -0.977059 -0.181722
vn -0.130046 -0.977059 -0.168651
vn -0.147518 -0.977059 -0.153602
vn -0.163260 -0.977059 -0.136752
vn -0.177088 -0.977059 -0.118299
vn -0.188841 -0.977059 -0.098459
vn -0.198379 -0.977059 -0.077464
vn -0.205591 -0.977059 -0.055562
vn -0.210393 -0.977059 -0.033007
vn -0.212729 -0.977059 -0.010066
vn -0.212570 -0.977059 0.012993
vn -0.209919 -0.977059 0.035899
vn -0.204807 -0.977059 0.058385
vn -0.197294 -0.977059 0.080187
vn -0.187468 -0.977059 0.101048
vn -0.175444 -0.977059 0.120724
vn -0.161363 -0.977059 0.138985
vn -0.145390 -0.977059 0.155617
vn -0.127713 -0.977059 0.170424
vn -0.108538 -0.977059 0.183233
vn -0.088090 -0.977059 0.193894
vn -0.066611 -0.977059 0.202282
vn -0.044350 -0.977059 0.208298
vn -0.021569 -0.977059 0.211872
vn -0.002046 -0.987455 0.157890
vn 0.015037 -0.987455 0.157185
vn 0.031944 -0.987455 0.154638
vn 0.048476 -0.987455 0.150278
vn 0.064439 -0.987455 0.144156
vn 0.079648 -0.987455 0.136344
vn 0.093922 -0.987455 0.126933
vn 0.107095 -0.987455 0.116034
vn 0.119013 -0.987455 0.103775
vn 0.129535 -0.987455 0.090299
vn 0.138539 -0.987455 0.075764
vn 0.145918 -0.987455 0.060341
vn 0.151587 -0.987455 0.044211
vn 0.155479 -0.987455 0.027563
vn 0.157547 -0.987455 0.010591
vn 0.157769 -0.987455 -0.006505
vn 0.156141 -0.987455 -0.023525
vn 0.152682 -0.987455 -0.040269
vn 0.147433 -0.987455 -0.056540
vn 0.140456 -0.987455 -0.072149
vn 0.131832 -0.987455 -0.086912
vn 0.121662 -0.987455 -0.100656
vn 0.110066 -0.987455 -0.113220
vn 0.097179 -0.987455 -0.124457
vn 0.083153 -0.987455 -0.134234
vn 0.068153 -0.987455 -0.142438
vn 0.052353 -0.987455 -0.148971
vn 0.035940 -0.987455 -0.153758
vn 0.019105 -0.987455 -0.156743
vn 0.002046 -0.987455 -0.157890
vn -0.015037 -0.987455 -0.157185
vn -0.031944 -0.987455 -0.154638
vn -0.048476 -0.987455 -0.150278
vn -0.064439 -0.987455 -0.144156
vn -0.079648 -0.987455 -0.136344
vn -0.093922 -0.987455 -0.126933
vn -0.107095 -0.987455 -0.116034
vn -0.119013 -0.987455 -0.103775
vn -0.129535 -0.987455 -0.090299
vn -0.138539 -0.987455 -0.075764
vn -0.145918 -0.987455 -0.060341
vn -0.151587 -0.987455 -0.044211
vn -0.155479 -0.987455 -0.027563
vn -0.157547 -0.987455 -0.010591
vn -0.157769 -0.987455 0.006505
vn -0.156141 -0.987455 0.023525
vn -0.152682 -0.987455 0.040269
vn -0.147433 -0.987455 0.056540
vn -0.140456 -0.987455 0.072149
vn -0.131832 -0.987455 0.086912
vn -0.121662 -0.987455 0.100656
vn -0.110066 -0.987455 0.113220
vn -0.097179 -0.987455 0.124457
vn -0.083153 -0.987455 0.134234
vn -0.068153 -0.987455 0.142438
vn -0.052353 -0.987455 0.148971
vn -0.035940 -0.987455 0.153758
vn -0.019105 -0.987455 0.156743
f 1/1/1 2/2/2 3/3/3
f 1/1/1 3/3/3 4/4/4
f 5/5/5 4/4/4 3/3/3
f 6/6/6 5/5/5 3/3/3
f 7/7/7 6/6/6 3/3/3
f 8/8/8 7/7/7 3/3/3
f 9/9/9 8/8/8 3/3/3
f 10/10/10 9/9/9 3/3/3
f 11/11/11 10/10/10 3/3/3
f 12/12/12 11/11/11 3/3/3
f 13/13/13 12/12/12 3/3/3
f 14/14/14 13/13/13 3/3/3
f 15/15/15 14/14/14 3/3/3
f 16/16/16 15/15/15 3/3/3
f 17/17/17 16/16/16 3/3/3
f 18/18/18 17/17/17 3/3/3
f 19/19/19 18/18/18 3/3/3
f 20/20/20 19/19/19 3/3/3
f 21/21/21 20/20/20 3/3/3
f 22/22/22 21/21/21 3/3/3
f 23/23/23 22/22/22 3/3/3
f 24/24/24 23/23/23 3/3/3
f 25/25/25 24/24/24 3/3/3
f 26/26/26 25/25/25 3/3/3
f 27/27/27 26/26/26 3/3/3
f 28/28/28 27/27/27 3/3/3
f 29/29/29 28/28/28 3/3/3
f 30/30/30 29/29/29 3/3/3
f 31/31/31 30/30/30 3/3/3
f 32/32/32 31/31/31 3/3/3
f 33/33/33 32/32/32 3/3/3
f 34/34/34 33/33/33 3/3/3
f 35/35/35 34/34/34 3/3/3
f 36/36/36 35/35/35 3/3/3
f 37/37/37 36/36/36 3/3/3
f 38/38/38 37/37/37 3/3/3
f 39/39/39 38/38/38 3/3/3
f 40/40/40 39/39/39 3/3/3
f 41/41/41 40/40/40 3/3/3
f 42/42/42 41/41/41 3/3/3
f 43/43/43 42/42/42 3/3/3
f 44/44/44 43/43/43 3/3/3
f 45/45/45 44/44/44 3/3/3
f 46/46/46 45/45/45 3/3/3
f 47/47/47 46/46/46 3/3/3
f 48/48/48 47/47/47 3/3/3
f 49/49/49 48/48/48 3/3/3
f 50/50/50 49/49/49 3/3/3
f 51/51/51 50/50/50 3/3/3
f 52/52/52 51/51/51 3/3/3
f 53/53/53 52/52/52 3/3/3
f 54/54/54 53/53/53 3/3/3
f 55/55/55 54/54/54 3/3/3
f 56/56/56 55/55/55 3/3/3
f 57/57/57 56/56/56 3/3/3
f 58/58/58 57/57/57 3/3/3
f 59/59/59 58/58/58 3/3/3
f 2/2/2 59/59/59 3/3/3
f 59/59/59 60/60/60 58/58/58
f 60/60/60 61/61/61 58/58/58
f 58/58/58 61/61/61 57/57/57
f 61/61/61 62/62/62 57/57/57
f 57/57/57 62/62/62 56/56/56
f 62/62/62 63/63/63 56/56/56
f 56/56/56 63/63/63 55/55/55
f 63/63/63 64/64/64 55/55/55
f 55/55/55 64/64/64 54/54/54
f 64/64/64 65/65/65 54/54/54
f 54/54/54 65/65/65 53/53/53
f 65/65/65 66/66/66 53/53/53
f 53/53/53 66/66/66 52/52/52
f 66/66/66 67/67/67 52/52/52
f 52/52/52 67/67/67 51/51/51
f 67/67/67 68/68/68 51/51/51
f 51/51/51 68/68/68 50/50/50
f 68/68/68 69/69/69 50/50/50
f 50/50/50 69/69/69 49/49/49
f 69/69/69 70/70/70 49/49/49
f 49/49/49 70/70/70 48/48/48
f 70/70/70 71/71/71 48/48/48
f 48/48/48 71/71/71 47/47/47
f 71/71/71 72/72/72 47/47/47
f 47/47/47 72/72/72 46/46/46
f 72/72/72 73/73/73 46/46/46
f 46/46/46 73/73/73 45/45/45
f 73/73/73 74/74/74 45/45/45
f 45/45/45 74/74/74 44/44/44
f 74/74/74 75/75/75 44/44/44
f 44/44/44 75/75/75 43/43/43
f 75/75/75 76/76/76 43/43/43
f 43/43/43 76/76/76 42/42/42
f 76/76/76 77/77/77 42/42/42
f 42/42/42 77/77/77 41/41/41
f 77/77/77 78/78/78 41/41/41
f 41/41/41 78/78/78 40/40/40
f 78/78/78 79/79/79 40/40/40
f 40/40/40 79/79/79 39/39/39
f 79/79/79 80/80/80 39/39/39
f 39/39/39 80/80/80 38/38/38
f 80/80/80 81/81/81 38/38/38
f 38/38/38 81/81/81 37/37/37
f 81/81/81 82/82/82 37/37/37
f 37/37/37 82/82/82 36/36/36
f 82/82/82 83/83/83 36/36/36
f 36/36/36 83/83/83 35/35/35
f 83/83/83 84/84/84 35/35/35
f 35/35/35 84/84/84 34/34/34
f 84/84/84 85/85/85 34/34/34
f 34/34/34 85/85/85 33/33/33
f 85/85/85 86/86/86 33/33/33
f 33/33/33 86/86/86 32/32/32
f 86/86/86 87/87/87 32/32/32
f 32/32/32 87/87/87 31/31/31
f 87/87/87 88/88/88 31/31/31
f 31/31/31 88/88/88 30/30/30
f 88/88/88 89/89/89 30/30/30
f 30/30/30 89/89/89 29/29/29
f 89/89/89 90/90/90 29/29/29
f 29/29/29 90/90/90 28/28/28
f 90/90/90 91/91/91 28/28/28
f 28/28/28 91/91/91 27/27/27
f 91/91/91 92/92/92 27/27/27
f 27/27/27 92/92/92 26/26/26
f 92/92/92 93/93/93 26/26/26
f 26/26/26 93/93/93 25/25/25
f 93/93/93 94/94/94 25/25/25
f 25/25/25 94/94/94 24/24/24
f 94/94/94 95/95/95 24/24/24
f 24/24/24 95/95/95 23/23/23
f 95/95/95 96/96/96 23/23/23
f 23/23/23 96/96/96 22/22/22
f 96/96/96 97/97/97 22/22/22
f 22/22/22 97/97/97 21/21/21
f 97/97/97 98/98/98 21/21/21
f 21/21/21 98/98/98 20/20/20
f 98/98/98 99/99/99 20/20/20
f 20/20/20 99/99/99 19/19/19
f 99/99/99 100/100/100 19/19/19
f 19/19/19 100/100/100 18/18/18
f 100/100/100 101/101/101 18/18/18
f 18/18/18 101/101/101 17/17/17
f 101/101/101 102/102/102 17/17/17
f 17/17/17 102/102/102 16/16/16
f 102/102/102 103/103/103 16/16/16
f 16/16/16 103/103/103 15/15/15
f 103/103/103 104/104/104 15/15/15
f 15/15/15 104/104/104 14/14/14
f 104/104/104 105/105/105 14/14/14
f 14/14/14 105/105/105 13/13/13
f 105/105/105 106/106/106 13/13/13
f 13/13/13 106/106/106 12/12/12
f 106/106/106 107/107/107 12/12/12
f 12/12/12 107/107/107 11/11/11
f 107/107/107 108/108/108 11/11/11
f 11/11/11 108/108/108 10/10/10
f 108/108/108 109/109/109 10/10/10
f 10/10/10 109/109/109 9/9/9
f 109/109/109 110/110/110 9/9/9
f 9/9/9 110/110/110 8/8/8
f 110/110/110 111/111/111 8/8/8
f 8/8/8 111/111/111 7/7/7
f 111/111/111 112/112/112 7/7/7
f 7/7/7 112/112/112 6/6/6
f 112/112/112 113/113/113 6/6/6
f 6/6/6 113/113/113 5/5/5
f 113/113/113 114/114/114 5/5/5
f 5/5/5 114/114/114 4/4/4
f 114/114/114 115/115/115 4/4/4
f 4/4/4 115/115/115 1/1/1
f 115/115/115 116/116/116 1/1/1
f 1/1/1 116/116/116 2/2/2
f 116/116/116 117/117/117 2/2/2
f 2/2/2 117/117/117 59/59/59
f 117/117/117 60/60/60 59/59/59
f 60/60/60 118/118/118 61/61/61
f 118/118/118 119/119/119 61/61/61
f 61/61/61 119/119/119 62/62/62
f 119/119/119 120/120/120 62/62/62
f 62/62/62 120/120/120 63/63/63
f 120/120/120 121/121/121 63/63/63
f 63/63/63 121/121/121 64/64/64
f 121/121/121 122/122/122 64/64/64
f 64/64/64 122/122/122 65/65/65
f 122/122/122 123/123/123 65/65/65
f 65/65/65 123/123/123 66/66/66
f 123/123/123 124/124/124 66/66/66
f 66/66/66 124/124/124 67/67/67
f 124/124/124 125/125/125 67/67/67
f 67/67/67 125/125/125 68/68/68
f 125/125/125 126/126/126 68/68/68
f 68/68/68 126/126/126 69/69/69
f 126/126/126 127/127/127 69/69/69
f 69/69/69 127/127/127 70/70/70
f 127/127/127 128/128/128 70/70/70
f 70/70/70 128/128/128 71/71/71
f 128/128/128 129/129/129 71/71/71
f 71/71/71 129/129/129 72/72/72
f 129/129/129 130/130/130 72/72/72
f 72/72/72 130/130/130 73/73/73
f 130/130/130 131/131/131 73/73/73
f 73/73/73 131/131/131 74/74/74
f 131/131/131 132/132/132 74/74/74
f 74/74/74 132/132/132 75/75/75
f 132/132/132 133/133/133 75/75/75
f 75/75/75 133/133/133 76/76/76
f 133/133/133 134/134/134 76/76/76
f 76/76/76 134/134/134 77/77/77
f 134/134/134 135/135/135 77/77/77
f 77/77/77 135/135/135 78/78/78
f 135/135/135 136/136/136 78/78/78
f 78/78/78 136/136/136 79/79/79
f 136/136/136 137/137/137 79/79/79
f 79/79/79 137/137/137 80/80/80
f 137/137/137 138/138/138 80/80/80
f 80/80/80 138/138/138 81/81/81
f 138/138/138 139/139/139 81/81/81
f 81/81/81 139/139/139 82/82/82
f 139/139/139 140/140/140 82/82/82
f 82/82/82 140/140/140 83/83/83
f 140/140/140 141/141/141 83/83/83
f 83/83/83 141/141/141 84/84/84
f 141/141/141 142/142/142 84/84/84
f 84/84/84 142/142/142 85/85/85
f 142/142/142 143/143/143 85/85/85
f 85/85/85 143/143/143 86/86/86
f 143/143/143 144/144/144 86/86/86
f 86/86/86 144/144/144 87/87/87
f 144/144/144 145/145/145 87/87/87
f 87/87/87 145/145/145 88/88/88
f 145/145/145 146/146/146 88/88/88
f 88/88/88 146/146/146 89/89/89
f 146/146/146 147/147/147 89/89/89
f 89/89/89 147/147/147 90/90/90
f 147/147/147 148/148/148 90/90/90
f 90/90/90 148/148/148 91/91/91
f 148/148/148 149/149/149 91/91/91
f 91/91/91 149/149/149 92/92/92
f 149/149/149 150/150/150 92/92/92
f 92/92/92 150/150/150 93/93/93
f 150/150/150 151/151/151 93/93/93
f 93/93/93 151/151/151 94/94/94
f 151/151/151 152/152/152 94/94/94
f 94/94/94 152/152/152 95/95/95
f 152/152/152 153/153/153 95/95/95
f 95/95/95 153/153/153 96/96/96
f 153/153/153 154/154/154 96/96/96
f 96/96/96 154/154/154 97/97/97
f 154/154/154 155/155/155 97/97/97
f 97/97/97 155/155/155 98/98/98
f 155/155/155 156/156/156 98/98/98
f 98/98/98 156/156/156 99/99/99
f 156/156/156 157/157/157 99/99/99
f 99/99/99 157/157/157 100/100/100
f 157/157/157 158/158/158 100/100/100
f 100/100/100 158/158/158 101/101/101
f 158/158/158 159/159/159 101/101/101
f 101/101/101 159/159/159 102/102/102
f 159/159/159 160/160/160 102/102/102
f 102/102/102 160/160/160 103/103/103
f 160/160/160 161/161/161 103/103/103
f 103/103/103 161/161/161 104/104/104
f 161/161/161 162/162/162 104/104/104
f 104/104/104 162/162/162 105/105/105
f 162/162/162 163/163/163 105/105/105
f 105/105/105 163/163/163 106/106/106
f 163/163/163 164/164/164 106/106/106
f 106/106/106 164/164/164 107/107/107
f 164/164/164 165/165/165 107/107/107
f 107/107/107 165/165/165 108/108/108
f 165/165/165 166/166/166 108/108/108
f 108/108/108 166/166/166 109/109/109
f 166/166/166 167/167/167 109/109/109
f 109/109/109 167/167/167 110/110/110
f 167/167/167 168/168/168 110/110/110
f 110/110/110 168/168/168 111/111/111
f 168/168/168 169/169/169 111/111/111
f 111/111/111 169/169/169 112/112/112
f 169/169/169 170/170/170 112/112/112
f 112/112/112 170/170/170 113/113/113
f 170/170/170 171/171/171 113/113/113
f 113/113/113 171/171/171 114/114/114
f 171/171/171 172/172/172 114/114/114
f 114/114/114 172/172/172 115/115/115
f 172/172/172 173/173/173 115/115/115
f 115/115/115 173/173/173 116/116/116
f 173/173/173 174/174/174 116/116/116
f 116/116/116 174/174/174 117/117/117
f 174/174/174 175/175/175 117/117/117
f 117/117/117 175/175/175 60/60/60
f 175/175/175 118/118/118 60/60/60
f 118/118/118 176/176/176 119/119/119
f 176/176/176 177/177/177 119/119/119
f 119/119/119 177/177/177 120/120/120
f 177/177/177 178/178/178 120/120/120
f 120/120/120 178/178/178 121/121/121
f 178/178/178 179/179/179 121/121/121
f 121/121/121 179/179/179 122/122/122
f 179/179/179 180/180/180 122/122/122
f 122/122/122 180/180/180 123/123/123
f 180/180/180 181/181/181 123/123/123
f 123/123/123 181/181/181 124/124/124
f 181/181/181 182/182/182 124/124/124
f 124/124/124 182/182/182 125/125/125
f 182/182/182 183/183/183 125/125/125
f 125/125/125 183/183/183 126/126/126
f 183/183/183 184/184/184 126/126/126
f 126/126/126 184/184/184 127/127/127
f 184/184/184 185/185/185 127/127/127
f 127/127/127 185/185/185 128/128/128
f 185/185/185 186/186/186 128/128/128
f 128/128/128 186/186/186 129/129/129
f 186/186/186 187/187/187 129/129/129
f 129/129/129 187/187/187 130/130/130
f 187/187/187 188/188/188 130/130/130
f 130/130/130 188/188/188 131/131/131
f 188/188/188 189/189/189 131/131/131
f 131/131/131 189/189/189 132/132/132
f 189/189/189 190/190/190 132/132/132
f 132/132/132 190/190/190 133/133/133
f 190/190/190 191/191/191 133/133/133
f 133/133/133 191/191/191 134/134/134
f 191/191/191 192/192/192 134/134/134
f 134/134/134 192/192/192 135/135/135
f 192/192/192 193/193/193 135/135/135
f 135/135/135 193/193/193 136/136/136
f 193/193/193 194/194/194 136/136/136
f 136/136/136 194/194/194 137/137/137
f 194/194/194 195/195/195 137/137/137
f 137/137/137 195/195/195 138/138/138
f 195/195/195 196/196/196 138/138/138
f 138/138/138 196/196/196 139/139/139
f 196/196/196 197/197/197 139/139/139
f 139/139/139 197/197/197 140/140/140
f 197/197/197 198/198/198 140/140/140
f 140/140/140 198/198/198 141/141/141
f 198/198/198 199/199/199 141/141/141
f 141/141/141 199/199/199 142/142/142
f 199/199/199 200/200/200 142/142/142
f 142/142/142 200/200/200 143/143/143
f 200/200/200 201/201/201 143/143/143
f 143/143/143 201/201/201 144/144/144
f 201/201/201 202/202/202 144/144/144
f 144/144/144 202/202/202 145/145/145
f 202/202/202 203/203/203 145/145/145
f 145/145/145 203/203/203 146/146/146
f 203/203/203 204/204/204 146/146/146
f 146/146/146 204/204/204 147/147/147
f 204/204/204 205/205/205 147/147/147
f 147/147/147 205/205/205 148/148/148
f 205/205/205 206/206/206 148/148/148
f 148/148/148 206/206/206 149/149/149
f 206/206/206 207/207/207 149/149/149
f 149/149/149 207/207/207 150/150/150
f 207/207/207 208/208/208 150/150/150
f 150/150/150 208/208/208 151/151/151
f 208/208/208 209/209/209 151/151/151
f 151/151/151 209/209/209 152/152/152
f 209/209/209 210/210/210 152/152/152
f 152/152/152 210/210/210 153/153/153
f 210/210/210 211/211/211 153/153/153
f 153/153/153 211/211/211 154/154/154
f 211/211/211 212/212/212 154/154/154
f 154/154/154 212/212/212 155/155/155
f 212/212/212 213/213/213 155/155/155
f 155/155/155 213/213/213 156/156/156
f 213/213/213 214/214/214 156/156/156
f 156/156/156 214/214/214 157/157/157
f 214/214/214 215/215/215 157/157/157
f 157/157/157 215/215/215 158/158/158
f 215/215/215 216/216/216 158/158/158
f 158/158/158 216/216/216 159/159/159
f 216/216/216 217/217/217 159/159/159
f 159/159/159 217/217/217 160/160/160
f 217/217/217 218/218/218 160/160/160
f 160/160/160 218/218/218 161/161/161
f 218/218/218 219/219/219 161/161/161
f 161/161/161 219/219/219 162/162/162
f 219/219/219 220/220/220 162/162/162
f 162/162/162 220/220/220 163/163/163
f 220/220/220 221/221/221 163/163/163
f 163/163/163 221/221/221 164/164/164
f 221/221/221 222/222/222 164/164/164
f 164/164/164 222/222/222 165/165/165
f 222/222/222 223/223/223 165/165/165
f 165/165/165 223/223/223 166/166/166
f 223/223/223 224/224/224 166/166/166
f 166/166/166 224/224/224 167/167/167
f 224/224/224 225/225/225 167/167/167
f 167/167/167 225/225/225 168/168/168
f 225/225/225 226/226/226 168/168/168
f 168/168/168 226/226/226 169/169/169
f 226/226/226 227/227/227 169/169/169
f 169/169/169 227/227/227 170/170/170
f 227/227/227 228/228/228 170/170/170
f 170/170/170 228/228/228 171/171/171
f 228/228/228 229/229/229 171/171/171
f 171/171/171 229/229/229 172/172/172
f 229/229/229 230/230/230 172/172/172
f 172/172/172 230/230/230 173/173/173
f 230/230/230 231/231/231 173/173/173
f 173/173/173 231/231/231 174/174/174
f 231/231/231 232/232/232 174/174/174
f 174/174/174 232/232/232 175/175/175
f 232/232/232 233/233/233 175/175/175
f 175/175/175 233/233/233 118/118/118
f 233/233/233 176/176/176 118/118/118
f 176/176/176 234/234/234 177/177/177
f 234/234/234 235/235/235 177/177/177
f 177/177/177 235/235/235 178/178/178
f 235/235/235 236/236/236 178/178/178
f 178/178/178 236/236/236 179/179/179
f 236/236/236 237/237/237 179/179/179
f 179/179/179 237/237/237 180/180/180
f 237/237/237 238/238/238 180/180/180
f 180/180/180 238/238/238 181/181/181
f 238/238/238 239/239/239 181/181/181
f 181/181/181 239/239/239 182/182/182
f 239/239/239 240/240/240 182/182/182
f 182/182/182 240/240/240 183/183/183
f 240/240/240 241/241/241 183/183/183
f 183/183/183 241/241/241 184/184/184
f 241/241/241 242/242/242 184/184/184
f 184/184/184 242/242/242 185/185/185
f 242/242/242 243/243/243 185/185/185
f 185/185/185 243/243/243 186/186/186
f 243/243/243 244/244/244 186/186/186
f 186/186/186 244/244/244 187/187/187
f 244/244/244 245/245/245 187/187/187
f 187/187/187 245/245/245 188/188/188
f 245/245/245 246/246/246 188/188/188
f 188/188/188 246/246/246 189/189/189
f 246/246/246 247/247/247 189/189/189
f 189/189/189 247/247/247 190/190/190
f 247/247/247 248/248/248 190/190/190
f 190/190/190 248/248/248 191/191/191
f 248/248/248 249/249/249 191/191/191
f 191/191/191 249/249/249 192/192/192
f 249/249/249 250/250/250 192/192/192
f 192/192/192 250/250/250 193/193/193
f 250/250/250 251/251/251 193/193/193
f 193/193/193 251/251/251 194/194/194
f 251/251/251 252/252/252 194/194/194
f 194/194/194 252/252/252 195/195/195
f 252/252/252 253/253/253 195/195/195
f 195/195/195 253/253/253 196/196/196
f 253/253/253 254/254/254 196/196/196
f 196/196/196 254/254/254 197/197/197
f 254/254/254 255/255/255 197/197/197
f 197/197/197 255/255/255 198/198/198
f 255/255/255 256/256/256 198/198/198
f 198/198/198 256/256/256 199/199/199
f 256/256/256 257/257/257 199/199/199
f 199/199/199 257/257/257 200/200/200
f 257/257/257 258/258/258 200/200/200
f 200/200/200 258/258/258 201/201/201
f 258/258/258 259/259/259 201/201/201
f 201/201/201 259/259/259 202/202/202
f 259/259/259 260/260/260 202/202/202
f 202/202/202 260/260/260 203/203/203
f 260/260/260 261/261/261 203/203/203
f 203/203/203 261/261/261 204/204/204
f 261/261/261 262/262/262 204/204/204
f 204/204/204 262/262/262 205/205/205
f 262/262/262 263/263/263 205/205/205
f 205/205/205 263/263/263 206/206/206
f 263/263/263 264/264/264 206/206/206
f 206/206/206 264/264/264 207/207/207
f 264/264/264 265/265/265 207/207/207
f 207/207/207 265/265/265 208/208/208
f 265/265/265 266/266/266 208/208/208
f 208/208/208 266/266/266 209/209/209
f 266/266/266 267/267/267 209/209/209
f 209/209/209 267/267/267 210/210/210
f 267/267/267 268/268/268 210/210/210
f 210/210/210 268/268/268 211/211/211
f 268/268/268 269/269/269 211/211/211
f 211/211/211 269/269/269 212/212/212
f 269/269/269 270/270/270 212/212/212
f 212/212/212 270/270/270 213/213/213
f 270/270/270 271/271/271 213/213/213
f 213/213/213 271/271/271 214/214/214
f 271/271/271 272/272/272 214/214/214
f 214/214/214 272/272/272 215/215/215
f 272/272/272 273/273/273 215/215/215
f 215/215/215 273/273/273 216/216/216
f 273/273/273 274/274/274 216/216/216
f 216/216/216 274/274/274 217/217/217
f 274/274/274 275/275/275 217/217/217
f 217/217/217 275/275/275 218/218/218
f 275/275/275 276/276/276 218/218/218
f 218/218/218 276/276/276 219/219/219
f 276/276/276 277/277/277 219/219/219
f 219/219/219 277/277/277 220/220/220
f 277/277/277 278/278/278 220/220/220
f 220/220/220 278/278/278 221/221/221
f 278/278/278 279/279/279 221/221/221
f 221/221/221 279/279/279 222/222/222
f 279/279/279 280/280/280 222/222/222
f 222/222/222 280/280/280 223/223/223
f 280/280/280 281/281/281 223/223/223
f 223/223/223 281/281/281 224/224/224
f 281/281/281 282/282/282 224/224/224
f 224/224/224 282/282/282 225/225/225
f 282/282/282 283/283/283 225/225/225
f 225/225/225 283/283/283 226/226/226
f 283/283/283 284/284/284 226/226/226
f 226/226/226 284/284/284 227/227/227
f 284/284/284 285/285/285 227/227/227
f 227/227/227 285/285/285 228/228/228
f 285/285/285 286/286/286 228/228/228
f 228/228/228 286/286/286 229/229/229
f 286/286/286 287/287/287 229/229/229
f 229/229/229 287/287/287 230/230/230
f 287/287/287 288/288/288 230/230/230
f 230/230/230 288/288/288 231/231/231
f 288/288/288 289/289/289 231/231/231
f 231/231/231 289/289/289 232/232/232
f 289/289/289 290/290/290 232/232/232
f 232/232/232 290/290/290 233/233/233
f 290/290/290 291/291/291 233/233/233
f 233/233/233 291/291/291 176/176/176
f 291/291/291 234/234/234 176/176/176
f 234/234/234 292/292/292 235/235/235
f 292/292/292 293/293/293 235/235/235
f 235/235/235 293/293/293 236/236/236
f 293/293/293 294/294/294 236/236/236
f 236/236/236 294/294/294 237/237/237
f 294/294/294 295/295/295 237/237/237
f 237/237/237 295/295/295 238/238/238
f 295/295/295 296/296/296 238/238/238
f 238/238/238 296/296/296 239/239/239
f 296/296/296 297/297/297 239/239/239
f 239/239/239 297/297/297 240/240/240
f 297/297/297 298/298/298 240/240/240
f 240/240/240 298/298/298 241/241/241
f 298/298/298 299/299/299 241/241/241
f 241/241/241 299/299/299 242/242/242
f 299/299/299 300/300/300 242/242/242
f 242/242/242 300/300/300 243/243/243
f 300/300/300 301/301/301 243/243/243
f 243/243/243 301/301/301 244/244/244
f 301/301/301 302/302/302 244/244/244
f 244/244/244 302/302/302 245/245/245
f 302/302/302 303/303/303 245/245/245
f 245/245/245 303/303/303 246/246/246
f 303/303/303 304/304/304 246/246/246
f 246/246/246 304/304/304 247/247/247
f 304/304/304 305/305/305 247/247/247
f 247/247/247 305/305/305 248/248/248
f 305/305/305 306/306/306 248/248/248
f 248/248/248 306/306/306 249/249/249
f 306/306/306 307/307/307 249/249/249
f 249/249/249 307/307/307 250/250/250
f 307/307/307 308/308/308 250/250/250
f 250/250/250 308/308/308 251/251/251
f 308/308/308 309/309/309 251/251/251
f 251/251/251 309/309/309 252/252/252
f 309/309/309 310/310/310 252/252/252
f 252/252/252 310/310/310 253/253/253
f 310/310/310 311/311/311 253/253/253
f 253/253/253 311/311/311 254/254/254
f 311/311/311 312/312/312 254/254/254
f 254/254/254 312/312/312 255/255/255
f 312/312/312 313/313/313 255/255/255
f 255/255/255 313/313/313 256/256/256
f 313/313/313 314/314/314 256/256/256
f 256/256/256 314/314/314 257/257/257
f 314/314/314 315/315/315 257/257/257
f 257/257/257 315/315/315 258/258/258
f 315/315/315 316/316/316 258/258/258
f 258/258/258 316/316/316 259/259/259
f 316/316/316 317/317/317 259/259/259
f 259/259/259 317/317/317 260/260/260
f 317/317/317 318/318/318 260/260/260
f 260/260/260 318/318/318 261/261/261
f 318/318/318 319/319/319 261/261/261
f 261/261/261 319/319/319 262/262/262
f 319/319/319 320/320/320 262/262/262
f 262/262/262 320/320/320 263/263/263
f 320/320/320 321/321/321 263/263/263
f 263/263/263 321/321/321 264/264/264
f 321/321/321 322/322/322 264/264/264
f 264/264/264 322/322/322 265/265/265
f 322/322/322 323/323/323 265/265/265
f 265/265/265 323/323/323 266/266/266
f 323/323/323 324/324/324 266/266/266
f 266/266/266 324/324/324 267/267/267
f 324/324/324 325/325/325 267/267/267
f 267/267/267 325/325/325 268/268/268
f 325/325/325 326/326/326 268/268/268
f 268/268/268 326/326/326 269/269/269
f 326/326/326 327/327/327 269/269/269
f 269/269/269 327/327/327 270/270/270
f 327/327/327 328/328/328 270/270/270
f 270/270/270 328/328/328 271/271/271
f 328/328/328 329/329/329 271/271/271
f 271/271/271 329/329/329 272/272/272
f 329/329/329 330/330/330 272/272/272
f 272/272/272 330/330/330 273/273/273
f 330/330/330 331/331/331 273/273/273
f 273/273/273 331/331/331 274/274/274
f 331/331/331 332/332/332 274/274/274
f 274/274/274 332/332/332 275/275/275
f 332/332/332 333/333/333 275/275/275
f 275/275/275 333/333/333 276/276/276
f 333/333/333 334/334/334 276/276/276
f 276/276/276 334/334/334 277/277/277
f 334/334/334 335/335/335 277/277/277
f 277/277/277 335/335/335 278/278/278
f 335/335/335 336/336/336 278/278/278
f 278/278/278 336/336/336 279/279/279
f 336/336/336 337/337/337 279/279/279
f 279/279/279 337/337/337 280/280/280
f 337/337/337 338/338/338 280/280/280
f 280/280/280 338/338/338 281/281/281
f 338/338/338 339/339/339 281/281/281
f 281/281/281 339/339/339 282/282/282
f 339/339/339 340/340/340 282/282/282
f 282/282/282 340/340/340 283/283/283
f 340/340/340 341/341/341 283/283/283
f 283/283/283 341/341/341 284/284/284
f 341/341/341 342/342/342 284/284/284
f 284/284/284 342/342/342 285/285/285
f 342/342/342 343/343/343 285/285/285
f 285/285/285 343/343/343 286/286/286
f 343/343/343 344/344/344 286/286/286
f 286/286/286 344/344/344 287/287/287
f 344/344/344 345/345/345 287/287/287
f 287/287/287 345/345/345 288/288/288
f 345/345/345 346/346/346 288/288/288
f 288/288/288 346/346/346 289/289/289
f 346/346/346 347/347/347 289/289/289
f 289/289/289 347/347/347 290/290/290
f 347/347/347 348/348/348 290/290/290
f 290/290/290 348/348/348 291/291/291
f 348/348/348 349/349/349 291/291/291
f 291/291/291 349/349/349 234/234/234
f 349/349/349 292/292/292 234/234/234
f 292/292/292 350/350/350 293/293/293
f 350/350/350 351/351/351 293/293/293
f 293/293/293 351/351/351 294/294/294
f 351/351/351 352/352/352 294/294/294
f 294/294/294 352/352/352 295/295/295
f 352/352/352 353/353/353 295/295/295
f 295/295/295 353/353/353 296/296/296
f 353/353/353 354/354/354 296/296/296
f 296/296/296 354/354/354 297/297/297
f 354/354/354 355/355/355 297/297/297
f 297/297/297 355/355/355 298/298/298
f 355/355/355 356/356/356 298/298/298
f 298/298/298 356/356/356 299/299/299
f 356/356/356 357/357/357 299/299/299
f 299/299/299 357/357/357 300/300/300
f 357/357/357 358/358/358 300/300/300
f 300/300/300 358/358/358 301/301/301
f 358/358/358 359/359/359 301/301/301
f 301/301/301 359/359/359 302/302/302
f 359/359/359 360/360/360 302/302/302
f 302/302/302 360/360/360 303/303/303
f 360/360/360 361/361/361 303/303/303
f 303/303/303 361/361/361 304/304/304
f 361/361/361 362/362/362 304/304/304
f 304/304/304 362/362/362 305/305/305
f 362/362/362 363/363/363 305/305/305
f 305/305/305 363/363/363 306/306/306
f 363/363/363 364/364/364 306/306/306
f 306/306/306 364/364/364 307/307/307
f 364/364/364 365/365/365 307/307/307
f 307/307/307 365/365/365 308/308/308
f 365/365/365 366/366/366 308/308/308
f 308/308/308 366/366/366 309/309/309
f 366/366/366 367/367/367 309/309/309
f 309/309/309 367/367/367 310/310/310
f 367/367/367 368/368/368 310/310/310
f 310/310/310 368/368/368 311/311/311
f 368/368/368 369/369/369 311/311/311
f 311/311/311 369/369/369 312/312/312
f 369/369/369 370/370/370 312/312/312
f 312/312/312 370/370/370 313/313/313
f 370/370/370 371/371/371 313/313/313
f 313/313/313 371/371/371 314/314/314
f 371/371/371 372/372/372 314/314/314
f 314/314/314 372/372/372 315/315/315
f 372/372/372 373/373/373 315/315/315
f 315/315/315 373/373/373 316/316/316
f 373/373/373 374/374/374 316/316/316
f 316/316/316 374/374/374 317/317/317
f 374/374/374 375/375/375 317/317/317
f 317/317/317 375/375/375 318/318/318
f 375/375/375 376/376/376 318/318/318
f 318/318/318 376/376/376 319/319/319
f 376/376/376 377/377/377 319/319/319
f 319/319/319 377/377/377 320/320/320
f 377/377/377 378/378/378 320/320/320
f 320/320/320 378/378/378 321/321/321
f 378/378/378 379/379/379 321/321/321
f 321/321/321 379/379/379 322/322/322
f 379/379/379 380/380/380 322/322/322
f 322/322/322 380/380/380 323/323/323
f 380/380/380 381/381/381 323/323/323
f 323/323/323 381/381/381 324/324/324
f 381/381/381 382/382/382 324/324/324
f 324/324/324 382/382/382 325/325/325
f 382/382/382 383/383/383 325/325/325
f 325/325/325 383/383/383 326/326/326
f 383/383/383 384/384/384 326/326/326
f 326/326/326 384/384/384 327/327/327
f 384/384/384 385/385/385 327/327/327
f 327/327/327 385/385/385 328/328/328
f 385/385/385 386/386/386 328/328/328
f 328/328/328 386/386/386 329/329/329
f 386/386/386 387/387/387 329/329/329
f 329/329/329 387/387/387 330/330/330
f 387/387/387 388/388/388 330/330/330
f 330/330/330 388/388/388 331/331/331
f 388/388/388 389/389/389 331/331/331
f 331/331/331 389/389/389 332/332/332
f 389/389/389 390/390/390 332/332/332
f 332/332/332 390/390/390 333/333/333
f 390/390/390 391/391/391 333/333/333
f 333/333/333 391/391/391 334/334/334
f 391/391/391 392/392/392 334/334/334
f 334/334/334 392/392/392 335/335/335
f 392/392/392 393/393/393 335/335/335
f 335/335/335 393/393/393 336/336/336
f 393/393/393 394/394/394 336/336/336
f 336/336/336 394/394/394 337/337/337
f 394/394/394 395/395/395 337/337/337
f 337/337/337 395/395/395 338/338/338
f 395/395/395 396/396/396 338/338/338
f 338/338/338 396/396/396 339/339/339
f 396/396/396 397/397/397 339/339/339
f 339/339/339 397/397/397 340/340/340
f 397/397/397 398/398/398 340/340/340
f 340/340/340 398/398/398 341/341/341
f 398/398/398 399/399/399 341/341/341
f 341/341/341 399/399/399 342/342/342
f 399/399/399 400/400/400 342/342/342
f 342/342/342 400/400/400 343/343/343
f 400/400/400 401/401/401 343/343/343
f 343/343/343 401/401/401 344/344/344
f 401/401/401 402/402/402 344/344/344
f 344/344/344 402/402/402 345/345/345
f 402/402/402 403/403/403 345/345/345
f 345/345/345 403/403/403 346/346/346
f 403/403/403 404/404/404 346/346/346
f 346/346/346 404/404/404 347/347/347
f 404/404/404 405/405/405 347/347/347
f 347/347/347 405/405/405 348/348/348
f 405/405/405 406/406/406 348/348/348
f 348/348/348 406/406/406 349/349/349
f 406/406/406 407/407/407 349/349/349
f 349/349/349 407/407/407 292/292/292
f 407/407/407 350/350/350 292/292/292
f 350/350/350 408/408/408 351/351/351
f 408/408/408 409/409/409 351/351/351
f 351/351/351 409/409/409 352/352/352
f 409/409/409 410/410/410 352/352/352
f 352/352/352 410/410/410 353/353/353
f 410/410/410 411/411/411 353/353/353
f 353/353/353 411/411/411 354/354/354
f 411/411/411 412/412/412 354/354/354
f 354/354/354 412/412/412 355/355/355
f 412/412/412 413/413/413 355/355/355
f 355/355/355 413/413/413 356/356/356
f 413/413/413 414/414/414 356/356/356
f 356/356/356 414/414/414 357/357/357
f 414/414/414 415/415/415 357/357/357
f 357/357/357 415/415/415 358/358/358
f 415/415/415 416/416/416 358/358/358
f 358/358/358 416/416/416 359/359/359
f 416/416/416 417/417/417 359/359/359
f 359/359/359 417/417/417 360/360/360
f 417/417/417 418/418/418 360/360/360
f 360/360/360 418/418/418 361/361/361
f 418/418/418 419/419/419 361/361/361
f 361/361/361 419/419/419 362/362/362
f 419/419/419 420/420/420 362/362/362
f 362/362/362 420/420/420 363/363/363
f 420/420/420 421/421/421 363/363/363
f 363/363/363 421/421/421 364/364/364
f 421/421/421 422/422/422 364/364/364
f 364/364/364 422/422/422 365/365/365
f 422/422/422 423/423/423 365/365/365
f 365/365/365 423/423/423 366/366/366
f 423/423/423 424/424/424 366/366/366
f 366/366/366 424/424/424 367/367/367
f 424/424/424 425/425/425 367/367/367
f 367/367/367 425/425/425 368/368/368
f 425/425/425 426/426/426 368/368/368
f 368/368/368 426/426/426 369/369/369
f 426/426/426 427/427/427 369/369/369
f 369/369/369 427/427/427 370/370/370
f 427/427/427 428/428/428 370/370/370
f 370/370/370 428/428/428 371/371/371
f 428/428/428 429/429/429 371/371/371
f 371/371/371 429/429/429 372/372/372
f 429/429/429 430/430/430 372/372/372
f 372/372/372 430/430/430 373/373/373
f 430/430/430 431/431/431 373/373/373
f 373/373/373 431/431/431 374/374/374
f 431/431/431 432/432/432 374/374/374
f 374/374/374 432/432/432 375/375/375
f 432/432/432 433/433/433 375/375/375
f 375/375/375 433/433/433 376/376/376
f 433/433/433 434/434/434 376/376/376
f 376/376/376 434/434/434 377/377/377
f 434/434/434 435/435/435 377/377/377
f 377/377/377 435/435/435 378/378/378
f 435/435/435 436/436/436 378/378/378
f 378/378/378 436/436/436 379/379/379
f 436/436/436 437/437/437 379/379/379
f 379/379/379 437/437/437 380/380/380
f 437/437/437 438/438/438 380/380/380
f 380/380/380 438/438/438 381/381/381
f 438/438/438 439/439/439 381/381/381
f 381/381/381 439/439/439 382/382/382
f 439/439/439 440/440/440 382/382/382
f 382/382/382 440/440/440 383/383/383
f 440/440/440 441/441/441 383/383/383
f 383/383/383 441/441/441 384/384/384
f 441/441/441 442/442/442 384/384/384
f 384/384/384 442/442/442 385/385/385
f 442/442/442 443/443/443 385/385/385
f 385/385/385 443/443/443 386/386/386
f 443/443/443 444/444/444 386/386/386
f 386/386/386 444/444/444 387/387/387
f 444/444/444 445/445/445 387/387/387
f 387/387/387 445/445/445 388/388/388
f 445/445/445 446/446/446 388/388/388
f 388/388/388 446/446/446 389/389/389
f 446/446/446 447/447/447 389/389/389
f 389/389/389 447/447/447 390/390/390
f 447/447/447 448/448/448 390/390/390
f 390/390/390 448/448/448 391/391/391
f 448/448/448 449/449/449 391/391/391
f 391/391/391 449/449/449 392/392/392
f 449/449/449 450/450/450 392/392/392
f 392/392/392 450/450/450 393/393/393
f 450/450/450 451/451/451 393/393/393
f 393/393/393 451/451/451 394/394/394
f 451/451/451 452/452/452 394/394/394
f 394/394/394 452/452/452 395/395/395
f 452/452/452 453/453/453 395/395/395
f 395/395/395 453/453/453 396/396/396
f 453/453/453 454/454/454 396/396/396
f 396/396/396 454/454/454 397/397/397
f 454/454/454 455/455/455 397/397/397
f 397/397/397 455/455/455 398/398/398
f 455/455/455 456/456/456 398/398/398
f 398/398/398 456/456/456 399/399/399
f 456/456/456 457/457/457 399/399/399
f 399/399/399 457/457/457 400/400/400
f 457/457/457 458/458/458 400/400/400
f 400/400/400 458/458/458 401/401/401
f 458/458/458 459/459/459 401/401/401
f 401/401/401 459/459/459 402/402/402
f 459/459/459 460/460/460 402/402/402
f 402/402/402 460/460/460 403/403/403
f 460/460/460 461/461/461 403/403/403
f 403/403/403 461/461/461 404/404/404
f 461/461/461 462/462/462 404/404/404
f 404/404/404 462/462/462 405/405/405
f 462/462/462 463/463/463 405/405/405
f 405/405/405 463/463/463 406/406/406
f 463/463/463 464/464/464 406/406/406
f 406/406/406 464/464/464 407/407/407
f 464/464/464 465/465/465 407/407/407
f 407/407/407 465/465/465 350/350/350
f 465/465/465 408/408/408 350/350/350
f 408/408/408 466/466/466 409/409/409
f 466/466/466 467/467/467 409/409/409
f 409/409/409 467/467/467 410/410/410
f 467/467/467 468/468/468 410/410/410
f 410/410/410 468/468/468 411/411/411
f 468/468/468 469/469/469 411/411/411
f 411/411/411 469/469/469 412/412/412
f 469/469/469 470/470/470 412/412/412
f 412/412/412 470/470/470 413/413/413
f 470/470/470 471/471/471 413/413/413
f 413/413/413 471/471/471 414/414/414
f 471/471/471 472/472/472 414/414/414
f 414/414/414 472/472/472 415/415/415
f 472/472/472 473/473/473 415/415/415
f 415/415/415 473/473/473 416/416/416
f 473/473/473 474/474/474 416/416/416
f 416/416/416 474/474/474 417/417/417
f 474/474/474 475/475/475 417/417/417
f 417/417/417 475/475/475 418/418/418
f 475/475/475 476/476/476 418/418/418
f 418/418/418 476/476/476 419/419/419
f 476/476/476 477/477/477 419/419/419
f 419/419/419 477/477/477 420/420/420
f 477/477/477 478/478/478 420/420/420
f 420/420/420 478/478/478 421/421/421
f 478/478/478 479/479/479 421/421/421
f 421/421/421 479/479/479 422/422/422
f 479/479/479 480/480/480 422/422/422
f 422/422/422 480/480/480 423/423/423
f 480/480/480 481/481/481 423/423/423
f 423/423/423 481/481/481 424/424/424
f 481/481/481 482/482/482 424/424/424
f 424/424/424 482/482/482 425/425/425
f 482/482/482 483/483/483 425/425/425
f 425/425/425 483/483/483 426/426/426
f 483/483/483 484/484/484 426/426/426
f 426/426/426 484/484/484 427/427/427
f 484/484/484 485/485/485 427/427/427
f 427/427/427 485/485/485 428/428/428
f 485/485/485 486/486/486 428/428/428
f 428/428/428 486/486/486 429/429/429
f 486/486/486 487/487/487 429/429/429
f 429/429/429 487/487/487 430/430/430
f 487/487/487 488/488/488 430/430/430
f 430/430/430 488/488/488 431/431/431
f 488/488/488 489/489/489 431/431/431
f 431/431/431 489/489/489 432/432/432
f 489/489/489 490/490/490 432/432/432
f 432/432/432 490/490/490 433/433/433
f 490/490/490 491/491/491 433/433/433
f 433/433/433 491/491/491 434/434/434
f 491/491/491 492/492/492 434/434/434
f 434/434/434 492/492/492 435/435/435
f 492/492/492 493/493/493 435/435/435
f 435/435/435 493/493/493 436/436/436
f 493/493/493 494/494/494 436/436/436
f 436/436/436 494/494/494 437/437/437
f 494/494/494 495/495/495 437/437/437
f 437/437/437 495/495/495 438/438/438
f 495/495/495 496/496/496 438/438/438
f 438/438/438 496/496/496 439/439/439
f 496/496/496 497/497/497 439/439/439
f 439/439/439 497/497/497 440/440/440
f 497/497/497 498/498/498 440/440/440
f 440/440/440 498/498/498 441/441/441
f 498/498/498 499/499/499 441/441/441
f 441/441/441 499/499/499 442/442/442
f 499/499/499 500/500/500 442/442/442
f 442/442/442 500/500/500 443/443/443
f 500/500/500 501/501/501 443/443/443
f 443/443/443 501/501/501 444/444/444
f 501/501/501 502/502/502 444/444/444
f 444/444/444 502/502/502 445/445/445
f 502/502/502 503/503/503 445/445/445
f 445/445/445 503/503/503 446/446/446
f 503/503/503 504/504/504 446/446/446
f 446/446/446 504/504/504 447/447/447
f 504/504/504 505/505/505 447/447/447
f 447/447/447 505/505/505 448/448/448
f 505/505/505 506/506/506 448/448/448
f 448/448/448 506/506/506 449/449/449
f 506/506/506 507/507/507 449/449/449
f 449/449/449 507/507/507 450/450/450
f 507/507/507 508/508/508 450/450/450
f 450/450/450 508/508/508 451/451/451
f 508/508/508 509/509/509 451/451/451
f 451/451/451 509/509/509 452/452/452
f 509/509/509 510/510/510 452/452/452
f 452/452/452 510/510/510 453/453/453
f 510/510/510 511/511/511 453/453/453
f 453/453/453 511/511/511 454/454/454
f 511/511/511 512/512/512 454/454/454
f 454/454/454 512/512/512 455/455/455
f 512/512/512 513/513/513 455/455/455
f 455/455/455 513/513/513 456/456/456
f 513/513/513 514/514/514 456/456/456
f 456/456/456 514/514/514 457/457/457
f 514/514/514 515/515/515 457/457/457
f 457/457/457 515/515/515 458/458/458
f 515/515/515 516/516/516 458/458/458
f 458/458/458 516/516/516 459/459/459
f 516/516/516 517/517/517 459/459/459
f 459/459/459 517/517/517 460/460/460
f 517/517/517 518/518/518 460/460/460
f 460/460/460 518/518/518 461/461/461
f 518/518/518 519/519/519 461/461/461
f 461/461/461 519/519/519 462/462/462
f 519/519/519 520/520/520 462/462/462
f 462/462/462 520/520/520 463/463/463
f 520/520/520 521/521/521 463/463/463
f 463/463/463 521/521/521 464/464/464
f 521/521/521 522/522/522 464/464/464
f 464/464/464 522/522/522 465/465/465
f 522/522/522 523/523/523 465/465/465
f 465/465/465 523/523/523 408/408/408
f 523/523/523 466/466/466 408/408/408
f 466/466/466 524/524/524 467/467/467
f 524/524/524 525/525/525 467/467/467
f 467/467/467 525/525/525 468/468/468
f 525/525/525 526/526/526 468/468/468
f 468/468/468 526/526/526 469/469/469
f 526/526/526 527/527/527 469/469/469
f 469/469/469 527/527/527 470/470/470
f 527/527/527 528/528/528 470/470/470
f 470/470/470 528/528/528 471/471/471
f 528/528/528 529/529/529 471/471/471
f 471/471/471 529/529/529 472/472/472
f 529/529/529 530/530/530 472/472/472
f 472/472/472 530/530/530 473/473/473
f 530/530/530 531/531/531 473/473/473
f 473/473/473 531/531/531 474/474/474
f 531/531/531 532/532/532 474/474/474
f 474/474/474 532/532/532 475/475/475
f 532/532/532 533/533/533 475/475/475
f 475/475/475 533/533/533 476/476/476
f 533/533/533 534/534/534 476/476/476
f 476/476/476 534/534/534 477/477/477
f 534/534/534 535/535/535 477/477/477
f 477/477/477 535/535/535 478/478/478
f 535/535/535 536/536/536 478/478/478
f 478/478/478 536/536/536 479/479/479
f 536/536/536 537/537/537 479/479/479
f 479/479/479 537/537/537 480/480/480
f 537/537/537 538/538/538 480/480/480
f 480/480/480 538/538/538 481/481/481
f 538/538/538 539/539/539 481/481/481
f 481/481/481 539/539/539 482/482/482
f 539/539/539 540/540/540 482/482/482
f 482/482/482 540/540/540 483/483/483
f 540/540/540 541/541/541 483/483/483
f 483/483/483 541/541/541 484/484/484
f 541/541/541 542/542/542 484/484/484
f 484/484/484 542/542/542 485/485/485
f 542/542/542 543/543/543 485/485/485
f 485/485/485 543/543/543 486/486/486
f 543/543/543 544/544/544 486/486/486
f 486/486/486 544/544/544 487/487/487
f 544/544/544 545/545/545 487/487/487
f 487/487/487 545/545/545 488/488/488
f 545/545/545 546/546/546 488/488/488
f 488/488/488 546/546/546 489/489/489
f 546/546/546 547/547/547 489/489/489
f 489/489/489 547/547/547 490/490/490
f 547/547/547 548/548/548 490/490/490
f 490/490/490 548/548/548 491/491/491
f 548/548/548 549/549/549 491/491/491
f 491/491/491 549/549/549 492/492/492
f 549/549/549 550/550/550 492/492/492
f 492/492/492 550/550/550 493/493/493
f 550/550/550 551/551/551 493/493/493
f 493/493/493 551/551/551 494/494/494
f 551/551/551 552/552/552 494/494/494
f 494/494/494 552/552/552 495/495/495
f 552/552/552 553/553/553 495/495/495
f 495/495/495 553/553/553 496/496/496
f 553/553/553 554/554/554 496/496/496
f 496/496/496 554/554/554 497/497/497
f 554/554/554 555/555/555 497/497/497
f 497/497/497 555/555/555 498/498/498
f 555/555/555 556/556/556 498/498/498
f 498/498/498 556/556/556 499/499/499
f 556/556/556 557/557/557 499/499/499
f 499/499/499 557/557/557 500/500/500
f 557/557/557 558/558/558 500/500/500
f 500/500/500 558/558/558 501/501/501
f 558/558/558 559/559/559 501/501/501
f 501/501/501 559/559/559 502/502/502
f 559/559/559 560/560/560 502/502/502
f 502/502/502 560/560/560 503/503/503
f 560/560/560 561/561/561 503/503/503
f 503/503/503 561/561/561 504/504/504
f 561/561/561 562/562/562 504/504/504
f 504/504/504 562/562/562 505/505/505
f 562/562/562 563/563/563 505/505/505
f 505/505/505 563/563/563 506/506/506
f 563/563/563 564/564/564 506/506/506
f 506/506/506 564/564/564 507/507/507
f 564/564/564 565/565/565 507/507/507
f 507/507/507 565/565/565 508/508/508
f 565/565/565 566/566/566 508/508/508
f 508/508/508 566/566/566 509/509/509
f 566/566/566 567/567/567 509/509/509
f 509/509/509 567/567/567 510/510/510
f 567/567/567 568/568/568 510/510/510
f 510/510/510 568/568/568 511/511/511
f 568/568/568 569/569/569 511/511/511
f 511/511/511 569/569/569 512/512/512
f 569/569/569 570/570/570 512/512/512
f 512/512/512 570/570/570 513/513/513
f 570/570/570 571/571/571 513/513/513
f 513/513/513 571/571/571 514/514/514
f 571/571/571 572/572/572 514/514/514
f 514/514/514 572/572/572 515/515/515
f 572/572/572 573/573/573 515/515/515
f 515/515/515 573/573/573 516/516/516
f 573/573/573 574/574/574 516/516/516
f 516/516/516 574/574/574 517/517/517
f 574/574/574 575/575/575 517/517/517
f 517/517/517 575/575/575 518/518/518
f 575/575/575 576/576/576 518/518/518
f 518/518/518 576/576/576 519/519/519
f 576/576/576 577/577/577 519/519/519
f 519/519/519 577/577/577 520/520/520
f 577/577/577 578/578/578 520/520/520
f 520/520/520 578/578/578 521/521/521
f 578/578/578 579/579/579 521/521/521
f 521/521/521 579/579/579 522/522/522
f 579/579/579 580/580/580 522/522/522
f 522/522/522 580/580/580 523/523/523
f 580/580/580 581/581/581 523/523/523
f 523/523/523 581/581/581 466/466/466
f 581/581/581 524/524/524 466/466/466
f 524/524/524 582/582/582 525/525/525
f 582/582/582 583/583/583 525/525/525
f 525/525/525 583/583/583 526/526/526
f 583/583/583 584/584/584 526/526/526
f 526/526/526 584/584/584 527/527/527
f 584/584/584 585/585/585 527/527/527
f 527/527/527 585/585/585 528/528/528
f 585/585/585 586/586/586 528/528/528
f 528/528/528 586/586/586 529/529/529
f 586/586/586 587/587/587 529/529/529
f 529/529/529 587/587/587 530/530/530
f 587/587/587 588/588/588 530/530/530
f 530/530/530 588/588/588 531/531/531
f 588/588/588 589/589/589 531/531/531
f 531/531/531 589/589/589 532/532/532
f 589/589/589 590/590/590 532/532/532
f 532/532/532 590/590/590 533/533/533
f 590/590/590 591/591/591 533/533/533
f 533/533/533 591/591/591 534/534/534
f 591/591/591 592/592/592 534/534/534
f 534/534/534 592/592/592 535/535/535
f 592/592/592 593/593/593 535/535/535
f 535/535/535 593/593/593 536/536/536
f 593/593/593 594/594/594 536/536/536
f 536/536/536 594/594/594 537/537/537
f 594/594/594 595/595/595 537/537/537
f 537/537/537 595/595/595 538/538/538
f 595/595/595 596/596/596 538/538/538
f 538/538/538 596/596/596 539/539/539
f 596/596/596 597/597/597 539/539/539
f 539/539/539 597/597/597 540/540/540
f 597/597/597 598/598/598 540/540/540
f 540/540/540 598/598/598 541/541/541
f 598/598/598 599/599/599 541/541/541
f 541/541/541 599/599/599 542/542/542
f 599/599/599 600/600/600 542/542/542
f 542/542/542 600/600/600 543/543/543
f 600/600/600 601/601/601 543/543/543
f 543/543/543 601/601/601 544/544/544
f 601/601/601 602/602/602 544/544/544
f 544/544/544 602/602/602 545/545/545
f 602/602/602 603/603/603 545/545/545
f 545/545/545 603/603/603 546/546/546
f 603/603/603 604/604/604 546/546/546
f 546/546/546 604/604/604 547/547/547
f 604/604/604 605/605/605 547/547/547
f 547/547/547 605/605/605 548/548/548
f 605/605/605 606/606/606 548/548/548
f 548/548/548 606/606/606 549/549/549
f 606/606/606 607/607/607 549/549/549
f 549/549/549 607/607/607 550/550/550
f 607/607/607 608/608/608 550/550/550
f 550/550/550 608/608/608 551/551/551
f 608/608/608 609/609/609 551/551/551
f 551/551/551 609/609/609 552/552/552
f 609/609/609 610/610/610 552/552/552
f 552/552/552 610/610/610 553/553/553
f 610/610/610 611/611/611 553/553/553
f 553/553/553 611/611/611 554/554/554
f 611/611/611 612/612/612 554/554/554
f 554/554/554 612/612/612 555/555/555
f 612/612/612 613/613/613 555/555/555
f 555/555/555 613/613/613 556/556/556
f 613/613/613 614/614/614 556/556/556
f 556/556/556 614/614/614 557/557/557
f 614/614/614 615/615/615 557/557/557
f 557/557/557 615/615/615 558/558/558
f 615/615/615 616/616/616 558/558/558
f 558/558/558 616/616/616 559/559/559
f 616/616/616 617/617/617 559/559/559
f 559/559/559 617/617/617 560/560/560
f 617/617/617 618/618/618 560/560/560
f 560/560/560 618/618/618 561/561/561
f 618/618/618 619/619/619 561/561/561
f 561/561/561 619/619/619 562/562/562
f 619/619/619 620/620/620 562/562/562
f 562/562/562 620/620/620 563/563/563
f 620/620/620 621/621/621 563/563/563
f 563/563/563 621/621/621 564/564/564
f 621/621/621 622/622/622 564/564/564
f 564/564/564 622/622/622 565/565/565
f 622/622/622 623/623/623 565/565/565
f 565/565/565 623/623/623 566/566/566
f 623/623/623 624/624/624 566/566/566
f 566/566/566 624/624/624 567/567/567
f 624/624/624 625/625/625 567/567/567
f 567/567/567 625/625/625 568/568/568
f 625/625/625 626/626/626 568/568/568
f 568/568/568 626/626/626 569/569/569
f 626/626/626 627/627/627 569/569/569
f 569/569/569 627/627/627 570/570/570
f 627/627/627 628/628/628 570/570/570
f 570/570/570 628/628/628 571/571/571
f 628/628/628 629/629/629 571/571/571
f 571/571/571 629/629/629 572/572/572
f 629/629/629 630/630/630 572/572/572
f 572/572/572 630/630/630 573/573/573
f 630/630/630 631/631/631 573/573/573
f 573/573/573 631/631/631 574/574/574
f 631/631/631 632/632/632 574/574/574
f 574/574/574 632/632/632 575/575/575
f 632/632/632 633/633/633 575/575/575
f 575/575/575 633/633/633 576/576/576
f 633/633/633 634/634/634 576/576/576
f 576/576/576 634/634/634 577/577/577
f 634/634/634 635/635/635 577/577/577
f 577/577/577 635/635/635 578/578/578
f 635/635/635 636/636/636 578/578/578
f 578/578/578 636/636/636 579/579/579
f 636/636/636 637/637/637 579/579/579
f 579/579/579 637/637/637 580/580/580
f 637/637/637 638/638/638 580/580/580
f 580/580/580 638/638/638 581/581/581
f 638/638/638 639/639/639 581/581/581
f 581/581/581 639/639/639 524/524/524
f 639/639/639 582/582/582 524/524/524
f 582/582/582 640/640/640 583/583/583
f 640/640/640 641/641/641 583/583/583
f 583/583/583 641/641/641 584/584/584
f 641/641/641 642/642/642 584/584/584
f 584/584/584 642/642/642 585/585/585
f 642/642/642 643/643/643 585/585/585
f 585/585/585 643/643/643 586/586/586
f 643/643/643 644/644/644 586/586/586
f 586/586/586 644/644/644 587/587/587
f 644/644/644 645/645/645 587/587/587
f 587/587/587 645/645/645 588/588/588
f 645/645/645 646/646/646 588/588/588
f 588/588/588 646/646/646 589/589/589
f 646/646/646 647/647/647 589/589/589
f 589/589/589 647/647/647 590/590/590
f 647/647/647 648/648/648 590/590/590
f 590/590/590 648/648/648 591/591/591
f 648/648/648 649/649/649 591/591/591
f 591/591/591 649/649/649 592/592/592
f 649/649/649 650/650/650 592/592/592
f 592/592/592 650/650/650 593/593/593
f 650/650/650 651/651/651 593/593/593
f 593/593/593 651/651/651 594/594/594
f 651/651/651 652/652/652 594/594/594
f 594/594/594 652/652/652 595/595/595
f 652/652/652 653/653/653 595/595/595
f 595/595/595 653/653/653 596/596/596
f 653/653/653 654/654/654 596/596/596
f 596/596/596 654/654/654 597/597/597
f 654/654/654 655/655/655 597/597/597
f 597/597/597 655/655/655 598/598/598
f 655/655/655 656/656/656 598/598/598
f 598/598/598 656/656/656 599/599/599
f 656/656/656 657/657/657 599/599/599
f 599/599/599 657/657/657 600/600/600
f 657/657/657 658/658/658 600/600/600
f 600/600/600 658/658/658 601/601/601
f 658/658/658 659/659/659 601/601/601
f 601/601/601 659/659/659 602/602/602
f 659/659/659 660/660/660 602/602/602
f 602/602/602 660/660/660 603/603/603
f 660/660/660 661/661/661 603/603/603
f 603/603/603 661/661/661 604/604/604
f 661/661/661 662/662/662 604/604/604
f 604/604/604 662/662/662 605/605/605
f 662/662/662 663/663/663 605/605/605
f 605/605/605 663/663/663 606/606/606
f 663/663/663 664/664/664 606/606/606
f 606/606/606 664/664/664 607/607/607
f 664/664/664 665/665/665 607/607/607
f 607/607/607 665/665/665 608/608/608
f 665/665/665 666/666/666 608/608/608
f 608/608/608 666/666/666 609/609/609
f 666/666/666 667/667/667 609/609/609
f 609/609/609 667/667/667 610/610/610
f 667/667/667 668/668/668 610/610/610
f 610/610/610 668/668/668 611/611/611
f 668/668/668 669/669/669 611/611/611
f 611/611/611 669/669/669 612/612/612
f 669/669/669 670/670/670 612/612/612
f 612/612/612 670/670/670 613/613/613
f 670/670/670 671/671/671 613/613/613
f 613/613/613 671/671/671 614/614/614
f 671/671/671 672/672/672 614/614/614
f 614/614/614 672/672/672 615/615/615
f 672/672/672 673/673/673 615/615/615
f 615/615/615 673/673/673 616/616/616
f 673/673/673 674/674/674 616/616/616
f 616/616/616 674/674/674 617/617/617
f 674/674/674 675/675/675 617/617/617
f 617/617/617 675/675/675 618/618/618
f 675/675/675 676/676/676 618/618/618
f 618/618/618 676/676/676 619/619/619
f 676/676/676 677/677/677 619/619/619
f 619/619/619 677/677/677 620/620/620
f 677/677/677 678/678/678 620/620/620
f 620/620/620 678/678/678 621/621/621
f 678/678/678 679/679/679 621/621/621
f 621/621/621 679/679/679 622/622/622
f 679/679/679 680/680/680 622/622/622
f 622/622/622 680/680/680 623/623/623
f 680/680/680 681/681/681 623/623/623
f 623/623/623 681/681/681 624/624/624
f 681/681/681 682/682/682 624/624/624
f 624/624/624 682/682/682 625/625/625
f 682/682/682 683/683/683 625/625/625
f 625/625/625 683/683/683 626/626/626
f 683/683/683 684/684/684 626/626/626
f 626/626/626 684/684/684 627/627/627
f 684/684/684 685/685/685 627/627/627
f 627/627/627 685/685/685 628/628/628
f 685/685/685 686/686/686 628/628/628
f 628/628/628 686/686/686 629/629/629
f 686/686/686 687/687/687 629/629/629
f 629/629/629 687/687/687 630/630/630
f 687/687/687 688/688/688 630/630/630
f 630/630/630 688/688/688 631/631/631
f 688/688/688 689/689/689 631/631/631
f 631/631/631 689/689/689 632/632/632
f 689/689/689 690/690/690 632/632/632
f 632/632/632 690/690/690 633/633/633
f 690/690/690 691/691/691 633/633/633
f 633/633/633 691/691/691 634/634/634
f 691/691/691 692/692/692 634/634/634
f 634/634/634 692/692/692 635/635/635
f 692/692/692 693/693/693 635/635/635
f 635/635/635 693/693/693 636/636/636
f 693/693/693 694/694/694 636/636/636
f 636/636/636 694/694/694 637/637/637
f 694/694/694 695/695/695 637/637/637
f 637/637/637 695/695/695 638/638/638
f 695/695/695 696/696/696 638/638/638
f 638/638/638 696/696/696 639/639/639
f 696/696/696 697/697/697 639/639/639
f 639/639/639 697/697/697 582/582/582
f 697/697/697 640/640/640 582/582/582
f 640/640/640 698/698/698 641/641/641
f 698/698/698 699/699/699 641/641/641
f 641/641/641 699/699/699 642/642/642
f 699/699/699 700/700/700 642/642/642
f 642/642/642 700/700/700 643/643/643
f 700/700/700 701/701/701 643/643/643
f 643/643/643 701/701/701 644/644/644
f 701/701/701 702/702/702 644/644/644
f 644/644/644 702/702/702 645/645/645
f 702/702/702 703/703/703 645/645/645
f 645/645/645 703/703/703 646/646/646
f 703/703/703 704/704/704 646/646/646
f 646/646/646 704/704/704 647/647/647
f 704/704/704 705/705/705 647/647/647
f 647/647/647 705/705/705 648/648/648
f 705/705/705 706/706/706 648/648/648
f 648/648/648 706/706/706 649/649/649
f 706/706/706 707/707/707 649/649/649
f 649/649/649 707/707/707 650/650/650
f 707/707/707 708/708/708 650/650/650
f 650/650/650 708/708/708 651/651/651
f 708/708/708 709/709/709 651/651/651
f 651/651/651 709/709/709 652/652/652
f 709/709/709 710/710/710 652/652/652
f 652/652/652 710/710/710 653/653/653
f 710/710/710 711/711/711 653/653/653
f 653/653/653 711/711/711 654/654/654
f 711/711/711 712/712/712 654/654/654
f 654/654/654 712/712/712 655/655/655
f 712/712/712 713/713/713 655/655/655
f 655/655/655 713/713/713 656/656/656
f 713/713/713 714/714/714 656/656/656
f 656/656/656 714/714/714 657/657/657
f 714/714/714 715/715/715 657/657/657
f 657/657/657 715/715/715 658/658/658
f 715/715/715 716/716/716 658/658/658
f 658/658/658 716/716/716 659/659/659
f 716/716/716 717/717/717 659/659/659
f 659/659/659 717/717/717 660/660/660
f 717/717/717 718/718/718 660/660/660
f 660/660/660 718/718/718 661/661/661
f 718/718/718 719/719/719 661/661/661
f 661/661/661 719/719/719 662/662/662
f 719/719/719 720/720/720 662/662/662
f 662/662/662 720/720/720 663/663/663
f 720/720/720 721/721/721 663/663/663
f 663/663/663 721/721/721 664/664/664
f 721/721/721 722/722/722 664/664/664
f 664/664/664 722/722/722 665/665/665
f 722/722/722 723/723/723 665/665/665
f 665/665/665 723/723/723 666/666/666
f 723/723/723 724/724/724 666/666/666
f 666/666/666 724/724/724 667/667/667
f 724/724/724 725/725/725 667/667/667
f 667/667/667 725/725/725 668/668/668
f 725/725/725 726/726/726 668/668/668
f 668/668/668 726/726/726 669/669/669
f 726/726/726 727/727/727 669/669/669
f 669/669/669 727/727/727 670/670/670
f 727/727/727 728/728/728 670/670/670
f 670/670/670 728/728/728 671/671/671
f 728/728/728 729/729/729 671/671/671
f 671/671/671 729/729/729 672/672/672
f 729/729/729 730/730/730 672/672/672
f 672/672/672 730/730/730 673/673/673
f 730/730/730 731/731/731 673/673/673
f 673/673/673 731/731/731 674/674/674
f 731/731/731 732/732/732 674/674/674
f 674/674/674 732/732/732 675/675/675
f 732/732/732 733/733/733 675/675/675
f 675/675/675 733/733/733 676/676/676
f 733/733/733 734/734/734 676/676/676
f 676/676/676 734/734/734 677/677/677
f 734/734/734 735/735/735 677/677/677
f 677/677/677 735/735/735 678/678/678
f 735/735/735 736/736/736 678/678/678
f 678/678/678 736/736/736 679/679/679
f 736/736/736 737/737/737 679/679/679
f 679/679/679 737/737/737 680/680/680
f 737/737/737 738/738/738 680/680/680
f 680/680/680 738/738/738 681/681/681
f 738/738/738 739/739/739 681/681/681
f 681/681/681 739/739/739 682/682/682
f 739/739/739 740/740/740 682/682/682
f 682/682/682 740/740/740 683/683/683
f 740/740/740 741/741/741 683/683/683
f 683/683/683 741/741/741 684/684/684
f 741/741/741 742/742/742 684/684/684
f 684/684/684 742/742/742 685/685/685
f 742/742/742 743/743/743 685/685/685
f 685/685/685 743/743/743 686/686/686
f 743/743/743 744/744/744 686/686/686
f 686/686/686 744/744/744 687/687/687
f 744/744/744 745/745/745 687/687/687
f 687/687/687 745/745/745 688/688/688
f 745/745/745 746/746/746 688/688/688
f 688/688/688 746/746/746 689/689/689
f 746/746/746 747/747/747 689/689/689
f 689/689/689 747/747/747 690/690/690
f 747/747/747 748/748/748 690/690/690
f 690/690/690 748/748/748 691/691/691
f 748/748/748 749/749/749 691/691/691
f 691/691/691 749/749/749 692/692/692
f 749/749/749 750/750/750 692/692/692
f 692/692/692 750/750/750 693/693/693
f 750/750/750 751/751/751 693/693/693
f 693/693/693 751/751/751 694/694/694
f 751/751/751 752/752/752 694/694/694
f 694/694/694 752/752/752 695/695/695
f 752/752/752 753/753/753 695/695/695
f 695/695/695 753/753/753 696/696/696
f 753/753/753 754/754/754 696/696/696
f 696/696/696 754/754/754 697/697/697
f 754/754/754 755/755/755 697/697/697
f 697/697/697 755/755/755 640/640/640
f 755/755/755 698/698/698 640/640/640
f 698/698/698 756/756/756 699/699/699
f 756/756/756 757/757/757 699/699/699
f 699/699/699 757/757/757 700/700/700
f 757/757/757 758/758/758 700/700/700
f 700/700/700 758/758/758 701/701/701
f 758/758/758 759/759/759 701/701/701
f 701/701/701 759/759/759 702/702/702
f 759/759/759 760/760/760 702/702/702
f 702/702/702 760/760/760 703/703/703
f 760/760/760 761/761/761 703/703/703
f 703/703/703 761/761/761 704/704/704
f 761/761/761 762/762/762 704/704/704
f 704/704/704 762/762/762 705/705/705
f 762/762/762 763/763/763 705/705/705
f 705/705/705 763/763/763 706/706/706
f 763/763/763 764/764/764 706/706/706
f 706/706/706 764/764/764 707/707/707
f 764/764/764 765/765/765 707/707/707
f 707/707/707 765/765/765 708/708/708
f 765/765/765 766/766/766 708/708/708
f 708/708/708 766/766/766 709/709/709
f 766/766/766 767/767/767 709/709/709
f 709/709/709 767/767/767 710/710/710
f 767/767/767 768/768/768 710/710/710
f 710/710/710 768/768/768 711/711/711
f 768/768/768 769/769/769 711/711/711
f 711/711/711 769/769/769 712/712/712
f 769/769/769 770/770/770 712/712/712
f 712/712/712 770/770/770 713/713/713
f 770/770/770 771/771/771 713/713/713
f 713/713/713 771/771/771 714/714/714
f 771/771/771 772/772/772 714/714/714
f 714/714/714 772/772/772 715/715/715
f 772/772/772 773/773/773 715/715/715
f 715/715/715 773/773/773 716/716/716
f 773/773/773 774/774/774 716/716/716
f 716/716/716 774/774/774 717/717/717
f 774/774/774 775/775/775 717/717/717
f 717/717/717 775/775/775 718/718/718
f 775/775/775 776/776/776 718/718/718
f 718/718/718 776/776/776 719/719/719
f 776/776/776 777/777/777 719/719/719
f 719/719/719 777/777/777 720/720/720
f 777/777/777 778/778/778 720/720/720
f 720/720/720 778/778/778 721/721/721
f 778/778/778 779/779/779 721/721/721
f 721/721/721 779/779/779 722/722/722
f 779/779/779 780/780/780 722/722/722
f 722/722/722 780/780/780 723/723/723
f 780/780/780 781/781/781 723/723/723
f 723/723/723 781/781/781 724/724/724
f 781/781/781 782/782/782 724/724/724
f 724/724/724 782/782/782 725/725/725
f 782/782/782 783/783/783 725/725/725
f 725/725/725 783/783/783 726/726/726
f 783/783/783 784/784/784 726/726/726
f 726/726/726 784/784/784 727/727/727
f 784/784/784 785/785/785 727/727/727
f 727/727/727 785/785/785 728/728/728
f 785/785/785 786/786/786 728/728/728
f 728/728/728 786/786/786 729/729/729
f 786/786/786 787/787/787 729/729/729
f 729/729/729 787/787/787 730/730/730
f 787/787/787 788/788/788 730/730/730
f 730/730/730 788/788/788 731/731/731
f 788/788/788 789/789/789 731/731/731
f 731/731/731 789/789/789 732/732/732
f 789/789/789 790/790/790 732/732/732
f 732/732/732 790/790/790 733/733/733
f 790/790/790 791/791/791 733/733/733
f 733/733/733 791/791/791 734/734/734
f 791/791/791 792/792/792 734/734/734
f 734/734/734 792/792/792 735/735/735
f 792/792/792 793/793/793 735/735/735
f 735/735/735 793/793/793 736/736/736
f 793/793/793 794/794/794 736/736/736
f 736/736/736 794/794/794 737/737/737
f 794/794/794 795/795/795 737/737/737
f 737/737/737 795/795/795 738/738/738
f 795/795/795 796/796/796 738/738/738
f 738/738/738 796/796/796 739/739/739
f 796/796/796 797/797/797 739/739/739
f 739/739/739 797/797/797 740/740/740
f 797/797/797 798/798/798 740/740/740
f 740/740/740 798/798/798 741/741/741
f 798/798/798 799/799/799 741/741/741
f 741/741/741 799/799/799 742/742/742
f 799/799/799 800/800/800 742/742/742
f 742/742/742 800/800/800 743/743/743
f 800/800/800 801/801/801 743/743/743
f 743/743/743 801/801/801 744/744/744
f 801/801/801 802/802/802 744/744/744
f 744/744/744 802/802/802 745/745/745
f 802/802/802 803/803/803 745/745/745
f 745/745/745 803/803/803 746/746/746
f 803/803/803 804/804/804 746/746/746
f 746/746/746 804/804/804 747/747/747
f 804/804/804 805/805/805 747/747/747
f 747/747/747 805/805/805 748/748/748
f 805/805/805 806/806/806 748/748/748
f 748/748/748 806/806/806 749/749/749
f 806/806/806 807/807/807 749/749/749
f 749/749/749 807/807/807 750/750/750
f 807/807/807 808/808/808 750/750/750
f 750/750/750 808/808/808 751/751/751
f 808/808/808 809/809/809 751/751/751
f 751/751/751 809/809/809 752/752/752
f 809/809/809 810/810/810 752/752/752
f 752/752/752 810/810/810 753/753/753
f 810/810/810 811/811/811 753/753/753
f 753/753/753 811/811/811 754/754/754
f 811/811/811 812/812/812 754/754/754
f 754/754/754 812/812/812 755/755/755
f 812/812/812 813/813/813 755/755/755
f 755/755/755 813/813/813 698/698/698
f 813/813/813 756/756/756 698/698/698
f 756/756/756 814/814/814 757/757/757
f 814/814/814 815/815/815 757/757/757
f 757/757/757 815/815/815 758/758/758
f 815/815/815 816/816/816 758/758/758
f 758/758/758 816/816/816 759/759/759
f 816/816/816 817/817/817 759/759/759
f 759/759/759 817/817/817 760/760/760
f 817/817/817 818/818/818 760/760/760
f 760/760/760 818/818/818 761/761/761
f 818/818/818 819/819/819 761/761/761
f 761/761/761 819/819/819 762/762/762
f 819/819/819 820/820/820 762/762/762
f 762/762/762 820/820/820 763/763/763
f 820/820/820 821/821/821 763/763/763
f 763/763/763 821/821/821 764/764/764
f 821/821/821 822/822/822 764/764/764
f 764/764/764 822/822/822 765/765/765
f 822/822/822 823/823/823 765/765/765
f 765/765/765 823/823/823 766/766/766
f 823/823/823 824/824/824 766/766/766
f 766/766/766 824/824/824 767/767/767
f 824/824/824 825/825/825 767/767/767
f 767/767/767 825/825/825 768/768/768
f 825/825/825 826/826/826 768/768/768
f 768/768/768 826/826/826 769/769/769
f 826/826/826 827/827/827 769/769/769
f 769/769/769 827/827/827 770/770/770
f 827/827/827 828/828/828 770/770/770
f 770/770/770 828/828/828 771/771/771
f 828/828/828 829/829/829 771/771/771
f 771/771/771 829/829/829 772/772/772
f 829/829/829 830/830/830 772/772/772
f 772/772/772 830/830/830 773/773/773
f 830/830/830 831/831/831 773/773/773
f 773/773/773 831/831/831 774/774/774
f 831/831/831 832/832/832 774/774/774
f 774/774/774 832/832/832 775/775/775
f 832/832/832 833/833/833 775/775/775
f 775/775/775 833/833/833 776/776/776
f 833/833/833 834/834/834 776/776/776
f 776/776/776 834/834/834 777/777/777
f 834/834/834 835/835/835 777/777/777
f 777/777/777 835/835/835 778/778/778
f 835/835/835 836/836/836 778/778/778
f 778/778/778 836/836/836 779/779/779
f 836/836/836 837/837/837 779/779/779
f 779/779/779 837/837/837 780/780/780
f 837/837/837 838/838/838 780/780/780
f 780/780/780 838/838/838 781/781/781
f 838/838/838 839/839/839 781/781/781
f 781/781/781 839/839/839 782/782/782
f 839/839/839 840/840/840 782/782/782
f 782/782/782 840/840/840 783/783/783
f 840/840/840 841/841/841 783/783/783
f 783/783/783 841/841/841 784/784/784
f 841/841/841 842/842/842 784/784/784
f 784/784/784 842/842/842 785/785/785
f 842/842/842 843/843/843 785/785/785
f 785/785/785 843/843/843 786/786/786
f 843/843/843 844/844/844 786/786/786
f 786/786/786 844/844/844 787/787/787
f 844/844/844 845/845/845 787/787/787
f 787/787/787 845/845/845 788/788/788
f 845/845/845 846/846/846 788/788/788
f 788/788/788 846/846/846 789/789/789
f 846/846/846 847/847/847 789/789/789
f 789/789/789 847/847/847 790/790/790
f 847/847/847 848/848/848 790/790/790
f 790/790/790 848/848/848 791/791/791
f 848/848/848 849/849/849 791/791/791
f 791/791/791 849/849/849 792/792/792
f 849/849/849 850/850/850 792/792/792
f 792/792/792 850/850/850 793/793/793
f 850/850/850 851/851/851 793/793/793
f 793/793/793 851/851/851 794/794/794
f 851/851/851 852/852/852 794/794/794
f 794/794/794 852/852/852 795/795/795
f 852/852/852 853/853/853 795/795/795
f 795/795/795 853/853/853 796/796/796
f 853/853/853 854/854/854 796/796/796
f 796/796/796 854/854/854 797/797/797
f 854/854/854 855/855/855 797/797/797
f 797/797/797 855/855/855 798/798/798
f 855/855/855 856/856/856 798/798/798
f 798/798/798 856/856/856 799/799/799
f 856/856/856 857/857/857 799/799/799
f 799/799/799 857/857/857 800/800/800
f 857/857/857 858/858/858 800/800/800
f 800/800/800 858/858/858 801/801/801
f 858/858/858 859/859/859 801/801/801
f 801/801/801 859/859/859 802/802/802
f 859/859/859 860/860/860 802/802/802
f 802/802/802 860/860/860 803/803/803
f 860/860/860 861/861/861 803/803/803
f 803/803/803 861/861/861 804/804/804
f 861/861/861 862/862/862 804/804/804
f 804/804/804 862/862/862 805/805/805
f 862/862/862 863/863/863 805/805/805
f 805/805/805 863/863/863 806/806/806
f 863/863/863 864/864/864 806/806/806
f 806/806/806 864/864/864 807/807/807
f 864/864/864 865/865/865 807/807/807
f 807/807/807 865/865/865 808/808/808
f 865/865/865 866/866/866 808/808/808
f 808/808/808 866/866/866 809/809/809
f 866/866/866 867/867/867 809/809/809
f 809/809/809 867/867/867 810/810/810
f 867/867/867 868/868/868 810/810/810
f 810/810/810 868/868/868 811/811/811
f 868/868/868 869/869/869 811/811/811
f 811/811/811 869/869/869 812/812/812
f 869/869/869 870/870/870 812/812/812
f 812/812/812 870/870/870 813/813/813
f 870/870/870 871/871/871 813/813/813
f 813/813/813 871/871/871 756/756/756
f 871/871/871 814/814/814 756/756/756
f 814/814/814 872/872/872 815/815/815
f 872/872/872 873/873/873 815/815/815
f 815/815/815 873/873/873 816/816/816
f 873/873/873 874/874/874 816/816/816
f 816/816/816 874/874/874 817/817/817
f 874/874/874 875/875/875 817/817/817
f 817/817/817 875/875/875 818/818/818
f 875/875/875 876/876/876 818/818/818
f 818/818/818 876/876/876 819/819/819
f 876/876/876 877/877/877 819/819/819
f 819/819/819 877/877/877 820/820/820
f 877/877/877 878/878/878 820/820/820
f 820/820/820 878/878/878 821/821/821
f 878/878/878 879/879/879 821/821/821
f 821/821/821 879/879/879 822/822/822
f 879/879/879 880/880/880 822/822/822
f 822/822/822 880/880/880 823/823/823
f 880/880/880 881/881/881 823/823/823
f 823/823/823 881/881/881 824/824/824
f 881/881/881 882/882/882 824/824/824
f 824/824/824 882/882/882 825/825/825
f 882/882/882 883/883/883 825/825/825
f 825/825/825 883/883/883 826/826/826
f 883/883/883 884/884/884 826/826/826
f 826/826/826 884/884/884 827/827/827
f 884/884/884 885/885/885 827/827/827
f 827/827/827 885/885/885 828/828/828
f 885/885/885 886/886/886 828/828/828
f 828/828/828 886/886/886 829/829/829
f 886/886/886 887/887/887 829/829/829
f 829/829/829 887/887/887 830/830/830
f 887/887/887 888/888/888 830/830/830
f 830/830/830 888/888/888 831/831/831
f 888/888/888 889/889/889 831/831/831
f 831/831/831 889/889/889 832/832/832
f 889/889/889 890/890/890 832/832/832
f 832/832/832 890/890/890 833/833/833
f 890/890/890 891/891/891 833/833/833
f 833/833/833 891/891/891 834/834/834
f 891/891/891 892/892/892 834/834/834
f 834/834/834 892/892/892 835/835/835
f 892/892/892 893/893/893 835/835/835
f 835/835/835 893/893/893 836/836/836
f 893/893/893 894/894/894 836/836/836
f 836/836/836 894/894/894 837/837/837
f 894/894/894 895/895/895 837/837/837
f 837/837/837 895/895/895 838/838/838
f 895/895/895 896/896/896 838/838/838
f 838/838/838 896/896/896 839/839/839
f 896/896/896 897/897/897 839/839/839
f 839/839/839 897/897/897 840/840/840
f 897/897/897 898/898/898 840/840/840
f 840/840/840 898/898/898 841/841/841
f 898/898/898 899/899/899 841/841/841
f 841/841/841 899/899/899 842/842/842
f 899/899/899 900/900/900 842/842/842
f 842/842/842 900/900/900 843/843/843
f 900/900/900 901/901/901 843/843/843
f 843/843/843 901/901/901 844/844/844
f 901/901/901 902/902/902 844/844/844
f 844/844/844 902/902/902 845/845/845
f 902/902/902 903/903/903 845/845/845
f 845/845/845 903/903/903 846/846/846
f 903/903/903 904/904/904 846/846/846
f 846/846/846 904/904/904 847/847/847
f 904/904/904 905/905/905 847/847/847
f 847/847/847 905/905/905 848/848/848
f 905/905/905 906/906/906 848/848/848
f 848/848/848 906/906/906 849/849/849
f 906/906/906 907/907/907 849/849/849
f 849/849/849 907/907/907 850/850/850
f 907/907/907 908/908/908 850/850/850
f 850/850/850 908/908/908 851/851/851
f 908/908/908 909/909/909 851/851/851
f 851/851/851 909/909/909 852/852/852
f 909/909/909 910/910/910 852/852/852
f 852/852/852 910/910/910 853/853/853
f 910/910/910 911/911/911 853/853/853
f 853/853/853 911/911/911 854/854/854
f 911/911/911 912/912/912 854/854/854
f 854/854/854 912/912/912 855/855/855
f 912/912/912 913/913/913 855/855/855
f 855/855/855 913/913/913 856/856/856
f 913/913/913 914/914/914 856/856/856
f 856/856/856 914/914/914 857/857/857
f 914/914/914 915/915/915 857/857/857
f 857/857/857 915/915/915 858/858/858
f 915/915/915 916/916/916 858/858/858
f 858/858/858 916/916/916 859/859/859
f 916/916/916 917/917/917 859/859/859
f 859/859/859 917/917/917 860/860/860
f 917/917/917 918/918/918 860/860/860
f 860/860/860 918/918/918 861/861/861
f 918/918/918 919/919/919 861/861/861
f 861/861/861 919/919/919 862/862/862
f 919/919/919 920/920/920 862/862/862
f 862/862/862 920/920/920 863/863/863
f 920/920/920 921/921/921 863/863/863
f 863/863/863 921/921/921 864/864/864
f 921/921/921 922/922/922 864/864/864
f 864/864/864 922/922/922 865/865/865
f 922/922/922 923/923/923 865/865/865
f 865/865/865 923/923/923 866/866/866
f 923/923/923 924/924/924 866/866/866
f 866/866/866 924/924/924 867/867/867
f 924/924/924 925/925/925 867/867/867
f 867/867/867 925/925/925 868/868/868
f 925/925/925 926/926/926 868/868/868
f 868/868/868 926/926/926 869/869/869
f 926/926/926 927/927/927 869/869/869
f 869/869/869 927/927/927 870/870/870
f 927/927/927 928/928/928 870/870/870
f 870/870/870 928/928/928 871/871/871
f 928/928/928 929/929/929 871/871/871
f 871/871/871 929/929/929 814/814/814
f 929/929/929 872/872/872 814/814/814
f 930/930/930 931/931/931 915/915/915
f 931/931/931 932/932/932 915/915/915
f 915/915/915 932/932/932 916/916/916
f 932/932/932 933/933/933 916/916/916
f 916/916/916 933/933/933 917/917/917
f 933/933/933 934/934/934 917/917/917
f 917/917/917 934/934/934 918/918/918
f 934/934/934 935/935/935 918/918/918
f 918/918/918 935/935/935 919/919/919
f 935/935/935 936/936/936 919/919/919
f 919/919/919 936/936/936 920/920/920
f 936/936/936 937/937/937 920/920/920
f 920/920/920 937/937/937 921/921/921
f 937/937/937 938/938/938 921/921/921
f 921/921/921 938/938/938 922/922/922
f 938/938/938 939/939/939 922/922/922
f 922/922/922 939/939/939 923/923/923
f 939/939/939 940/940/940 923/923/923
f 923/923/923 940/940/940 924/924/924
f 940/940/940 941/941/941 924/924/924
f 924/924/924 941/941/941 925/925/925
f 941/941/941 942/942/942 925/925/925
f 925/925/925 942/942/942 926/926/926
f 942/942/942 943/943/943 926/926/926
f 926/926/926 943/943/943 927/927/927
f 943/943/943 944/944/944 927/927/927
f 927/927/927 944/944/944 928/928/928
f 944/944/944 945/945/945 928/928/928
f 928/928/928 945/945/945 929/929/929
f 945/945/945 946/946/946 929/929/929
f 929/929/929 946/946/946 872/872/872
f 946/946/946 947/947/947 872/872/872
f 872/872/872 947/947/947 873/873/873
f 947/947/947 948/948/948 873/873/873
f 873/873/873 948/948/948 874/874/874
f 948/948/948 949/949/949 874/874/874
f 874/874/874 949/949/949 875/875/875
f 949/949/949 950/950/950 875/875/875
f 875/875/875 950/950/950 876/876/876
f 950/950/950 951/951/951 876/876/876
f 876/876/876 951/951/951 877/877/877
f 951/951/951 952/952/952 877/877/877
f 877/877/877 952/952/952 878/878/878
f 952/952/952 953/953/953 878/878/878
f 878/878/878 953/953/953 879/879/879
f 953/953/953 954/954/954 879/879/879
f 879/879/879 954/954/954 880/880/880
f 954/954/954 955/955/955 880/880/880
f 880/880/880 955/955/955 881/881/881
f 955/955/955 956/956/956 881/881/881
f 881/881/881 956/956/956 882/882/882
f 956/956/956 957/957/957 882/882/882
f 882/882/882 957/957/957 883/883/883
f 957/957/957 958/958/958 883/883/883
f 883/883/883 958/958/958 884/884/884
f 958/958/958 959/959/959 884/884/884
f 884/884/884 959/959/959 885/885/885
f 959/959/959 960/960/960 885/885/885
f 885/885/885 960/960/960 886/886/886
f 960/960/960 961/961/961 886/886/886
f 886/886/886 961/961/961 887/887/887
f 961/961/961 962/962/962 887/887/887
f 887/887/887 962/962/962 888/888/888
f 962/962/962 963/963/963 888/888/888
f 888/888/888 963/963/963 889/889/889
f 963/963/963 964/964/964 889/889/889
f 889/889/889 964/964/964 890/890/890
f 964/964/964 965/965/965 890/890/890
f 890/890/890 965/965/965 891/891/891
f 965/965/965 966/966/966 891/891/891
f 891/891/891 966/966/966 892/892/892
f 966/966/966 967/967/967 892/892/892
f 892/892/892 967/967/967 893/893/893
f 967/967/967 968/968/968 893/893/893
f 893/893/893 968/968/968 894/894/894
f 968/968/968 969/969/969 894/894/894
f 894/894/894 969/969/969 895/895/895
f 969/969/969 970/970/970 895/895/895
f 895/895/895 970/970/970 896/896/896
f 970/970/970 971/971/971 896/896/896
f 896/896/896 971/971/971 897/897/897
f 971/971/971 972/972/972 897/897/897
f 897/897/897 972/972/972 898/898/898
f 972/972/972 973/973/973 898/898/898
f 898/898/898 973/973/973 899/899/899
f 973/973/973 974/974/974 899/899/899
f 899/899/899 974/974/974 900/900/900
f 974/974/974 975/975/975 900/900/900
f 900/900/900 975/975/975 901/901/901
f 975/975/975 976/976/976 901/901/901
f 901/901/901 976/976/976 902/902/902
f 976/976/976 977/977/977 902/902/902
f 902/902/902 977/977/977 903/903/903
f 977/977/977 978/978/978 903/903/903
f 903/903/903 978/978/978 904/904/904
f 978/978/978 979/979/979 904/904/904
f 904/904/904 979/979/979 905/905/905
f 979/979/979 980/980/980 905/905/905
f 905/905/905 980/980/980 906/906/906
f 980/980/980 981/981/981 906/906/906
f 906/906/906 981/981/981 907/907/907
f 981/981/981 982/982/982 907/907/907
f 907/907/907 982/982/982 908/908/908
f 982/982/982 983/983/983 908/908/908
f 908/908/908 983/983/983 909/909/909
f 983/983/983 984/984/984 909/909/909
f 909/909/909 984/984/984 910/910/910
f 984/984/984 985/985/985 910/910/910
f 910/910/910 985/985/985 911/911/911
f 985/985/985 986/986/986 911/911/911
f 911/911/911 986/986/986 912/912/912
f 986/986/986 987/987/987 912/912/912
f 912/912/912 987/987/987 913/913/913
f 987/987/987 988/988/988 913/913/913
f 913/913/913 988/988/988 914/914/914
f 988/988/988 930/930/930 914/914/914
f 914/914/914 930/930/930 915/915/915
f 989/989/989 990/990/990 991/991/991
f 992/992/992 990/990/990 989/989/989
f 993/993/993 992/992/992 989/989/989
f 989/989/989 994/994/994 995/995/995
f 996/996/996 994/994/994 989/989/989
f 991/991/991 996/996/996 989/989/989
f 989/989/989 997/997/997 998/998/998
f 999/999/999 997/997/997 989/989/989
f 995/995/995 999/999/999 989/989/989
f 989/989/989 1000/1000/1000 1001/1001/1001
f 1002/1002/1002 1000/1000/1000 989/989/989
f 998/998/998 1002/1002/1002 989/989/989
f 989/989/989 1003/1003/1003 1004/1004/1004
f 1005/1005/1005 1003/1003/1003 989/989/989
f 1001/1001/1001 1005/1005/1005 989/989/989
f 989/989/989 1006/1006/1006 1007/1007/1007
f 1008/1008/1008 1006/1006/1006 989/989/989
f 1004/1004/1004 1008/1008/1008 989/989/989
f 989/989/989 1009/1009/1009 1010/1010/1010
f 1011/1011/1011 1009/1009/1009 989/989/989
f 1007/1007/1007 1011/1011/1011 989/989/989
f 989/989/989 1012/1012/1012 1013/1013/1013
f 1014/1014/1014 1012/1012/1012 989/989/989
f 1010/1010/1010 1014/1014/1014 989/989/989
f 989/989/989 1015/1015/1015 1016/1016/1016
f 1017/1017/1017 1015/1015/1015 989/989/989
f 1013/1013/1013 1017/1017/1017 989/989/989
f 989/989/989 1018/1018/1018 1019/1019/1019
f 1020/1020/1020 1018/1018/1018 989/989/989
f 1016/1016/1016 1020/1020/1020 989/989/989
f 989/989/989 1021/1021/1021 1022/1022/1022
f 1023/1023/1023 1021/1021/1021 989/989/989
f 1019/1019/1019 1023/1023/1023 989/989/989
f 989/989/989 1024/1024/1024 1025/1025/1025
f 1026/1026/1026 1024/1024/1024 989/989/989
f 1022/1022/1022 1026/1026/1026 989/989/989
f 989/989/989 1027/1027/1027 1028/1028/1028
f 1029/1029/1029 1027/1027/1027 989/989/989
f 1025/1025/1025 1029/1029/1029 989/989/989
f 989/989/989 1030/1030/1030 1031/1031/1031
f 1032/1032/1032 1030/1030/1030 989/989/989
f 1028/1028/1028 1032/1032/1032 989/989/989
f 989/989/989 1033/1033/1033 1034/1034/1034
f 1035/1035/1035 1033/1033/1033 989/989/989
f 1031/1031/1031 1035/1035/1035 989/989/989
f 989/989/989 1036/1036/1036 1037/1037/1037
f 1038/1038/1038 1036/1036/1036 989/989/989
f 1034/1034/1034 1038/1038/1038 989/989/989
f 989/989/989 1039/1039/1039 1040/1040/1040
f 1041/1041/1041 1039/1039/1039 989/989/989
f 1037/1037/1037 1041/1041/1041 989/989/989
f 989/989/989 1042/1042/1042 1043/1043/1043
f 1044/1044/1044 1042/1042/1042 989/989/989
f 1040/1040/1040 1044/1044/1044 989/989/989
f 989/989/989 1045/1045/1045 1046/1046/1046
f 1047/1047/1047 1045/1045/1045 989/989/989
f 1043/1043/1043 1047/1047/1047 989/989/989
f 1046/1046/1046 993/993/993 989/989/989
f 934/934/934 933/933/933 1048/1048/1048
f 933/933/933 932/932/932 1048/1048/1048
f 1048/1048/1048 932/932/932 1049/1049/1049
f 932/932/932 931/931/931 1049/1049/1049
f 1049/1049/1049 931/931/931 1050/1050/1050
f 931/931/931 930/930/930 1050/1050/1050
f 1050/1050/1050 930/930/930 1051/1051/1051
f 930/930/930 988/988/988 1051/1051/1051
f 1051/1051/1051 988/988/988 1052/1052/1052
f 988/988/988 987/987/987 1052/1052/1052
f 1052/1052/1052 987/987/987 1053/1053/1053
f 987/987/987 986/986/986 1053/1053/1053
f 1053/1053/1053 986/986/986 1054/1054/1054
f 986/986/986 985/985/985 1054/1054/1054
f 1054/1054/1054 985/985/985 1055/1055/1055
f 985/985/985 984/984/984 1055/1055/1055
f 1055/1055/1055 984/984/984 1056/1056/1056
f 984/984/984 983/983/983 1056/1056/1056
f 1056/1056/1056 983/983/983 1057/1057/1057
f 983/983/983 982/982/982 1057/1057/1057
f 1057/1057/1057 982/982/982 1058/1058/1058
f 982/982/982 981/981/981 1058/1058/1058
f 1058/1058/1058 981/981/981 1059/1059/1059
f 981/981/981 980/980/980 1059/1059/1059
f 1059/1059/1059 980/980/980 1060/1060/1060
f 980/980/980 979/979/979 1060/1060/1060
f 1060/1060/1060 979/979/979 1061/1061/1061
f 979/979/979 978/978/978 1061/1061/1061
f 1061/1061/1061 978/978/978 1062/1062/1062
f 978/978/978 977/977/977 1062/1062/1062
f 1062/1062/1062 977/977/977 1063/1063/1063
f 977/977/977 976/976/976 1063/1063/1063
f 1063/1063/1063 976/976/976 1064/1064/1064
f 976/976/976 975/975/975 1064/1064/1064
f 1064/1064/1064 975/975/975 1065/1065/1065
f 975/975/975 974/974/974 1065/1065/1065
f 1065/1065/1065 974/974/974 1066/1066/1066
f 974/974/974 973/973/973 1066/1066/1066
f 1066/1066/1066 973/973/973 1067/1067/1067
f 973/973/973 972/972/972 1067/1067/1067
f 1067/1067/1067 972/972/972 1068/1068/1068
f 972/972/972 971/971/971 1068/1068/1068
f 1068/1068/1068 971/971/971 1069/1069/1069
f 971/971/971 970/970/970 1069/1069/1069
f 1069/1069/1069 970/970/970 1070/1070/1070
f 970/970/970 969/969/969 1070/1070/1070
f 1070/1070/1070 969/969/969 1071/1071/1071
f 969/969/969 968/968/968 1071/1071/1071
f 1071/1071/1071 968/968/968 1072/1072/1072
f 968/968/968 967/967/967 1072/1072/1072
f 1072/1072/1072 967/967/967 1073/1073/1073
f 967/967/967 966/966/966 1073/1073/1073
f 1073/1073/1073 966/966/966 1074/1074/1074
f 966/966/966 965/965/965 1074/1074/1074
f 1074/1074/1074 965/965/965 1075/1075/1075
f 965/965/965 964/964/964 1075/1075/1075
f 1075/1075/1075 964/964/964 1076/1076/1076
f 964/964/964 963/963/963 1076/1076/1076
f 1076/1076/1076 963/963/963 1077/1077/1077
f 963/963/963 962/962/962 1077/1077/1077
f 1077/1077/1077 962/962/962 1078/1078/1078
f 962/962/962 961/961/961 1078/1078/1078
f 1078/1078/1078 961/961/961 1079/1079/1079
f 961/961/961 960/960/960 1079/1079/1079
f 1079/1079/1079 960/960/960 1080/1080/1080
f 960/960/960 959/959/959 1080/1080/1080
f 1080/1080/1080 959/959/959 1081/1081/1081
f 959/959/959 958/958/958 1081/1081/1081
f 1081/1081/1081 958/958/958 1082/1082/1082
f 958/958/958 957/957/957 1082/1082/1082
f 1082/1082/1082 957/957/957 1083/1083/1083
f 957/957/957 956/956/956 1083/1083/1083
f 1083/1083/1083 956/956/956 1084/1084/1084
f 956/956/956 955/955/955 1084/1084/1084
f 1084/1084/1084 955/955/955 1085/1085/1085
f 955/955/955 954/954/954 1085/1085/1085
f 1085/1085/1085 954/954/954 1086/1086/1086
f 954/954/954 953/953/953 1086/1086/1086
f 1086/1086/1086 953/953/953 1087/1087/1087
f 953/953/953 952/952/952 1087/1087/1087
f 1087/1087/1087 952/952/952 1088/1088/1088
f 952/952/952 951/951/951 1088/1088/1088
f 1088/1088/1088 951/951/951 1089/1089/1089
f 951/951/951 950/950/950 1089/1089/1089
f 1089/1089/1089 950/950/950 1090/1090/1090
f 950/950/950 949/949/949 1090/1090/1090
f 1090/1090/1090 949/949/949 1091/1091/1091
f 949/949/949 948/948/948 1091/1091/1091
f 1091/1091/1091 948/948/948 1092/1092/1092
f 948/948/948 947/947/947 1092/1092/1092
f 1092/1092/1092 947/947/947 1093/1093/1093
f 947/947/947 946/946/946 1093/1093/1093
f 1093/1093/1093 946/946/946 1094/1094/1094
f 946/946/946 945/945/945 1094/1094/1094
f 1094/1094/1094 945/945/945 1095/1095/1095
f 945/945/945 944/944/944 1095/1095/1095
f 1095/1095/1095 944/944/944 1096/1096/1096
f 944/944/944 943/943/943 1096/1096/1096
f 1096/1096/1096 943/943/943 1097/1097/1097
f 943/943/943 942/942/942 1097/1097/1097
f 1097/1097/1097 942/942/942 1098/1098/1098
f 942/942/942 941/941/941 1098/1098/1098
f 1098/1098/1098 941/941/941 1099/1099/1099
f 941/941/941 940/940/940 1099/1099/1099
f 1099/1099/1099 940/940/940 1100/1100/1100
f 940/940/940 939/939/939 1100/1100/1100
f 1100/1100/1100 939/939/939 1101/1101/1101
f 939/939/939 938/938/938 1101/1101/1101
f 1101/1101/1101 938/938/938 1102/1102/1102
f 938/938/938 937/937/937 1102/1102/1102
f 1102/1102/1102 937/937/937 1103/1103/1103
f 937/937/937 936/936/936 1103/1103/1103
f 1103/1103/1103 936/936/936 1104/1104/1104
f 936/936/936 935/935/935 1104/1104/1104
f 1104/1104/1104 935/935/935 1105/1105/1105
f 935/935/935 934/934/934 1105/1105/1105
f 1105/1105/1105 934/934/934 1048/1048/1048
f 1093/1093/1093 1106/1106/1106 1092/1092/1092
f 1106/1106/1106 1107/1107/1107 1092/1092/1092
f 1092/1092/1092 1107/1107/1107 1091/1091/1091
f 1107/1107/1107 1108/1108/1108 1091/1091/1091
f 1091/1091/1091 1108/1108/1108 1090/1090/1090
f 1108/1108/1108 1109/1109/1109 1090/1090/1090
f 1090/1090/1090 1109/1109/1109 1089/1089/1089
f 1109/1109/1109 1110/1110/1110 1089/1089/1089
f 1089/1089/1089 1110/1110/1110 1088/1088/1088
f 1110/1110/1110 1111/1111/1111 1088/1088/1088
f 1088/1088/1088 1111/1111/1111 1087/1087/1087
f 1111/1111/1111 1112/1112/1112 1087/1087/1087
f 1087/1087/1087 1112/1112/1112 1086/1086/1086
f 1112/1112/1112 1113/1113/1113 1086/1086/1086
f 1086/1086/1086 1113/1113/1113 1085/1085/1085
f 1113/1113/1113 1114/1114/1114 1085/1085/1085
f 1085/1085/1085 1114/1114/1114 1084/1084/1084
f 1114/1114/1114 1115/1115/1115 1084/1084/1084
f 1084/1084/1084 1115/1115/1115 1083/1083/1083
f 1115/1115/1115 1116/1116/1116 1083/1083/1083
f 1083/1083/1083 1116/1116/1116 1082/1082/1082
f 1116/1116/1116 1117/1117/1117 1082/1082/1082
f 1082/1082/1082 1117/1117/1117 1081/1081/1081
f 1117/1117/1117 1118/1118/1118 1081/1081/1081
f 1081/1081/1081 1118/1118/1118 1080/1080/1080
f 1118/1118/1118 1119/1119/1119 1080/1080/1080
f 1080/1080/1080 1119/1119/1119 1079/1079/1079
f 1119/1119/1119 1120/1120/1120 1079/1079/1079
f 1079/1079/1079 1120/1120/1120 1078/1078/1078
f 1120/1120/1120 1121/1121/1121 1078/1078/1078
f 1078/1078/1078 1121/1121/1121 1077/1077/1077
f 1121/1121/1121 1122/1122/1122 1077/1077/1077
f 1077/1077/1077 1122/1122/1122 1076/1076/1076
f 1122/1122/1122 1123/1123/1123 1076/1076/1076
f 1076/1076/1076 1123/1123/1123 1075/1075/1075
f 1123/1123/1123 1124/1124/1124 1075/1075/1075
f 1075/1075/1075 1124/1124/1124 1074/1074/1074
f 1124/1124/1124 1125/1125/1125 1074/1074/1074
f 1074/1074/1074 1125/1125/1125 1073/1073/1073
f 1125/1125/1125 1126/1126/1126 1073/1073/1073
f 1073/1073/1073 1126/1126/1126 1072/1072/1072
f 1126/1126/1126 1127/1127/1127 1072/1072/1072
f 1072/1072/1072 1127/1127/1127 1071/1071/1071
f 1127/1127/1127 1128/1128/1128 1071/1071/1071
f 1071/1071/1071 1128/1128/1128 1070/1070/1070
f 1128/1128/1128 1129/1129/1129 1070/1070/1070
f 1070/1070/1070 1129/1129/1129 1069/1069/1069
f 1129/1129/1129 1130/1130/1130 1069/1069/1069
f 1069/1069/1069 1130/1130/1130 1068/1068/1068
f 1130/1130/1130 1131/1131/1131 1068/1068/1068
f 1068/1068/1068 1131/1131/1131 1067/1067/1067
f 1131/1131/1131 1132/1132/1132 1067/1067/1067
f 1067/1067/1067 1132/1132/1132 1066/1066/1066
f 1132/1132/1132 1133/1133/1133 1066/1066/1066
f 1066/1066/1066 1133/1133/1133 1065/1065/1065
f 1133/1133/1133 1134/1134/1134 1065/1065/1065
f 1065/1065/1065 1134/1134/1134 1064/1064/1064
f 1134/1134/1134 1135/1135/1135 1064/1064/1064
f 1064/1064/1064 1135/1135/1135 1063/1063/1063
f 1135/1135/1135 1136/1136/1136 1063/1063/1063
f 1063/1063/1063 1136/1136/1136 1062/1062/1062
f 1136/1136/1136 1137/1137/1137 1062/1062/1062
f 1062/1062/1062 1137/1137/1137 1061/1061/1061
f 1137/1137/1137 1138/1138/1138 1061/1061/1061
f 1061/1061/1061 1138/1138/1138 1060/1060/1060
f 1138/1138/1138 1139/1139/1139 1060/1060/1060
f 1060/1060/1060 1139/1139/1139 1059/1059/1059
f 1139/1139/1139 1140/1140/1140 1059/1059/1059
f 1059/1059/1059 1140/1140/1140 1058/1058/1058
f 1140/1140/1140 1141/1141/1141 1058/1058/1058
f 1058/1058/1058 1141/1141/1141 1057/1057/1057
f 1141/1141/1141 1142/1142/1142 1057/1057/1057
f 1057/1057/1057 1142/1142/1142 1056/1056/1056
f 1142/1142/1142 1143/1143/1143 1056/1056/1056
f 1056/1056/1056 1143/1143/1143 1055/1055/1055
f 1143/1143/1143 1144/1144/1144 1055/1055/1055
f 1055/1055/1055 1144/1144/1144 1054/1054/1054
f 1144/1144/1144 1145/1145/1145 1054/1054/1054
f 1054/1054/1054 1145/1145/1145 1053/1053/1053
f 1145/1145/1145 1146/1146/1146 1053/1053/1053
f 1053/1053/1053 1146/1146/1146 1052/1052/1052
f 1146/1146/1146 1147/1147/1147 1052/1052/1052
f 1052/1052/1052 1147/1147/1147 1051/1051/1051
f 1147/1147/1147 1148/1148/1148 1051/1051/1051
f 1051/1051/1051 1148/1148/1148 1050/1050/1050
f 1148/1148/1148 1149/1149/1149 1050/1050/1050
f 1050/1050/1050 1149/1149/1149 1049/1049/1049
f 1149/1149/1149 1150/1150/1150 1049/1049/1049
f 1049/1049/1049 1150/1150/1150 1048/1048/1048
f 1150/1150/1150 1151/1151/1151 1048/1048/1048
f 1048/1048/1048 1151/1151/1151 1105/1105/1105
f 1151/1151/1151 1152/1152/1152 1105/1105/1105
f 1105/1105/1105 1152/1152/1152 1104/1104/1104
f 1152/1152/1152 1153/1153/1153 1104/1104/1104
f 1104/1104/1104 1153/1153/1153 1103/1103/1103
f 1153/1153/1153 1154/1154/1154 1103/1103/1103
f 1103/1103/1103 1154/1154/1154 1102/1102/1102
f 1154/1154/1154 1155/1155/1155 1102/1102/1102
f 1102/1102/1102 1155/1155/1155 1101/1101/1101
f 1155/1155/1155 1156/1156/1156 1101/1101/1101
f 1101/1101/1101 1156/1156/1156 1100/1100/1100
f 1156/1156/1156 1157/1157/1157 1100/1100/1100
f 1100/1100/1100 1157/1157/1157 1099/1099/1099
f 1157/1157/1157 1158/1158/1158 1099/1099/1099
f 1099/1099/1099 1158/1158/1158 1098/1098/1098
f 1158/1158/1158 1159/1159/1159 1098/1098/1098
f 1098/1098/1098 1159/1159/1159 1097/1097/1097
f 1159/1159/1159 1160/1160/1160 1097/1097/1097
f 1097/1097/1097 1160/1160/1160 1096/1096/1096
f 1160/1160/1160 1161/1161/1161 1096/1096/1096
f 1096/1096/1096 1161/1161/1161 1095/1095/1095
f 1161/1161/1161 1162/1162/1162 1095/1095/1095
f 1095/1095/1095 1162/1162/1162 1094/1094/1094
f 1162/1162/1162 1163/1163/1163 1094/1094/1094
f 1094/1094/1094 1163/1163/1163 1093/1093/1093
f 1163/1163/1163 1106/1106/1106 1093/1093/1093
f 1163/1163/1163 1164/1164/1164 1106/1106/1106
f 1164/1164/1164 1165/1165/1165 1106/1106/1106
f 1106/1106/1106 1165/1165/1165 1107/1107/1107
f 1165/1165/1165 1166/1166/1166 1107/1107/1107
f 1107/1107/1107 1166/1166/1166 1108/1108/1108
f 1166/1166/1166 1167/1167/1167 1108/1108/1108
f 1108/1108/1108 1167/1167/1167 1109/1109/1109
f 1167/1167/1167 1168/1168/1168 1109/1109/1109
f 1109/1109/1109 1168/1168/1168 1110/1110/1110
f 1168/1168/1168 1169/1169/1169 1110/1110/1110
f 1110/1110/1110 1169/1169/1169 1111/1111/1111
f 1169/1169/1169 1170/1170/1170 1111/1111/1111
f 1111/1111/1111 1170/1170/1170 1112/1112/1112
f 1170/1170/1170 1171/1171/1171 1112/1112/1112
f 1112/1112/1112 1171/1171/1171 1113/1113/1113
f 1171/1171/1171 1172/1172/1172 1113/1113/1113
f 1113/1113/1113 1172/1172/1172 1114/1114/1114
f 1172/1172/1172 1173/1173/1173 1114/1114/1114
f 1114/1114/1114 1173/1173/1173 1115/1115/1115
f 1173/1173/1173 1174/1174/1174 1115/1115/1115
f 1115/1115/1115 1174/1174/1174 1116/1116/1116
f 1174/1174/1174 1175/1175/1175 1116/1116/1116
f 1116/1116/1116 1175/1175/1175 1117/1117/1117
f 1175/1175/1175 1176/1176/1176 1117/1117/1117
f 1117/1117/1117 1176/1176/1176 1118/1118/1118
f 1176/1176/1176 1177/1177/1177 1118/1118/1118
f 1118/1118/1118 1177/1177/1177 1119/1119/1119
f 1177/1177/1177 1178/1178/1178 1119/1119/1119
f 1119/1119/1119 1178/1178/1178 1120/1120/1120
f 1178/1178/1178 1179/1179/1179 1120/1120/1120
f 1120/1120/1120 1179/1179/1179 1121/1121/1121
f 1179/1179/1179 1180/1180/1180 1121/1121/1121
f 1121/1121/1121 1180/1180/1180 1122/1122/1122
f 1180/1180/1180 1181/1181/1181 1122/1122/1122
f 1122/1122/1122 1181/1181/1181 1123/1123/1123
f 1181/1181/1181 1182/1182/1182 1123/1123/1123
f 1123/1123/1123 1182/1182/1182 1124/1124/1124
f 1182/1182/1182 1183/1183/1183 1124/1124/1124
f 1124/1124/1124 1183/1183/1183 1125/1125/1125
f 1183/1183/1183 1184/1184/1184 1125/1125/1125
f 1125/1125/1125 1184/1184/1184 1126/1126/1126
f 1184/1184/1184 1185/1185/1185 1126/1126/1126
f 1126/1126/1126 1185/1185/1185 1127/1127/1127
f 1185/1185/1185 1186/1186/1186 1127/1127/1127
f 1127/1127/1127 1186/1186/1186 1128/1128/1128
f 1186/1186/1186 1187/1187/1187 1128/1128/1128
f 1128/1128/1128 1187/1187/1187 1129/1129/1129
f 1187/1187/1187 1188/1188/1188 1129/1129/1129
f 1129/1129/1129 1188/1188/1188 1130/1130/1130
f 1188/1188/1188 1189/1189/1189 1130/1130/1130
f 1130/1130/1130 1189/1189/1189 1131/1131/1131
f 1189/1189/1189 1190/1190/1190 1131/1131/1131
f 1131/1131/1131 1190/1190/1190 1132/1132/1132
f 1190/1190/1190 1191/1191/1191 1132/1132/1132
f 1132/1132/1132 1191/1191/1191 1133/1133/1133
f 1191/1191/1191 1192/1192/1192 1133/1133/1133
f 1133/1133/1133 1192/1192/1192 1134/1134/1134
f 1192/1192/1192 1193/1193/1193 1134/1134/1134
f 1134/1134/1134 1193/1193/1193 1135/1135/1135
f 1193/1193/1193 1194/1194/1194 1135/1135/1135
f 1135/1135/1135 1194/1194/1194 1136/1136/1136
f 1194/1194/1194 1195/1195/1195 1136/1136/1136
f 1136/1136/1136 1195/1195/1195 1137/1137/1137
f 1195/1195/1195 1196/1196/1196 1137/1137/1137
f 1137/1137/1137 1196/1196/1196 1138/1138/1138
f 1196/1196/1196 1197/1197/1197 1138/1138/1138
f 1138/1138/1138 1197/1197/1197 1139/1139/1139
f 1197/1197/1197 1198/1198/1198 1139/1139/1139
f 1139/1139/1139 1198/1198/1198 1140/1140/1140
f 1198/1198/1198 1199/1199/1199 1140/1140/1140
f 1140/1140/1140 1199/1199/1199 1141/1141/1141
f 1199/1199/1199 1200/1200/1200 1141/1141/1141
f 1141/1141/1141 1200/1200/1200 1142/1142/1142
f 1200/1200/1200 1201/1201/1201 1142/1142/1142
f 1142/1142/1142 1201/1201/1201 1143/1143/1143
f 1201/1201/1201 1202/1202/1202 1143/1143/1143
f 1143/1143/1143 1202/1202/1202 1144/1144/1144
f 1202/1202/1202 1203/1203/1203 1144/1144/1144
f 1144/1144/1144 1203/1203/1203 1145/1145/1145
f 1203/1203/1203 1204/1204/1204 1145/1145/1145
f 1145/1145/1145 1204/1204/1204 1146/1146/1146
f 1204/1204/1204 1205/1205/1205 1146/1146/1146
f 1146/1146/1146 1205/1205/1205 1147/1147/1147
f 1205/1205/1205 1206/1206/1206 1147/1147/1147
f 1147/1147/1147 1206/1206/1206 1148/1148/1148
f 1206/1206/1206 1207/1207/1207 1148/1148/1148
f 1148/1148/1148 1207/1207/1207 1149/1149/1149
f 1207/1207/1207 1208/1208/1208 1149/1149/1149
f 1149/1149/1149 1208/1208/1208 1150/1150/1150
f 1208/1208/1208 1209/1209/1209 1150/1150/1150
f 1150/1150/1150 1209/1209/1209 1151/1151/1151
f 1209/1209/1209 1210/1210/1210 1151/1151/1151
f 1151/1151/1151 1210/1210/1210 1152/1152/1152
f 1210/1210/1210 1211/1211/1211 1152/1152/1152
f 1152/1152/1152 1211/1211/1211 1153/1153/1153
f 1211/1211/1211 1212/1212/1212 1153/1153/1153
f 1153/1153/1153 1212/1212/1212 1154/1154/1154
f 1212/1212/1212 1213/1213/1213 1154/1154/1154
f 1154/1154/1154 1213/1213/1213 1155/1155/1155
f 1213/1213/1213 1214/1214/1214 1155/1155/1155
f 1155/1155/1155 1214/1214/1214 1156/1156/1156
f 1214/1214/1214 1215/1215/1215 1156/1156/1156
f 1156/1156/1156 1215/1215/1215 1157/1157/1157
f 1215/1215/1215 1216/1216/1216 1157/1157/1157
f 1157/1157/1157 1216/1216/1216 1158/1158/1158
f 1216/1216/1216 1217/1217/1217 1158/1158/1158
f 1158/1158/1158 1217/1217/1217 1159/1159/1159
f 1217/1217/1217 1218/1218/1218 1159/1159/1159
f 1159/1159/1159 1218/1218/1218 1160/1160/1160
f 1218/1218/1218 1219/1219/1219 1160/1160/1160
f 1160/1160/1160 1219/1219/1219 1161/1161/1161
f 1219/1219/1219 1220/1220/1220 1161/1161/1161
f 1161/1161/1161 1220/1220/1220 1162/1162/1162
f 1220/1220/1220 1221/1221/1221 1162/1162/1162
f 1162/1162/1162 1221/1221/1221 1163/1163/1163
f 1221/1221/1221 1164/1164/1164 1163/1163/1163
f 1221/1221/1221 1222/1222/1222 1164/1164/1164
f 1222/1222/1222 1223/1223/1223 1164/1164/1164
f 1164/1164/1164 1223/1223/1223 1165/1165/1165
f 1223/1223/1223 1224/1224/1224 1165/1165/1165
f 1165/1165/1165 1224/1224/1224 1166/1166/1166
f 1224/1224/1224 1225/1225/1225 1166/1166/1166
f 1166/1166/1166 1225/1225/1225 1167/1167/1167
f 1225/1225/1225 1226/1226/1226 1167/1167/1167
f 1167/1167/1167 1226/1226/1226 1168/1168/1168
f 1226/1226/1226 1227/1227/1227 1168/1168/1168
f 1168/1168/1168 1227/1227/1227 1169/1169/1169
f 1227/1227/1227 1228/1228/1228 1169/1169/1169
f 1169/1169/1169 1228/1228/1228 1170/1170/1170
f 1228/1228/1228 1229/1229/1229 1170/1170/1170
f 1170/1170/1170 1229/1229/1229 1171/1171/1171
f 1229/1229/1229 1230/1230/1230 1171/1171/1171
f 1171/1171/1171 1230/1230/1230 1172/1172/1172
f 1230/1230/1230 1231/1231/1231 1172/1172/1172
f 1172/1172/1172 1231/1231/1231 1173/1173/1173
f 1231/1231/1231 1232/1232/1232 1173/1173/1173
f 1173/1173/1173 1232/1232/1232 1174/1174/1174
f 1232/1232/1232 1233/1233/1233 1174/1174/1174
f 1174/1174/1174 1233/1233/1233 1175/1175/1175
f 1233/1233/1233 1234/1234/1234 1175/1175/1175
f 1175/1175/1175 1234/1234/1234 1176/1176/1176
f 1234/1234/1234 1235/1235/1235 1176/1176/1176
f 1176/1176/1176 1235/1235/1235 1177/1177/1177
f 1235/1235/1235 1236/1236/1236 1177/1177/1177
f 1177/1177/1177 1236/1236/1236 1178/1178/1178
f 1236/1236/1236 1237/1237/1237 1178/1178/1178
f 1178/1178/1178 1237/1237/1237 1179/1179/1179
f 1237/1237/1237 1238/1238/1238 1179/1179/1179
f 1179/1179/1179 1238/1238/1238 1180/1180/1180
f 1238/1238/1238 1239/1239/1239 1180/1180/1180
f 1180/1180/1180 1239/1239/1239 1181/1181/1181
f 1239/1239/1239 1240/1240/1240 1181/1181/1181
f 1181/1181/1181 1240/1240/1240 1182/1182/1182
f 1240/1240/1240 1241/1241/1241 1182/1182/1182
f 1182/1182/1182 1241/1241/1241 1183/1183/1183
f 1241/1241/1241 1242/1242/1242 1183/1183/1183
f 1183/1183/1183 1242/1242/1242 1184/1184/1184
f 1242/1242/1242 1243/1243/1243 1184/1184/1184
f 1184/1184/1184 1243/1243/1243 1185/1185/1185
f 1243/1243/1243 1244/1244/1244 1185/1185/1185
f 1185/1185/1185 1244/1244/1244 1186/1186/1186
f 1244/1244/1244 1245/1245/1245 1186/1186/1186
f 1186/1186/1186 1245/1245/1245 1187/1187/1187
f 1245/1245/1245 1246/1246/1246 1187/1187/1187
f 1187/1187/1187 1246/1246/1246 1188/1188/1188
f 1246/1246/1246 1247/1247/1247 1188/1188/1188
f 1188/1188/1188 1247/1247/1247 1189/1189/1189
f 1247/1247/1247 1248/1248/1248 1189/1189/1189
f 1189/1189/1189 1248/1248/1248 1190/1190/1190
f 1248/1248/1248 1249/1249/1249 1190/1190/1190
f 1190/1190/1190 1249/1249/1249 1191/1191/1191
f 1249/1249/1249 1250/1250/1250 1191/1191/1191
f 1191/1191/1191 1250/1250/1250 1192/1192/1192
f 1250/1250/1250 1251/1251/1251 1192/1192/1192
f 1192/1192/1192 1251/1251/1251 1193/1193/1193
f 1251/1251/1251 1252/1252/1252 1193/1193/1193
f 1193/1193/1193 1252/1252/1252 1194/1194/1194
f 1252/1252/1252 1253/1253/1253 1194/1194/1194
f 1194/1194/1194 1253/1253/1253 1195/1195/1195
f 1253/1253/1253 1254/1254/1254 1195/1195/1195
f 1195/1195/1195 1254/1254/1254 1196/1196/1196
f 1254/1254/1254 1255/1255/1255 1196/1196/1196
f 1196/1196/1196 1255/1255/1255 1197/1197/1197
f 1255/1255/1255 1256/1256/1256 1197/1197/1197
f 1197/1197/1197 1256/1256/1256 1198/1198/1198
f 1256/1256/1256 1257/1257/1257 1198/1198/1198
f 1198/1198/1198 1257/1257/1257 1199/1199/1199
f 1257/1257/1257 1258/1258/1258 1199/1199/1199
f 1199/1199/1199 1258/1258/1258 1200/1200/1200
f 1258/1258/1258 1259/1259/1259 1200/1200/1200
f 1200/1200/1200 1259/1259/1259 1201/1201/1201
f 1259/1259/1259 1260/1260/1260 1201/1201/1201
f 1201/1201/1201 1260/1260/1260 1202/1202/1202
f 1260/1260/1260 1261/1261/1261 1202/1202/1202
f 1202/1202/1202 1261/1261/1261 1203/1203/1203
f 1261/1261/1261 1262/1262/1262 1203/1203/1203
f 1203/1203/1203 1262/1262/1262 1204/1204/1204
f 1262/1262/1262 1263/1263/1263 1204/1204/1204
f 1204/1204/1204 1263/1263/1263 1205/1205/1205
f 1263/1263/1263 1264/1264/1264 1205/1205/1205
f 1205/1205/1205 1264/1264/1264 1206/1206/1206
f 1264/1264/1264 1265/1265/1265 1206/1206/1206
f 1206/1206/1206 1265/1265/1265 1207/1207/1207
f 1265/1265/1265 1266/1266/1266 1207/1207/1207
f 1207/1207/1207 1266/1266/1266 1208/1208/1208
f 1266/1266/1266 1267/1267/1267 1208/1208/1208
f 1208/1208/1208 1267/1267/1267 1209/1209/1209
f 1267/1267/1267 1268/1268/1268 1209/1209/1209
f 1209/1209/1209 1268/1268/1268 1210/1210/1210
f 1268/1268/1268 1269/1269/1269 1210/1210/1210
f 1210/1210/1210 1269/1269/1269 1211/1211/1211
f 1269/1269/1269 1270/1270/1270 1211/1211/1211
f 1211/1211/1211 1270/1270/1270 1212/1212/1212
f 1270/1270/1270 1271/1271/1271 1212/1212/1212
f 1212/1212/1212 1271/1271/1271 1213/1213/1213
f 1271/1271/1271 1272/1272/1272 1213/1213/1213
f 1213/1213/1213 1272/1272/1272 1214/1214/1214
f 1272/1272/1272 1273/1273/1273 1214/1214/1214
f 1214/1214/1214 1273/1273/1273 1215/1215/1215
f 1273/1273/1273 1274/1274/1274 1215/1215/1215
f 1215/1215/1215 1274/1274/1274 1216/1216/1216
f 1274/1274/1274 1275/1275/1275 1216/1216/1216
f 1216/1216/1216 1275/1275/1275 1217/1217/1217
f 1275/1275/1275 1276/1276/1276 1217/1217/1217
f 1217/1217/1217 1276/1276/1276 1218/1218/1218
f 1276/1276/1276 1277/1277/1277 1218/1218/1218
f 1218/1218/1218 1277/1277/1277 1219/1219/1219
f 1277/1277/1277 1278/1278/1278 1219/1219/1219
f 1219/1219/1219 1278/1278/1278 1220/1220/1220
f 1278/1278/1278 1279/1279/1279 1220/1220/1220
f 1220/1220/1220 1279/1279/1279 1221/1221/1221
f 1279/1279/1279 1222/1222/1222 1221/1221/1221
f 1279/1279/1279 1280/1280/1280 1222/1222/1222
f 1280/1280/1280 1281/1281/1281 1222/1222/1222
f 1222/1222/1222 1281/1281/1281 1223/1223/1223
f 1281/1281/1281 1282/1282/1282 1223/1223/1223
f 1223/1223/1223 1282/1282/1282 1224/1224/1224
f 1282/1282/1282 1283/1283/1283 1224/1224/1224
f 1224/1224/1224 1283/1283/1283 1225/1225/1225
f 1283/1283/1283 1284/1284/1284 1225/1225/1225
f 1225/1225/1225 1284/1284/1284 1226/1226/1226
f 1284/1284/1284 1285/1285/1285 1226/1226/1226
f 1226/1226/1226 1285/1285/1285 1227/1227/1227
f 1285/1285/1285 1286/1286/1286 1227/1227/1227
f 1227/1227/1227 1286/1286/1286 1228/1228/1228
f 1286/1286/1286 1287/1287/1287 1228/1228/1228
f 1228/1228/1228 1287/1287/1287 1229/1229/1229
f 1287/1287/1287 1288/1288/1288 1229/1229/1229
f 1229/1229/1229 1288/1288/1288 1230/1230/1230
f 1288/1288/1288 1289/1289/1289 1230/1230/1230
f 1230/1230/1230 1289/1289/1289 1231/1231/1231
f 1289/1289/1289 1290/1290/1290 1231/1231/1231
f 1231/1231/1231 1290/1290/1290 1232/1232/1232
f 1290/1290/1290 1291/1291/1291 1232/1232/1232
f 1232/1232/1232 1291/1291/1291 1233/1233/1233
f 1291/1291/1291 1292/1292/1292 1233/1233/1233
f 1233/1233/1233 1292/1292/1292 1234/1234/1234
f 1292/1292/1292 1293/1293/1293 1234/1234/1234
f 1234/1234/1234 1293/1293/1293 1235/1235/1235
f 1293/1293/1293 1294/1294/1294 1235/1235/1235
f 1235/1235/1235 1294/1294/1294 1236/1236/1236
f 1294/1294/1294 1295/1295/1295 1236/1236/1236
f 1236/1236/1236 1295/1295/1295 1237/1237/1237
f 1295/1295/1295 1296/1296/1296 1237/1237/1237
f 1237/1237/1237 1296/1296/1296 1238/1238/1238
f 1296/1296/1296 1297/1297/1297 1238/1238/1238
f 1238/1238/1238 1297/1297/1297 1239/1239/1239
f 1297/1297/1297 1298/1298/1298 1239/1239/1239
f 1239/1239/1239 1298/1298/1298 1240/1240/1240
f 1298/1298/1298 1299/1299/1299 1240/1240/1240
f 1240/1240/1240 1299/1299/1299 1241/1241/1241
f 1299/1299/1299 1300/1300/1300 1241/1241/1241
f 1241/1241/1241 1300/1300/1300 1242/1242/1242
f 1300/1300/1300 1301/1301/1301 1242/1242/1242
f 1242/1242/1242 1301/1301/1301 1243/1243/1243
f 1301/1301/1301 1302/1302/1302 1243/1243/1243
f 1243/1243/1243 1302/1302/1302 1244/1244/1244
f 1302/1302/1302 1303/1303/1303 1244/1244/1244
f 1244/1244/1244 1303/1303/1303 1245/1245/1245
f 1303/1303/1303 1304/1304/1304 1245/1245/1245
f 1245/1245/1245 1304/1304/1304 1246/1246/1246
f 1304/1304/1304 1305/1305/1305 1246/1246/1246
f 1246/1246/1246 1305/1305/1305 1247/1247/1247
f 1305/1305/1305 1306/1306/1306 1247/1247/1247
f 1247/1247/1247 1306/1306/1306 1248/1248/1248
f 1306/1306/1306 1307/1307/1307 1248/1248/1248
f 1248/1248/1248 1307/1307/1307 1249/1249/1249
f 1307/1307/1307 1308/1308/1308 1249/1249/1249
f 1249/1249/1249 1308/1308/1308 1250/1250/1250
f 1308/1308/1308 1309/1309/1309 1250/1250/1250
f 1250/1250/1250 1309/1309/1309 1251/1251/1251
f 1309/1309/1309 1310/1310/1310 1251/1251/1251
f 1251/1251/1251 1310/1310/1310 1252/1252/1252
f 1310/1310/1310 1311/1311/1311 1252/1252/1252
f 1252/1252/1252 1311/1311/1311 1253/1253/1253
f 1311/1311/1311 1312/1312/1312 1253/1253/1253
f 1253/1253/1253 1312/1312/1312 1254/1254/1254
f 1312/1312/1312 1313/1313/1313 1254/1254/1254
f 1254/1254/1254 1313/1313/1313 1255/1255/1255
f 1313/1313/1313 1314/1314/1314 1255/1255/1255
f 1255/1255/1255 1314/1314/1314 1256/1256/1256
f 1314/1314/1314 1315/1315/1315 1256/1256/1256
f 1256/1256/1256 1315/1315/1315 1257/1257/1257
f 1315/1315/1315 1316/1316/1316 1257/1257/1257
f 1257/1257/1257 1316/1316/1316 1258/1258/1258
f 1316/1316/1316 1317/1317/1317 1258/1258/1258
f 1258/1258/1258 1317/1317/1317 1259/1259/1259
f 1317/1317/1317 1318/1318/1318 1259/1259/1259
f 1259/1259/1259 1318/1318/1318 1260/1260/1260
f 1318/1318/1318 1319/1319/1319 1260/1260/1260
f 1260/1260/1260 1319/1319/1319 1261/1261/1261
f 1319/1319/1319 1320/1320/1320 1261/1261/1261
f 1261/1261/1261 1320/1320/1320 1262/1262/1262
f 1320/1320/1320 1321/1321/1321 1262/1262/1262
f 1262/1262/1262 1321/1321/1321 1263/1263/1263
f 1321/1321/1321 1322/1322/1322 1263/1263/1263
f 1263/1263/1263 1322/1322/1322 1264/1264/1264
f 1322/1322/1322 1323/1323/1323 1264/1264/1264
f 1264/1264/1264 1323/1323/1323 1265/1265/1265
f 1323/1323/1323 1324/1324/1324 1265/1265/1265
f 1265/1265/1265 1324/1324/1324 1266/1266/1266
f 1324/1324/1324 1325/1325/1325 1266/1266/1266
f 1266/1266/1266 1325/1325/1325 1267/1267/1267
f 1325/1325/1325 1326/1326/1326 1267/1267/1267
f 1267/1267/1267 1326/1326/1326 1268/1268/1268
f 1326/1326/1326 1327/1327/1327 1268/1268/1268
f 1268/1268/1268 1327/1327/1327 1269/1269/1269
f 1327/1327/1327 1328/1328/1328 1269/1269/1269
f 1269/1269/1269 1328/1328/1328 1270/1270/1270
f 1328/1328/1328 1329/1329/1329 1270/1270/1270
f 1270/1270/1270 1329/1329/1329 1271/1271/1271
f 1329/1329/1329 1330/1330/1330 1271/1271/1271
f 1271/1271/1271 1330/1330/1330 1272/1272/1272
f 1330/1330/1330 1331/1331/1331 1272/1272/1272
f 1272/1272/1272 1331/1331/1331 1273/1273/1273
f 1331/1331/1331 1332/1332/1332 1273/1273/1273
f 1273/1273/1273 1332/1332/1332 1274/1274/1274
f 1332/1332/1332 1333/1333/1333 1274/1274/1274
f 1274/1274/1274 1333/1333/1333 1275/1275/1275
f 1333/1333/1333 1334/1334/1334 1275/1275/1275
f 1275/1275/1275 1334/1334/1334 1276/1276/1276
f 1334/1334/1334 1335/1335/1335 1276/1276/1276
f 1276/1276/1276 1335/1335/1335 1277/1277/1277
f 1335/1335/1335 1336/1336/1336 1277/1277/1277
f 1277/1277/1277 1336/1336/1336 1278/1278/1278
f 1336/1336/1336 1337/1337/1337 1278/1278/1278
f 1278/1278/1278 1337/1337/1337 1279/1279/1279
f 1337/1337/1337 1280/1280/1280 1279/1279/1279
f 1337/1337/1337 1338/1338/1338 1280/1280/1280
f 1338/1338/1338 1339/1339/1339 1280/1280/1280
f 1280/1280/1280 1339/1339/1339 1281/1281/1281
f 1339/1339/1339 1340/1340/1340 1281/1281/1281
f 1281/1281/1281 1340/1340/1340 1282/1282/1282
f 1340/1340/1340 1341/1341/1341 1282/1282/1282
f 1282/1282/1282 1341/1341/1341 1283/1283/1283
f 1341/1341/1341 1342/1342/1342 1283/1283/1283
f 1283/1283/1283 1342/1342/1342 1284/1284/1284
f 1342/1342/1342 1343/1343/1343 1284/1284/1284
f 1284/1284/1284 1343/1343/1343 1285/1285/1285
f 1343/1343/1343 1344/1344/1344 1285/1285/1285
f 1285/1285/1285 1344/1344/1344 1286/1286/1286
f 1344/1344/1344 1345/1345/1345 1286/1286/1286
f 1286/1286/1286 1345/1345/1345 1287/1287/1287
f 1345/1345/1345 1346/1346/1346 1287/1287/1287
f 1287/1287/1287 1346/1346/1346 1288/1288/1288
f 1346/1346/1346 1347/1347/1347 1288/1288/1288
f 1288/1288/1288 1347/1347/1347 1289/1289/1289
f 1347/1347/1347 1348/1348/1348 1289/1289/1289
f 1289/1289/1289 1348/1348/1348 1290/1290/1290
f 1348/1348/1348 1349/1349/1349 1290/1290/1290
f 1290/1290/1290 1349/1349/1349 1291/1291/1291
f 1349/1349/1349 1350/1350/1350 1291/1291/1291
f 1291/1291/1291 1350/1350/1350 1292/1292/1292
f 1350/1350/1350 1351/1351/1351 1292/1292/1292
f 1292/1292/1292 1351/1351/1351 1293/1293/1293
f 1351/1351/1351 1352/1352/1352 1293/1293/1293
f 1293/1293/1293 1352/1352/1352 1294/1294/1294
f 1352/1352/1352 1353/1353/1353 1294/1294/1294
f 1294/1294/1294 1353/1353/1353 1295/1295/1295
f 1353/1353/1353 1354/1354/1354 1295/1295/1295
f 1295/1295/1295 1354/1354/1354 1296/1296/1296
f 1354/1354/1354 1355/1355/1355 1296/1296/1296
f 1296/1296/1296 1355/1355/1355 1297/1297/1297
f 1355/1355/1355 1356/1356/1356 1297/1297/1297
f 1297/1297/1297 1356/1356/1356 1298/1298/1298
f 1356/1356/1356 1357/1357/1357 1298/1298/1298
f 1298/1298/1298 1357/1357/1357 1299/1299/1299
f 1357/1357/1357 1358/1358/1358 1299/1299/1299
f 1299/1299/1299 1358/1358/1358 1300/1300/1300
f 1358/1358/1358 1359/1359/1359 1300/1300/1300
f 1300/1300/1300 1359/1359/1359 1301/1301/1301
f 1359/1359/1359 1360/1360/1360 1301/1301/1301
f 1301/1301/1301 1360/1360/1360 1302/1302/1302
f 1360/1360/1360 1361/1361/1361 1302/1302/1302
f 1302/1302/1302 1361/1361/1361 1303/1303/1303
f 1361/1361/1361 1362/1362/1362 1303/1303/1303
f 1303/1303/1303 1362/1362/1362 1304/1304/1304
f 1362/1362/1362 1363/1363/1363 1304/1304/1304
f 1304/1304/1304 1363/1363/1363 1305/1305/1305
f 1363/1363/1363 1364/1364/1364 1305/1305/1305
f 1305/1305/1305 1364/1364/1364 1306/1306/1306
f 1364/1364/1364 1365/1365/1365 1306/1306/1306
f 1306/1306/1306 1365/1365/1365 1307/1307/1307
f 1365/1365/1365 1366/1366/1366 1307/1307/1307
f 1307/1307/1307 1366/1366/1366 1308/1308/1308
f 1366/1366/1366 1367/1367/1367 1308/1308/1308
f 1308/1308/1308 1367/1367/1367 1309/1309/1309
f 1367/1367/1367 1368/1368/1368 1309/1309/1309
f 1309/1309/1309 1368/1368/1368 1310/1310/1310
f 1368/1368/1368 1369/1369/1369 1310/1310/1310
f 1310/1310/1310 1369/1369/1369 1311/1311/1311
f 1369/1369/1369 1370/1370/1370 1311/1311/1311
f 1311/1311/1311 1370/1370/1370 1312/1312/1312
f 1370/1370/1370 1371/1371/1371 1312/1312/1312
f 1312/1312/1312 1371/1371/1371 1313/1313/1313
f 1371/1371/1371 1372/1372/1372 1313/1313/1313
f 1313/1313/1313 1372/1372/1372 1314/1314/1314
f 1372/1372/1372 1373/1373/1373 1314/1314/1314
f 1314/1314/1314 1373/1373/1373 1315/1315/1315
f 1373/1373/1373 1374/1374/1374 1315/1315/1315
f 1315/1315/1315 1374/1374/1374 1316/1316/1316
f 1374/1374/1374 1375/1375/1375 1316/1316/1316
f 1316/1316/1316 1375/1375/1375 1317/1317/1317
f 1375/1375/1375 1376/1376/1376 1317/1317/1317
f 1317/1317/1317 1376/1376/1376 1318/1318/1318
f 1376/1376/1376 1377/1377/1377 1318/1318/1318
f 1318/1318/1318 1377/1377/1377 1319/1319/1319
f 1377/1377/1377 1378/1378/1378 1319/1319/1319
f 1319/1319/1319 1378/1378/1378 1320/1320/1320
f 1378/1378/1378 1379/1379/1379 1320/1320/1320
f 1320/1320/1320 1379/1379/1379 1321/1321/1321
f 1379/1379/1379 1380/1380/1380 1321/1321/1321
f 1321/1321/1321 1380/1380/1380 1322/1322/1322
f 1380/1380/1380 1381/1381/1381 1322/1322/1322
f 1322/1322/1322 1381/1381/1381 1323/1323/1323
f 1381/1381/1381 1382/1382/1382 1323/1323/1323
f 1323/1323/1323 1382/1382/1382 1324/1324/1324
f 1382/1382/1382 1383/1383/1383 1324/1324/1324
f 1324/1324/1324 1383/1383/1383 1325/1325/1325
f 1383/1383/1383 1384/1384/1384 1325/1325/1325
f 1325/1325/1325 1384/1384/1384 1326/1326/1326
f 1384/1384/1384 1385/1385/1385 1326/1326/1326
f 1326/1326/1326 1385/1385/1385 1327/1327/1327
f 1385/1385/1385 1386/1386/1386 1327/1327/1327
f 1327/1327/1327 1386/1386/1386 1328/1328/1328
f 1386/1386/1386 1387/1387/1387 1328/1328/1328
f 1328/1328/1328 1387/1387/1387 1329/1329/1329
f 1387/1387/1387 1388/1388/1388 1329/1329/1329
f 1329/1329/1329 1388/1388/1388 1330/1330/1330
f 1388/1388/1388 1389/1389/1389 1330/1330/1330
f 1330/1330/1330 1389/1389/1389 1331/1331/1331
f 1389/1389/1389 1390/1390/1390 1331/1331/1331
f 1331/1331/1331 1390/1390/1390 1332/1332/1332
f 1390/1390/1390 1391/1391/1391 1332/1332/1332
f 1332/1332/1332 1391/1391/1391 1333/1333/1333
f 1391/1391/1391 1392/1392/1392 1333/1333/1333
f 1333/1333/1333 1392/1392/1392 1334/1334/1334
f 1392/1392/1392 1393/1393/1393 1334/1334/1334
f 1334/1334/1334 1393/1393/1393 1335/1335/1335
f 1393/1393/1393 1394/1394/1394 1335/1335/1335
f 1335/1335/1335 1394/1394/1394 1336/1336/1336
f 1394/1394/1394 1395/1395/1395 1336/1336/1336
f 1336/1336/1336 1395/1395/1395 1337/1337/1337
f 1395/1395/1395 1338/1338/1338 1337/1337/1337
f 1395/1395/1395 1396/1396/1396 1338/1338/1338
f 1396/1396/1396 1397/1397/1397 1338/1338/1338
f 1338/1338/1338 1397/1397/1397 1339/1339/1339
f 1397/1397/1397 1398/1398/1398 1339/1339/1339
f 1339/1339/1339 1398/1398/1398 1340/1340/1340
f 1398/1398/1398 1399/1399/1399 1340/1340/1340
f 1340/1340/1340 1399/1399/1399 1341/1341/1341
f 1399/1399/1399 1400/1400/1400 1341/1341/1341
f 1341/1341/1341 1400/1400/1400 1342/1342/1342
f 1400/1400/1400 1401/1401/1401 1342/1342/1342
f 1342/1342/1342 1401/1401/1401 1343/1343/1343
f 1401/1401/1401 1402/1402/1402 1343/1343/1343
f 1343/1343/1343 1402/1402/1402 1344/1344/1344
f 1402/1402/1402 1403/1403/1403 1344/1344/1344
f 1344/1344/1344 1403/1403/1403 1345/1345/1345
f 1403/1403/1403 1404/1404/1404 1345/1345/1345
f 1345/1345/1345 1404/1404/1404 1346/1346/1346
f 1404/1404/1404 1405/1405/1405 1346/1346/1346
f 1346/1346/1346 1405/1405/1405 1347/1347/1347
f 1405/1405/1405 1406/1406/1406 1347/1347/1347
f 1347/1347/1347 1406/1406/1406 1348/1348/1348
f 1406/1406/1406 1407/1407/1407 1348/1348/1348
f 1348/1348/1348 1407/1407/1407 1349/1349/1349
f 1407/1407/1407 1408/1408/1408 1349/1349/1349
f 1349/1349/1349 1408/1408/1408 1350/1350/1350
f 1408/1408/1408 1409/1409/1409 1350/1350/1350
f 1350/1350/1350 1409/1409/1409 1351/1351/1351
f 1409/1409/1409 1410/1410/1410 1351/1351/1351
f 1351/1351/1351 1410/1410/1410 1352/1352/1352
f 1410/1410/1410 1411/1411/1411 1352/1352/1352
f 1352/1352/1352 1411/1411/1411 1353/1353/1353
f 1411/1411/1411 1412/1412/1412 1353/1353/1353
f 1353/1353/1353 1412/1412/1412 1354/1354/1354
f 1412/1412/1412 1413/1413/1413 1354/1354/1354
f 1354/1354/1354 1413/1413/1413 1355/1355/1355
f 1413/1413/1413 1414/1414/1414 1355/1355/1355
f 1355/1355/1355 1414/1414/1414 1356/1356/1356
f 1414/1414/1414 1415/1415/1415 1356/1356/1356
f 1356/1356/1356 1415/1415/1415 1357/1357/1357
f 1415/1415/1415 1416/1416/1416 1357/1357/1357
f 1357/1357/1357 1416/1416/1416 1358/1358/1358
f 1416/1416/1416 1417/1417/1417 1358/1358/1358
f 1358/1358/1358 1417/1417/1417 1359/1359/1359
f 1417/1417/1417 1418/1418/1418 1359/1359/1359
f 1359/1359/1359 1418/1418/1418 1360/1360/1360
f 1418/1418/1418 1419/1419/1419 1360/1360/1360
f 1360/1360/1360 1419/1419/1419 1361/1361/1361
f 1419/1419/1419 1420/1420/1420 1361/1361/1361
f 1361/1361/1361 1420/1420/1420 1362/1362/1362
f 1420/1420/1420 1421/1421/1421 1362/1362/1362
f 1362/1362/1362 1421/1421/1421 1363/1363/1363
f 1421/1421/1421 1422/1422/1422 1363/1363/1363
f 1363/1363/1363 1422/1422/1422 1364/1364/1364
f 1422/1422/1422 1423/1423/1423 1364/1364/1364
f 1364/1364/1364 1423/1423/1423 1365/1365/1365
f 1423/1423/1423 1424/1424/1424 1365/1365/1365
f 1365/1365/1365 1424/1424/1424 1366/1366/1366
f 1424/1424/1424 1425/1425/1425 1366/1366/1366
f 1366/1366/1366 1425/1425/1425 1367/1367/1367
f 1425/1425/1425 1426/1426/1426 1367/1367/1367
f 1367/1367/1367 1426/1426/1426 1368/1368/1368
f 1426/1426/1426 1427/1427/1427 1368/1368/1368
f 1368/1368/1368 1427/1427/1427 1369/1369/1369
f 1427/1427/1427 1428/1428/1428 1369/1369/1369
f 1369/1369/1369 1428/1428/1428 1370/1370/1370
f 1428/1428/1428 1429/1429/1429 1370/1370/1370
f 1370/1370/1370 1429/1429/1429 1371/1371/1371
f 1429/1429/1429 1430/1430/1430 1371/1371/1371
f 1371/1371/1371 1430/1430/1430 1372/1372/1372
f 1430/1430/1430 1431/1431/1431 1372/1372/1372
f 1372/1372/1372 1431/1431/1431 1373/1373/1373
f 1431/1431/1431 1432/1432/1432 1373/1373/1373
f 1373/1373/1373 1432/1432/1432 1374/1374/1374
f 1432/1432/1432 1433/1433/1433 1374/1374/1374
f 1374/1374/1374 1433/1433/1433 1375/1375/1375
f 1433/1433/1433 1434/1434/1434 1375/1375/1375
f 1375/1375/1375 1434/1434/1434 1376/1376/1376
f 1434/1434/1434 1435/1435/1435 1376/1376/1376
f 1376/1376/1376 1435/1435/1435 1377/1377/1377
f 1435/1435/1435 1436/1436/1436 1377/1377/1377
f 1377/1377/1377 1436/1436/1436 1378/1378/1378
f 1436/1436/1436 1437/1437/1437 1378/1378/1378
f 1378/1378/1378 1437/1437/1437 1379/1379/1379
f 1437/1437/1437 1438/1438/1438 1379/1379/1379
f 1379/1379/1379 1438/1438/1438 1380/1380/1380
f 1438/1438/1438 1439/1439/1439 1380/1380/1380
f 1380/1380/1380 1439/1439/1439 1381/1381/1381
f 1439/1439/1439 1440/1440/1440 1381/1381/1381
f 1381/1381/1381 1440/1440/1440 1382/1382/1382
f 1440/1440/1440 1441/1441/1441 1382/1382/1382
f 1382/1382/1382 1441/1441/1441 1383/1383/1383
f 1441/1441/1441 1442/1442/1442 1383/1383/1383
f 1383/1383/1383 1442/1442/1442 1384/1384/1384
f 1442/1442/1442 1443/1443/1443 1384/1384/1384
f 1384/1384/1384 1443/1443/1443 1385/1385/1385
f 1443/1443/1443 1444/1444/1444 1385/1385/1385
f 1385/1385/1385 1444/1444/1444 1386/1386/1386
f 1444/1444/1444 1445/1445/1445 1386/1386/1386
f 1386/1386/1386 1445/1445/1445 1387/1387/1387
f 1445/1445/1445 1446/1446/1446 1387/1387/1387
f 1387/1387/1387 1446/1446/1446 1388/1388/1388
f 1446/1446/1446 1447/1447/1447 1388/1388/1388
f 1388/1388/1388 1447/1447/1447 1389/1389/1389
f 1447/1447/1447 1448/1448/1448 1389/1389/1389
f 1389/1389/1389 1448/1448/1448 1390/1390/1390
f 1448/1448/1448 1449/1449/1449 1390/1390/1390
f 1390/1390/1390 1449/1449/1449 1391/1391/1391
f 1449/1449/1449 1450/1450/1450 1391/1391/1391
f 1391/1391/1391 1450/1450/1450 1392/1392/1392
f 1450/1450/1450 1451/1451/1451 1392/1392/1392
f 1392/1392/1392 1451/1451/1451 1393/1393/1393
f 1451/1451/1451 1452/1452/1452 1393/1393/1393
f 1393/1393/1393 1452/1452/1452 1394/1394/1394
f 1452/1452/1452 1453/1453/1453 1394/1394/1394
f 1394/1394/1394 1453/1453/1453 1395/1395/1395
f 1453/1453/1453 1396/1396/1396 1395/1395/1395
f 1453/1453/1453 1454/1454/1454 1396/1396/1396
f 1454/1454/1454 1455/1455/1455 1396/1396/1396
f 1396/1396/1396 1455/1455/1455 1397/1397/1397
f 1455/1455/1455 1456/1456/1456 1397/1397/1397
f 1397/1397/1397 1456/1456/1456 1398/1398/1398
f 1456/1456/1456 1457/1457/1457 1398/1398/1398
f 1398/1398/1398 1457/1457/1457 1399/1399/1399
f 1457/1457/1457 1458/1458/1458 1399/1399/1399
f 1399/1399/1399 1458/1458/1458 1400/1400/1400
f 1458/1458/1458 1459/1459/1459 1400/1400/1400
f 1400/1400/1400 1459/1459/1459 1401/1401/1401
f 1459/1459/1459 1460/1460/1460 1401/1401/1401
f 1401/1401/1401 1460/1460/1460 1402/1402/1402
f 1460/1460/1460 1461/1461/1461 1402/1402/1402
f 1402/1402/1402 1461/1461/1461 1403/1403/1403
f 1461/1461/1461 1462/1462/1462 1403/1403/1403
f 1403/1403/1403 1462/1462/1462 1404/1404/1404
f 1462/1462/1462 1463/1463/1463 1404/1404/1404
f 1404/1404/1404 1463/1463/1463 1405/1405/1405
f 1463/1463/1463 1464/1464/1464 1405/1405/1405
f 1405/1405/1405 1464/1464/1464 1406/1406/1406
f 1464/1464/1464 1465/1465/1465 1406/1406/1406
f 1406/1406/1406 1465/1465/1465 1407/1407/1407
f 1465/1465/1465 1466/1466/1466 1407/1407/1407
f 1407/1407/1407 1466/1466/1466 1408/1408/1408
f 1466/1466/1466 1467/1467/1467 1408/1408/1408
f 1408/1408/1408 1467/1467/1467 1409/1409/1409
f 1467/1467/1467 1468/1468/1468 1409/1409/1409
f 1409/1409/1409 1468/1468/1468 1410/1410/1410
f 1468/1468/1468 1469/1469/1469 1410/1410/1410
f 1410/1410/1410 1469/1469/1469 1411/1411/1411
f 1469/1469/1469 1470/1470/1470 1411/1411/1411
f 1411/1411/1411 1470/1470/1470 1412/1412/1412
f 1470/1470/1470 1471/1471/1471 1412/1412/1412
f 1412/1412/1412 1471/1471/1471 1413/1413/1413
f 1471/1471/1471 1472/1472/1472 1413/1413/1413
f 1413/1413/1413 1472/1472/1472 1414/1414/1414
f 1472/1472/1472 1473/1473/1473 1414/1414/1414
f 1414/1414/1414 1473/1473/1473 1415/1415/1415
f 1473/1473/1473 1474/1474/1474 1415/1415/1415
f 1415/1415/1415 1474/1474/1474 1416/1416/1416
f 1474/1474/1474 1475/1475/1475 1416/1416/1416
f 1416/1416/1416 1475/1475/1475 1417/1417/1417
f 1475/1475/1475 1476/1476/1476 1417/1417/1417
f 1417/1417/1417 1476/1476/1476 1418/1418/1418
f 1476/1476/1476 1477/1477/1477 1418/1418/1418
f 1418/1418/1418 1477/1477/1477 1419/1419/1419
f 1477/1477/1477 1478/1478/1478 1419/1419/1419
f 1419/1419/1419 1478/1478/1478 1420/1420/1420
f 1478/1478/1478 1479/1479/1479 1420/1420/1420
f 1420/1420/1420 1479/1479/1479 1421/1421/1421
f 1479/1479/1479 1480/1480/1480 1421/1421/1421
f 1421/1421/1421 1480/1480/1480 1422/1422/1422
f 1480/1480/1480 1481/1481/1481 1422/1422/1422
f 1422/1422/1422 1481/1481/1481 1423/1423/1423
f 1481/1481/1481 1482/1482/1482 1423/1423/1423
f 1423/1423/1423 1482/1482/1482 1424/1424/1424
f 1482/1482/1482 1483/1483/1483 1424/1424/1424
f 1424/1424/1424 1483/1483/1483 1425/1425/1425
f 1483/1483/1483 1484/1484/1484 1425/1425/1425
f 1425/1425/1425 1484/1484/1484 1426/1426/1426
f 1484/1484/1484 1485/1485/1485 1426/1426/1426
f 1426/1426/1426 1485/1485/1485 1427/1427/1427
f 1485/1485/1485 1486/1486/1486 1427/1427/1427
f 1427/1427/1427 1486/1486/1486 1428/1428/1428
f 1486/1486/1486 1487/1487/1487 1428/1428/1428
f 1428/1428/1428 1487/1487/1487 1429/1429/1429
f 1487/1487/1487 1488/1488/1488 1429/1429/1429
f 1429/1429/1429 1488/1488/1488 1430/1430/1430
f 1488/1488/1488 1489/1489/1489 1430/1430/1430
f 1430/1430/1430 1489/1489/1489 1431/1431/1431
f 1489/1489/1489 1490/1490/1490 1431/1431/1431
f 1431/1431/1431 1490/1490/1490 1432/1432/1432
f 1490/1490/1490 1491/1491/1491 1432/1432/1432
f 1432/1432/1432 1491/1491/1491 1433/1433/1433
f 1491/1491/1491 1492/1492/1492 1433/1433/1433
f 1433/1433/1433 1492/1492/1492 1434/1434/1434
f 1492/1492/1492 1493/1493/1493 1434/1434/1434
f 1434/1434/1434 1493/1493/1493 1435/1435/1435
f 1493/1493/1493 1494/1494/1494 1435/1435/1435
f 1435/1435/1435 1494/1494/1494 1436/1436/1436
f 1494/1494/1494 1495/1495/1495 1436/1436/1436
f 1436/1436/1436 1495/1495/1495 1437/1437/1437
f 1495/1495/1495 1496/1496/1496 1437/1437/1437
f 1437/1437/1437 1496/1496/1496 1438/1438/1438
f 1496/1496/1496 1497/1497/1497 1438/1438/1438
f 1438/1438/1438 1497/1497/1497 1439/1439/1439
f 1497/1497/1497 1498/1498/1498 1439/1439/1439
f 1439/1439/1439 1498/1498/1498 1440/1440/1440
f 1498/1498/1498 1499/1499/1499 1440/1440/1440
f 1440/1440/1440 1499/1499/1499 1441/1441/1441
f 1499/1499/1499 1500/1500/1500 1441/1441/1441
f 1441/1441/1441 1500/1500/1500 1442/1442/1442
f 1500/1500/1500 1501/1501/1501 1442/1442/1442
f 1442/1442/1442 1501/1501/1501 1443/1443/1443
f 1501/1501/1501 1502/1502/1502 1443/1443/1443
f 1443/1443/1443 1502/1502/1502 1444/1444/1444
f 1502/1502/1502 1503/1503/1503 1444/1444/1444
f 1444/1444/1444 1503/1503/1503 1445/1445/1445
f 1503/1503/1503 1504/1504/1504 1445/1445/1445
f 1445/1445/1445 1504/1504/1504 1446/1446/1446
f 1504/1504/1504 1505/1505/1505 1446/1446/1446
f 1446/1446/1446 1505/1505/1505 1447/1447/1447
f 1505/1505/1505 1506/1506/1506 1447/1447/1447
f 1447/1447/1447 1506/1506/1506 1448/1448/1448
f 1506/1506/1506 1507/1507/1507 1448/1448/1448
f 1448/1448/1448 1507/1507/1507 1449/1449/1449
f 1507/1507/1507 1508/1508/1508 1449/1449/1449
f 1449/1449/1449 1508/1508/1508 1450/1450/1450
f 1508/1508/1508 1509/1509/1509 1450/1450/1450
f 1450/1450/1450 1509/1509/1509 1451/1451/1451
f 1509/1509/1509 1510/1510/1510 1451/1451/1451
f 1451/1451/1451 1510/1510/1510 1452/1452/1452
f 1510/1510/1510 1511/1511/1511 1452/1452/1452
f 1452/1452/1452 1511/1511/1511 1453/1453/1453
f 1511/1511/1511 1454/1454/1454 1453/1453/1453
f 1511/1511/1511 1512/1512/1512 1454/1454/1454
f 1512/1512/1512 1513/1513/1513 1454/1454/1454
f 1454/1454/1454 1513/1513/1513 1455/1455/1455
f 1513/1513/1513 1514/1514/1514 1455/1455/1455
f 1455/1455/1455 1514/1514/1514 1456/1456/1456
f 1514/1514/1514 1515/1515/1515 1456/1456/1456
f 1456/1456/1456 1515/1515/1515 1457/1457/1457
f 1515/1515/1515 1516/1516/1516 1457/1457/1457
f 1457/1457/1457 1516/1516/1516 1458/1458/1458
f 1516/1516/1516 1517/1517/1517 1458/1458/1458
f 1458/1458/1458 1517/1517/1517 1459/1459/1459
f 1517/1517/1517 1518/1518/1518 1459/1459/1459
f 1459/1459/1459 1518/1518/1518 1460/1460/1460
f 1518/1518/1518 1519/1519/1519 1460/1460/1460
f 1460/1460/1460 1519/1519/1519 1461/1461/1461
f 1519/1519/1519 1520/1520/1520 1461/1461/1461
f 1461/1461/1461 1520/1520/1520 1462/1462/1462
f 1520/1520/1520 1521/1521/1521 1462/1462/1462
f 1462/1462/1462 1521/1521/1521 1463/1463/1463
f 1521/1521/1521 1522/1522/1522 1463/1463/1463
f 1463/1463/1463 1522/1522/1522 1464/1464/1464
f 1522/1522/1522 1523/1523/1523 1464/1464/1464
f 1464/1464/1464 1523/1523/1523 1465/1465/1465
f 1523/1523/1523 1524/1524/1524 1465/1465/1465
f 1465/1465/1465 1524/1524/1524 1466/1466/1466
f 1524/1524/1524 1525/1525/1525 1466/1466/1466
f 1466/1466/1466 1525/1525/1525 1467/1467/1467
f 1525/1525/1525 1526/1526/1526 1467/1467/1467
f 1467/1467/1467 1526/1526/1526 1468/1468/1468
f 1526/1526/1526 1527/1527/1527 1468/1468/1468
f 1468/1468/1468 1527/1527/1527 1469/1469/1469
f 1527/1527/1527 1528/1528/1528 1469/1469/1469
f 1469/1469/1469 1528/1528/1528 1470/1470/1470
f 1528/1528/1528 1529/1529/1529 1470/1470/1470
f 1470/1470/1470 1529/1529/1529 1471/1471/1471
f 1529/1529/1529 1530/1530/1530 1471/1471/1471
f 1471/1471/1471 1530/1530/1530 1472/1472/1472
f 1530/1530/1530 1531/1531/1531 1472/1472/1472
f 1472/1472/1472 1531/1531/1531 1473/1473/1473
f 1531/1531/1531 1532/1532/1532 1473/1473/1473
f 1473/1473/1473 1532/1532/1532 1474/1474/1474
f 1532/1532/1532 1533/1533/1533 1474/1474/1474
f 1474/1474/1474 1533/1533/1533 1475/1475/1475
f 1533/1533/1533 1534/1534/1534 1475/1475/1475
f 1475/1475/1475 1534/1534/1534 1476/1476/1476
f 1534/1534/1534 1535/1535/1535 1476/1476/1476
f 1476/1476/1476 1535/1535/1535 1477/1477/1477
f 1535/1535/1535 1536/1536/1536 1477/1477/1477
f 1477/1477/1477 1536/1536/1536 1478/1478/1478
f 1536/1536/1536 1537/1537/1537 1478/1478/1478
f 1478/1478/1478 1537/1537/1537 1479/1479/1479
f 1537/1537/1537 1538/1538/1538 1479/1479/1479
f 1479/1479/1479 1538/1538/1538 1480/1480/1480
f 1538/1538/1538 1539/1539/1539 1480/1480/1480
f 1480/1480/1480 1539/1539/1539 1481/1481/1481
f 1539/1539/1539 1540/1540/1540 1481/1481/1481
f 1481/1481/1481 1540/1540/1540 1482/1482/1482
f 1540/1540/1540 1541/1541/1541 1482/1482/1482
f 1482/1482/1482 1541/1541/1541 1483/1483/1483
f 1541/1541/1541 1542/1542/1542 1483/1483/1483
f 1483/1483/1483 1542/1542/1542 1484/1484/1484
f 1542/1542/1542 1543/1543/1543 1484/1484/1484
f 1484/1484/1484 1543/1543/1543 1485/1485/1485
f 1543/1543/1543 1544/1544/1544 1485/1485/1485
f 1485/1485/1485 1544/1544/1544 1486/1486/1486
f 1544/1544/1544 1545/1545/1545 1486/1486/1486
f 1486/1486/1486 1545/1545/1545 1487/1487/1487
f 1545/1545/1545 1546/1546/1546 1487/1487/1487
f 1487/1487/1487 1546/1546/1546 1488/1488/1488
f 1546/1546/1546 1547/1547/1547 1488/1488/1488
f 1488/1488/1488 1547/1547/1547 1489/1489/1489
f 1547/1547/1547 1548/1548/1548 1489/1489/1489
f 1489/1489/1489 1548/1548/1548 1490/1490/1490
f 1548/1548/1548 1549/1549/1549 1490/1490/1490
f 1490/1490/1490 1549/1549/1549 1491/1491/1491
f 1549/1549/1549 1550/1550/1550 1491/1491/1491
f 1491/1491/1491 1550/1550/1550 1492/1492/1492
f 1550/1550/1550 1551/1551/1551 1492/1492/1492
f 1492/1492/1492 1551/1551/1551 1493/1493/1493
f 1551/1551/1551 1552/1552/1552 1493/1493/1493
f 1493/1493/1493 1552/1552/1552 1494/1494/1494
f 1552/1552/1552 1553/1553/1553 1494/1494/1494
f 1494/1494/1494 1553/1553/1553 1495/1495/1495
f 1553/1553/1553 1554/1554/1554 1495/1495/1495
f 1495/1495/1495 1554/1554/1554 1496/1496/1496
f 1554/1554/1554 1555/1555/1555 1496/1496/1496
f 1496/1496/1496 1555/1555/1555 1497/1497/1497
f 1555/1555/1555 1556/1556/1556 1497/1497/1497
f 1497/1497/1497 1556/1556/1556 1498/1498/1498
f 1556/1556/1556 1557/1557/1557 1498/1498/1498
f 1498/1498/1498 1557/1557/1557 1499/1499/1499
f 1557/1557/1557 1558/1558/1558 1499/1499/1499
f 1499/1499/1499 1558/1558/1558 1500/1500/1500
f 1558/1558/1558 1559/1559/1559 1500/1500/1500
f 1500/1500/1500 1559/1559/1559 1501/1501/1501
f 1559/1559/1559 1560/1560/1560 1501/1501/1501
f 1501/1501/1501 1560/1560/1560 1502/1502/1502
f 1560/1560/1560 1561/1561/1561 1502/1502/1502
f 1502/1502/1502 1561/1561/1561 1503/1503/1503
f 1561/1561/1561 1562/1562/1562 1503/1503/1503
f 1503/1503/1503 1562/1562/1562 1504/1504/1504
f 1562/1562/1562 1563/1563/1563 1504/1504/1504
f 1504/1504/1504 1563/1563/1563 1505/1505/1505
f 1563/1563/1563 1564/1564/1564 1505/1505/1505
f 1505/1505/1505 1564/1564/1564 1506/1506/1506
f 1564/1564/1564 1565/1565/1565 1506/1506/1506
f 1506/1506/1506 1565/1565/1565 1507/1507/1507
f 1565/1565/1565 1566/1566/1566 1507/1507/1507
f 1507/1507/1507 1566/1566/1566 1508/1508/1508
f 1566/1566/1566 1567/1567/1567 1508/1508/1508
f 1508/1508/1508 1567/1567/1567 1509/1509/1509
f 1567/1567/1567 1568/1568/1568 1509/1509/1509
f 1509/1509/1509 1568/1568/1568 1510/1510/1510
f 1568/1568/1568 1569/1569/1569 1510/1510/1510
f 1510/1510/1510 1569/1569/1569 1511/1511/1511
f 1569/1569/1569 1512/1512/1512 1511/1511/1511
f 1569/1569/1569 1570/1570/1570 1512/1512/1512
f 1570/1570/1570 1571/1571/1571 1512/1512/1512
f 1512/1512/1512 1571/1571/1571 1513/1513/1513
f 1571/1571/1571 1572/1572/1572 1513/1513/1513
f 1513/1513/1513 1572/1572/1572 1514/1514/1514
f 1572/1572/1572 1573/1573/1573 1514/1514/1514
f 1514/1514/1514 1573/1573/1573 1515/1515/1515
f 1573/1573/1573 1574/1574/1574 1515/1515/1515
f 1515/1515/1515 1574/1574/1574 1516/1516/1516
f 1574/1574/1574 1575/1575/1575 1516/1516/1516
f 1516/1516/1516 1575/1575/1575 1517/1517/1517
f 1575/1575/1575 1576/1576/1576 1517/1517/1517
f 1517/1517/1517 1576/1576/1576 1518/1518/1518
f 1576/1576/1576 1577/1577/1577 1518/1518/1518
f 1518/1518/1518 1577/1577/1577 1519/1519/1519
f 1577/1577/1577 1578/1578/1578 1519/1519/1519
f 1519/1519/1519 1578/1578/1578 1520/1520/1520
f 1578/1578/1578 1579/1579/1579 1520/1520/1520
f 1520/1520/1520 1579/1579/1579 1521/1521/1521
f 1579/1579/1579 1580/1580/1580 1521/1521/1521
f 1521/1521/1521 1580/1580/1580 1522/1522/1522
f 1580/1580/1580 1581/1581/1581 1522/1522/1522
f 1522/1522/1522 1581/1581/1581 1523/1523/1523
f 1581/1581/1581 1582/1582/1582 1523/1523/1523
f 1523/1523/1523 1582/1582/1582 1524/1524/1524
f 1582/1582/1582 1583/1583/1583 1524/1524/1524
f 1524/1524/1524 1583/1583/1583 1525/1525/1525
f 1583/1583/1583 1584/1584/1584 1525/1525/1525
f 1525/1525/1525 1584/1584/1584 1526/1526/1526
f 1584/1584/1584 1585/1585/1585 1526/1526/1526
f 1526/1526/1526 1585/1585/1585 1527/1527/1527
f 1585/1585/1585 1586/1586/1586 1527/1527/1527
f 1527/1527/1527 1586/1586/1586 1528/1528/1528
f 1586/1586/1586 1587/1587/1587 1528/1528/1528
f 1528/1528/1528 1587/1587/1587 1529/1529/1529
f 1587/1587/1587 1588/1588/1588 1529/1529/1529
f 1529/1529/1529 1588/1588/1588 1530/1530/1530
f 1588/1588/1588 1589/1589/1589 1530/1530/1530
f 1530/1530/1530 1589/1589/1589 1531/1531/1531
f 1589/1589/1589 1590/1590/1590 1531/1531/1531
f 1531/1531/1531 1590/1590/1590 1532/1532/1532
f 1590/1590/1590 1591/1591/1591 1532/1532/1532
f 1532/1532/1532 1591/1591/1591 1533/1533/1533
f 1591/1591/1591 1592/1592/1592 1533/1533/1533
f 1533/1533/1533 1592/1592/1592 1534/1534/1534
f 1592/1592/1592 1593/1593/1593 1534/1534/1534
f 1534/1534/1534 1593/1593/1593 1535/1535/1535
f 1593/1593/1593 1594/1594/1594 1535/1535/1535
f 1535/1535/1535 1594/1594/1594 1536/1536/1536
f 1594/1594/1594 1595/1595/1595 1536/1536/1536
f 1536/1536/1536 1595/1595/1595 1537/1537/1537
f 1595/1595/1595 1596/1596/1596 1537/1537/1537
f 1537/1537/1537 1596/1596/1596 1538/1538/1538
f 1596/1596/1596 1597/1597/1597 1538/1538/1538
f 1538/1538/1538 1597/1597/1597 1539/1539/1539
f 1597/1597/1597 1598/1598/1598 1539/1539/1539
f 1539/1539/1539 1598/1598/1598 1540/1540/1540
f 1598/1598/1598 1599/1599/1599 1540/1540/1540
f 1540/1540/1540 1599/1599/1599 1541/1541/1541
f 1599/1599/1599 1600/1600/1600 1541/1541/1541
f 1541/1541/1541 1600/1600/1600 1542/1542/1542
f 1600/1600/1600 1601/1601/1601 1542/1542/1542
f 1542/1542/1542 1601/1601/1601 1543/1543/1543
f 1601/1601/1601 1602/1602/1602 1543/1543/1543
f 1543/1543/1543 1602/1602/1602 1544/1544/1544
f 1602/1602/1602 1603/1603/1603 1544/1544/1544
f 1544/1544/1544 1603/1603/1603 1545/1545/1545
f 1603/1603/1603 1604/1604/1604 1545/1545/1545
f 1545/1545/1545 1604/1604/1604 1546/1546/1546
f 1604/1604/1604 1605/1605/1605 1546/1546/1546
f 1546/1546/1546 1605/1605/1605 1547/1547/1547
f 1605/1605/1605 1606/1606/1606 1547/1547/1547
f 1547/1547/1547 1606/1606/1606 1548/1548/1548
f 1606/1606/1606 1607/1607/1607 1548/1548/1548
f 1548/1548/1548 1607/1607/1607 1549/1549/1549
f 1607/1607/1607 1608/1608/1608 1549/1549/1549
f 1549/1549/1549 1608/1608/1608 1550/1550/1550
f 1608/1608/1608 1609/1609/1609 1550/1550/1550
f 1550/1550/1550 1609/1609/1609 1551/1551/1551
f 1609/1609/1609 1610/1610/1610 1551/1551/1551
f 1551/1551/1551 1610/1610/1610 1552/1552/1552
f 1610/1610/1610 1611/1611/1611 1552/1552/1552
f 1552/1552/1552 1611/1611/1611 1553/1553/1553
f 1611/1611/1611 1612/1612/1612 1553/1553/1553
f 1553/1553/1553 1612/1612/1612 1554/1554/1554
f 1612/1612/1612 1613/1613/1613 1554/1554/1554
f 1554/1554/1554 1613/1613/1613 1555/1555/1555
f 1613/1613/1613 1614/1614/1614 1555/1555/1555
f 1555/1555/1555 1614/1614/1614 1556/1556/1556
f 1614/1614/1614 1615/1615/1615 1556/1556/1556
f 1556/1556/1556 1615/1615/1615 1557/1557/1557
f 1615/1615/1615 1616/1616/1616 1557/1557/1557
f 1557/1557/1557 1616/1616/1616 1558/1558/1558
f 1616/1616/1616 1617/1617/1617 1558/1558/1558
f 1558/1558/1558 1617/1617/1617 1559/1559/1559
f 1617/1617/1617 1618/1618/1618 1559/1559/1559
f 1559/1559/1559 1618/1618/1618 1560/1560/1560
f 1618/1618/1618 1619/1619/1619 1560/1560/1560
f 1560/1560/1560 1619/1619/1619 1561/1561/1561
f 1619/1619/1619 1620/1620/1620 1561/1561/1561
f 1561/1561/1561 1620/1620/1620 1562/1562/1562
f 1620/1620/1620 1621/1621/1621 1562/1562/1562
f 1562/1562/1562 1621/1621/1621 1563/1563/1563
f 1621/1621/1621 1622/1622/1622 1563/1563/1563
f 1563/1563/1563 1622/1622/1622 1564/1564/1564
f 1622/1622/1622 1623/1623/1623 1564/1564/1564
f 1564/1564/1564 1623/1623/1623 1565/1565/1565
f 1623/1623/1623 1624/1624/1624 1565/1565/1565
f 1565/1565/1565 1624/1624/1624 1566/1566/1566
f 1624/1624/1624 1625/1625/1625 1566/1566/1566
f 1566/1566/1566 1625/1625/1625 1567/1567/1567
f 1625/1625/1625 1626/1626/1626 1567/1567/1567
f 1567/1567/1567 1626/1626/1626 1568/1568/1568
f 1626/1626/1626 1627/1627/1627 1568/1568/1568
f 1568/1568/1568 1627/1627/1627 1569/1569/1569
f 1627/1627/1627 1570/1570/1570 1569/1569/1569
f 1627/1627/1627 1628/1628/1628 1570/1570/1570
f 1628/1628/1628 1629/1629/1629 1570/1570/1570
f 1570/1570/1570 1629/1629/1629 1571/1571/1571
f 1629/1629/1629 1630/1630/1630 1571/1571/1571
f 1571/1571/1571 1630/1630/1630 1572/1572/1572
f 1630/1630/1630 1631/1631/1631 1572/1572/1572
f 1572/1572/1572 1631/1631/1631 1573/1573/1573
f 1631/1631/1631 1632/1632/1632 1573/1573/1573
f 1573/1573/1573 1632/1632/1632 1574/1574/1574
f 1632/1632/1632 1633/1633/1633 1574/1574/1574
f 1574/1574/1574 1633/1633/1633 1575/1575/1575
f 1633/1633/1633 1634/1634/1634 1575/1575/1575
f 1575/1575/1575 1634/1634/1634 1576/1576/1576
f 1634/1634/1634 1635/1635/1635 1576/1576/1576
f 1576/1576/1576 1635/1635/1635 1577/1577/1577
f 1635/1635/1635 1636/1636/1636 1577/1577/1577
f 1577/1577/1577 1636/1636/1636 1578/1578/1578
f 1636/1636/1636 1637/1637/1637 1578/1578/1578
f 1578/1578/1578 1637/1637/1637 1579/1579/1579
f 1637/1637/1637 1638/1638/1638 1579/1579/1579
f 1579/1579/1579 1638/1638/1638 1580/1580/1580
f 1638/1638/1638 1639/1639/1639 1580/1580/1580
f 1580/1580/1580 1639/1639/1639 1581/1581/1581
f 1639/1639/1639 1640/1640/1640 1581/1581/1581
f 1581/1581/1581 1640/1640/1640 1582/1582/1582
f 1640/1640/1640 1641/1641/1641 1582/1582/1582
f 1582/1582/1582 1641/1641/1641 1583/1583/1583
f 1641/1641/1641 1642/1642/1642 1583/1583/1583
f 1583/1583/1583 1642/1642/1642 1584/1584/1584
f 1642/1642/1642 1643/1643/1643 1584/1584/1584
f 1584/1584/1584 1643/1643/1643 1585/1585/1585
f 1643/1643/1643 1644/1644/1644 1585/1585/1585
f 1585/1585/1585 1644/1644/1644 1586/1586/1586
f 1644/1644/1644 1645/1645/1645 1586/1586/1586
f 1586/1586/1586 1645/1645/1645 1587/1587/1587
f 1645/1645/1645 1646/1646/1646 1587/1587/1587
f 1587/1587/1587 1646/1646/1646 1588/1588/1588
f 1646/1646/1646 1647/1647/1647 1588/1588/1588
f 1588/1588/1588 1647/1647/1647 1589/1589/1589
f 1647/1647/1647 1648/1648/1648 1589/1589/1589
f 1589/1589/1589 1648/1648/1648 1590/1590/1590
f 1648/1648/1648 1649/1649/1649 1590/1590/1590
f 1590/1590/1590 1649/1649/1649 1591/1591/1591
f 1649/1649/1649 1650/1650/1650 1591/1591/1591
f 1591/1591/1591 1650/1650/1650 1592/1592/1592
f 1650/1650/1650 1651/1651/1651 1592/1592/1592
f 1592/1592/1592 1651/1651/1651 1593/1593/1593
f 1651/1651/1651 1652/1652/1652 1593/1593/1593
f 1593/1593/1593 1652/1652/1652 1594/1594/1594
f 1652/1652/1652 1653/1653/1653 1594/1594/1594
f 1594/1594/1594 1653/1653/1653 1595/1595/1595
f 1653/1653/1653 1654/1654/1654 1595/1595/1595
f 1595/1595/1595 1654/1654/1654 1596/1596/1596
f 1654/1654/1654 1655/1655/1655 1596/1596/1596
f 1596/1596/1596 1655/1655/1655 1597/1597/1597
f 1655/1655/1655 1656/1656/1656 1597/1597/1597
f 1597/1597/1597 1656/1656/1656 1598/1598/1598
f 1656/1656/1656 1657/1657/1657 1598/1598/1598
f 1598/1598/1598 1657/1657/1657 1599/1599/1599
f 1657/1657/1657 1658/1658/1658 1599/1599/1599
f 1599/1599/1599 1658/1658/1658 1600/1600/1600
f 1658/1658/1658 1659/1659/1659 1600/1600/1600
f 1600/1600/1600 1659/1659/1659 1601/1601/1601
f 1659/1659/1659 1660/1660/1660 1601/1601/1601
f 1601/1601/1601 1660/1660/1660 1602/1602/1602
f 1660/1660/1660 1661/1661/1661 1602/1602/1602
f 1602/1602/1602 1661/1661/1661 1603/1603/1603
f 1661/1661/1661 1662/1662/1662 1603/1603/1603
f 1603/1603/1603 1662/1662/1662 1604/1604/1604
f 1662/1662/1662 1663/1663/1663 1604/1604/1604
f 1604/1604/1604 1663/1663/1663 1605/1605/1605
f 1663/1663/1663 1664/1664/1664 1605/1605/1605
f 1605/1605/1605 1664/1664/1664 1606/1606/1606
f 1664/1664/1664 1665/1665/1665 1606/1606/1606
f 1606/1606/1606 1665/1665/1665 1607/1607/1607
f 1665/1665/1665 1666/1666/1666 1607/1607/1607
f 1607/1607/1607 1666/1666/1666 1608/1608/1608
f 1666/1666/1666 1667/1667/1667 1608/1608/1608
f 1608/1608/1608 1667/1667/1667 1609/1609/1609
f 1667/1667/1667 1668/1668/1668 1609/1609/1609
f 1609/1609/1609 1668/1668/1668 1610/1610/1610
f 1668/1668/1668 1669/1669/1669 1610/1610/1610
f 1610/1610/1610 1669/1669/1669 1611/1611/1611
f 1669/1669/1669 1670/1670/1670 1611/1611/1611
f 1611/1611/1611 1670/1670/1670 1612/1612/1612
f 1670/1670/1670 1671/1671/1671 1612/1612/1612
f 1612/1612/1612 1671/1671/1671 1613/1613/1613
f 1671/1671/1671 1672/1672/1672 1613/1613/1613
f 1613/1613/1613 1672/1672/1672 1614/1614/1614
f 1672/1672/1672 1673/1673/1673 1614/1614/1614
f 1614/1614/1614 1673/1673/1673 1615/1615/1615
f 1673/1673/1673 1674/1674/1674 1615/1615/1615
f 1615/1615/1615 1674/1674/1674 1616/1616/1616
f 1674/1674/1674 1675/1675/1675 1616/1616/1616
f 1616/1616/1616 1675/1675/1675 1617/1617/1617
f 1675/1675/1675 1676/1676/1676 1617/1617/1617
f 1617/1617/1617 1676/1676/1676 1618/1618/1618
f 1676/1676/1676 1677/1677/1677 1618/1618/1618
f 1618/1618/1618 1677/1677/1677 1619/1619/1619
f 1677/1677/1677 1678/1678/1678 1619/1619/1619
f 1619/1619/1619 1678/1678/1678 1620/1620/1620
f 1678/1678/1678 1679/1679/1679 1620/1620/1620
f 1620/1620/1620 1679/1679/1679 1621/1621/1621
f 1679/1679/1679 1680/1680/1680 1621/1621/1621
f 1621/1621/1621 1680/1680/1680 1622/1622/1622
f 1680/1680/1680 1681/1681/1681 1622/1622/1622
f 1622/1622/1622 1681/1681/1681 1623/1623/1623
f 1681/1681/1681 1682/1682/1682 1623/1623/1623
f 1623/1623/1623 1682/1682/1682 1624/1624/1624
f 1682/1682/1682 1683/1683/1683 1624/1624/1624
f 1624/1624/1624 1683/1683/1683 1625/1625/1625
f 1683/1683/1683 1684/1684/1684 1625/1625/1625
f 1625/1625/1625 1684/1684/1684 1626/1626/1626
f 1684/1684/1684 1685/1685/1685 1626/1626/1626
f 1626/1626/1626 1685/1685/1685 1627/1627/1627
f 1685/1685/1685 1628/1628/1628 1627/1627/1627
f 1685/1685/1685 1686/1686/1686 1628/1628/1628
f 1686/1686/1686 1687/1687/1687 1628/1628/1628
f 1628/1628/1628 1687/1687/1687 1629/1629/1629
f 1687/1687/1687 1688/1688/1688 1629/1629/1629
f 1629/1629/1629 1688/1688/1688 1630/1630/1630
f 1688/1688/1688 1689/1689/1689 1630/1630/1630
f 1630/1630/1630 1689/1689/1689 1631/1631/1631
f 1689/1689/1689 1690/1690/1690 1631/1631/1631
f 1631/1631/1631 1690/1690/1690 1632/1632/1632
f 1690/1690/1690 1691/1691/1691 1632/1632/1632
f 1632/1632/1632 1691/1691/1691 1633/1633/1633
f 1691/1691/1691 1692/1692/1692 1633/1633/1633
f 1633/1633/1633 1692/1692/1692 1634/1634/1634
f 1692/1692/1692 1693/1693/1693 1634/1634/1634
f 1634/1634/1634 1693/1693/1693 1635/1635/1635
f 1693/1693/1693 1694/1694/1694 1635/1635/1635
f 1635/1635/1635 1694/1694/1694 1636/1636/1636
f 1694/1694/1694 1695/1695/1695 1636/1636/1636
f 1636/1636/1636 1695/1695/1695 1637/1637/1637
f 1695/1695/1695 1696/1696/1696 1637/1637/1637
f 1637/1637/1637 1696/1696/1696 1638/1638/1638
f 1696/1696/1696 1697/1697/1697 1638/1638/1638
f 1638/1638/1638 1697/1697/1697 1639/1639/1639
f 1697/1697/1697 1698/1698/1698 1639/1639/1639
f 1639/1639/1639 1698/1698/1698 1640/1640/1640
f 1698/1698/1698 1699/1699/1699 1640/1640/1640
f 1640/1640/1640 1699/1699/1699 1641/1641/1641
f 1699/1699/1699 1700/1700/1700 1641/1641/1641
f 1641/1641/1641 1700/1700/1700 1642/1642/1642
f 1700/1700/1700 1701/1701/1701 1642/1642/1642
f 1642/1642/1642 1701/1701/1701 1643/1643/1643
f 1701/1701/1701 1702/1702/1702 1643/1643/1643
f 1643/1643/1643 1702/1702/1702 1644/1644/1644
f 1702/1702/1702 1703/1703/1703 1644/1644/1644
f 1644/1644/1644 1703/1703/1703 1645/1645/1645
f 1703/1703/1703 1704/1704/1704 1645/1645/1645
f 1645/1645/1645 1704/1704/1704 1646/1646/1646
f 1704/1704/1704 1705/1705/1705 1646/1646/1646
f 1646/1646/1646 1705/1705/1705 1647/1647/1647
f 1705/1705/1705 1706/1706/1706 1647/1647/1647
f 1647/1647/1647 1706/1706/1706 1648/1648/1648
f 1706/1706/1706 1707/1707/1707 1648/1648/1648
f 1648/1648/1648 1707/1707/1707 1649/1649/1649
f 1707/1707/1707 1708/1708/1708 1649/1649/1649
f 1649/1649/1649 1708/1708/1708 1650/1650/1650
f 1708/1708/1708 1709/1709/1709 1650/1650/1650
f 1650/1650/1650 1709/1709/1709 1651/1651/1651
f 1709/1709/1709 1710/1710/1710 1651/1651/1651
f 1651/1651/1651 1710/1710/1710 1652/1652/1652
f 1710/1710/1710 1711/1711/1711 1652/1652/1652
f 1652/1652/1652 1711/1711/1711 1653/1653/1653
f 1711/1711/1711 1712/1712/1712 1653/1653/1653
f 1653/1653/1653 1712/1712/1712 1654/1654/1654
f 1712/1712/1712 1713/1713/1713 1654/1654/1654
f 1654/1654/1654 1713/1713/1713 1655/1655/1655
f 1713/1713/1713 1714/1714/1714 1655/1655/1655
f 1655/1655/1655 1714/1714/1714 1656/1656/1656
f 1714/1714/1714 1715/1715/1715 1656/1656/1656
f 1656/1656/1656 1715/1715/1715 1657/1657/1657
f 1715/1715/1715 1716/1716/1716 1657/1657/1657
f 1657/1657/1657 1716/1716/1716 1658/1658/1658
f 1716/1716/1716 1717/1717/1717 1658/1658/1658
f 1658/1658/1658 1717/1717/1717 1659/1659/1659
f 1717/1717/1717 1718/1718/1718 1659/1659/1659
f 1659/1659/1659 1718/1718/1718 1660/1660/1660
f 1718/1718/1718 1719/1719/1719 1660/1660/1660
f 1660/1660/1660 1719/1719/1719 1661/1661/1661
f 1719/1719/1719 1720/1720/1720 1661/1661/1661
f 1661/1661/1661 1720/1720/1720 1662/1662/1662
f 1720/1720/1720 1721/1721/1721 1662/1662/1662
f 1662/1662/1662 1721/1721/1721 1663/1663/1663
f 1721/1721/1721 1722/1722/1722 1663/1663/1663
f 1663/1663/1663 1722/1722/1722 1664/1664/1664
f 1722/1722/1722 1723/1723/1723 1664/1664/1664
f 1664/1664/1664 1723/1723/1723 1665/1665/1665
f 1723/1723/1723 1724/1724/1724 1665/1665/1665
f 1665/1665/1665 1724/1724/1724 1666/1666/1666
f 1724/1724/1724 1725/1725/1725 1666/1666/1666
f 1666/1666/1666 1725/1725/1725 1667/1667/1667
f 1725/1725/1725 1726/1726/1726 1667/1667/1667
f 1667/1667/1667 1726/1726/1726 1668/1668/1668
f 1726/1726/1726 1727/1727/1727 1668/1668/1668
f 1668/1668/1668 1727/1727/1727 1669/1669/1669
f 1727/1727/1727 1728/1728/1728 1669/1669/1669
f 1669/1669/1669 1728/1728/1728 1670/1670/1670
f 1728/1728/1728 1729/1729/1729 1670/1670/1670
f 1670/1670/1670 1729/1729/1729 1671/1671/1671
f 1729/1729/1729 1730/1730/1730 1671/1671/1671
f 1671/1671/1671 1730/1730/1730 1672/1672/1672
f 1730/1730/1730 1731/1731/1731 1672/1672/1672
f 1672/1672/1672 1731/1731/1731 1673/1673/1673
f 1731/1731/1731 1732/1732/1732 1673/1673/1673
f 1673/1673/1673 1732/1732/1732 1674/1674/1674
f 1732/1732/1732 1733/1733/1733 1674/1674/1674
f 1674/1674/1674 1733/1733/1733 1675/1675/1675
f 1733/1733/1733 1734/1734/1734 1675/1675/1675
f 1675/1675/1675 1734/1734/1734 1676/1676/1676
f 1734/1734/1734 1735/1735/1735 1676/1676/1676
f 1676/1676/1676 1735/1735/1735 1677/1677/1677
f 1735/1735/1735 1736/1736/1736 1677/1677/1677
f 1677/1677/1677 1736/1736/1736 1678/1678/1678
f 1736/1736/1736 1737/1737/1737 1678/1678/1678
f 1678/1678/1678 1737/1737/1737 1679/1679/1679
f 1737/1737/1737 1738/1738/1738 1679/1679/1679
f 1679/1679/1679 1738/1738/1738 1680/1680/1680
f 1738/1738/1738 1739/1739/1739 1680/1680/1680
f 1680/1680/1680 1739/1739/1739 1681/1681/1681
f 1739/1739/1739 1740/1740/1740 1681/1681/1681
f 1681/1681/1681 1740/1740/1740 1682/1682/1682
f 1740/1740/1740 1741/1741/1741 1682/1682/1682
f 1682/1682/1682 1741/1741/1741 1683/1683/1683
f 1741/1741/1741 1742/1742/1742 1683/1683/1683
f 1683/1683/1683 1742/1742/1742 1684/1684/1684
f 1742/1742/1742 1743/1743/1743 1684/1684/1684
f 1684/1684/1684 1743/1743/1743 1685/1685/1685
f 1743/1743/1743 1686/1686/1686 1685/1685/1685
f 1743/1743/1743 1744/1744/1744 1686/1686/1686
f 1744/1744/1744 1745/1745/1745 1686/1686/1686
f 1686/1686/1686 1745/1745/1745 1687/1687/1687
f 1745/1745/1745 1746/1746/1746 1687/1687/1687
f 1687/1687/1687 1746/1746/1746 1688/1688/1688
f 1746/1746/1746 1747/1747/1747 1688/1688/1688
f 1688/1688/1688 1747/1747/1747 1689/1689/1689
f 1747/1747/1747 1748/1748/1748 1689/1689/1689
f 1689/1689/1689 1748/1748/1748 1690/1690/1690
f 1748/1748/1748 1749/1749/1749 1690/1690/1690
f 1690/1690/1690 1749/1749/1749 1691/1691/1691
f 1749/1749/1749 1750/1750/1750 1691/1691/1691
f 1691/1691/1691 1750/1750/1750 1692/1692/1692
f 1750/1750/1750 1751/1751/1751 1692/1692/1692
f 1692/1692/1692 1751/1751/1751 1693/1693/1693
f 1751/1751/1751 1752/1752/1752 1693/1693/1693
f 1693/1693/1693 1752/1752/1752 1694/1694/1694
f 1752/1752/1752 1753/1753/1753 1694/1694/1694
f 1694/1694/1694 1753/1753/1753 1695/1695/1695
f 1753/1753/1753 1754/1754/1754 1695/1695/1695
f 1695/1695/1695 1754/1754/1754 1696/1696/1696
f 1754/1754/1754 1755/1755/1755 1696/1696/1696
f 1696/1696/1696 1755/1755/1755 1697/1697/1697
f 1755/1755/1755 1756/1756/1756 1697/1697/1697
f 1697/1697/1697 1756/1756/1756 1698/1698/1698
f 1756/1756/1756 1757/1757/1757 1698/1698/1698
f 1698/1698/1698 1757/1757/1757 1699/1699/1699
f 1757/1757/1757 1758/1758/1758 1699/1699/1699
f 1699/1699/1699 1758/1758/1758 1700/1700/1700
f 1758/1758/1758 1759/1759/1759 1700/1700/1700
f 1700/1700/1700 1759/1759/1759 1701/1701/1701
f 1759/1759/1759 1760/1760/1760 1701/1701/1701
f 1701/1701/1701 1760/1760/1760 1702/1702/1702
f 1760/1760/1760 1761/1761/1761 1702/1702/1702
f 1702/1702/1702 1761/1761/1761 1703/1703/1703
f 1761/1761/1761 1762/1762/1762 1703/1703/1703
f 1703/1703/1703 1762/1762/1762 1704/1704/1704
f 1762/1762/1762 1763/1763/1763 1704/1704/1704
f 1704/1704/1704 1763/1763/1763 1705/1705/1705
f 1763/1763/1763 1764/1764/1764 1705/1705/1705
f 1705/1705/1705 1764/1764/1764 1706/1706/1706
f 1764/1764/1764 1765/1765/1765 1706/1706/1706
f 1706/1706/1706 1765/1765/1765 1707/1707/1707
f 1765/1765/1765 1766/1766/1766 1707/1707/1707
f 1707/1707/1707 1766/1766/1766 1708/1708/1708
f 1766/1766/1766 1767/1767/1767 1708/1708/1708
f 1708/1708/1708 1767/1767/1767 1709/1709/1709
f 1767/1767/1767 1768/1768/1768 1709/1709/1709
f 1709/1709/1709 1768/1768/1768 1710/1710/1710
f 1768/1768/1768 1769/1769/1769 1710/1710/1710
f 1710/1710/1710 1769/1769/1769 1711/1711/1711
f 1769/1769/1769 1770/1770/1770 1711/1711/1711
f 1711/1711/1711 1770/1770/1770 1712/1712/1712
f 1770/1770/1770 1771/1771/1771 1712/1712/1712
f 1712/1712/1712 1771/1771/1771 1713/1713/1713
f 1771/1771/1771 1772/1772/1772 1713/1713/1713
f 1713/1713/1713 1772/1772/1772 1714/1714/1714
f 1772/1772/1772 1773/1773/1773 1714/1714/1714
f 1714/1714/1714 1773/1773/1773 1715/1715/1715
f 1773/1773/1773 1774/1774/1774 1715/1715/1715
f 1715/1715/1715 1774/1774/1774 1716/1716/1716
f 1774/1774/1774 1775/1775/1775 1716/1716/1716
f 1716/1716/1716 1775/1775/1775 1717/1717/1717
f 1775/1775/1775 1776/1776/1776 1717/1717/1717
f 1717/1717/1717 1776/1776/1776 1718/1718/1718
f 1776/1776/1776 1777/1777/1777 1718/1718/1718
f 1718/1718/1718 1777/1777/1777 1719/1719/1719
f 1777/1777/1777 1778/1778/1778 1719/1719/1719
f 1719/1719/1719 1778/1778/1778 1720/1720/1720
f 1778/1778/1778 1779/1779/1779 1720/1720/1720
f 1720/1720/1720 1779/1779/1779 1721/1721/1721
f 1779/1779/1779 1780/1780/1780 1721/1721/1721
f 1721/1721/1721 1780/1780/1780 1722/1722/1722
f 1780/1780/1780 1781/1781/1781 1722/1722/1722
f 1722/1722/1722 1781/1781/1781 1723/1723/1723
f 1781/1781/1781 1782/1782/1782 1723/1723/1723
f 1723/1723/1723 1782/1782/1782 1724/1724/1724
f 1782/1782/1782 1783/1783/1783 1724/1724/1724
f 1724/1724/1724 1783/1783/1783 1725/1725/1725
f 1783/1783/1783 1784/1784/1784 1725/1725/1725
f 1725/1725/1725 1784/1784/1784 1726/1726/1726
f 1784/1784/1784 1785/1785/1785 1726/1726/1726
f 1726/1726/1726 1785/1785/1785 1727/1727/1727
f 1785/1785/1785 1786/1786/1786 1727/1727/1727
f 1727/1727/1727 1786/1786/1786 1728/1728/1728
f 1786/1786/1786 1787/1787/1787 1728/1728/1728
f 1728/1728/1728 1787/1787/1787 1729/1729/1729
f 1787/1787/1787 1788/1788/1788 1729/1729/1729
f 1729/1729/1729 1788/1788/1788 1730/1730/1730
f 1788/1788/1788 1789/1789/1789 1730/1730/1730
f 1730/1730/1730 1789/1789/1789 1731/1731/1731
f 1789/1789/1789 1790/1790/1790 1731/1731/1731
f 1731/1731/1731 1790/1790/1790 1732/1732/1732
f 1790/1790/1790 1791/1791/1791 1732/1732/1732
f 1732/1732/1732 1791/1791/1791 1733/1733/1733
f 1791/1791/1791 1792/1792/1792 1733/1733/1733
f 1733/1733/1733 1792/1792/1792 1734/1734/1734
f 1792/1792/1792 1793/1793/1793 1734/1734/1734
f 1734/1734/1734 1793/1793/1793 1735/1735/1735
f 1793/1793/1793 1794/1794/1794 1735/1735/1735
f 1735/1735/1735 1794/1794/1794 1736/1736/1736
f 1794/1794/1794 1795/1795/1795 1736/1736/1736
f 1736/1736/1736 1795/1795/1795 1737/1737/1737
f 1795/1795/1795 1796/1796/1796 1737/1737/1737
f 1737/1737/1737 1796/1796/1796 1738/1738/1738
f 1796/1796/1796 1797/1797/1797 1738/1738/1738
f 1738/1738/1738 1797/1797/1797 1739/1739/1739
f 1797/1797/1797 1798/1798/1798 1739/1739/1739
f 1739/1739/1739 1798/1798/1798 1740/1740/1740
f 1798/1798/1798 1799/1799/1799 1740/1740/1740
f 1740/1740/1740 1799/1799/1799 1741/1741/1741
f 1799/1799/1799 1800/1800/1800 1741/1741/1741
f 1741/1741/1741 1800/1800/1800 1742/1742/1742
f 1800/1800/1800 1801/1801/1801 1742/1742/1742
f 1742/1742/1742 1801/1801/1801 1743/1743/1743
f 1801/1801/1801 1744/1744/1744 1743/1743/1743
f 1801/1801/1801 1802/1802/1802 1744/1744/1744
f 1802/1802/1802 1803/1803/1803 1744/1744/1744
f 1744/1744/1744 1803/1803/1803 1745/1745/1745
f 1803/1803/1803 1804/1804/1804 1745/1745/1745
f 1745/1745/1745 1804/1804/1804 1746/1746/1746
f 1804/1804/1804 1805/1805/1805 1746/1746/1746
f 1746/1746/1746 1805/1805/1805 1747/1747/1747
f 1805/1805/1805 1806/1806/1806 1747/1747/1747
f 1747/1747/1747 1806/1806/1806 1748/1748/1748
f 1806/1806/1806 1807/1807/1807 1748/1748/1748
f 1748/1748/1748 1807/1807/1807 1749/1749/1749
f 1807/1807/1807 1808/1808/1808 1749/1749/1749
f 1749/1749/1749 1808/1808/1808 1750/1750/1750
f 1808/1808/1808 1809/1809/1809 1750/1750/1750
f 1750/1750/1750 1809/1809/1809 1751/1751/1751
f 1809/1809/1809 1810/1810/1810 1751/1751/1751
f 1751/1751/1751 1810/1810/1810 1752/1752/1752
f 1810/1810/1810 1811/1811/1811 1752/1752/1752
f 1752/1752/1752 1811/1811/1811 1753/1753/1753
f 1811/1811/1811 1812/1812/1812 1753/1753/1753
f 1753/1753/1753 1812/1812/1812 1754/1754/1754
f 1812/1812/1812 1813/1813/1813 1754/1754/1754
f 1754/1754/1754 1813/1813/1813 1755/1755/1755
f 1813/1813/1813 1814/1814/1814 1755/1755/1755
f 1755/1755/1755 1814/1814/1814 1756/1756/1756
f 1814/1814/1814 1815/1815/1815 1756/1756/1756
f 1756/1756/1756 1815/1815/1815 1757/1757/1757
f 1815/1815/1815 1816/1816/1816 1757/1757/1757
f 1757/1757/1757 1816/1816/1816 1758/1758/1758
f 1816/1816/1816 1817/1817/1817 1758/1758/1758
f 1758/1758/1758 1817/1817/1817 1759/1759/1759
f 1817/1817/1817 1818/1818/1818 1759/1759/1759
f 1759/1759/1759 1818/1818/1818 1760/1760/1760
f 1818/1818/1818 1819/1819/1819 1760/1760/1760
f 1760/1760/1760 1819/1819/1819 1761/1761/1761
f 1819/1819/1819 1820/1820/1820 1761/1761/1761
f 1761/1761/1761 1820/1820/1820 1762/1762/1762
f 1820/1820/1820 1821/1821/1821 1762/1762/1762
f 1762/1762/1762 1821/1821/1821 1763/1763/1763
f 1821/1821/1821 1822/1822/1822 1763/1763/1763
f 1763/1763/1763 1822/1822/1822 1764/1764/1764
f 1822/1822/1822 1823/1823/1823 1764/1764/1764
f 1764/1764/1764 1823/1823/1823 1765/1765/1765
f 1823/1823/1823 1824/1824/1824 1765/1765/1765
f 1765/1765/1765 1824/1824/1824 1766/1766/1766
f 1824/1824/1824 1825/1825/1825 1766/1766/1766
f 1766/1766/1766 1825/1825/1825 1767/1767/1767
f 1825/1825/1825 1826/1826/1826 1767/1767/1767
f 1767/1767/1767 1826/1826/1826 1768/1768/1768
f 1826/1826/1826 1827/1827/1827 1768/1768/1768
f 1768/1768/1768 1827/1827/1827 1769/1769/1769
f 1827/1827/1827 1828/1828/1828 1769/1769/1769
f 1769/1769/1769 1828/1828/1828 1770/1770/1770
f 1828/1828/1828 1829/1829/1829 1770/1770/1770
f 1770/1770/1770 1829/1829/1829 1771/1771/1771
f 1829/1829/1829 1830/1830/1830 1771/1771/1771
f 1771/1771/1771 1830/1830/1830 1772/1772/1772
f 1830/1830/1830 1831/1831/1831 1772/1772/1772
f 1772/1772/1772 1831/1831/1831 1773/1773/1773
f 1831/1831/1831 1832/1832/1832 1773/1773/1773
f 1773/1773/1773 1832/1832/1832 1774/1774/1774
f 1832/1832/1832 1833/1833/1833 1774/1774/1774
f 1774/1774/1774 1833/1833/1833 1775/1775/1775
f 1833/1833/1833 1834/1834/1834 1775/1775/1775
f 1775/1775/1775 1834/1834/1834 1776/1776/1776
f 1834/1834/1834 1835/1835/1835 1776/1776/1776
f 1776/1776/1776 1835/1835/1835 1777/1777/1777
f 1835/1835/1835 1836/1836/1836 1777/1777/1777
f 1777/1777/1777 1836/1836/1836 1778/1778/1778
f 1836/1836/1836 1837/1837/1837 1778/1778/1778
f 1778/1778/1778 1837/1837/1837 1779/1779/1779
f 1837/1837/1837 1838/1838/1838 1779/1779/1779
f 1779/1779/1779 1838/1838/1838 1780/1780/1780
f 1838/1838/1838 1839/1839/1839 1780/1780/1780
f 1780/1780/1780 1839/1839/1839 1781/1781/1781
f 1839/1839/1839 1840/1840/1840 1781/1781/1781
f 1781/1781/1781 1840/1840/1840 1782/1782/1782
f 1840/1840/1840 1841/1841/1841 1782/1782/1782
f 1782/1782/1782 1841/1841/1841 1783/1783/1783
f 1841/1841/1841 1842/1842/1842 1783/1783/1783
f 1783/1783/1783 1842/1842/1842 1784/1784/1784
f 1842/1842/1842 1843/1843/1843 1784/1784/1784
f 1784/1784/1784 1843/1843/1843 1785/1785/1785
f 1843/1843/1843 1844/1844/1844 1785/1785/1785
f 1785/1785/1785 1844/1844/1844 1786/1786/1786
f 1844/1844/1844 1845/1845/1845 1786/1786/1786
f 1786/1786/1786 1845/1845/1845 1787/1787/1787
f 1845/1845/1845 1846/1846/1846 1787/1787/1787
f 1787/1787/1787 1846/1846/1846 1788/1788/1788
f 1846/1846/1846 1847/1847/1847 1788/1788/1788
f 1788/1788/1788 1847/1847/1847 1789/1789/1789
f 1847/1847/1847 1848/1848/1848 1789/1789/1789
f 1789/1789/1789 1848/1848/1848 1790/1790/1790
f 1848/1848/1848 1849/1849/1849 1790/1790/1790
f 1790/1790/1790 1849/1849/1849 1791/1791/1791
f 1849/1849/1849 1850/1850/1850 1791/1791/1791
f 1791/1791/1791 1850/1850/1850 1792/1792/1792
f 1850/1850/1850 1851/1851/1851 1792/1792/1792
f 1792/1792/1792 1851/1851/1851 1793/1793/1793
f 1851/1851/1851 1852/1852/1852 1793/1793/1793
f 1793/1793/1793 1852/1852/1852 1794/1794/1794
f 1852/1852/1852 1853/1853/1853 1794/1794/1794
f 1794/1794/1794 1853/1853/1853 1795/1795/1795
f 1853/1853/1853 1854/1854/1854 1795/1795/1795
f 1795/1795/1795 1854/1854/1854 1796/1796/1796
f 1854/1854/1854 1855/1855/1855 1796/1796/1796
f 1796/1796/1796 1855/1855/1855 1797/1797/1797
f 1855/1855/1855 1856/1856/1856 1797/1797/1797
f 1797/1797/1797 1856/1856/1856 1798/1798/1798
f 1856/1856/1856 1857/1857/1857 1798/1798/1798
f 1798/1798/1798 1857/1857/1857 1799/1799/1799
f 1857/1857/1857 1858/1858/1858 1799/1799/1799
f 1799/1799/1799 1858/1858/1858 1800/1800/1800
f 1858/1858/1858 1859/1859/1859 1800/1800/1800
f 1800/1800/1800 1859/1859/1859 1801/1801/1801
f 1859/1859/1859 1802/1802/1802 1801/1801/1801
f 1859/1859/1859 1860/1860/1860 1802/1802/1802
f 1860/1860/1860 1861/1861/1861 1802/1802/1802
f 1802/1802/1802 1861/1861/1861 1803/1803/1803
f 1861/1861/1861 1862/1862/1862 1803/1803/1803
f 1803/1803/1803 1862/1862/1862 1804/1804/1804
f 1862/1862/1862 1863/1863/1863 1804/1804/1804
f 1804/1804/1804 1863/1863/1863 1805/1805/1805
f 1863/1863/1863 1864/1864/1864 1805/1805/1805
f 1805/1805/1805 1864/1864/1864 1806/1806/1806
f 1864/1864/1864 1865/1865/1865 1806/1806/1806
f 1806/1806/1806 1865/1865/1865 1807/1807/1807
f 1865/1865/1865 1866/1866/1866 1807/1807/1807
f 1807/1807/1807 1866/1866/1866 1808/1808/1808
f 1866/1866/1866 1867/1867/1867 1808/1808/1808
f 1808/1808/1808 1867/1867/1867 1809/1809/1809
f 1867/1867/1867 1868/1868/1868 1809/1809/1809
f 1809/1809/1809 1868/1868/1868 1810/1810/1810
f 1868/1868/1868 1869/1869/1869 1810/1810/1810
f 1810/1810/1810 1869/1869/1869 1811/1811/1811
f 1869/1869/1869 1870/1870/1870 1811/1811/1811
f 1811/1811/1811 1870/1870/1870 1812/1812/1812
f 1870/1870/1870 1871/1871/1871 1812/1812/1812
f 1812/1812/1812 1871/1871/1871 1813/1813/1813
f 1871/1871/1871 1872/1872/1872 1813/1813/1813
f 1813/1813/1813 1872/1872/1872 1814/1814/1814
f 1872/1872/1872 1873/1873/1873 1814/1814/1814
f 1814/1814/1814 1873/1873/1873 1815/1815/1815
f 1873/1873/1873 1874/1874/1874 1815/1815/1815
f 1815/1815/1815 1874/1874/1874 1816/1816/1816
f 1874/1874/1874 1875/1875/1875 1816/1816/1816
f 1816/1816/1816 1875/1875/1875 1817/1817/1817
f 1875/1875/1875 1876/1876/1876 1817/1817/1817
f 1817/1817/1817 1876/1876/1876 1818/1818/1818
f 1876/1876/1876 1877/1877/1877 1818/1818/1818
f 1818/1818/1818 1877/1877/1877 1819/1819/1819
f 1877/1877/1877 1878/1878/1878 1819/1819/1819
f 1819/1819/1819 1878/1878/1878 1820/1820/1820
f 1878/1878/1878 1879/1879/1879 1820/1820/1820
f 1820/1820/1820 1879/1879/1879 1821/1821/1821
f 1879/1879/1879 1880/1880/1880 1821/1821/1821
f 1821/1821/1821 1880/1880/1880 1822/1822/1822
f 1880/1880/1880 1881/1881/1881 1822/1822/1822
f 1822/1822/1822 1881/1881/1881 1823/1823/1823
f 1881/1881/1881 1882/1882/1882 1823/1823/1823
f 1823/1823/1823 1882/1882/1882 1824/1824/1824
f 1882/1882/1882 1883/1883/1883 1824/1824/1824
f 1824/1824/1824 1883/1883/1883 1825/1825/1825
f 1883/1883/1883 1884/1884/1884 1825/1825/1825
f 1825/1825/1825 1884/1884/1884 1826/1826/1826
f 1884/1884/1884 1885/1885/1885 1826/1826/1826
f 1826/1826/1826 1885/1885/1885 1827/1827/1827
f 1885/1885/1885 1886/1886/1886 1827/1827/1827
f 1827/1827/1827 1886/1886/1886 1828/1828/1828
f 1886/1886/1886 1887/1887/1887 1828/1828/1828
f 1828/1828/1828 1887/1887/1887 1829/1829/1829
f 1887/1887/1887 1888/1888/1888 1829/1829/1829
f 1829/1829/1829 1888/1888/1888 1830/1830/1830
f 1888/1888/1888 1889/1889/1889 1830/1830/1830
f 1830/1830/1830 1889/1889/1889 1831/1831/1831
f 1889/1889/1889 1890/1890/1890 1831/1831/1831
f 1831/1831/1831 1890/1890/1890 1832/1832/1832
f 1890/1890/1890 1891/1891/1891 1832/1832/1832
f 1832/1832/1832 1891/1891/1891 1833/1833/1833
f 1891/1891/1891 1892/1892/1892 1833/1833/1833
f 1833/1833/1833 1892/1892/1892 1834/1834/1834
f 1892/1892/1892 1893/1893/1893 1834/1834/1834
f 1834/1834/1834 1893/1893/1893 1835/1835/1835
f 1893/1893/1893 1894/1894/1894 1835/1835/1835
f 1835/1835/1835 1894/1894/1894 1836/1836/1836
f 1894/1894/1894 1895/1895/1895 1836/1836/1836
f 1836/1836/1836 1895/1895/1895 1837/1837/1837
f 1895/1895/1895 1896/1896/1896 1837/1837/1837
f 1837/1837/1837 1896/1896/1896 1838/1838/1838
f 1896/1896/1896 1897/1897/1897 1838/1838/1838
f 1838/1838/1838 1897/1897/1897 1839/1839/1839
f 1897/1897/1897 1898/1898/1898 1839/1839/1839
f 1839/1839/1839 1898/1898/1898 1840/1840/1840
f 1898/1898/1898 1899/1899/1899 1840/1840/1840
f 1840/1840/1840 1899/1899/1899 1841/1841/1841
f 1899/1899/1899 1900/1900/1900 1841/1841/1841
f 1841/1841/1841 1900/1900/1900 1842/1842/1842
f 1900/1900/1900 1901/1901/1901 1842/1842/1842
f 1842/1842/1842 1901/1901/1901 1843/1843/1843
f 1901/1901/1901 1902/1902/1902 1843/1843/1843
f 1843/1843/1843 1902/1902/1902 1844/1844/1844
f 1902/1902/1902 1903/1903/1903 1844/1844/1844
f 1844/1844/1844 1903/1903/1903 1845/1845/1845
f 1903/1903/1903 1904/1904/1904 1845/1845/1845
f 1845/1845/1845 1904/1904/1904 1846/1846/1846
f 1904/1904/1904 1905/1905/1905 1846/1846/1846
f 1846/1846/1846 1905/1905/1905 1847/1847/1847
f 1905/1905/1905 1906/1906/1906 1847/1847/1847
f 1847/1847/1847 1906/1906/1906 1848/1848/1848
f 1906/1906/1906 1907/1907/1907 1848/1848/1848
f 1848/1848/1848 1907/1907/1907 1849/1849/1849
f 1907/1907/1907 1908/1908/1908 1849/1849/1849
f 1849/1849/1849 1908/1908/1908 1850/1850/1850
f 1908/1908/1908 1909/1909/1909 1850/1850/1850
f 1850/1850/1850 1909/1909/1909 1851/1851/1851
f 1909/1909/1909 1910/1910/1910 1851/1851/1851
f 1851/1851/1851 1910/1910/1910 1852/1852/1852
f 1910/1910/1910 1911/1911/1911 1852/1852/1852
f 1852/1852/1852 1911/1911/1911 1853/1853/1853
f 1911/1911/1911 1912/1912/1912 1853/1853/1853
f 1853/1853/1853 1912/1912/1912 1854/1854/1854
f 1912/1912/1912 1913/1913/1913 1854/1854/1854
f 1854/1854/1854 1913/1913/1913 1855/1855/1855
f 1913/1913/1913 1914/1914/1914 1855/1855/1855
f 1855/1855/1855 1914/1914/1914 1856/1856/1856
f 1914/1914/1914 1915/1915/1915 1856/1856/1856
f 1856/1856/1856 1915/1915/1915 1857/1857/1857
f 1915/1915/1915 1916/1916/1916 1857/1857/1857
f 1857/1857/1857 1916/1916/1916 1858/1858/1858
f 1916/1916/1916 1917/1917/1917 1858/1858/1858
f 1858/1858/1858 1917/1917/1917 1859/1859/1859
f 1917/1917/1917 1860/1860/1860 1859/1859/1859
f 1917/1917/1917 993/993/993 1860/1860/1860
f 993/993/993 1046/1046/1046 1860/1860/1860
f 1860/1860/1860 1046/1046/1046 1861/1861/1861
f 1046/1046/1046 1045/1045/1045 1861/1861/1861
f 1861/1861/1861 1045/1045/1045 1862/1862/1862
f 1045/1045/1045 1047/1047/1047 1862/1862/1862
f 1862/1862/1862 1047/1047/1047 1863/1863/1863
f 1047/1047/1047 1043/1043/1043 1863/1863/1863
f 1863/1863/1863 1043/1043/1043 1864/1864/1864
f 1043/1043/1043 1042/1042/1042 1864/1864/1864
f 1864/1864/1864 1042/1042/1042 1865/1865/1865
f 1042/1042/1042 1044/1044/1044 1865/1865/1865
f 1865/1865/1865 1044/1044/1044 1866/1866/1866
f 1044/1044/1044 1040/1040/1040 1866/1866/1866
f 1866/1866/1866 1040/1040/1040 1867/1867/1867
f 1040/1040/1040 1039/1039/1039 1867/1867/1867
f 1867/1867/1867 1039/1039/1039 1868/1868/1868
f 1039/1039/1039 1041/1041/1041 1868/1868/1868
f 1868/1868/1868 1041/1041/1041 1869/1869/1869
f 1041/1041/1041 1037/1037/1037 1869/1869/1869
f 1869/1869/1869 1037/1037/1037 1870/1870/1870
f 1037/1037/1037 1036/1036/1036 1870/1870/1870
f 1870/1870/1870 1036/1036/1036 1871/1871/1871
f 1036/1036/1036 1038/1038/1038 1871/1871/1871
f 1871/1871/1871 1038/1038/1038 1872/1872/1872
f 1038/1038/1038 1034/1034/1034 1872/1872/1872
f 1872/1872/1872 1034/1034/1034 1873/1873/1873
f 1034/1034/1034 1033/1033/1033 1873/1873/1873
f 1873/1873/1873 1033/1033/1033 1874/1874/1874
f 1033/1033/1033 1035/1035/1035 1874/1874/1874
f 1874/1874/1874 1035/1035/1035 1875/1875/1875
f 1035/1035/1035 1031/1031/1031 1875/1875/1875
f 1875/1875/1875 1031/1031/1031 1876/1876/1876
f 1031/1031/1031 1030/1030/1030 1876/1876/1876
f 1876/1876/1876 1030/1030/1030 1877/1877/1877
f 1030/1030/1030 1032/1032/1032 1877/1877/1877
f 1877/1877/1877 1032/1032/1032 1878/1878/1878
f 1032/1032/1032 1028/1028/1028 1878/1878/1878
f 1878/1878/1878 1028/1028/1028 1879/1879/1879
f 1028/1028/1028 1027/1027/1027 1879/1879/1879
f 1879/1879/1879 1027/1027/1027 1880/1880/1880
f 1027/1027/1027 1029/1029/1029 1880/1880/1880
f 1880/1880/1880 1029/1029/1029 1881/1881/1881
f 1029/1029/1029 1025/1025/1025 1881/1881/1881
f 1881/1881/1881 1025/1025/1025 1882/1882/1882
f 1025/1025/1025 1024/1024/1024 1882/1882/1882
f 1882/1882/1882 1024/1024/1024 1883/1883/1883
f 1024/1024/1024 1026/1026/1026 1883/1883/1883
f 1883/1883/1883 1026/1026/1026 1884/1884/1884
f 1026/1026/1026 1022/1022/1022 1884/1884/1884
f 1884/1884/1884 1022/1022/1022 1885/1885/1885
f 1022/1022/1022 1021/1021/1021 1885/1885/1885
f 1885/1885/1885 1021/1021/1021 1886/1886/1886
f 1021/1021/1021 1023/1023/1023 1886/1886/1886
f 1886/1886/1886 1023/1023/1023 1887/1887/1887
f 1023/1023/1023 1019/1019/1019 1887/1887/1887
f 1887/1887/1887 1019/1019/1019 1888/1888/1888
f 1019/1019/1019 1018/1018/1018 1888/1888/1888
f 1888/1888/1888 1018/1018/1018 1889/1889/1889
f 1018/1018/1018 1020/1020/1020 1889/1889/1889
f 1889/1889/1889 1020/1020/1020 1890/1890/1890
f 1020/1020/1020 1016/1016/1016 1890/1890/1890
f 1890/1890/1890 1016/1016/1016 1891/1891/1891
f 1016/1016/1016 1015/1015/1015 1891/1891/1891
f 1891/1891/1891 1015/1015/1015 1892/1892/1892
f 1015/1015/1015 1017/1017/1017 1892/1892/1892
f 1892/1892/1892 1017/1017/1017 1893/1893/1893
f 1017/1017/1017 1013/1013/1013 1893/1893/1893
f 1893/1893/1893 1013/1013/1013 1894/1894/1894
f 1013/1013/1013 1012/1012/1012 1894/1894/1894
f 1894/1894/1894 1012/1012/1012 1895/1895/1895
f 1012/1012/1012 1014/1014/1014 1895/1895/1895
f 1895/1895/1895 1014/1014/1014 1896/1896/1896
f 1014/1014/1014 1010/1010/1010 1896/1896/1896
f 1896/1896/1896 1010/1010/1010 1897/1897/1897
f 1010/1010/1010 1009/1009/1009 1897/1897/1897
f 1897/1897/1897 1009/1009/1009 1898/1898/1898
f 1009/1009/1009 1011/1011/1011 1898/1898/1898
f 1898/1898/1898 1011/1011/1011 1899/1899/1899
f 1011/1011/1011 1007/1007/1007 1899/1899/1899
f 1899/1899/1899 1007/1007/1007 1900/1900/1900
f 1007/1007/1007 1006/1006/1006 1900/1900/1900
f 1900/1900/1900 1006/1006/1006 1901/1901/1901
f 1006/1006/1006 1008/1008/1008 1901/1901/1901
f 1901/1901/1901 1008/1008/1008 1902/1902/1902
f 1008/1008/1008 1004/1004/1004 1902/1902/1902
f 1902/1902/1902 1004/1004/1004 1903/1903/1903
f 1004/1004/1004 1003/1003/1003 1903/1903/1903
f 1903/1903/1903 1003/1003/1003 1904/1904/1904
f 1003/1003/1003 1005/1005/1005 1904/1904/1904
f 1904/1904/1904 1005/1005/1005 1905/1905/1905
f 1005/1005/1005 1001/1001/1001 1905/1905/1905
f 1905/1905/1905 1001/1001/1001 1906/1906/1906
f 1001/1001/1001 1000/1000/1000 1906/1906/1906
f 1906/1906/1906 1000/1000/1000 1907/1907/1907
f 1000/1000/1000 1002/1002/1002 1907/1907/1907
f 1907/1907/1907 1002/1002/1002 1908/1908/1908
f 1002/1002/1002 998/998/998 1908/1908/1908
f 1908/1908/1908 998/998/998 1909/1909/1909
f 998/998/998 997/997/997 1909/1909/1909
f 1909/1909/1909 997/997/997 1910/1910/1910
f 997/997/997 999/999/999 1910/1910/1910
f 1910/1910/1910 999/999/999 1911/1911/1911
f 999/999/999 995/995/995 1911/1911/1911
f 1911/1911/1911 995/995/995 1912/1912/1912
f 995/995/995 994/994/994 1912/1912/1912
f 1912/1912/1912 994/994/994 1913/1913/1913
f 994/994/994 996/996/996 1913/1913/1913
f 1913/1913/1913 996/996/996 1914/1914/1914
f 996/996/996 991/991/991 1914/1914/1914
f 1914/1914/1914 991/991/991 1915/1915/1915
f 991/991/991 990/990/990 1915/1915/1915
f 1915/1915/1915 990/990/990 1916/1916/1916
f 990/990/990 992/992/992 1916/1916/1916
f 1916/1916/1916 992/992/992 1917/1917/1917
f 992/992/992 993/993/993 1917/1917/1917
