<?xml version="1.0" encoding="UTF-8"?>
<COLLADA xmlns="http://www.collada.org/2005/11/COLLADASchema" version="1.4.1">
  <asset>
    <created>2025-10-02T00:00:00Z</created>
    <modified>2025-10-02T00:00:00Z</modified>
    <up_axis>Y_UP</up_axis>
  </asset>
  <library_geometries>
    <geometry id="stone-mesh" name="Stone">
      <mesh>
        <source id="stone-mesh-positions">
          <float_array id="stone-mesh-positions-array" count="3318">
            0.000000 0.500000 0.000000 0.065263 0.240921 0.000000 0.064705 0.240921 0.008519 0.063039 0.240921 0.016891 0.060295 0.240921 0.024975 0.056519 0.240921 0.032632 0.051777 0.240921 0.039730 0.046148 0.240921 0.046148 0.039730 0.240921 0.051777 0.032632 0.240921 0.056519 0.024975 0.240921 0.060295 0.016891 0.240921 0.063039 0.008519 0.240921 0.064705 0.000000 0.240921 0.065263 -0.008519 0.240921 0.064705 -0.016891 0.240921 0.063039 -0.024975 0.240921 0.060295 -0.032632 0.240921 0.056519 -0.039730 0.240921 0.051777 -0.046148 0.240921 0.046148 -0.051777 0.240921 0.039730 -0.056519 0.240921 0.032632 -0.060295 0.240921 0.024975 -0.063039 0.240921 0.016891 -0.064705 0.240921 0.008519 -0.065263 0.240921 0.000000 -0.064705 0.240921 -0.008519 -0.063039 0.240921 -0.016891 -0.060295 0.240921 -0.024975 -0.056519 0.240921 -0.032632 -0.051777 0.240921 -0.039730 -0.046148 0.240921 -0.046148 -0.039730 0.240921 -0.051777 -0.032632 0.240921 -0.056519 -0.024975 0.240921 -0.060295 -0.016891 0.240921 -0.063039 -0.008519 0.240921 -0.064705 -0.000000 0.240921 -0.065263 0.008519 0.240921 -0.064705 0.016891 0.240921 -0.063039 0.024975 0.240921 -0.060295 0.032632 0.240921 -0.056519 0.039730 0.240921 -0.051777 0.046148 0.240921 -0.046148 0.051777 0.240921 -0.039730 0.056519 0.240921 -0.032632 0.060295 0.240921 -0.024975 0.063039 0.240921 -0.016891 0.064705 0.240921 -0.008519 0.129410 0.234720 0.000000 0.128302 0.234720 0.016891 0.125000 0.234720 0.033494 0.119559 0.234720 0.049523 0.112072 0.234720 0.064705 0.102667 0.234720 0.078780 0.091506 0.234720 0.091506 0.078780 0.234720 0.102667 0.064705 0.234720 0.112072 0.049523 0.234720 0.119559 0.033494 0.234720 0.125000 0.016891 0.234720 0.128302 0.000000 0.234720 0.129410 -0.016891 0.234720 0.128302 -0.033494 0.234720 0.125000 -0.049523 0.234720 0.119559 -0.064705 0.234720 0.112072 -0.078780 0.234720 0.102667 -0.091506 0.234720 0.091506 -0.102667 0.234720 0.078780 -0.112072 0.234720 0.064705 -0.119559 0.234720 0.049523 -0.125000 0.234720 0.033494 -0.128302 0.234720 0.016891 -0.129410 0.234720 0.000000 -0.128302 0.234720 -0.016891 -0.125000 0.234720 -0.033494 -0.119559 0.234720 -0.049523 -0.112072 0.234720 -0.064705 -0.102667 0.234720 -0.078780 -0.091506 0.234720 -0.091506 -0.078780 0.234720 -0.102667 -0.064705 0.234720 -0.112072 -0.049523 0.234720 -0.119559 -0.033494 0.234720 -0.125000 -0.016891 0.234720 -0.128302 -0.000000 0.234720 -0.129410 0.016891 0.234720 -0.128302 0.033494 0.234720 -0.125000 0.049523 0.234720 -0.119559 0.064705 0.234720 -0.112072 0.078780 0.234720 -0.102667 0.091506 0.234720 -0.091506 0.102667 0.234720 -0.078780 0.112072 0.234720 -0.064705 0.119559 0.234720 -0.049523 0.125000 0.234720 -0.033494 0.128302 0.234720 -0.016891 0.191342 0.224503 0.000000 0.189705 0.224503 0.024975 0.184822 0.224503 0.049523 0.176777 0.224503 0.073223 0.165707 0.224503 0.095671 0.151802 0.224503 0.116481 0.135299 0.224503 0.135299 0.116481 0.224503 0.151802 0.095671 0.224503 0.165707 0.073223 0.224503 0.176777 0.049523 0.224503 0.184822 0.024975 0.224503 0.189705 0.000000 0.224503 0.191342 -0.024975 0.224503 0.189705 -0.049523 0.224503 0.184822 -0.073223 0.224503 0.176777 -0.095671 0.224503 0.165707 -0.116481 0.224503 0.151802 -0.135299 0.224503 0.135299 -0.151802 0.224503 0.116481 -0.165707 0.224503 0.095671 -0.176777 0.224503 0.073223 -0.184822 0.224503 0.049523 -0.189705 0.224503 0.024975 -0.191342 0.224503 0.000000 -0.189705 0.224503 -0.024975 -0.184822 0.224503 -0.049523 -0.176777 0.224503 -0.073223 -0.165707 0.224503 -0.095671 -0.151802 0.224503 -0.116481 -0.135299 0.224503 -0.135299 -0.116481 0.224503 -0.151802 -0.095671 0.224503 -0.165707 -0.073223 0.224503 -0.176777 -0.049523 0.224503 -0.184822 -0.024975 0.224503 -0.189705 -0.000000 0.224503 -0.191342 0.024975 0.224503 -0.189705 0.049523 0.224503 -0.184822 0.073223 0.224503 -0.176777 0.095671 0.224503 -0.165707 0.116481 0.224503 -0.151802 0.135299 0.224503 -0.135299 0.151802 0.224503 -0.116481 0.165707 0.224503 -0.095671 0.176777 0.224503 -0.073223 0.184822 0.224503 -0.049523 0.189705 0.224503 -0.024975 0.250000 0.210444 0.000000 0.247861 0.210444 0.032632 0.241481 0.210444 0.064705 0.230970 0.210444 0.095671 0.216506 0.210444 0.125000 0.198338 0.210444 0.152190 0.176777 0.210444 0.176777 0.152190 0.210444 0.198338 0.125000 0.210444 0.216506 0.095671 0.210444 0.230970 0.064705 0.210444 0.241481 0.032632 0.210444 0.247861 0.000000 0.210444 0.250000 -0.032632 0.210444 0.247861 -0.064705 0.210444 0.241481 -0.095671 0.210444 0.230970 -0.125000 0.210444 0.216506 -0.152190 0.210444 0.198338 -0.176777 0.210444 0.176777 -0.198338 0.210444 0.152190 -0.216506 0.210444 0.125000 -0.230970 0.210444 0.095671 -0.241481 0.210444 0.064705 -0.247861 0.210444 0.032632 -0.250000 0.210444 0.000000 -0.247861 0.210444 -0.032632 -0.241481 0.210444 -0.064705 -0.230970 0.210444 -0.095671 -0.216506 0.210444 -0.125000 -0.198338 0.210444 -0.152190 -0.176777 0.210444 -0.176777 -0.152190 0.210444 -0.198338 -0.125000 0.210444 -0.216506 -0.095671 0.210444 -0.230970 -0.064705 0.210444 -0.241481 -0.032632 0.210444 -0.247861 -0.000000 0.210444 -0.250000 0.032632 0.210444 -0.247861 0.064705 0.210444 -0.241481 0.095671 0.210444 -0.230970 0.125000 0.210444 -0.216506 0.152190 0.210444 -0.198338 0.176777 0.210444 -0.176777 0.198338 0.210444 -0.152190 0.216506 0.210444 -0.125000 0.230970 0.210444 -0.095671 0.241481 0.210444 -0.064705 0.247861 0.210444 -0.032632 0.304381 0.192785 0.000000 0.301777 0.192785 0.039730 0.294009 0.192785 0.078780 0.281211 0.192785 0.116481 0.263601 0.192785 0.152190 0.241481 0.192785 0.185295 0.215230 0.192785 0.215230 0.185295 0.192785 0.241481 0.152190 0.192785 0.263601 0.116481 0.192785 0.281211 0.078780 0.192785 0.294009 0.039730 0.192785 0.301777 0.000000 0.192785 0.304381 -0.039730 0.192785 0.301777 -0.078780 0.192785 0.294009 -0.116481 0.192785 0.281211 -0.152190 0.192785 0.263601 -0.185295 0.192785 0.241481 -0.215230 0.192785 0.215230 -0.241481 0.192785 0.185295 -0.263601 0.192785 0.152190 -0.281211 0.192785 0.116481 -0.294009 0.192785 0.078780 -0.301777 0.192785 0.039730 -0.304381 0.192785 0.000000 -0.301777 0.192785 -0.039730 -0.294009 0.192785 -0.078780 -0.281211 0.192785 -0.116481 -0.263601 0.192785 -0.152190 -0.241481 0.192785 -0.185295 -0.215230 0.192785 -0.215230 -0.185295 0.192785 -0.241481 -0.152190 0.192785 -0.263601 -0.116481 0.192785 -0.281211 -0.078780 0.192785 -0.294009 -0.039730 0.192785 -0.301777 -0.000000 0.192785 -0.304381 0.039730 0.192785 -0.301777 0.078780 0.192785 -0.294009 0.116481 0.192785 -0.281211 0.152190 0.192785 -0.263601 0.185295 0.192785 -0.241481 0.215230 0.192785 -0.215230 0.241481 0.192785 -0.185295 0.263601 0.192785 -0.152190 0.281211 0.192785 -0.116481 0.294009 0.192785 -0.078780 0.301777 0.192785 -0.039730 0.353553 0.171827 0.000000 0.350529 0.171827 0.046148 0.341506 0.171827 0.091506 0.326641 0.171827 0.135299 0.306186 0.171827 0.176777 0.280493 0.171827 0.215230 0.250000 0.171827 0.250000 0.215230 0.171827 0.280493 0.176777 0.171827 0.306186 0.135299 0.171827 0.326641 0.091506 0.171827 0.341506 0.046148 0.171827 0.350529 0.000000 0.171827 0.353553 -0.046148 0.171827 0.350529 -0.091506 0.171827 0.341506 -0.135299 0.171827 0.326641 -0.176777 0.171827 0.306186 -0.215230 0.171827 0.280493 -0.250000 0.171827 0.250000 -0.280493 0.171827 0.215230 -0.306186 0.171827 0.176777 -0.326641 0.171827 0.135299 -0.341506 0.171827 0.091506 -0.350529 0.171827 0.046148 -0.353553 0.171827 0.000000 -0.350529 0.171827 -0.046148 -0.341506 0.171827 -0.091506 -0.326641 0.171827 -0.135299 -0.306186 0.171827 -0.176777 -0.280493 0.171827 -0.215230 -0.250000 0.171827 -0.250000 -0.215230 0.171827 -0.280493 -0.176777 0.171827 -0.306186 -0.135299 0.171827 -0.326641 -0.091506 0.171827 -0.341506 -0.046148 0.171827 -0.350529 -0.000000 0.171827 -0.353553 0.046148 0.171827 -0.350529 0.091506 0.171827 -0.341506 0.135299 0.171827 -0.326641 0.176777 0.171827 -0.306186 0.215230 0.171827 -0.280493 0.250000 0.171827 -0.250000 0.280493 0.171827 -0.215230 0.306186 0.171827 -0.176777 0.326641 0.171827 -0.135299 0.341506 0.171827 -0.091506 0.350529 0.171827 -0.046148 0.396677 0.147929 0.000000 0.393283 0.147929 0.051777 0.383160 0.147929 0.102667 0.366481 0.147929 0.151802 0.343532 0.147929 0.198338 0.314705 0.147929 0.241481 0.280493 0.147929 0.280493 0.241481 0.147929 0.314705 0.198338 0.147929 0.343532 0.151802 0.147929 0.366481 0.102667 0.147929 0.383160 0.051777 0.147929 0.393283 0.000000 0.147929 0.396677 -0.051777 0.147929 0.393283 -0.102667 0.147929 0.383160 -0.151802 0.147929 0.366481 -0.198338 0.147929 0.343532 -0.241481 0.147929 0.314705 -0.280493 0.147929 0.280493 -0.314705 0.147929 0.241481 -0.343532 0.147929 0.198338 -0.366481 0.147929 0.151802 -0.383160 0.147929 0.102667 -0.393283 0.147929 0.051777 -0.396677 0.147929 0.000000 -0.393283 0.147929 -0.051777 -0.383160 0.147929 -0.102667 -0.366481 0.147929 -0.151802 -0.343532 0.147929 -0.198338 -0.314705 0.147929 -0.241481 -0.280493 0.147929 -0.280493 -0.241481 0.147929 -0.314705 -0.198338 0.147929 -0.343532 -0.151802 0.147929 -0.366481 -0.102667 0.147929 -0.383160 -0.051777 0.147929 -0.393283 -0.000000 0.147929 -0.396677 0.051777 0.147929 -0.393283 0.102667 0.147929 -0.383160 0.151802 0.147929 -0.366481 0.198338 0.147929 -0.343532 0.241481 0.147929 -0.314705 0.280493 0.147929 -0.280493 0.314705 0.147929 -0.241481 0.343532 0.147929 -0.198338 0.366481 0.147929 -0.151802 0.383160 0.147929 -0.102667 0.393283 0.147929 -0.051777 0.433013 0.121500 0.000000 0.429308 0.121500 0.056519 0.418258 0.121500 0.112072 0.400052 0.121500 0.165707 0.375000 0.121500 0.216506 0.343532 0.121500 0.263601 0.306186 0.121500 0.306186 0.263601 0.121500 0.343532 0.216506 0.121500 0.375000 0.165707 0.121500 0.400052 0.112072 0.121500 0.418258 0.056519 0.121500 0.429308 0.000000 0.121500 0.433013 -0.056519 0.121500 0.429308 -0.112072 0.121500 0.418258 -0.165707 0.121500 0.400052 -0.216506 0.121500 0.375000 -0.263601 0.121500 0.343532 -0.306186 0.121500 0.306186 -0.343532 0.121500 0.263601 -0.375000 0.121500 0.216506 -0.400052 0.121500 0.165707 -0.418258 0.121500 0.112072 -0.429308 0.121500 0.056519 -0.433013 0.121500 0.000000 -0.429308 0.121500 -0.056519 -0.418258 0.121500 -0.112072 -0.400052 0.121500 -0.165707 -0.375000 0.121500 -0.216506 -0.343532 0.121500 -0.263601 -0.306186 0.121500 -0.306186 -0.263601 0.121500 -0.343532 -0.216506 0.121500 -0.375000 -0.165707 0.121500 -0.400052 -0.112072 0.121500 -0.418258 -0.056519 0.121500 -0.429308 -0.000000 0.121500 -0.433013 0.056519 0.121500 -0.429308 0.112072 0.121500 -0.418258 0.165707 0.121500 -0.400052 0.216506 0.121500 -0.375000 0.263601 0.121500 -0.343532 0.306186 0.121500 -0.306186 0.343532 0.121500 -0.263601 0.375000 0.121500 -0.216506 0.400052 0.121500 -0.165707 0.418258 0.121500 -0.112072 0.429308 0.121500 -0.056519 0.461940 0.092992 0.000000 0.457988 0.092992 0.060295 0.446200 0.092992 0.119559 0.426777 0.092992 0.176777 0.400052 0.092992 0.230970 0.366481 0.092992 0.281211 0.326641 0.092992 0.326641 0.281211 0.092992 0.366481 0.230970 0.092992 0.400052 0.176777 0.092992 0.426777 0.119559 0.092992 0.446200 0.060295 0.092992 0.457988 0.000000 0.092992 0.461940 -0.060295 0.092992 0.457988 -0.119559 0.092992 0.446200 -0.176777 0.092992 0.426777 -0.230970 0.092992 0.400052 -0.281211 0.092992 0.366481 -0.326641 0.092992 0.326641 -0.366481 0.092992 0.281211 -0.400052 0.092992 0.230970 -0.426777 0.092992 0.176777 -0.446200 0.092992 0.119559 -0.457988 0.092992 0.060295 -0.461940 0.092992 0.000000 -0.457988 0.092992 -0.060295 -0.446200 0.092992 -0.119559 -0.426777 0.092992 -0.176777 -0.400052 0.092992 -0.230970 -0.366481 0.092992 -0.281211 -0.326641 0.092992 -0.326641 -0.281211 0.092992 -0.366481 -0.230970 0.092992 -0.400052 -0.176777 0.092992 -0.426777 -0.119559 0.092992 -0.446200 -0.060295 0.092992 -0.457988 -0.000000 0.092992 -0.461940 0.060295 0.092992 -0.457988 0.119559 0.092992 -0.446200 0.176777 0.092992 -0.426777 0.230970 0.092992 -0.400052 0.281211 0.092992 -0.366481 0.326641 0.092992 -0.326641 0.366481 0.092992 -0.281211 0.400052 0.092992 -0.230970 0.426777 0.092992 -0.176777 0.446200 0.092992 -0.119559 0.457988 0.092992 -0.060295 0.482963 0.062893 0.000000 0.478831 0.062893 0.063039 0.466506 0.062893 0.125000 0.446200 0.062893 0.184822 0.418258 0.062893 0.241481 0.383160 0.062893 0.294009 0.341506 0.062893 0.341506 0.294009 0.062893 0.383160 0.241481 0.062893 0.418258 0.184822 0.062893 0.446200 0.125000 0.062893 0.466506 0.063039 0.062893 0.478831 0.000000 0.062893 0.482963 -0.063039 0.062893 0.478831 -0.125000 0.062893 0.466506 -0.184822 0.062893 0.446200 -0.241481 0.062893 0.418258 -0.294009 0.062893 0.383160 -0.341506 0.062893 0.341506 -0.383160 0.062893 0.294009 -0.418258 0.062893 0.241481 -0.446200 0.062893 0.184822 -0.466506 0.062893 0.125000 -0.478831 0.062893 0.063039 -0.482963 0.062893 0.000000 -0.478831 0.062893 -0.063039 -0.466506 0.062893 -0.125000 -0.446200 0.062893 -0.184822 -0.418258 0.062893 -0.241481 -0.383160 0.062893 -0.294009 -0.341506 0.062893 -0.341506 -0.294009 0.062893 -0.383160 -0.241481 0.062893 -0.418258 -0.184822 0.062893 -0.446200 -0.125000 0.062893 -0.466506 -0.063039 0.062893 -0.478831 -0.000000 0.062893 -0.482963 0.063039 0.062893 -0.478831 0.125000 0.062893 -0.466506 0.184822 0.062893 -0.446200 0.241481 0.062893 -0.418258 0.294009 0.062893 -0.383160 0.341506 0.062893 -0.341506 0.383160 0.062893 -0.294009 0.418258 0.062893 -0.241481 0.446200 0.062893 -0.184822 0.466506 0.062893 -0.125000 0.478831 0.062893 -0.063039 0.495722 0.031718 0.000000 0.491481 0.031718 0.064705 0.478831 0.031718 0.128302 0.457988 0.031718 0.189705 0.429308 0.031718 0.247861 0.393283 0.031718 0.301777 0.350529 0.031718 0.350529 0.301777 0.031718 0.393283 0.247861 0.031718 0.429308 0.189705 0.031718 0.457988 0.128302 0.031718 0.478831 0.064705 0.031718 0.491481 0.000000 0.031718 0.495722 -0.064705 0.031718 0.491481 -0.128302 0.031718 0.478831 -0.189705 0.031718 0.457988 -0.247861 0.031718 0.429308 -0.301777 0.031718 0.393283 -0.350529 0.031718 0.350529 -0.393283 0.031718 0.301777 -0.429308 0.031718 0.247861 -0.457988 0.031718 0.189705 -0.478831 0.031718 0.128302 -0.491481 0.031718 0.064705 -0.495722 0.031718 0.000000 -0.491481 0.031718 -0.064705 -0.478831 0.031718 -0.128302 -0.457988 0.031718 -0.189705 -0.429308 0.031718 -0.247861 -0.393283 0.031718 -0.301777 -0.350529 0.031718 -0.350529 -0.301777 0.031718 -0.393283 -0.247861 0.031718 -0.429308 -0.189705 0.031718 -0.457988 -0.128302 0.031718 -0.478831 -0.064705 0.031718 -0.491481 -0.000000 0.031718 -0.495722 0.064705 0.031718 -0.491481 0.128302 0.031718 -0.478831 0.189705 0.031718 -0.457988 0.247861 0.031718 -0.429308 0.301777 0.031718 -0.393283 0.350529 0.031718 -0.350529 0.393283 0.031718 -0.301777 0.429308 0.031718 -0.247861 0.457988 0.031718 -0.189705 0.478831 0.031718 -0.128302 0.491481 0.031718 -0.064705 0.500000 0.000000 0.000000 0.495722 0.000000 0.065263 0.482963 0.000000 0.129410 0.461940 0.000000 0.191342 0.433013 0.000000 0.250000 0.396677 0.000000 0.304381 0.353553 0.000000 0.353553 0.304381 0.000000 0.396677 0.250000 0.000000 0.433013 0.191342 0.000000 0.461940 0.129410 0.000000 0.482963 0.065263 0.000000 0.495722 0.000000 0.000000 0.500000 -0.065263 0.000000 0.495722 -0.129410 0.000000 0.482963 -0.191342 0.000000 0.461940 -0.250000 0.000000 0.433013 -0.304381 0.000000 0.396677 -0.353553 0.000000 0.353553 -0.396677 0.000000 0.304381 -0.433013 0.000000 0.250000 -0.461940 0.000000 0.191342 -0.482963 0.000000 0.129410 -0.495722 0.000000 0.065263 -0.500000 0.000000 0.000000 -0.495722 0.000000 -0.065263 -0.482963 0.000000 -0.129410 -0.461940 0.000000 -0.191342 -0.433013 0.000000 -0.250000 -0.396677 0.000000 -0.304381 -0.353553 0.000000 -0.353553 -0.304381 0.000000 -0.396677 -0.250000 0.000000 -0.433013 -0.191342 0.000000 -0.461940 -0.129410 0.000000 -0.482963 -0.065263 0.000000 -0.495722 -0.000000 0.000000 -0.500000 0.065263 0.000000 -0.495722 0.129410 0.000000 -0.482963 0.191342 0.000000 -0.461940 0.250000 0.000000 -0.433013 0.304381 0.000000 -0.396677 0.353553 0.000000 -0.353553 0.396677 0.000000 -0.304381 0.433013 0.000000 -0.250000 0.461940 0.000000 -0.191342 0.482963 0.000000 -0.129410 0.495722 0.000000 -0.065263 0.495722 -0.031718 0.000000 0.491481 -0.031718 0.064705 0.478831 -0.031718 0.128302 0.457988 -0.031718 0.189705 0.429308 -0.031718 0.247861 0.393283 -0.031718 0.301777 0.350529 -0.031718 0.350529 0.301777 -0.031718 0.393283 0.247861 -0.031718 0.429308 0.189705 -0.031718 0.457988 0.128302 -0.031718 0.478831 0.064705 -0.031718 0.491481 0.000000 -0.031718 0.495722 -0.064705 -0.031718 0.491481 -0.128302 -0.031718 0.478831 -0.189705 -0.031718 0.457988 -0.247861 -0.031718 0.429308 -0.301777 -0.031718 0.393283 -0.350529 -0.031718 0.350529 -0.393283 -0.031718 0.301777 -0.429308 -0.031718 0.247861 -0.457988 -0.031718 0.189705 -0.478831 -0.031718 0.128302 -0.491481 -0.031718 0.064705 -0.495722 -0.031718 0.000000 -0.491481 -0.031718 -0.064705 -0.478831 -0.031718 -0.128302 -0.457988 -0.031718 -0.189705 -0.429308 -0.031718 -0.247861 -0.393283 -0.031718 -0.301777 -0.350529 -0.031718 -0.350529 -0.301777 -0.031718 -0.393283 -0.247861 -0.031718 -0.429308 -0.189705 -0.031718 -0.457988 -0.128302 -0.031718 -0.478831 -0.064705 -0.031718 -0.491481 -0.000000 -0.031718 -0.495722 0.064705 -0.031718 -0.491481 0.128302 -0.031718 -0.478831 0.189705 -0.031718 -0.457988 0.247861 -0.031718 -0.429308 0.301777 -0.031718 -0.393283 0.350529 -0.031718 -0.350529 0.393283 -0.031718 -0.301777 0.429308 -0.031718 -0.247861 0.457988 -0.031718 -0.189705 0.478831 -0.031718 -0.128302 0.491481 -0.031718 -0.064705 0.482963 -0.062893 0.000000 0.478831 -0.062893 0.063039 0.466506 -0.062893 0.125000 0.446200 -0.062893 0.184822 0.418258 -0.062893 0.241481 0.383160 -0.062893 0.294009 0.341506 -0.062893 0.341506 0.294009 -0.062893 0.383160 0.241481 -0.062893 0.418258 0.184822 -0.062893 0.446200 0.125000 -0.062893 0.466506 0.063039 -0.062893 0.478831 0.000000 -0.062893 0.482963 -0.063039 -0.062893 0.478831 -0.125000 -0.062893 0.466506 -0.184822 -0.062893 0.446200 -0.241481 -0.062893 0.418258 -0.294009 -0.062893 0.383160 -0.341506 -0.062893 0.341506 -0.383160 -0.062893 0.294009 -0.418258 -0.062893 0.241481 -0.446200 -0.062893 0.184822 -0.466506 -0.062893 0.125000 -0.478831 -0.062893 0.063039 -0.482963 -0.062893 0.000000 -0.478831 -0.062893 -0.063039 -0.466506 -0.062893 -0.125000 -0.446200 -0.062893 -0.184822 -0.418258 -0.062893 -0.241481 -0.383160 -0.062893 -0.294009 -0.341506 -0.062893 -0.341506 -0.294009 -0.062893 -0.383160 -0.241481 -0.062893 -0.418258 -0.184822 -0.062893 -0.446200 -0.125000 -0.062893 -0.466506 -0.063039 -0.062893 -0.478831 -0.000000 -0.062893 -0.482963 0.063039 -0.062893 -0.478831 0.125000 -0.062893 -0.466506 0.184822 -0.062893 -0.446200 0.241481 -0.062893 -0.418258 0.294009 -0.062893 -0.383160 0.341506 -0.062893 -0.341506 0.383160 -0.062893 -0.294009 0.418258 -0.062893 -0.241481 0.446200 -0.062893 -0.184822 0.466506 -0.062893 -0.125000 0.478831 -0.062893 -0.063039 0.461940 -0.092992 0.000000 0.457988 -0.092992 0.060295 0.446200 -0.092992 0.119559 0.426777 -0.092992 0.176777 0.400052 -0.092992 0.230970 0.366481 -0.092992 0.281211 0.326641 -0.092992 0.326641 0.281211 -0.092992 0.366481 0.230970 -0.092992 0.400052 0.176777 -0.092992 0.426777 0.119559 -0.092992 0.446200 0.060295 -0.092992 0.457988 0.000000 -0.092992 0.461940 -0.060295 -0.092992 0.457988 -0.119559 -0.092992 0.446200 -0.176777 -0.092992 0.426777 -0.230970 -0.092992 0.400052 -0.281211 -0.092992 0.366481 -0.326641 -0.092992 0.326641 -0.366481 -0.092992 0.281211 -0.400052 -0.092992 0.230970 -0.426777 -0.092992 0.176777 -0.446200 -0.092992 0.119559 -0.457988 -0.092992 0.060295 -0.461940 -0.092992 0.000000 -0.457988 -0.092992 -0.060295 -0.446200 -0.092992 -0.119559 -0.426777 -0.092992 -0.176777 -0.400052 -0.092992 -0.230970 -0.366481 -0.092992 -0.281211 -0.326641 -0.092992 -0.326641 -0.281211 -0.092992 -0.366481 -0.230970 -0.092992 -0.400052 -0.176777 -0.092992 -0.426777 -0.119559 -0.092992 -0.446200 -0.060295 -0.092992 -0.457988 -0.000000 -0.092992 -0.461940 0.060295 -0.092992 -0.457988 0.119559 -0.092992 -0.446200 0.176777 -0.092992 -0.426777 0.230970 -0.092992 -0.400052 0.281211 -0.092992 -0.366481 0.326641 -0.092992 -0.326641 0.366481 -0.092992 -0.281211 0.400052 -0.092992 -0.230970 0.426777 -0.092992 -0.176777 0.446200 -0.092992 -0.119559 0.457988 -0.092992 -0.060295 0.433013 -0.121500 0.000000 0.429308 -0.121500 0.056519 0.418258 -0.121500 0.112072 0.400052 -0.121500 0.165707 0.375000 -0.121500 0.216506 0.343532 -0.121500 0.263601 0.306186 -0.121500 0.306186 0.263601 -0.121500 0.343532 0.216506 -0.121500 0.375000 0.165707 -0.121500 0.400052 0.112072 -0.121500 0.418258 0.056519 -0.121500 0.429308 0.000000 -0.121500 0.433013 -0.056519 -0.121500 0.429308 -0.112072 -0.121500 0.418258 -0.165707 -0.121500 0.400052 -0.216506 -0.121500 0.375000 -0.263601 -0.121500 0.343532 -0.306186 -0.121500 0.306186 -0.343532 -0.121500 0.263601 -0.375000 -0.121500 0.216506 -0.400052 -0.121500 0.165707 -0.418258 -0.121500 0.112072 -0.429308 -0.121500 0.056519 -0.433013 -0.121500 0.000000 -0.429308 -0.121500 -0.056519 -0.418258 -0.121500 -0.112072 -0.400052 -0.121500 -0.165707 -0.375000 -0.121500 -0.216506 -0.343532 -0.121500 -0.263601 -0.306186 -0.121500 -0.306186 -0.263601 -0.121500 -0.343532 -0.216506 -0.121500 -0.375000 -0.165707 -0.121500 -0.400052 -0.112072 -0.121500 -0.418258 -0.056519 -0.121500 -0.429308 -0.000000 -0.121500 -0.433013 0.056519 -0.121500 -0.429308 0.112072 -0.121500 -0.418258 0.165707 -0.121500 -0.400052 0.216506 -0.121500 -0.375000 0.263601 -0.121500 -0.343532 0.306186 -0.121500 -0.306186 0.343532 -0.121500 -0.263601 0.375000 -0.121500 -0.216506 0.400052 -0.121500 -0.165707 0.418258 -0.121500 -0.112072 0.429308 -0.121500 -0.056519 0.396677 -0.147929 0.000000 0.393283 -0.147929 0.051777 0.383160 -0.147929 0.102667 0.366481 -0.147929 0.151802 0.343532 -0.147929 0.198338 0.314705 -0.147929 0.241481 0.280493 -0.147929 0.280493 0.241481 -0.147929 0.314705 0.198338 -0.147929 0.343532 0.151802 -0.147929 0.366481 0.102667 -0.147929 0.383160 0.051777 -0.147929 0.393283 0.000000 -0.147929 0.396677 -0.051777 -0.147929 0.393283 -0.102667 -0.147929 0.383160 -0.151802 -0.147929 0.366481 -0.198338 -0.147929 0.343532 -0.241481 -0.147929 0.314705 -0.280493 -0.147929 0.280493 -0.314705 -0.147929 0.241481 -0.343532 -0.147929 0.198338 -0.366481 -0.147929 0.151802 -0.383160 -0.147929 0.102667 -0.393283 -0.147929 0.051777 -0.396677 -0.147929 0.000000 -0.393283 -0.147929 -0.051777 -0.383160 -0.147929 -0.102667 -0.366481 -0.147929 -0.151802 -0.343532 -0.147929 -0.198338 -0.314705 -0.147929 -0.241481 -0.280493 -0.147929 -0.280493 -0.241481 -0.147929 -0.314705 -0.198338 -0.147929 -0.343532 -0.151802 -0.147929 -0.366481 -0.102667 -0.147929 -0.383160 -0.051777 -0.147929 -0.393283 -0.000000 -0.147929 -0.396677 0.051777 -0.147929 -0.393283 0.102667 -0.147929 -0.383160 0.151802 -0.147929 -0.366481 0.198338 -0.147929 -0.343532 0.241481 -0.147929 -0.314705 0.280493 -0.147929 -0.280493 0.314705 -0.147929 -0.241481 0.343532 -0.147929 -0.198338 0.366481 -0.147929 -0.151802 0.383160 -0.147929 -0.102667 0.393283 -0.147929 -0.051777 0.353553 -0.171827 0.000000 0.350529 -0.171827 0.046148 0.341506 -0.171827 0.091506 0.326641 -0.171827 0.135299 0.306186 -0.171827 0.176777 0.280493 -0.171827 0.215230 0.250000 -0.171827 0.250000 0.215230 -0.171827 0.280493 0.176777 -0.171827 0.306186 0.135299 -0.171827 0.326641 0.091506 -0.171827 0.341506 0.046148 -0.171827 0.350529 0.000000 -0.171827 0.353553 -0.046148 -0.171827 0.350529 -0.091506 -0.171827 0.341506 -0.135299 -0.171827 0.326641 -0.176777 -0.171827 0.306186 -0.215230 -0.171827 0.280493 -0.250000 -0.171827 0.250000 -0.280493 -0.171827 0.215230 -0.306186 -0.171827 0.176777 -0.326641 -0.171827 0.135299 -0.341506 -0.171827 0.091506 -0.350529 -0.171827 0.046148 -0.353553 -0.171827 0.000000 -0.350529 -0.171827 -0.046148 -0.341506 -0.171827 -0.091506 -0.326641 -0.171827 -0.135299 -0.306186 -0.171827 -0.176777 -0.280493 -0.171827 -0.215230 -0.250000 -0.171827 -0.250000 -0.215230 -0.171827 -0.280493 -0.176777 -0.171827 -0.306186 -0.135299 -0.171827 -0.326641 -0.091506 -0.171827 -0.341506 -0.046148 -0.171827 -0.350529 -0.000000 -0.171827 -0.353553 0.046148 -0.171827 -0.350529 0.091506 -0.171827 -0.341506 0.135299 -0.171827 -0.326641 0.176777 -0.171827 -0.306186 0.215230 -0.171827 -0.280493 0.250000 -0.171827 -0.250000 0.280493 -0.171827 -0.215230 0.306186 -0.171827 -0.176777 0.326641 -0.171827 -0.135299 0.341506 -0.171827 -0.091506 0.350529 -0.171827 -0.046148 0.304381 -0.192785 0.000000 0.301777 -0.192785 0.039730 0.294009 -0.192785 0.078780 0.281211 -0.192785 0.116481 0.263601 -0.192785 0.152190 0.241481 -0.192785 0.185295 0.215230 -0.192785 0.215230 0.185295 -0.192785 0.241481 0.152190 -0.192785 0.263601 0.116481 -0.192785 0.281211 0.078780 -0.192785 0.294009 0.039730 -0.192785 0.301777 0.000000 -0.192785 0.304381 -0.039730 -0.192785 0.301777 -0.078780 -0.192785 0.294009 -0.116481 -0.192785 0.281211 -0.152190 -0.192785 0.263601 -0.185295 -0.192785 0.241481 -0.215230 -0.192785 0.215230 -0.241481 -0.192785 0.185295 -0.263601 -0.192785 0.152190 -0.281211 -0.192785 0.116481 -0.294009 -0.192785 0.078780 -0.301777 -0.192785 0.039730 -0.304381 -0.192785 0.000000 -0.301777 -0.192785 -0.039730 -0.294009 -0.192785 -0.078780 -0.281211 -0.192785 -0.116481 -0.263601 -0.192785 -0.152190 -0.241481 -0.192785 -0.185295 -0.215230 -0.192785 -0.215230 -0.185295 -0.192785 -0.241481 -0.152190 -0.192785 -0.263601 -0.116481 -0.192785 -0.281211 -0.078780 -0.192785 -0.294009 -0.039730 -0.192785 -0.301777 -0.000000 -0.192785 -0.304381 0.039730 -0.192785 -0.301777 0.078780 -0.192785 -0.294009 0.116481 -0.192785 -0.281211 0.152190 -0.192785 -0.263601 0.185295 -0.192785 -0.241481 0.215230 -0.192785 -0.215230 0.241481 -0.192785 -0.185295 0.263601 -0.192785 -0.152190 0.281211 -0.192785 -0.116481 0.294009 -0.192785 -0.078780 0.301777 -0.192785 -0.039730 0.250000 -0.210444 0.000000 0.247861 -0.210444 0.032632 0.241481 -0.210444 0.064705 0.230970 -0.210444 0.095671 0.216506 -0.210444 0.125000 0.198338 -0.210444 0.152190 0.176777 -0.210444 0.176777 0.152190 -0.210444 0.198338 0.125000 -0.210444 0.216506 0.095671 -0.210444 0.230970 0.064705 -0.210444 0.241481 0.032632 -0.210444 0.247861 0.000000 -0.210444 0.250000 -0.032632 -0.210444 0.247861 -0.064705 -0.210444 0.241481 -0.095671 -0.210444 0.230970 -0.125000 -0.210444 0.216506 -0.152190 -0.210444 0.198338 -0.176777 -0.210444 0.176777 -0.198338 -0.210444 0.152190 -0.216506 -0.210444 0.125000 -0.230970 -0.210444 0.095671 -0.241481 -0.210444 0.064705 -0.247861 -0.210444 0.032632 -0.250000 -0.210444 0.000000 -0.247861 -0.210444 -0.032632 -0.241481 -0.210444 -0.064705 -0.230970 -0.210444 -0.095671 -0.216506 -0.210444 -0.125000 -0.198338 -0.210444 -0.152190 -0.176777 -0.210444 -0.176777 -0.152190 -0.210444 -0.198338 -0.125000 -0.210444 -0.216506 -0.095671 -0.210444 -0.230970 -0.064705 -0.210444 -0.241481 -0.032632 -0.210444 -0.247861 -0.000000 -0.210444 -0.250000 0.032632 -0.210444 -0.247861 0.064705 -0.210444 -0.241481 0.095671 -0.210444 -0.230970 0.125000 -0.210444 -0.216506 0.152190 -0.210444 -0.198338 0.176777 -0.210444 -0.176777 0.198338 -0.210444 -0.152190 0.216506 -0.210444 -0.125000 0.230970 -0.210444 -0.095671 0.241481 -0.210444 -0.064705 0.247861 -0.210444 -0.032632 0.191342 -0.224503 0.000000 0.189705 -0.224503 0.024975 0.184822 -0.224503 0.049523 0.176777 -0.224503 0.073223 0.165707 -0.224503 0.095671 0.151802 -0.224503 0.116481 0.135299 -0.224503 0.135299 0.116481 -0.224503 0.151802 0.095671 -0.224503 0.165707 0.073223 -0.224503 0.176777 0.049523 -0.224503 0.184822 0.024975 -0.224503 0.189705 0.000000 -0.224503 0.191342 -0.024975 -0.224503 0.189705 -0.049523 -0.224503 0.184822 -0.073223 -0.224503 0.176777 -0.095671 -0.224503 0.165707 -0.116481 -0.224503 0.151802 -0.135299 -0.224503 0.135299 -0.151802 -0.224503 0.116481 -0.165707 -0.224503 0.095671 -0.176777 -0.224503 0.073223 -0.184822 -0.224503 0.049523 -0.189705 -0.224503 0.024975 -0.191342 -0.224503 0.000000 -0.189705 -0.224503 -0.024975 -0.184822 -0.224503 -0.049523 -0.176777 -0.224503 -0.073223 -0.165707 -0.224503 -0.095671 -0.151802 -0.224503 -0.116481 -0.135299 -0.224503 -0.135299 -0.116481 -0.224503 -0.151802 -0.095671 -0.224503 -0.165707 -0.073223 -0.224503 -0.176777 -0.049523 -0.224503 -0.184822 -0.024975 -0.224503 -0.189705 -0.000000 -0.224503 -0.191342 0.024975 -0.224503 -0.189705 0.049523 -0.224503 -0.184822 0.073223 -0.224503 -0.176777 0.095671 -0.224503 -0.165707 0.116481 -0.224503 -0.151802 0.135299 -0.224503 -0.135299 0.151802 -0.224503 -0.116481 0.165707 -0.224503 -0.095671 0.176777 -0.224503 -0.073223 0.184822 -0.224503 -0.049523 0.189705 -0.224503 -0.024975 0.129410 -0.234720 0.000000 0.128302 -0.234720 0.016891 0.125000 -0.234720 0.033494 0.119559 -0.234720 0.049523 0.112072 -0.234720 0.064705 0.102667 -0.234720 0.078780 0.091506 -0.234720 0.091506 0.078780 -0.234720 0.102667 0.064705 -0.234720 0.112072 0.049523 -0.234720 0.119559 0.033494 -0.234720 0.125000 0.016891 -0.234720 0.128302 0.000000 -0.234720 0.129410 -0.016891 -0.234720 0.128302 -0.033494 -0.234720 0.125000 -0.049523 -0.234720 0.119559 -0.064705 -0.234720 0.112072 -0.078780 -0.234720 0.102667 -0.091506 -0.234720 0.091506 -0.102667 -0.234720 0.078780 -0.112072 -0.234720 0.064705 -0.119559 -0.234720 0.049523 -0.125000 -0.234720 0.033494 -0.128302 -0.234720 0.016891 -0.129410 -0.234720 0.000000 -0.128302 -0.234720 -0.016891 -0.125000 -0.234720 -0.033494 -0.119559 -0.234720 -0.049523 -0.112072 -0.234720 -0.064705 -0.102667 -0.234720 -0.078780 -0.091506 -0.234720 -0.091506 -0.078780 -0.234720 -0.102667 -0.064705 -0.234720 -0.112072 -0.049523 -0.234720 -0.119559 -0.033494 -0.234720 -0.125000 -0.016891 -0.234720 -0.128302 -0.000000 -0.234720 -0.129410 0.016891 -0.234720 -0.128302 0.033494 -0.234720 -0.125000 0.049523 -0.234720 -0.119559 0.064705 -0.234720 -0.112072 0.078780 -0.234720 -0.102667 0.091506 -0.234720 -0.091506 0.102667 -0.234720 -0.078780 0.112072 -0.234720 -0.064705 0.119559 -0.234720 -0.049523 0.125000 -0.234720 -0.033494 0.128302 -0.234720 -0.016891 0.065263 -0.240921 0.000000 0.064705 -0.240921 0.008519 0.063039 -0.240921 0.016891 0.060295 -0.240921 0.024975 0.056519 -0.240921 0.032632 0.051777 -0.240921 0.039730 0.046148 -0.240921 0.046148 0.039730 -0.240921 0.051777 0.032632 -0.240921 0.056519 0.024975 -0.240921 0.060295 0.016891 -0.240921 0.063039 0.008519 -0.240921 0.064705 0.000000 -0.240921 0.065263 -0.008519 -0.240921 0.064705 -0.016891 -0.240921 0.063039 -0.024975 -0.240921 0.060295 -0.032632 -0.240921 0.056519 -0.039730 -0.240921 0.051777 -0.046148 -0.240921 0.046148 -0.051777 -0.240921 0.039730 -0.056519 -0.240921 0.032632 -0.060295 -0.240921 0.024975 -0.063039 -0.240921 0.016891 -0.064705 -0.240921 0.008519 -0.065263 -0.240921 0.000000 -0.064705 -0.240921 -0.008519 -0.063039 -0.240921 -0.016891 -0.060295 -0.240921 -0.024975 -0.056519 -0.240921 -0.032632 -0.051777 -0.240921 -0.039730 -0.046148 -0.240921 -0.046148 -0.039730 -0.240921 -0.051777 -0.032632 -0.240921 -0.056519 -0.024975 -0.240921 -0.060295 -0.016891 -0.240921 -0.063039 -0.008519 -0.240921 -0.064705 -0.000000 -0.240921 -0.065263 0.008519 -0.240921 -0.064705 0.016891 -0.240921 -0.063039 0.024975 -0.240921 -0.060295 0.032632 -0.240921 -0.056519 0.039730 -0.240921 -0.051777 0.046148 -0.240921 -0.046148 0.051777 -0.240921 -0.039730 0.056519 -0.240921 -0.032632 0.060295 -0.240921 -0.024975 0.063039 -0.240921 -0.016891 0.064705 -0.240921 -0.008519 0.000000 -0.243000 0.000000 
          </float_array>
          <technique_common>
            <accessor source="#stone-mesh-positions-array" count="1106" stride="3">
              <param name="X" type="float"/>
              <param name="Y" type="float"/>
              <param name="Z" type="float"/>
            </accessor>
          </technique_common>
        </source>
        <source id="stone-mesh-normals">
          <float_array id="stone-mesh-normals-array" count="3318">
            0.000000 1.000000 0.000000 0.063853 0.997959 0.000000 0.063306 0.997959 0.008334 0.061677 0.997959 0.016526 0.058992 0.997959 0.024435 0.055298 0.997959 0.031926 0.050658 0.997959 0.038871 0.045151 0.997959 0.045151 0.038871 0.997959 0.050658 0.031926 0.997959 0.055298 0.024435 0.997959 0.058992 0.016526 0.997959 0.061677 0.008334 0.997959 0.063306 0.000000 0.997959 0.063853 -0.008334 0.997959 0.063306 -0.016526 0.997959 0.061677 -0.024435 0.997959 0.058992 -0.031926 0.997959 0.055298 -0.038871 0.997959 0.050658 -0.045151 0.997959 0.045151 -0.050658 0.997959 0.038871 -0.055298 0.997959 0.031926 -0.058992 0.997959 0.024435 -0.061677 0.997959 0.016526 -0.063306 0.997959 0.008334 -0.063853 0.997959 0.000000 -0.063306 0.997959 -0.008334 -0.061677 0.997959 -0.016526 -0.058992 0.997959 -0.024435 -0.055298 0.997959 -0.031926 -0.050658 0.997959 -0.038871 -0.045151 0.997959 -0.045151 -0.038871 0.997959 -0.050658 -0.031926 0.997959 -0.055298 -0.024435 0.997959 -0.058992 -0.016526 0.997959 -0.061677 -0.008334 0.997959 -0.063306 -0.000000 0.997959 -0.063853 0.008334 0.997959 -0.063306 0.016526 0.997959 -0.061677 0.024435 0.997959 -0.058992 0.031926 0.997959 -0.055298 0.038871 0.997959 -0.050658 0.045151 0.997959 -0.045151 0.050658 0.997959 -0.038871 0.055298 0.997959 -0.031926 0.058992 0.997959 -0.024435 0.061677 0.997959 -0.016526 0.063306 0.997959 -0.008334 0.129133 0.991627 0.000000 0.128028 0.991627 0.016855 0.124733 0.991627 0.033422 0.119303 0.991627 0.049417 0.111832 0.991627 0.064566 0.102448 0.991627 0.078611 0.091311 0.991627 0.091311 0.078611 0.991627 0.102448 0.064566 0.991627 0.111832 0.049417 0.991627 0.119303 0.033422 0.991627 0.124733 0.016855 0.991627 0.128028 0.000000 0.991627 0.129133 -0.016855 0.991627 0.128028 -0.033422 0.991627 0.124733 -0.049417 0.991627 0.119303 -0.064566 0.991627 0.111832 -0.078611 0.991627 0.102448 -0.091311 0.991627 0.091311 -0.102448 0.991627 0.078611 -0.111832 0.991627 0.064566 -0.119303 0.991627 0.049417 -0.124733 0.991627 0.033422 -0.128028 0.991627 0.016855 -0.129133 0.991627 0.000000 -0.128028 0.991627 -0.016855 -0.124733 0.991627 -0.033422 -0.119303 0.991627 -0.049417 -0.111832 0.991627 -0.064566 -0.102448 0.991627 -0.078611 -0.091311 0.991627 -0.091311 -0.078611 0.991627 -0.102448 -0.064566 0.991627 -0.111832 -0.049417 0.991627 -0.119303 -0.033422 0.991627 -0.124733 -0.016855 0.991627 -0.128028 -0.000000 0.991627 -0.129133 0.016855 0.991627 -0.128028 0.033422 0.991627 -0.124733 0.049417 0.991627 -0.119303 0.064566 0.991627 -0.111832 0.078611 0.991627 -0.102448 0.091311 0.991627 -0.091311 0.102448 0.991627 -0.078611 0.111832 0.991627 -0.064566 0.119303 0.991627 -0.049417 0.124733 0.991627 -0.033422 0.128028 0.991627 -0.016855 0.197349 0.980333 0.000000 0.195660 0.980333 0.025759 0.190624 0.980333 0.051078 0.182326 0.980333 0.075522 0.170909 0.980333 0.098674 0.156567 0.980333 0.120138 0.139547 0.980333 0.139547 0.120138 0.980333 0.156567 0.098674 0.980333 0.170909 0.075522 0.980333 0.182326 0.051078 0.980333 0.190624 0.025759 0.980333 0.195660 0.000000 0.980333 0.197349 -0.025759 0.980333 0.195660 -0.051078 0.980333 0.190624 -0.075522 0.980333 0.182326 -0.098674 0.980333 0.170909 -0.120138 0.980333 0.156567 -0.139547 0.980333 0.139547 -0.156567 0.980333 0.120138 -0.170909 0.980333 0.098674 -0.182326 0.980333 0.075522 -0.190624 0.980333 0.051078 -0.195660 0.980333 0.025759 -0.197349 0.980333 0.000000 -0.195660 0.980333 -0.025759 -0.190624 0.980333 -0.051078 -0.182326 0.980333 -0.075522 -0.170909 0.980333 -0.098674 -0.156567 0.980333 -0.120138 -0.139547 0.980333 -0.139547 -0.120138 0.980333 -0.156567 -0.098674 0.980333 -0.170909 -0.075522 0.980333 -0.182326 -0.051078 0.980333 -0.190624 -0.025759 0.980333 -0.195660 -0.000000 0.980333 -0.197349 0.025759 0.980333 -0.195660 0.051078 0.980333 -0.190624 0.075522 0.980333 -0.182326 0.098674 0.980333 -0.170909 0.120138 0.980333 -0.156567 0.139547 0.980333 -0.139547 0.156567 0.980333 -0.120138 0.170909 0.980333 -0.098674 0.182326 0.980333 -0.075522 0.190624 0.980333 -0.051078 0.195660 0.980333 -0.025759 0.270159 0.962816 0.000000 0.267847 0.962816 0.035263 0.260953 0.962816 0.069922 0.249594 0.962816 0.103385 0.233964 0.962816 0.135079 0.214331 0.962816 0.164462 0.191031 0.962816 0.191031 0.164462 0.962816 0.214331 0.135079 0.962816 0.233964 0.103385 0.962816 0.249594 0.069922 0.962816 0.260953 0.035263 0.962816 0.267847 0.000000 0.962816 0.270159 -0.035263 0.962816 0.267847 -0.069922 0.962816 0.260953 -0.103385 0.962816 0.249594 -0.135079 0.962816 0.233964 -0.164462 0.962816 0.214331 -0.191031 0.962816 0.191031 -0.214331 0.962816 0.164462 -0.233964 0.962816 0.135079 -0.249594 0.962816 0.103385 -0.260953 0.962816 0.069922 -0.267847 0.962816 0.035263 -0.270159 0.962816 0.000000 -0.267847 0.962816 -0.035263 -0.260953 0.962816 -0.069922 -0.249594 0.962816 -0.103385 -0.233964 0.962816 -0.135079 -0.214331 0.962816 -0.164462 -0.191031 0.962816 -0.191031 -0.164462 0.962816 -0.214331 -0.135079 0.962816 -0.233964 -0.103385 0.962816 -0.249594 -0.069922 0.962816 -0.260953 -0.035263 0.962816 -0.267847 -0.000000 0.962816 -0.270159 0.035263 0.962816 -0.267847 0.069922 0.962816 -0.260953 0.103385 0.962816 -0.249594 0.135079 0.962816 -0.233964 0.164462 0.962816 -0.214331 0.191031 0.962816 -0.191031 0.214331 0.962816 -0.164462 0.233964 0.962816 -0.135079 0.249594 0.962816 -0.103385 0.260953 0.962816 -0.069922 0.267847 0.962816 -0.035263 0.349415 0.936968 0.000000 0.346426 0.936968 0.045608 0.337509 0.936968 0.090435 0.322817 0.936968 0.133715 0.302602 0.936968 0.174707 0.277210 0.936968 0.212710 0.247074 0.936968 0.247074 0.212710 0.936968 0.277210 0.174707 0.936968 0.302602 0.133715 0.936968 0.322817 0.090435 0.936968 0.337509 0.045608 0.936968 0.346426 0.000000 0.936968 0.349415 -0.045608 0.936968 0.346426 -0.090435 0.936968 0.337509 -0.133715 0.936968 0.322817 -0.174707 0.936968 0.302602 -0.212710 0.936968 0.277210 -0.247074 0.936968 0.247074 -0.277210 0.936968 0.212710 -0.302602 0.936968 0.174707 -0.322817 0.936968 0.133715 -0.337509 0.936968 0.090435 -0.346426 0.936968 0.045608 -0.349415 0.936968 0.000000 -0.346426 0.936968 -0.045608 -0.337509 0.936968 -0.090435 -0.322817 0.936968 -0.133715 -0.302602 0.936968 -0.174707 -0.277210 0.936968 -0.212710 -0.247074 0.936968 -0.247074 -0.212710 0.936968 -0.277210 -0.174707 0.936968 -0.302602 -0.133715 0.936968 -0.322817 -0.090435 0.936968 -0.337509 -0.045608 0.936968 -0.346426 -0.000000 0.936968 -0.349415 0.045608 0.936968 -0.346426 0.090435 0.936968 -0.337509 0.133715 0.936968 -0.322817 0.174707 0.936968 -0.302602 0.212710 0.936968 -0.277210 0.247074 0.936968 -0.247074 0.277210 0.936968 -0.212710 0.302602 0.936968 -0.174707 0.322817 0.936968 -0.133715 0.337509 0.936968 -0.090435 0.346426 0.936968 -0.045608 0.437112 0.899407 0.000000 0.433372 0.899407 0.057055 0.422218 0.899407 0.113133 0.403839 0.899407 0.167275 0.378550 0.899407 0.218556 0.346784 0.899407 0.266097 0.309085 0.899407 0.309085 0.266097 0.899407 0.346784 0.218556 0.899407 0.378550 0.167275 0.899407 0.403839 0.113133 0.899407 0.422218 0.057055 0.899407 0.433372 0.000000 0.899407 0.437112 -0.057055 0.899407 0.433372 -0.113133 0.899407 0.422218 -0.167275 0.899407 0.403839 -0.218556 0.899407 0.378550 -0.266097 0.899407 0.346784 -0.309085 0.899407 0.309085 -0.346784 0.899407 0.266097 -0.378550 0.899407 0.218556 -0.403839 0.899407 0.167275 -0.422218 0.899407 0.113133 -0.433372 0.899407 0.057055 -0.437112 0.899407 0.000000 -0.433372 0.899407 -0.057055 -0.422218 0.899407 -0.113133 -0.403839 0.899407 -0.167275 -0.378550 0.899407 -0.218556 -0.346784 0.899407 -0.266097 -0.309085 0.899407 -0.309085 -0.266097 0.899407 -0.346784 -0.218556 0.899407 -0.378550 -0.167275 0.899407 -0.403839 -0.113133 0.899407 -0.422218 -0.057055 0.899407 -0.433372 -0.000000 0.899407 -0.437112 0.057055 0.899407 -0.433372 0.113133 0.899407 -0.422218 0.167275 0.899407 -0.403839 0.218556 0.899407 -0.378550 0.266097 0.899407 -0.346784 0.309085 0.899407 -0.309085 0.346784 0.899407 -0.266097 0.378550 0.899407 -0.218556 0.403839 0.899407 -0.167275 0.422218 0.899407 -0.113133 0.433372 0.899407 -0.057055 0.535073 0.844806 0.000000 0.530495 0.844806 0.069841 0.516841 0.844806 0.138487 0.494343 0.844806 0.204763 0.463387 0.844806 0.267536 0.424502 0.844806 0.325732 0.378354 0.844806 0.378354 0.325732 0.844806 0.424502 0.267536 0.844806 0.463387 0.204763 0.844806 0.494343 0.138487 0.844806 0.516841 0.069841 0.844806 0.530495 0.000000 0.844806 0.535073 -0.069841 0.844806 0.530495 -0.138487 0.844806 0.516841 -0.204763 0.844806 0.494343 -0.267536 0.844806 0.463387 -0.325732 0.844806 0.424502 -0.378354 0.844806 0.378354 -0.424502 0.844806 0.325732 -0.463387 0.844806 0.267536 -0.494343 0.844806 0.204763 -0.516841 0.844806 0.138487 -0.530495 0.844806 0.069841 -0.535073 0.844806 0.000000 -0.530495 0.844806 -0.069841 -0.516841 0.844806 -0.138487 -0.494343 0.844806 -0.204763 -0.463387 0.844806 -0.267536 -0.424502 0.844806 -0.325732 -0.378354 0.844806 -0.378354 -0.325732 0.844806 -0.424502 -0.267536 0.844806 -0.463387 -0.204763 0.844806 -0.494343 -0.138487 0.844806 -0.516841 -0.069841 0.844806 -0.530495 -0.000000 0.844806 -0.535073 0.069841 0.844806 -0.530495 0.138487 0.844806 -0.516841 0.204763 0.844806 -0.494343 0.267536 0.844806 -0.463387 0.325732 0.844806 -0.424502 0.378354 0.844806 -0.378354 0.424502 0.844806 -0.325732 0.463387 0.844806 -0.267536 0.494343 0.844806 -0.204763 0.516841 0.844806 -0.138487 0.530495 0.844806 -0.069841 0.643989 0.765035 0.000000 0.638479 0.765035 0.084057 0.622045 0.765035 0.166677 0.594968 0.765035 0.246444 0.557711 0.765035 0.321994 0.510911 0.765035 0.392035 0.455369 0.765035 0.455369 0.392035 0.765035 0.510911 0.321994 0.765035 0.557711 0.246444 0.765035 0.594968 0.166677 0.765035 0.622045 0.084057 0.765035 0.638479 0.000000 0.765035 0.643989 -0.084057 0.765035 0.638479 -0.166677 0.765035 0.622045 -0.246444 0.765035 0.594968 -0.321994 0.765035 0.557711 -0.392035 0.765035 0.510911 -0.455369 0.765035 0.455369 -0.510911 0.765035 0.392035 -0.557711 0.765035 0.321994 -0.594968 0.765035 0.246444 -0.622045 0.765035 0.166677 -0.638479 0.765035 0.084057 -0.643989 0.765035 0.000000 -0.638479 0.765035 -0.084057 -0.622045 0.765035 -0.166677 -0.594968 0.765035 -0.246444 -0.557711 0.765035 -0.321994 -0.510911 0.765035 -0.392035 -0.455369 0.765035 -0.455369 -0.392035 0.765035 -0.510911 -0.321994 0.765035 -0.557711 -0.246444 0.765035 -0.594968 -0.166677 0.765035 -0.622045 -0.084057 0.765035 -0.638479 -0.000000 0.765035 -0.643989 0.084057 0.765035 -0.638479 0.166677 0.765035 -0.622045 0.246444 0.765035 -0.594968 0.321994 0.765035 -0.557711 0.392035 0.765035 -0.510911 0.455369 0.765035 -0.455369 0.510911 0.765035 -0.392035 0.557711 0.765035 -0.321994 0.594968 0.765035 -0.246444 0.622045 0.765035 -0.166677 0.638479 0.765035 -0.084057 0.761078 0.648660 0.000000 0.754567 0.648660 0.099341 0.735145 0.648660 0.196982 0.703144 0.648660 0.291252 0.659113 0.648660 0.380539 0.603804 0.648660 0.463315 0.538163 0.648660 0.538163 0.463315 0.648660 0.603804 0.380539 0.648660 0.659113 0.291252 0.648660 0.703144 0.196982 0.648660 0.735145 0.099341 0.648660 0.754567 0.000000 0.648660 0.761078 -0.099341 0.648660 0.754567 -0.196982 0.648660 0.735145 -0.291252 0.648660 0.703144 -0.380539 0.648660 0.659113 -0.463315 0.648660 0.603804 -0.538163 0.648660 0.538163 -0.603804 0.648660 0.463315 -0.659113 0.648660 0.380539 -0.703144 0.648660 0.291252 -0.735145 0.648660 0.196982 -0.754567 0.648660 0.099341 -0.761078 0.648660 0.000000 -0.754567 0.648660 -0.099341 -0.735145 0.648660 -0.196982 -0.703144 0.648660 -0.291252 -0.659113 0.648660 -0.380539 -0.603804 0.648660 -0.463315 -0.538163 0.648660 -0.538163 -0.463315 0.648660 -0.603804 -0.380539 0.648660 -0.659113 -0.291252 0.648660 -0.703144 -0.196982 0.648660 -0.735145 -0.099341 0.648660 -0.754567 -0.000000 0.648660 -0.761078 0.099341 0.648660 -0.754567 0.196982 0.648660 -0.735145 0.291252 0.648660 -0.703144 0.380539 0.648660 -0.659113 0.463315 0.648660 -0.603804 0.538163 0.648660 -0.538163 0.603804 0.648660 -0.463315 0.659113 0.648660 -0.380539 0.703144 0.648660 -0.291252 0.735145 0.648660 -0.196982 0.754567 0.648660 -0.099341 0.875721 0.482817 0.000000 0.868230 0.482817 0.114305 0.845882 0.482817 0.226653 0.809061 0.482817 0.335124 0.758397 0.482817 0.437861 0.694757 0.482817 0.533105 0.619229 0.482817 0.619229 0.533105 0.482817 0.694757 0.437861 0.482817 0.758397 0.335124 0.482817 0.809061 0.226653 0.482817 0.845882 0.114305 0.482817 0.868230 0.000000 0.482817 0.875721 -0.114305 0.482817 0.868230 -0.226653 0.482817 0.845882 -0.335124 0.482817 0.809061 -0.437861 0.482817 0.758397 -0.533105 0.482817 0.694757 -0.619229 0.482817 0.619229 -0.694757 0.482817 0.533105 -0.758397 0.482817 0.437861 -0.809061 0.482817 0.335124 -0.845882 0.482817 0.226653 -0.868230 0.482817 0.114305 -0.875721 0.482817 0.000000 -0.868230 0.482817 -0.114305 -0.845882 0.482817 -0.226653 -0.809061 0.482817 -0.335124 -0.758397 0.482817 -0.437861 -0.694757 0.482817 -0.533105 -0.619229 0.482817 -0.619229 -0.533105 0.482817 -0.694757 -0.437861 0.482817 -0.758397 -0.335124 0.482817 -0.809061 -0.226653 0.482817 -0.845882 -0.114305 0.482817 -0.868230 -0.000000 0.482817 -0.875721 0.114305 0.482817 -0.868230 0.226653 0.482817 -0.845882 0.335124 0.482817 -0.809061 0.437861 0.482817 -0.758397 0.533105 0.482817 -0.694757 0.619229 0.482817 -0.619229 0.694757 0.482817 -0.533105 0.758397 0.482817 -0.437861 0.809061 0.482817 -0.335124 0.845882 0.482817 -0.226653 0.868230 0.482817 -0.114305 0.965213 0.261466 0.000000 0.956955 0.261466 0.125986 0.932324 0.261466 0.249815 0.891740 0.261466 0.369371 0.835899 0.261466 0.482606 0.765755 0.261466 0.587584 0.682508 0.261466 0.682508 0.587584 0.261466 0.765755 0.482606 0.261466 0.835899 0.369371 0.261466 0.891740 0.249815 0.261466 0.932324 0.125986 0.261466 0.956955 0.000000 0.261466 0.965213 -0.125986 0.261466 0.956955 -0.249815 0.261466 0.932324 -0.369371 0.261466 0.891740 -0.482606 0.261466 0.835899 -0.587584 0.261466 0.765755 -0.682508 0.261466 0.682508 -0.765755 0.261466 0.587584 -0.835899 0.261466 0.482606 -0.891740 0.261466 0.369371 -0.932324 0.261466 0.249815 -0.956955 0.261466 0.125986 -0.965213 0.261466 0.000000 -0.956955 0.261466 -0.125986 -0.932324 0.261466 -0.249815 -0.891740 0.261466 -0.369371 -0.835899 0.261466 -0.482606 -0.765755 0.261466 -0.587584 -0.682508 0.261466 -0.682508 -0.587584 0.261466 -0.765755 -0.482606 0.261466 -0.835899 -0.369371 0.261466 -0.891740 -0.249815 0.261466 -0.932324 -0.125986 0.261466 -0.956955 -0.000000 0.261466 -0.965213 0.125986 0.261466 -0.956955 0.249815 0.261466 -0.932324 0.369371 0.261466 -0.891740 0.482606 0.261466 -0.835899 0.587584 0.261466 -0.765755 0.682508 0.261466 -0.682508 0.765755 0.261466 -0.587584 0.835899 0.261466 -0.482606 0.891740 0.261466 -0.369371 0.932324 0.261466 -0.249815 0.956955 0.261466 -0.125986 1.000000 0.000000 0.000000 0.991445 0.000000 0.130526 0.965926 0.000000 0.258819 0.923880 0.000000 0.382683 0.866025 0.000000 0.500000 0.793353 0.000000 0.608761 0.707107 0.000000 0.707107 0.608761 0.000000 0.793353 0.500000 0.000000 0.866025 0.382683 0.000000 0.923880 0.258819 0.000000 0.965926 0.130526 0.000000 0.991445 0.000000 0.000000 1.000000 -0.130526 0.000000 0.991445 -0.258819 0.000000 0.965926 -0.382683 0.000000 0.923880 -0.500000 0.000000 0.866025 -0.608761 0.000000 0.793353 -0.707107 0.000000 0.707107 -0.793353 0.000000 0.608761 -0.866025 0.000000 0.500000 -0.923880 0.000000 0.382683 -0.965926 0.000000 0.258819 -0.991445 0.000000 0.130526 -1.000000 0.000000 0.000000 -0.991445 0.000000 -0.130526 -0.965926 0.000000 -0.258819 -0.923880 0.000000 -0.382683 -0.866025 0.000000 -0.500000 -0.793353 0.000000 -0.608761 -0.707107 0.000000 -0.707107 -0.608761 0.000000 -0.793353 -0.500000 0.000000 -0.866025 -0.382683 0.000000 -0.923880 -0.258819 0.000000 -0.965926 -0.130526 0.000000 -0.991445 -0.000000 0.000000 -1.000000 0.130526 0.000000 -0.991445 0.258819 0.000000 -0.965926 0.382683 0.000000 -0.923880 0.500000 0.000000 -0.866025 0.608761 0.000000 -0.793353 0.707107 0.000000 -0.707107 0.793353 0.000000 -0.608761 0.866025 0.000000 -0.500000 0.923880 0.000000 -0.382683 0.965926 0.000000 -0.258819 0.991445 0.000000 -0.130526 0.965213 -0.261466 0.000000 0.956955 -0.261466 0.125986 0.932324 -0.261466 0.249815 0.891740 -0.261466 0.369371 0.835899 -0.261466 0.482606 0.765755 -0.261466 0.587584 0.682508 -0.261466 0.682508 0.587584 -0.261466 0.765755 0.482606 -0.261466 0.835899 0.369371 -0.261466 0.891740 0.249815 -0.261466 0.932324 0.125986 -0.261466 0.956955 0.000000 -0.261466 0.965213 -0.125986 -0.261466 0.956955 -0.249815 -0.261466 0.932324 -0.369371 -0.261466 0.891740 -0.482606 -0.261466 0.835899 -0.587584 -0.261466 0.765755 -0.682508 -0.261466 0.682508 -0.765755 -0.261466 0.587584 -0.835899 -0.261466 0.482606 -0.891740 -0.261466 0.369371 -0.932324 -0.261466 0.249815 -0.956955 -0.261466 0.125986 -0.965213 -0.261466 0.000000 -0.956955 -0.261466 -0.125986 -0.932324 -0.261466 -0.249815 -0.891740 -0.261466 -0.369371 -0.835899 -0.261466 -0.482606 -0.765755 -0.261466 -0.587584 -0.682508 -0.261466 -0.682508 -0.587584 -0.261466 -0.765755 -0.482606 -0.261466 -0.835899 -0.369371 -0.261466 -0.891740 -0.249815 -0.261466 -0.932324 -0.125986 -0.261466 -0.956955 -0.000000 -0.261466 -0.965213 0.125986 -0.261466 -0.956955 0.249815 -0.261466 -0.932324 0.369371 -0.261466 -0.891740 0.482606 -0.261466 -0.835899 0.587584 -0.261466 -0.765755 0.682508 -0.261466 -0.682508 0.765755 -0.261466 -0.587584 0.835899 -0.261466 -0.482606 0.891740 -0.261466 -0.369371 0.932324 -0.261466 -0.249815 0.956955 -0.261466 -0.125986 0.875721 -0.482817 0.000000 0.868230 -0.482817 0.114305 0.845882 -0.482817 0.226653 0.809061 -0.482817 0.335124 0.758397 -0.482817 0.437861 0.694757 -0.482817 0.533105 0.619229 -0.482817 0.619229 0.533105 -0.482817 0.694757 0.437861 -0.482817 0.758397 0.335124 -0.482817 0.809061 0.226653 -0.482817 0.845882 0.114305 -0.482817 0.868230 0.000000 -0.482817 0.875721 -0.114305 -0.482817 0.868230 -0.226653 -0.482817 0.845882 -0.335124 -0.482817 0.809061 -0.437861 -0.482817 0.758397 -0.533105 -0.482817 0.694757 -0.619229 -0.482817 0.619229 -0.694757 -0.482817 0.533105 -0.758397 -0.482817 0.437861 -0.809061 -0.482817 0.335124 -0.845882 -0.482817 0.226653 -0.868230 -0.482817 0.114305 -0.875721 -0.482817 0.000000 -0.868230 -0.482817 -0.114305 -0.845882 -0.482817 -0.226653 -0.809061 -0.482817 -0.335124 -0.758397 -0.482817 -0.437861 -0.694757 -0.482817 -0.533105 -0.619229 -0.482817 -0.619229 -0.533105 -0.482817 -0.694757 -0.437861 -0.482817 -0.758397 -0.335124 -0.482817 -0.809061 -0.226653 -0.482817 -0.845882 -0.114305 -0.482817 -0.868230 -0.000000 -0.482817 -0.875721 0.114305 -0.482817 -0.868230 0.226653 -0.482817 -0.845882 0.335124 -0.482817 -0.809061 0.437861 -0.482817 -0.758397 0.533105 -0.482817 -0.694757 0.619229 -0.482817 -0.619229 0.694757 -0.482817 -0.533105 0.758397 -0.482817 -0.437861 0.809061 -0.482817 -0.335124 0.845882 -0.482817 -0.226653 0.868230 -0.482817 -0.114305 0.761078 -0.648660 0.000000 0.754567 -0.648660 0.099341 0.735145 -0.648660 0.196982 0.703144 -0.648660 0.291252 0.659113 -0.648660 0.380539 0.603804 -0.648660 0.463315 0.538163 -0.648660 0.538163 0.463315 -0.648660 0.603804 0.380539 -0.648660 0.659113 0.291252 -0.648660 0.703144 0.196982 -0.648660 0.735145 0.099341 -0.648660 0.754567 0.000000 -0.648660 0.761078 -0.099341 -0.648660 0.754567 -0.196982 -0.648660 0.735145 -0.291252 -0.648660 0.703144 -0.380539 -0.648660 0.659113 -0.463315 -0.648660 0.603804 -0.538163 -0.648660 0.538163 -0.603804 -0.648660 0.463315 -0.659113 -0.648660 0.380539 -0.703144 -0.648660 0.291252 -0.735145 -0.648660 0.196982 -0.754567 -0.648660 0.099341 -0.761078 -0.648660 0.000000 -0.754567 -0.648660 -0.099341 -0.735145 -0.648660 -0.196982 -0.703144 -0.648660 -0.291252 -0.659113 -0.648660 -0.380539 -0.603804 -0.648660 -0.463315 -0.538163 -0.648660 -0.538163 -0.463315 -0.648660 -0.603804 -0.380539 -0.648660 -0.659113 -0.291252 -0.648660 -0.703144 -0.196982 -0.648660 -0.735145 -0.099341 -0.648660 -0.754567 -0.000000 -0.648660 -0.761078 0.099341 -0.648660 -0.754567 0.196982 -0.648660 -0.735145 0.291252 -0.648660 -0.703144 0.380539 -0.648660 -0.659113 0.463315 -0.648660 -0.603804 0.538163 -0.648660 -0.538163 0.603804 -0.648660 -0.463315 0.659113 -0.648660 -0.380539 0.703144 -0.648660 -0.291252 0.735145 -0.648660 -0.196982 0.754567 -0.648660 -0.099341 0.643989 -0.765035 0.000000 0.638479 -0.765035 0.084057 0.622045 -0.765035 0.166677 0.594968 -0.765035 0.246444 0.557711 -0.765035 0.321994 0.510911 -0.765035 0.392035 0.455369 -0.765035 0.455369 0.392035 -0.765035 0.510911 0.321994 -0.765035 0.557711 0.246444 -0.765035 0.594968 0.166677 -0.765035 0.622045 0.084057 -0.765035 0.638479 0.000000 -0.765035 0.643989 -0.084057 -0.765035 0.638479 -0.166677 -0.765035 0.622045 -0.246444 -0.765035 0.594968 -0.321994 -0.765035 0.557711 -0.392035 -0.765035 0.510911 -0.455369 -0.765035 0.455369 -0.510911 -0.765035 0.392035 -0.557711 -0.765035 0.321994 -0.594968 -0.765035 0.246444 -0.622045 -0.765035 0.166677 -0.638479 -0.765035 0.084057 -0.643989 -0.765035 0.000000 -0.638479 -0.765035 -0.084057 -0.622045 -0.765035 -0.166677 -0.594968 -0.765035 -0.246444 -0.557711 -0.765035 -0.321994 -0.510911 -0.765035 -0.392035 -0.455369 -0.765035 -0.455369 -0.392035 -0.765035 -0.510911 -0.321994 -0.765035 -0.557711 -0.246444 -0.765035 -0.594968 -0.166677 -0.765035 -0.622045 -0.084057 -0.765035 -0.638479 -0.000000 -0.765035 -0.643989 0.084057 -0.765035 -0.638479 0.166677 -0.765035 -0.622045 0.246444 -0.765035 -0.594968 0.321994 -0.765035 -0.557711 0.392035 -0.765035 -0.510911 0.455369 -0.765035 -0.455369 0.510911 -0.765035 -0.392035 0.557711 -0.765035 -0.321994 0.594968 -0.765035 -0.246444 0.622045 -0.765035 -0.166677 0.638479 -0.765035 -0.084057 0.535073 -0.844806 0.000000 0.530495 -0.844806 0.069841 0.516841 -0.844806 0.138487 0.494343 -0.844806 0.204763 0.463387 -0.844806 0.267536 0.424502 -0.844806 0.325732 0.378354 -0.844806 0.378354 0.325732 -0.844806 0.424502 0.267536 -0.844806 0.463387 0.204763 -0.844806 0.494343 0.138487 -0.844806 0.516841 0.069841 -0.844806 0.530495 0.000000 -0.844806 0.535073 -0.069841 -0.844806 0.530495 -0.138487 -0.844806 0.516841 -0.204763 -0.844806 0.494343 -0.267536 -0.844806 0.463387 -0.325732 -0.844806 0.424502 -0.378354 -0.844806 0.378354 -0.424502 -0.844806 0.325732 -0.463387 -0.844806 0.267536 -0.494343 -0.844806 0.204763 -0.516841 -0.844806 0.138487 -0.530495 -0.844806 0.069841 -0.535073 -0.844806 0.000000 -0.530495 -0.844806 -0.069841 -0.516841 -0.844806 -0.138487 -0.494343 -0.844806 -0.204763 -0.463387 -0.844806 -0.267536 -0.424502 -0.844806 -0.325732 -0.378354 -0.844806 -0.378354 -0.325732 -0.844806 -0.424502 -0.267536 -0.844806 -0.463387 -0.204763 -0.844806 -0.494343 -0.138487 -0.844806 -0.516841 -0.069841 -0.844806 -0.530495 -0.000000 -0.844806 -0.535073 0.069841 -0.844806 -0.530495 0.138487 -0.844806 -0.516841 0.204763 -0.844806 -0.494343 0.267536 -0.844806 -0.463387 0.325732 -0.844806 -0.424502 0.378354 -0.844806 -0.378354 0.424502 -0.844806 -0.325732 0.463387 -0.844806 -0.267536 0.494343 -0.844806 -0.204763 0.516841 -0.844806 -0.138487 0.530495 -0.844806 -0.069841 0.437112 -0.899407 0.000000 0.433372 -0.899407 0.057055 0.422218 -0.899407 0.113133 0.403839 -0.899407 0.167275 0.378550 -0.899407 0.218556 0.346784 -0.899407 0.266097 0.309085 -0.899407 0.309085 0.266097 -0.899407 0.346784 0.218556 -0.899407 0.378550 0.167275 -0.899407 0.403839 0.113133 -0.899407 0.422218 0.057055 -0.899407 0.433372 0.000000 -0.899407 0.437112 -0.057055 -0.899407 0.433372 -0.113133 -0.899407 0.422218 -0.167275 -0.899407 0.403839 -0.218556 -0.899407 0.378550 -0.266097 -0.899407 0.346784 -0.309085 -0.899407 0.309085 -0.346784 -0.899407 0.266097 -0.378550 -0.899407 0.218556 -0.403839 -0.899407 0.167275 -0.422218 -0.899407 0.113133 -0.433372 -0.899407 0.057055 -0.437112 -0.899407 0.000000 -0.433372 -0.899407 -0.057055 -0.422218 -0.899407 -0.113133 -0.403839 -0.899407 -0.167275 -0.378550 -0.899407 -0.218556 -0.346784 -0.899407 -0.266097 -0.309085 -0.899407 -0.309085 -0.266097 -0.899407 -0.346784 -0.218556 -0.899407 -0.378550 -0.167275 -0.899407 -0.403839 -0.113133 -0.899407 -0.422218 -0.057055 -0.899407 -0.433372 -0.000000 -0.899407 -0.437112 0.057055 -0.899407 -0.433372 0.113133 -0.899407 -0.422218 0.167275 -0.899407 -0.403839 0.218556 -0.899407 -0.378550 0.266097 -0.899407 -0.346784 0.309085 -0.899407 -0.309085 0.346784 -0.899407 -0.266097 0.378550 -0.899407 -0.218556 0.403839 -0.899407 -0.167275 0.422218 -0.899407 -0.113133 0.433372 -0.899407 -0.057055 0.349415 -0.936968 0.000000 0.346426 -0.936968 0.045608 0.337509 -0.936968 0.090435 0.322817 -0.936968 0.133715 0.302602 -0.936968 0.174707 0.277210 -0.936968 0.212710 0.247074 -0.936968 0.247074 0.212710 -0.936968 0.277210 0.174707 -0.936968 0.302602 0.133715 -0.936968 0.322817 0.090435 -0.936968 0.337509 0.045608 -0.936968 0.346426 0.000000 -0.936968 0.349415 -0.045608 -0.936968 0.346426 -0.090435 -0.936968 0.337509 -0.133715 -0.936968 0.322817 -0.174707 -0.936968 0.302602 -0.212710 -0.936968 0.277210 -0.247074 -0.936968 0.247074 -0.277210 -0.936968 0.212710 -0.302602 -0.936968 0.174707 -0.322817 -0.936968 0.133715 -0.337509 -0.936968 0.090435 -0.346426 -0.936968 0.045608 -0.349415 -0.936968 0.000000 -0.346426 -0.936968 -0.045608 -0.337509 -0.936968 -0.090435 -0.322817 -0.936968 -0.133715 -0.302602 -0.936968 -0.174707 -0.277210 -0.936968 -0.212710 -0.247074 -0.936968 -0.247074 -0.212710 -0.936968 -0.277210 -0.174707 -0.936968 -0.302602 -0.133715 -0.936968 -0.322817 -0.090435 -0.936968 -0.337509 -0.045608 -0.936968 -0.346426 -0.000000 -0.936968 -0.349415 0.045608 -0.936968 -0.346426 0.090435 -0.936968 -0.337509 0.133715 -0.936968 -0.322817 0.174707 -0.936968 -0.302602 0.212710 -0.936968 -0.277210 0.247074 -0.936968 -0.247074 0.277210 -0.936968 -0.212710 0.302602 -0.936968 -0.174707 0.322817 -0.936968 -0.133715 0.337509 -0.936968 -0.090435 0.346426 -0.936968 -0.045608 0.270159 -0.962816 0.000000 0.267847 -0.962816 0.035263 0.260953 -0.962816 0.069922 0.249594 -0.962816 0.103385 0.233964 -0.962816 0.135079 0.214331 -0.962816 0.164462 0.191031 -0.962816 0.191031 0.164462 -0.962816 0.214331 0.135079 -0.962816 0.233964 0.103385 -0.962816 0.249594 0.069922 -0.962816 0.260953 0.035263 -0.962816 0.267847 0.000000 -0.962816 0.270159 -0.035263 -0.962816 0.267847 -0.069922 -0.962816 0.260953 -0.103385 -0.962816 0.249594 -0.135079 -0.962816 0.233964 -0.164462 -0.962816 0.214331 -0.191031 -0.962816 0.191031 -0.214331 -0.962816 0.164462 -0.233964 -0.962816 0.135079 -0.249594 -0.962816 0.103385 -0.260953 -0.962816 0.069922 -0.267847 -0.962816 0.035263 -0.270159 -0.962816 0.000000 -0.267847 -0.962816 -0.035263 -0.260953 -0.962816 -0.069922 -0.249594 -0.962816 -0.103385 -0.233964 -0.962816 -0.135079 -0.214331 -0.962816 -0.164462 -0.191031 -0.962816 -0.191031 -0.164462 -0.962816 -0.214331 -0.135079 -0.962816 -0.233964 -0.103385 -0.962816 -0.249594 -0.069922 -0.962816 -0.260953 -0.035263 -0.962816 -0.267847 -0.000000 -0.962816 -0.270159 0.035263 -0.962816 -0.267847 0.069922 -0.962816 -0.260953 0.103385 -0.962816 -0.249594 0.135079 -0.962816 -0.233964 0.164462 -0.962816 -0.214331 0.191031 -0.962816 -0.191031 0.214331 -0.962816 -0.164462 0.233964 -0.962816 -0.135079 0.249594 -0.962816 -0.103385 0.260953 -0.962816 -0.069922 0.267847 -0.962816 -0.035263 0.197349 -0.980333 0.000000 0.195660 -0.980333 0.025759 0.190624 -0.980333 0.051078 0.182326 -0.980333 0.075522 0.170909 -0.980333 0.098674 0.156567 -0.980333 0.120138 0.139547 -0.980333 0.139547 0.120138 -0.980333 0.156567 0.098674 -0.980333 0.170909 0.075522 -0.980333 0.182326 0.051078 -0.980333 0.190624 0.025759 -0.980333 0.195660 0.000000 -0.980333 0.197349 -0.025759 -0.980333 0.195660 -0.051078 -0.980333 0.190624 -0.075522 -0.980333 0.182326 -0.098674 -0.980333 0.170909 -0.120138 -0.980333 0.156567 -0.139547 -0.980333 0.139547 -0.156567 -0.980333 0.120138 -0.170909 -0.980333 0.098674 -0.182326 -0.980333 0.075522 -0.190624 -0.980333 0.051078 -0.195660 -0.980333 0.025759 -0.197349 -0.980333 0.000000 -0.195660 -0.980333 -0.025759 -0.190624 -0.980333 -0.051078 -0.182326 -0.980333 -0.075522 -0.170909 -0.980333 -0.098674 -0.156567 -0.980333 -0.120138 -0.139547 -0.980333 -0.139547 -0.120138 -0.980333 -0.156567 -0.098674 -0.980333 -0.170909 -0.075522 -0.980333 -0.182326 -0.051078 -0.980333 -0.190624 -0.025759 -0.980333 -0.195660 -0.000000 -0.980333 -0.197349 0.025759 -0.980333 -0.195660 0.051078 -0.980333 -0.190624 0.075522 -0.980333 -0.182326 0.098674 -0.980333 -0.170909 0.120138 -0.980333 -0.156567 0.139547 -0.980333 -0.139547 0.156567 -0.980333 -0.120138 0.170909 -0.980333 -0.098674 0.182326 -0.980333 -0.075522 0.190624 -0.980333 -0.051078 0.195660 -0.980333 -0.025759 0.129133 -0.991627 0.000000 0.128028 -0.991627 0.016855 0.124733 -0.991627 0.033422 0.119303 -0.991627 0.049417 0.111832 -0.991627 0.064566 0.102448 -0.991627 0.078611 0.091311 -0.991627 0.091311 0.078611 -0.991627 0.102448 0.064566 -0.991627 0.111832 0.049417 -0.991627 0.119303 0.033422 -0.991627 0.124733 0.016855 -0.991627 0.128028 0.000000 -0.991627 0.129133 -0.016855 -0.991627 0.128028 -0.033422 -0.991627 0.124733 -0.049417 -0.991627 0.119303 -0.064566 -0.991627 0.111832 -0.078611 -0.991627 0.102448 -0.091311 -0.991627 0.091311 -0.102448 -0.991627 0.078611 -0.111832 -0.991627 0.064566 -0.119303 -0.991627 0.049417 -0.124733 -0.991627 0.033422 -0.128028 -0.991627 0.016855 -0.129133 -0.991627 0.000000 -0.128028 -0.991627 -0.016855 -0.124733 -0.991627 -0.033422 -0.119303 -0.991627 -0.049417 -0.111832 -0.991627 -0.064566 -0.102448 -0.991627 -0.078611 -0.091311 -0.991627 -0.091311 -0.078611 -0.991627 -0.102448 -0.064566 -0.991627 -0.111832 -0.049417 -0.991627 -0.119303 -0.033422 -0.991627 -0.124733 -0.016855 -0.991627 -0.128028 -0.000000 -0.991627 -0.129133 0.016855 -0.991627 -0.128028 0.033422 -0.991627 -0.124733 0.049417 -0.991627 -0.119303 0.064566 -0.991627 -0.111832 0.078611 -0.991627 -0.102448 0.091311 -0.991627 -0.091311 0.102448 -0.991627 -0.078611 0.111832 -0.991627 -0.064566 0.119303 -0.991627 -0.049417 0.124733 -0.991627 -0.033422 0.128028 -0.991627 -0.016855 0.063853 -0.997959 0.000000 0.063306 -0.997959 0.008334 0.061677 -0.997959 0.016526 0.058992 -0.997959 0.024435 0.055298 -0.997959 0.031926 0.050658 -0.997959 0.038871 0.045151 -0.997959 0.045151 0.038871 -0.997959 0.050658 0.031926 -0.997959 0.055298 0.024435 -0.997959 0.058992 0.016526 -0.997959 0.061677 0.008334 -0.997959 0.063306 0.000000 -0.997959 0.063853 -0.008334 -0.997959 0.063306 -0.016526 -0.997959 0.061677 -0.024435 -0.997959 0.058992 -0.031926 -0.997959 0.055298 -0.038871 -0.997959 0.050658 -0.045151 -0.997959 0.045151 -0.050658 -0.997959 0.038871 -0.055298 -0.997959 0.031926 -0.058992 -0.997959 0.024435 -0.061677 -0.997959 0.016526 -0.063306 -0.997959 0.008334 -0.063853 -0.997959 0.000000 -0.063306 -0.997959 -0.008334 -0.061677 -0.997959 -0.016526 -0.058992 -0.997959 -0.024435 -0.055298 -0.997959 -0.031926 -0.050658 -0.997959 -0.038871 -0.045151 -0.997959 -0.045151 -0.038871 -0.997959 -0.050658 -0.031926 -0.997959 -0.055298 -0.024435 -0.997959 -0.058992 -0.016526 -0.997959 -0.061677 -0.008334 -0.997959 -0.063306 -0.000000 -0.997959 -0.063853 0.008334 -0.997959 -0.063306 0.016526 -0.997959 -0.061677 0.024435 -0.997959 -0.058992 0.031926 -0.997959 -0.055298 0.038871 -0.997959 -0.050658 0.045151 -0.997959 -0.045151 0.050658 -0.997959 -0.038871 0.055298 -0.997959 -0.031926 0.058992 -0.997959 -0.024435 0.061677 -0.997959 -0.016526 0.063306 -0.997959 -0.008334 0.000000 -1.000000 0.000000 
          </float_array>
          <technique_common>
            <accessor source="#stone-mesh-normals-array" count="1106" stride="3">
              <param name="X" type="float"/>
              <param name="Y" type="float"/>
              <param name="Z" type="float"/>
            </accessor>
          </technique_common>
        </source>
        <source id="stone-mesh-map">
          <float_array id="stone-mesh-map-array" count="2212">
            0.500000 0.500000 0.565263 0.500000 0.564705 0.508519 0.563039 0.516891 0.560295 0.524975 0.556519 0.532632 0.551777 0.539730 0.546148 0.546148 0.539730 0.551777 0.532632 0.556519 0.524975 0.560295 0.516891 0.563039 0.508519 0.564705 0.500000 0.565263 0.491481 0.564705 0.483109 0.563039 0.475025 0.560295 0.467368 0.556519 0.460270 0.551777 0.453852 0.546148 0.448223 0.539730 0.443481 0.532632 0.439705 0.524975 0.436961 0.516891 0.435295 0.508519 0.434737 0.500000 0.435295 0.491481 0.436961 0.483109 0.439705 0.475025 0.443481 0.467368 0.448223 0.460270 0.453852 0.453852 0.460270 0.448223 0.467368 0.443481 0.475025 0.439705 0.483109 0.436961 0.491481 0.435295 0.500000 0.434737 0.508519 0.435295 0.516891 0.436961 0.524975 0.439705 0.532632 0.443481 0.539730 0.448223 0.546148 0.453852 0.551777 0.460270 0.556519 0.467368 0.560295 0.475025 0.563039 0.483109 0.564705 0.491481 0.629410 0.500000 0.628302 0.516891 0.625000 0.533494 0.619559 0.549523 0.612072 0.564705 0.602667 0.578780 0.591506 0.591506 0.578780 0.602667 0.564705 0.612072 0.549523 0.619559 0.533494 0.625000 0.516891 0.628302 0.500000 0.629410 0.483109 0.628302 0.466506 0.625000 0.450477 0.619559 0.435295 0.612072 0.421220 0.602667 0.408494 0.591506 0.397333 0.578780 0.387928 0.564705 0.380441 0.549523 0.375000 0.533494 0.371698 0.516891 0.370590 0.500000 0.371698 0.483109 0.375000 0.466506 0.380441 0.450477 0.387928 0.435295 0.397333 0.421220 0.408494 0.408494 0.421220 0.397333 0.435295 0.387928 0.450477 0.380441 0.466506 0.375000 0.483109 0.371698 0.500000 0.370590 0.516891 0.371698 0.533494 0.375000 0.549523 0.380441 0.564705 0.387928 0.578780 0.397333 0.591506 0.408494 0.602667 0.421220 0.612072 0.435295 0.619559 0.450477 0.625000 0.466506 0.628302 0.483109 0.691342 0.500000 0.689705 0.524975 0.684822 0.549523 0.676777 0.573223 0.665707 0.595671 0.651802 0.616481 0.635299 0.635299 0.616481 0.651802 0.595671 0.665707 0.573223 0.676777 0.549523 0.684822 0.524975 0.689705 0.500000 0.691342 0.475025 0.689705 0.450477 0.684822 0.426777 0.676777 0.404329 0.665707 0.383519 0.651802 0.364701 0.635299 0.348198 0.616481 0.334293 0.595671 0.323223 0.573223 0.315178 0.549523 0.310295 0.524975 0.308658 0.500000 0.310295 0.475025 0.315178 0.450477 0.323223 0.426777 0.334293 0.404329 0.348198 0.383519 0.364701 0.364701 0.383519 0.348198 0.404329 0.334293 0.426777 0.323223 0.450477 0.315178 0.475025 0.310295 0.500000 0.308658 0.524975 0.310295 0.549523 0.315178 0.573223 0.323223 0.595671 0.334293 0.616481 0.348198 0.635299 0.364701 0.651802 0.383519 0.665707 0.404329 0.676777 0.426777 0.684822 0.450477 0.689705 0.475025 0.750000 0.500000 0.747861 0.532632 0.741481 0.564705 0.730970 0.595671 0.716506 0.625000 0.698338 0.652190 0.676777 0.676777 0.652190 0.698338 0.625000 0.716506 0.595671 0.730970 0.564705 0.741481 0.532632 0.747861 0.500000 0.750000 0.467368 0.747861 0.435295 0.741481 0.404329 0.730970 0.375000 0.716506 0.347810 0.698338 0.323223 0.676777 0.301662 0.652190 0.283494 0.625000 0.269030 0.595671 0.258519 0.564705 0.252139 0.532632 0.250000 0.500000 0.252139 0.467368 0.258519 0.435295 0.269030 0.404329 0.283494 0.375000 0.301662 0.347810 0.323223 0.323223 0.347810 0.301662 0.375000 0.283494 0.404329 0.269030 0.435295 0.258519 0.467368 0.252139 0.500000 0.250000 0.532632 0.252139 0.564705 0.258519 0.595671 0.269030 0.625000 0.283494 0.652190 0.301662 0.676777 0.323223 0.698338 0.347810 0.716506 0.375000 0.730970 0.404329 0.741481 0.435295 0.747861 0.467368 0.804381 0.500000 0.801777 0.539730 0.794009 0.578780 0.781211 0.616481 0.763601 0.652190 0.741481 0.685295 0.715230 0.715230 0.685295 0.741481 0.652190 0.763601 0.616481 0.781211 0.578780 0.794009 0.539730 0.801777 0.500000 0.804381 0.460270 0.801777 0.421220 0.794009 0.383519 0.781211 0.347810 0.763601 0.314705 0.741481 0.284770 0.715230 0.258519 0.685295 0.236399 0.652190 0.218789 0.616481 0.205991 0.578780 0.198223 0.539730 0.195619 0.500000 0.198223 0.460270 0.205991 0.421220 0.218789 0.383519 0.236399 0.347810 0.258519 0.314705 0.284770 0.284770 0.314705 0.258519 0.347810 0.236399 0.383519 0.218789 0.421220 0.205991 0.460270 0.198223 0.500000 0.195619 0.539730 0.198223 0.578780 0.205991 0.616481 0.218789 0.652190 0.236399 0.685295 0.258519 0.715230 0.284770 0.741481 0.314705 0.763601 0.347810 0.781211 0.383519 0.794009 0.421220 0.801777 0.460270 0.853553 0.500000 0.850529 0.546148 0.841506 0.591506 0.826641 0.635299 0.806186 0.676777 0.780493 0.715230 0.750000 0.750000 0.715230 0.780493 0.676777 0.806186 0.635299 0.826641 0.591506 0.841506 0.546148 0.850529 0.500000 0.853553 0.453852 0.850529 0.408494 0.841506 0.364701 0.826641 0.323223 0.806186 0.284770 0.780493 0.250000 0.750000 0.219507 0.715230 0.193814 0.676777 0.173359 0.635299 0.158494 0.591506 0.149471 0.546148 0.146447 0.500000 0.149471 0.453852 0.158494 0.408494 0.173359 0.364701 0.193814 0.323223 0.219507 0.284770 0.250000 0.250000 0.284770 0.219507 0.323223 0.193814 0.364701 0.173359 0.408494 0.158494 0.453852 0.149471 0.500000 0.146447 0.546148 0.149471 0.591506 0.158494 0.635299 0.173359 0.676777 0.193814 0.715230 0.219507 0.750000 0.250000 0.780493 0.284770 0.806186 0.323223 0.826641 0.364701 0.841506 0.408494 0.850529 0.453852 0.896677 0.500000 0.893283 0.551777 0.883160 0.602667 0.866481 0.651802 0.843532 0.698338 0.814705 0.741481 0.780493 0.780493 0.741481 0.814705 0.698338 0.843532 0.651802 0.866481 0.602667 0.883160 0.551777 0.893283 0.500000 0.896677 0.448223 0.893283 0.397333 0.883160 0.348198 0.866481 0.301662 0.843532 0.258519 0.814705 0.219507 0.780493 0.185295 0.741481 0.156468 0.698338 0.133519 0.651802 0.116840 0.602667 0.106717 0.551777 0.103323 0.500000 0.106717 0.448223 0.116840 0.397333 0.133519 0.348198 0.156468 0.301662 0.185295 0.258519 0.219507 0.219507 0.258519 0.185295 0.301662 0.156468 0.348198 0.133519 0.397333 0.116840 0.448223 0.106717 0.500000 0.103323 0.551777 0.106717 0.602667 0.116840 0.651802 0.133519 0.698338 0.156468 0.741481 0.185295 0.780493 0.219507 0.814705 0.258519 0.843532 0.301662 0.866481 0.348198 0.883160 0.397333 0.893283 0.448223 0.933013 0.500000 0.929308 0.556519 0.918258 0.612072 0.900052 0.665707 0.875000 0.716506 0.843532 0.763601 0.806186 0.806186 0.763601 0.843532 0.716506 0.875000 0.665707 0.900052 0.612072 0.918258 0.556519 0.929308 0.500000 0.933013 0.443481 0.929308 0.387928 0.918258 0.334293 0.900052 0.283494 0.875000 0.236399 0.843532 0.193814 0.806186 0.156468 0.763601 0.125000 0.716506 0.099948 0.665707 0.081742 0.612072 0.070692 0.556519 0.066987 0.500000 0.070692 0.443481 0.081742 0.387928 0.099948 0.334293 0.125000 0.283494 0.156468 0.236399 0.193814 0.193814 0.236399 0.156468 0.283494 0.125000 0.334293 0.099948 0.387928 0.081742 0.443481 0.070692 0.500000 0.066987 0.556519 0.070692 0.612072 0.081742 0.665707 0.099948 0.716506 0.125000 0.763601 0.156468 0.806186 0.193814 0.843532 0.236399 0.875000 0.283494 0.900052 0.334293 0.918258 0.387928 0.929308 0.443481 0.961940 0.500000 0.957988 0.560295 0.946200 0.619559 0.926777 0.676777 0.900052 0.730970 0.866481 0.781211 0.826641 0.826641 0.781211 0.866481 0.730970 0.900052 0.676777 0.926777 0.619559 0.946200 0.560295 0.957988 0.500000 0.961940 0.439705 0.957988 0.380441 0.946200 0.323223 0.926777 0.269030 0.900052 0.218789 0.866481 0.173359 0.826641 0.133519 0.781211 0.099948 0.730970 0.073223 0.676777 0.053800 0.619559 0.042012 0.560295 0.038060 0.500000 0.042012 0.439705 0.053800 0.380441 0.073223 0.323223 0.099948 0.269030 0.133519 0.218789 0.173359 0.173359 0.218789 0.133519 0.269030 0.099948 0.323223 0.073223 0.380441 0.053800 0.439705 0.042012 0.500000 0.038060 0.560295 0.042012 0.619559 0.053800 0.676777 0.073223 0.730970 0.099948 0.781211 0.133519 0.826641 0.173359 0.866481 0.218789 0.900052 0.269030 0.926777 0.323223 0.946200 0.380441 0.957988 0.439705 0.982963 0.500000 0.978831 0.563039 0.966506 0.625000 0.946200 0.684822 0.918258 0.741481 0.883160 0.794009 0.841506 0.841506 0.794009 0.883160 0.741481 0.918258 0.684822 0.946200 0.625000 0.966506 0.563039 0.978831 0.500000 0.982963 0.436961 0.978831 0.375000 0.966506 0.315178 0.946200 0.258519 0.918258 0.205991 0.883160 0.158494 0.841506 0.116840 0.794009 0.081742 0.741481 0.053800 0.684822 0.033494 0.625000 0.021169 0.563039 0.017037 0.500000 0.021169 0.436961 0.033494 0.375000 0.053800 0.315178 0.081742 0.258519 0.116840 0.205991 0.158494 0.158494 0.205991 0.116840 0.258519 0.081742 0.315178 0.053800 0.375000 0.033494 0.436961 0.021169 0.500000 0.017037 0.563039 0.021169 0.625000 0.033494 0.684822 0.053800 0.741481 0.081742 0.794009 0.116840 0.841506 0.158494 0.883160 0.205991 0.918258 0.258519 0.946200 0.315178 0.966506 0.375000 0.978831 0.436961 0.995722 0.500000 0.991481 0.564705 0.978831 0.628302 0.957988 0.689705 0.929308 0.747861 0.893283 0.801777 0.850529 0.850529 0.801777 0.893283 0.747861 0.929308 0.689705 0.957988 0.628302 0.978831 0.564705 0.991481 0.500000 0.995722 0.435295 0.991481 0.371698 0.978831 0.310295 0.957988 0.252139 0.929308 0.198223 0.893283 0.149471 0.850529 0.106717 0.801777 0.070692 0.747861 0.042012 0.689705 0.021169 0.628302 0.008519 0.564705 0.004278 0.500000 0.008519 0.435295 0.021169 0.371698 0.042012 0.310295 0.070692 0.252139 0.106717 0.198223 0.149471 0.149471 0.198223 0.106717 0.252139 0.070692 0.310295 0.042012 0.371698 0.021169 0.435295 0.008519 0.500000 0.004278 0.564705 0.008519 0.628302 0.021169 0.689705 0.042012 0.747861 0.070692 0.801777 0.106717 0.850529 0.149471 0.893283 0.198223 0.929308 0.252139 0.957988 0.310295 0.978831 0.371698 0.991481 0.435295 1.000000 0.500000 0.995722 0.565263 0.982963 0.629410 0.961940 0.691342 0.933013 0.750000 0.896677 0.804381 0.853553 0.853553 0.804381 0.896677 0.750000 0.933013 0.691342 0.961940 0.629410 0.982963 0.565263 0.995722 0.500000 1.000000 0.434737 0.995722 0.370590 0.982963 0.308658 0.961940 0.250000 0.933013 0.195619 0.896677 0.146447 0.853553 0.103323 0.804381 0.066987 0.750000 0.038060 0.691342 0.017037 0.629410 0.004278 0.565263 0.000000 0.500000 0.004278 0.434737 0.017037 0.370590 0.038060 0.308658 0.066987 0.250000 0.103323 0.195619 0.146447 0.146447 0.195619 0.103323 0.250000 0.066987 0.308658 0.038060 0.370590 0.017037 0.434737 0.004278 0.500000 0.000000 0.565263 0.004278 0.629410 0.017037 0.691342 0.038060 0.750000 0.066987 0.804381 0.103323 0.853553 0.146447 0.896677 0.195619 0.933013 0.250000 0.961940 0.308658 0.982963 0.370590 0.995722 0.434737 0.995722 0.500000 0.991481 0.564705 0.978831 0.628302 0.957988 0.689705 0.929308 0.747861 0.893283 0.801777 0.850529 0.850529 0.801777 0.893283 0.747861 0.929308 0.689705 0.957988 0.628302 0.978831 0.564705 0.991481 0.500000 0.995722 0.435295 0.991481 0.371698 0.978831 0.310295 0.957988 0.252139 0.929308 0.198223 0.893283 0.149471 0.850529 0.106717 0.801777 0.070692 0.747861 0.042012 0.689705 0.021169 0.628302 0.008519 0.564705 0.004278 0.500000 0.008519 0.435295 0.021169 0.371698 0.042012 0.310295 0.070692 0.252139 0.106717 0.198223 0.149471 0.149471 0.198223 0.106717 0.252139 0.070692 0.310295 0.042012 0.371698 0.021169 0.435295 0.008519 0.500000 0.004278 0.564705 0.008519 0.628302 0.021169 0.689705 0.042012 0.747861 0.070692 0.801777 0.106717 0.850529 0.149471 0.893283 0.198223 0.929308 0.252139 0.957988 0.310295 0.978831 0.371698 0.991481 0.435295 0.982963 0.500000 0.978831 0.563039 0.966506 0.625000 0.946200 0.684822 0.918258 0.741481 0.883160 0.794009 0.841506 0.841506 0.794009 0.883160 0.741481 0.918258 0.684822 0.946200 0.625000 0.966506 0.563039 0.978831 0.500000 0.982963 0.436961 0.978831 0.375000 0.966506 0.315178 0.946200 0.258519 0.918258 0.205991 0.883160 0.158494 0.841506 0.116840 0.794009 0.081742 0.741481 0.053800 0.684822 0.033494 0.625000 0.021169 0.563039 0.017037 0.500000 0.021169 0.436961 0.033494 0.375000 0.053800 0.315178 0.081742 0.258519 0.116840 0.205991 0.158494 0.158494 0.205991 0.116840 0.258519 0.081742 0.315178 0.053800 0.375000 0.033494 0.436961 0.021169 0.500000 0.017037 0.563039 0.021169 0.625000 0.033494 0.684822 0.053800 0.741481 0.081742 0.794009 0.116840 0.841506 0.158494 0.883160 0.205991 0.918258 0.258519 0.946200 0.315178 0.966506 0.375000 0.978831 0.436961 0.961940 0.500000 0.957988 0.560295 0.946200 0.619559 0.926777 0.676777 0.900052 0.730970 0.866481 0.781211 0.826641 0.826641 0.781211 0.866481 0.730970 0.900052 0.676777 0.926777 0.619559 0.946200 0.560295 0.957988 0.500000 0.961940 0.439705 0.957988 0.380441 0.946200 0.323223 0.926777 0.269030 0.900052 0.218789 0.866481 0.173359 0.826641 0.133519 0.781211 0.099948 0.730970 0.073223 0.676777 0.053800 0.619559 0.042012 0.560295 0.038060 0.500000 0.042012 0.439705 0.053800 0.380441 0.073223 0.323223 0.099948 0.269030 0.133519 0.218789 0.173359 0.173359 0.218789 0.133519 0.269030 0.099948 0.323223 0.073223 0.380441 0.053800 0.439705 0.042012 0.500000 0.038060 0.560295 0.042012 0.619559 0.053800 0.676777 0.073223 0.730970 0.099948 0.781211 0.133519 0.826641 0.173359 0.866481 0.218789 0.900052 0.269030 0.926777 0.323223 0.946200 0.380441 0.957988 0.439705 0.933013 0.500000 0.929308 0.556519 0.918258 0.612072 0.900052 0.665707 0.875000 0.716506 0.843532 0.763601 0.806186 0.806186 0.763601 0.843532 0.716506 0.875000 0.665707 0.900052 0.612072 0.918258 0.556519 0.929308 0.500000 0.933013 0.443481 0.929308 0.387928 0.918258 0.334293 0.900052 0.283494 0.875000 0.236399 0.843532 0.193814 0.806186 0.156468 0.763601 0.125000 0.716506 0.099948 0.665707 0.081742 0.612072 0.070692 0.556519 0.066987 0.500000 0.070692 0.443481 0.081742 0.387928 0.099948 0.334293 0.125000 0.283494 0.156468 0.236399 0.193814 0.193814 0.236399 0.156468 0.283494 0.125000 0.334293 0.099948 0.387928 0.081742 0.443481 0.070692 0.500000 0.066987 0.556519 0.070692 0.612072 0.081742 0.665707 0.099948 0.716506 0.125000 0.763601 0.156468 0.806186 0.193814 0.843532 0.236399 0.875000 0.283494 0.900052 0.334293 0.918258 0.387928 0.929308 0.443481 0.896677 0.500000 0.893283 0.551777 0.883160 0.602667 0.866481 0.651802 0.843532 0.698338 0.814705 0.741481 0.780493 0.780493 0.741481 0.814705 0.698338 0.843532 0.651802 0.866481 0.602667 0.883160 0.551777 0.893283 0.500000 0.896677 0.448223 0.893283 0.397333 0.883160 0.348198 0.866481 0.301662 0.843532 0.258519 0.814705 0.219507 0.780493 0.185295 0.741481 0.156468 0.698338 0.133519 0.651802 0.116840 0.602667 0.106717 0.551777 0.103323 0.500000 0.106717 0.448223 0.116840 0.397333 0.133519 0.348198 0.156468 0.301662 0.185295 0.258519 0.219507 0.219507 0.258519 0.185295 0.301662 0.156468 0.348198 0.133519 0.397333 0.116840 0.448223 0.106717 0.500000 0.103323 0.551777 0.106717 0.602667 0.116840 0.651802 0.133519 0.698338 0.156468 0.741481 0.185295 0.780493 0.219507 0.814705 0.258519 0.843532 0.301662 0.866481 0.348198 0.883160 0.397333 0.893283 0.448223 0.853553 0.500000 0.850529 0.546148 0.841506 0.591506 0.826641 0.635299 0.806186 0.676777 0.780493 0.715230 0.750000 0.750000 0.715230 0.780493 0.676777 0.806186 0.635299 0.826641 0.591506 0.841506 0.546148 0.850529 0.500000 0.853553 0.453852 0.850529 0.408494 0.841506 0.364701 0.826641 0.323223 0.806186 0.284770 0.780493 0.250000 0.750000 0.219507 0.715230 0.193814 0.676777 0.173359 0.635299 0.158494 0.591506 0.149471 0.546148 0.146447 0.500000 0.149471 0.453852 0.158494 0.408494 0.173359 0.364701 0.193814 0.323223 0.219507 0.284770 0.250000 0.250000 0.284770 0.219507 0.323223 0.193814 0.364701 0.173359 0.408494 0.158494 0.453852 0.149471 0.500000 0.146447 0.546148 0.149471 0.591506 0.158494 0.635299 0.173359 0.676777 0.193814 0.715230 0.219507 0.750000 0.250000 0.780493 0.284770 0.806186 0.323223 0.826641 0.364701 0.841506 0.408494 0.850529 0.453852 0.804381 0.500000 0.801777 0.539730 0.794009 0.578780 0.781211 0.616481 0.763601 0.652190 0.741481 0.685295 0.715230 0.715230 0.685295 0.741481 0.652190 0.763601 0.616481 0.781211 0.578780 0.794009 0.539730 0.801777 0.500000 0.804381 0.460270 0.801777 0.421220 0.794009 0.383519 0.781211 0.347810 0.763601 0.314705 0.741481 0.284770 0.715230 0.258519 0.685295 0.236399 0.652190 0.218789 0.616481 0.205991 0.578780 0.198223 0.539730 0.195619 0.500000 0.198223 0.460270 0.205991 0.421220 0.218789 0.383519 0.236399 0.347810 0.258519 0.314705 0.284770 0.284770 0.314705 0.258519 0.347810 0.236399 0.383519 0.218789 0.421220 0.205991 0.460270 0.198223 0.500000 0.195619 0.539730 0.198223 0.578780 0.205991 0.616481 0.218789 0.652190 0.236399 0.685295 0.258519 0.715230 0.284770 0.741481 0.314705 0.763601 0.347810 0.781211 0.383519 0.794009 0.421220 0.801777 0.460270 0.750000 0.500000 0.747861 0.532632 0.741481 0.564705 0.730970 0.595671 0.716506 0.625000 0.698338 0.652190 0.676777 0.676777 0.652190 0.698338 0.625000 0.716506 0.595671 0.730970 0.564705 0.741481 0.532632 0.747861 0.500000 0.750000 0.467368 0.747861 0.435295 0.741481 0.404329 0.730970 0.375000 0.716506 0.347810 0.698338 0.323223 0.676777 0.301662 0.652190 0.283494 0.625000 0.269030 0.595671 0.258519 0.564705 0.252139 0.532632 0.250000 0.500000 0.252139 0.467368 0.258519 0.435295 0.269030 0.404329 0.283494 0.375000 0.301662 0.347810 0.323223 0.323223 0.347810 0.301662 0.375000 0.283494 0.404329 0.269030 0.435295 0.258519 0.467368 0.252139 0.500000 0.250000 0.532632 0.252139 0.564705 0.258519 0.595671 0.269030 0.625000 0.283494 0.652190 0.301662 0.676777 0.323223 0.698338 0.347810 0.716506 0.375000 0.730970 0.404329 0.741481 0.435295 0.747861 0.467368 0.691342 0.500000 0.689705 0.524975 0.684822 0.549523 0.676777 0.573223 0.665707 0.595671 0.651802 0.616481 0.635299 0.635299 0.616481 0.651802 0.595671 0.665707 0.573223 0.676777 0.549523 0.684822 0.524975 0.689705 0.500000 0.691342 0.475025 0.689705 0.450477 0.684822 0.426777 0.676777 0.404329 0.665707 0.383519 0.651802 0.364701 0.635299 0.348198 0.616481 0.334293 0.595671 0.323223 0.573223 0.315178 0.549523 0.310295 0.524975 0.308658 0.500000 0.310295 0.475025 0.315178 0.450477 0.323223 0.426777 0.334293 0.404329 0.348198 0.383519 0.364701 0.364701 0.383519 0.348198 0.404329 0.334293 0.426777 0.323223 0.450477 0.315178 0.475025 0.310295 0.500000 0.308658 0.524975 0.310295 0.549523 0.315178 0.573223 0.323223 0.595671 0.334293 0.616481 0.348198 0.635299 0.364701 0.651802 0.383519 0.665707 0.404329 0.676777 0.426777 0.684822 0.450477 0.689705 0.475025 0.629410 0.500000 0.628302 0.516891 0.625000 0.533494 0.619559 0.549523 0.612072 0.564705 0.602667 0.578780 0.591506 0.591506 0.578780 0.602667 0.564705 0.612072 0.549523 0.619559 0.533494 0.625000 0.516891 0.628302 0.500000 0.629410 0.483109 0.628302 0.466506 0.625000 0.450477 0.619559 0.435295 0.612072 0.421220 0.602667 0.408494 0.591506 0.397333 0.578780 0.387928 0.564705 0.380441 0.549523 0.375000 0.533494 0.371698 0.516891 0.370590 0.500000 0.371698 0.483109 0.375000 0.466506 0.380441 0.450477 0.387928 0.435295 0.397333 0.421220 0.408494 0.408494 0.421220 0.397333 0.435295 0.387928 0.450477 0.380441 0.466506 0.375000 0.483109 0.371698 0.500000 0.370590 0.516891 0.371698 0.533494 0.375000 0.549523 0.380441 0.564705 0.387928 0.578780 0.397333 0.591506 0.408494 0.602667 0.421220 0.612072 0.435295 0.619559 0.450477 0.625000 0.466506 0.628302 0.483109 0.565263 0.500000 0.564705 0.508519 0.563039 0.516891 0.560295 0.524975 0.556519 0.532632 0.551777 0.539730 0.546148 0.546148 0.539730 0.551777 0.532632 0.556519 0.524975 0.560295 0.516891 0.563039 0.508519 0.564705 0.500000 0.565263 0.491481 0.564705 0.483109 0.563039 0.475025 0.560295 0.467368 0.556519 0.460270 0.551777 0.453852 0.546148 0.448223 0.539730 0.443481 0.532632 0.439705 0.524975 0.436961 0.516891 0.435295 0.508519 0.434737 0.500000 0.435295 0.491481 0.436961 0.483109 0.439705 0.475025 0.443481 0.467368 0.448223 0.460270 0.453852 0.453852 0.460270 0.448223 0.467368 0.443481 0.475025 0.439705 0.483109 0.436961 0.491481 0.435295 0.500000 0.434737 0.508519 0.435295 0.516891 0.436961 0.524975 0.439705 0.532632 0.443481 0.539730 0.448223 0.546148 0.453852 0.551777 0.460270 0.556519 0.467368 0.560295 0.475025 0.563039 0.483109 0.564705 0.491481 0.500000 0.500000 
          </float_array>
          <technique_common>
            <accessor source="#stone-mesh-map-array" count="1106" stride="2">
              <param name="S" type="float"/>
              <param name="T" type="float"/>
            </accessor>
          </technique_common>
        </source>
        <vertices id="stone-mesh-vertices">
          <input semantic="POSITION" source="#stone-mesh-positions"/>
        </vertices>
        <triangles material="stone_material" count="2208">
          <input semantic="VERTEX" source="#stone-mesh-vertices" offset="0"/>
          <input semantic="NORMAL" source="#stone-mesh-normals" offset="0"/>
          <input semantic="TEXCOORD" source="#stone-mesh-map" offset="0" set="0"/>
          <p>
            0 1 2 0 2 3 0 3 4 0 4 5 0 5 6 0 6 7 0 7 8 0 8 9 0 9 10 0 10 11 
            0 11 12 0 12 13 0 13 14 0 14 15 0 15 16 0 16 17 0 17 18 0 18 19 0 19 20 0 20 21 
            0 21 22 0 22 23 0 23 24 0 24 25 0 25 26 0 26 27 0 27 28 0 28 29 0 29 30 0 30 31 
            0 31 32 0 32 33 0 33 34 0 34 35 0 35 36 0 36 37 0 37 38 0 38 39 0 39 40 0 40 41 
            0 41 42 0 42 43 0 43 44 0 44 45 0 45 46 0 46 47 0 47 48 0 48 1 1 49 2 2 49 50 
            2 50 3 3 50 51 3 51 4 4 51 52 4 52 5 5 52 53 5 53 6 6 53 54 6 54 7 7 54 55 
            7 55 8 8 55 56 8 56 9 9 56 57 9 57 10 10 57 58 10 58 11 11 58 59 11 59 12 12 59 60 
            12 60 13 13 60 61 13 61 14 14 61 62 14 62 15 15 62 63 15 63 16 16 63 64 16 64 17 17 64 65 
            17 65 18 18 65 66 18 66 19 19 66 67 19 67 20 20 67 68 20 68 21 21 68 69 21 69 22 22 69 70 
            22 70 23 23 70 71 23 71 24 24 71 72 24 72 25 25 72 73 25 73 26 26 73 74 26 74 27 27 74 75 
            27 75 28 28 75 76 28 76 29 29 76 77 29 77 30 30 77 78 30 78 31 31 78 79 31 79 32 32 79 80 
            32 80 33 33 80 81 33 81 34 34 81 82 34 82 35 35 82 83 35 83 36 36 83 84 36 84 37 37 84 85 
            37 85 38 38 85 86 38 86 39 39 86 87 39 87 40 40 87 88 40 88 41 41 88 89 41 89 42 42 89 90 
            42 90 43 43 90 91 43 91 44 44 91 92 44 92 45 45 92 93 45 93 46 46 93 94 46 94 47 47 94 95 
            47 95 48 48 95 96 48 96 1 1 96 49 49 97 50 50 97 98 50 98 51 51 98 99 51 99 52 52 99 100 
            52 100 53 53 100 101 53 101 54 54 101 102 54 102 55 55 102 103 55 103 56 56 103 104 56 104 57 57 104 105 
            57 105 58 58 105 106 58 106 59 59 106 107 59 107 60 60 107 108 60 108 61 61 108 109 61 109 62 62 109 110 
            62 110 63 63 110 111 63 111 64 64 111 112 64 112 65 65 112 113 65 113 66 66 113 114 66 114 67 67 114 115 
            67 115 68 68 115 116 68 116 69 69 116 117 69 117 70 70 117 118 70 118 71 71 118 119 71 119 72 72 119 120 
            72 120 73 73 120 121 73 121 74 74 121 122 74 122 75 75 122 123 75 123 76 76 123 124 76 124 77 77 124 125 
            77 125 78 78 125 126 78 126 79 79 126 127 79 127 80 80 127 128 80 128 81 81 128 129 81 129 82 82 129 130 
            82 130 83 83 130 131 83 131 84 84 131 132 84 132 85 85 132 133 85 133 86 86 133 134 86 134 87 87 134 135 
            87 135 88 88 135 136 88 136 89 89 136 137 89 137 90 90 137 138 90 138 91 91 138 139 91 139 92 92 139 140 
            92 140 93 93 140 141 93 141 94 94 141 142 94 142 95 95 142 143 95 143 96 96 143 144 96 144 49 49 144 97 
            97 145 98 98 145 146 98 146 99 99 146 147 99 147 100 100 147 148 100 148 101 101 148 149 101 149 102 102 149 150 
            102 150 103 103 150 151 103 151 104 104 151 152 104 152 105 105 152 153 105 153 106 106 153 154 106 154 107 107 154 155 
            107 155 108 108 155 156 108 156 109 109 156 157 109 157 110 110 157 158 110 158 111 111 158 159 111 159 112 112 159 160 
            112 160 113 113 160 161 113 161 114 114 161 162 114 162 115 115 162 163 115 163 116 116 163 164 116 164 117 117 164 165 
            117 165 118 118 165 166 118 166 119 119 166 167 119 167 120 120 167 168 120 168 121 121 168 169 121 169 122 122 169 170 
            122 170 123 123 170 171 123 171 124 124 171 172 124 172 125 125 172 173 125 173 126 126 173 174 126 174 127 127 174 175 
            127 175 128 128 175 176 128 176 129 129 176 177 129 177 130 130 177 178 130 178 131 131 178 179 131 179 132 132 179 180 
            132 180 133 133 180 181 133 181 134 134 181 182 134 182 135 135 182 183 135 183 136 136 183 184 136 184 137 137 184 185 
            137 185 138 138 185 186 138 186 139 139 186 187 139 187 140 140 187 188 140 188 141 141 188 189 141 189 142 142 189 190 
            142 190 143 143 190 191 143 191 144 144 191 192 144 192 97 97 192 145 145 193 146 146 193 194 146 194 147 147 194 195 
            147 195 148 148 195 196 148 196 149 149 196 197 149 197 150 150 197 198 150 198 151 151 198 199 151 199 152 152 199 200 
            152 200 153 153 200 201 153 201 154 154 201 202 154 202 155 155 202 203 155 203 156 156 203 204 156 204 157 157 204 205 
            157 205 158 158 205 206 158 206 159 159 206 207 159 207 160 160 207 208 160 208 161 161 208 209 161 209 162 162 209 210 
            162 210 163 163 210 211 163 211 164 164 211 212 164 212 165 165 212 213 165 213 166 166 213 214 166 214 167 167 214 215 
            167 215 168 168 215 216 168 216 169 169 216 217 169 217 170 170 217 218 170 218 171 171 218 219 171 219 172 172 219 220 
            172 220 173 173 220 221 173 221 174 174 221 222 174 222 175 175 222 223 175 223 176 176 223 224 176 224 177 177 224 225 
            177 225 178 178 225 226 178 226 179 179 226 227 179 227 180 180 227 228 180 228 181 181 228 229 181 229 182 182 229 230 
            182 230 183 183 230 231 183 231 184 184 231 232 184 232 185 185 232 233 185 233 186 186 233 234 186 234 187 187 234 235 
            187 235 188 188 235 236 188 236 189 189 236 237 189 237 190 190 237 238 190 238 191 191 238 239 191 239 192 192 239 240 
            192 240 145 145 240 193 193 241 194 194 241 242 194 242 195 195 242 243 195 243 196 196 243 244 196 244 197 197 244 245 
            197 245 198 198 245 246 198 246 199 199 246 247 199 247 200 200 247 248 200 248 201 201 248 249 201 249 202 202 249 250 
            202 250 203 203 250 251 203 251 204 204 251 252 204 252 205 205 252 253 205 253 206 206 253 254 206 254 207 207 254 255 
            207 255 208 208 255 256 208 256 209 209 256 257 209 257 210 210 257 258 210 258 211 211 258 259 211 259 212 212 259 260 
            212 260 213 213 260 261 213 261 214 214 261 262 214 262 215 215 262 263 215 263 216 216 263 264 216 264 217 217 264 265 
            217 265 218 218 265 266 218 266 219 219 266 267 219 267 220 220 267 268 220 268 221 221 268 269 221 269 222 222 269 270 
            222 270 223 223 270 271 223 271 224 224 271 272 224 272 225 225 272 273 225 273 226 226 273 274 226 274 227 227 274 275 
            227 275 228 228 275 276 228 276 229 229 276 277 229 277 230 230 277 278 230 278 231 231 278 279 231 279 232 232 279 280 
            232 280 233 233 280 281 233 281 234 234 281 282 234 282 235 235 282 283 235 283 236 236 283 284 236 284 237 237 284 285 
            237 285 238 238 285 286 238 286 239 239 286 287 239 287 240 240 287 288 240 288 193 193 288 241 241 289 242 242 289 290 
            242 290 243 243 290 291 243 291 244 244 291 292 244 292 245 245 292 293 245 293 246 246 293 294 246 294 247 247 294 295 
            247 295 248 248 295 296 248 296 249 249 296 297 249 297 250 250 297 298 250 298 251 251 298 299 251 299 252 252 299 300 
            252 300 253 253 300 301 253 301 254 254 301 302 254 302 255 255 302 303 255 303 256 256 303 304 256 304 257 257 304 305 
            257 305 258 258 305 306 258 306 259 259 306 307 259 307 260 260 307 308 260 308 261 261 308 309 261 309 262 262 309 310 
            262 310 263 263 310 311 263 311 264 264 311 312 264 312 265 265 312 313 265 313 266 266 313 314 266 314 267 267 314 315 
            267 315 268 268 315 316 268 316 269 269 316 317 269 317 270 270 317 318 270 318 271 271 318 319 271 319 272 272 319 320 
            272 320 273 273 320 321 273 321 274 274 321 322 274 322 275 275 322 323 275 323 276 276 323 324 276 324 277 277 324 325 
            277 325 278 278 325 326 278 326 279 279 326 327 279 327 280 280 327 328 280 328 281 281 328 329 281 329 282 282 329 330 
            282 330 283 283 330 331 283 331 284 284 331 332 284 332 285 285 332 333 285 333 286 286 333 334 286 334 287 287 334 335 
            287 335 288 288 335 336 288 336 241 241 336 289 289 337 290 290 337 338 290 338 291 291 338 339 291 339 292 292 339 340 
            292 340 293 293 340 341 293 341 294 294 341 342 294 342 295 295 342 343 295 343 296 296 343 344 296 344 297 297 344 345 
            297 345 298 298 345 346 298 346 299 299 346 347 299 347 300 300 347 348 300 348 301 301 348 349 301 349 302 302 349 350 
            302 350 303 303 350 351 303 351 304 304 351 352 304 352 305 305 352 353 305 353 306 306 353 354 306 354 307 307 354 355 
            307 355 308 308 355 356 308 356 309 309 356 357 309 357 310 310 357 358 310 358 311 311 358 359 311 359 312 312 359 360 
            312 360 313 313 360 361 313 361 314 314 361 362 314 362 315 315 362 363 315 363 316 316 363 364 316 364 317 317 364 365 
            317 365 318 318 365 366 318 366 319 319 366 367 319 367 320 320 367 368 320 368 321 321 368 369 321 369 322 322 369 370 
            322 370 323 323 370 371 323 371 324 324 371 372 324 372 325 325 372 373 325 373 326 326 373 374 326 374 327 327 374 375 
            327 375 328 328 375 376 328 376 329 329 376 377 329 377 330 330 377 378 330 378 331 331 378 379 331 379 332 332 379 380 
            332 380 333 333 380 381 333 381 334 334 381 382 334 382 335 335 382 383 335 383 336 336 383 384 336 384 289 289 384 337 
            337 385 338 338 385 386 338 386 339 339 386 387 339 387 340 340 387 388 340 388 341 341 388 389 341 389 342 342 389 390 
            342 390 343 343 390 391 343 391 344 344 391 392 344 392 345 345 392 393 345 393 346 346 393 394 346 394 347 347 394 395 
            347 395 348 348 395 396 348 396 349 349 396 397 349 397 350 350 397 398 350 398 351 351 398 399 351 399 352 352 399 400 
            352 400 353 353 400 401 353 401 354 354 401 402 354 402 355 355 402 403 355 403 356 356 403 404 356 404 357 357 404 405 
            357 405 358 358 405 406 358 406 359 359 406 407 359 407 360 360 407 408 360 408 361 361 408 409 361 409 362 362 409 410 
            362 410 363 363 410 411 363 411 364 364 411 412 364 412 365 365 412 413 365 413 366 366 413 414 366 414 367 367 414 415 
            367 415 368 368 415 416 368 416 369 369 416 417 369 417 370 370 417 418 370 418 371 371 418 419 371 419 372 372 419 420 
            372 420 373 373 420 421 373 421 374 374 421 422 374 422 375 375 422 423 375 423 376 376 423 424 376 424 377 377 424 425 
            377 425 378 378 425 426 378 426 379 379 426 427 379 427 380 380 427 428 380 428 381 381 428 429 381 429 382 382 429 430 
            382 430 383 383 430 431 383 431 384 384 431 432 384 432 337 337 432 385 385 433 386 386 433 434 386 434 387 387 434 435 
            387 435 388 388 435 436 388 436 389 389 436 437 389 437 390 390 437 438 390 438 391 391 438 439 391 439 392 392 439 440 
            392 440 393 393 440 441 393 441 394 394 441 442 394 442 395 395 442 443 395 443 396 396 443 444 396 444 397 397 444 445 
            397 445 398 398 445 446 398 446 399 399 446 447 399 447 400 400 447 448 400 448 401 401 448 449 401 449 402 402 449 450 
            402 450 403 403 450 451 403 451 404 404 451 452 404 452 405 405 452 453 405 453 406 406 453 454 406 454 407 407 454 455 
            407 455 408 408 455 456 408 456 409 409 456 457 409 457 410 410 457 458 410 458 411 411 458 459 411 459 412 412 459 460 
            412 460 413 413 460 461 413 461 414 414 461 462 414 462 415 415 462 463 415 463 416 416 463 464 416 464 417 417 464 465 
            417 465 418 418 465 466 418 466 419 419 466 467 419 467 420 420 467 468 420 468 421 421 468 469 421 469 422 422 469 470 
            422 470 423 423 470 471 423 471 424 424 471 472 424 472 425 425 472 473 425 473 426 426 473 474 426 474 427 427 474 475 
            427 475 428 428 475 476 428 476 429 429 476 477 429 477 430 430 477 478 430 478 431 431 478 479 431 479 432 432 479 480 
            432 480 385 385 480 433 433 481 434 434 481 482 434 482 435 435 482 483 435 483 436 436 483 484 436 484 437 437 484 485 
            437 485 438 438 485 486 438 486 439 439 486 487 439 487 440 440 487 488 440 488 441 441 488 489 441 489 442 442 489 490 
            442 490 443 443 490 491 443 491 444 444 491 492 444 492 445 445 492 493 445 493 446 446 493 494 446 494 447 447 494 495 
            447 495 448 448 495 496 448 496 449 449 496 497 449 497 450 450 497 498 450 498 451 451 498 499 451 499 452 452 499 500 
            452 500 453 453 500 501 453 501 454 454 501 502 454 502 455 455 502 503 455 503 456 456 503 504 456 504 457 457 504 505 
            457 505 458 458 505 506 458 506 459 459 506 507 459 507 460 460 507 508 460 508 461 461 508 509 461 509 462 462 509 510 
            462 510 463 463 510 511 463 511 464 464 511 512 464 512 465 465 512 513 465 513 466 466 513 514 466 514 467 467 514 515 
            467 515 468 468 515 516 468 516 469 469 516 517 469 517 470 470 517 518 470 518 471 471 518 519 471 519 472 472 519 520 
            472 520 473 473 520 521 473 521 474 474 521 522 474 522 475 475 522 523 475 523 476 476 523 524 476 524 477 477 524 525 
            477 525 478 478 525 526 478 526 479 479 526 527 479 527 480 480 527 528 480 528 433 433 528 481 481 529 482 482 529 530 
            482 530 483 483 530 531 483 531 484 484 531 532 484 532 485 485 532 533 485 533 486 486 533 534 486 534 487 487 534 535 
            487 535 488 488 535 536 488 536 489 489 536 537 489 537 490 490 537 538 490 538 491 491 538 539 491 539 492 492 539 540 
            492 540 493 493 540 541 493 541 494 494 541 542 494 542 495 495 542 543 495 543 496 496 543 544 496 544 497 497 544 545 
            497 545 498 498 545 546 498 546 499 499 546 547 499 547 500 500 547 548 500 548 501 501 548 549 501 549 502 502 549 550 
            502 550 503 503 550 551 503 551 504 504 551 552 504 552 505 505 552 553 505 553 506 506 553 554 506 554 507 507 554 555 
            507 555 508 508 555 556 508 556 509 509 556 557 509 557 510 510 557 558 510 558 511 511 558 559 511 559 512 512 559 560 
            512 560 513 513 560 561 513 561 514 514 561 562 514 562 515 515 562 563 515 563 516 516 563 564 516 564 517 517 564 565 
            517 565 518 518 565 566 518 566 519 519 566 567 519 567 520 520 567 568 520 568 521 521 568 569 521 569 522 522 569 570 
            522 570 523 523 570 571 523 571 524 524 571 572 524 572 525 525 572 573 525 573 526 526 573 574 526 574 527 527 574 575 
            527 575 528 528 575 576 528 576 481 481 576 529 529 577 530 530 577 578 530 578 531 531 578 579 531 579 532 532 579 580 
            532 580 533 533 580 581 533 581 534 534 581 582 534 582 535 535 582 583 535 583 536 536 583 584 536 584 537 537 584 585 
            537 585 538 538 585 586 538 586 539 539 586 587 539 587 540 540 587 588 540 588 541 541 588 589 541 589 542 542 589 590 
            542 590 543 543 590 591 543 591 544 544 591 592 544 592 545 545 592 593 545 593 546 546 593 594 546 594 547 547 594 595 
            547 595 548 548 595 596 548 596 549 549 596 597 549 597 550 550 597 598 550 598 551 551 598 599 551 599 552 552 599 600 
            552 600 553 553 600 601 553 601 554 554 601 602 554 602 555 555 602 603 555 603 556 556 603 604 556 604 557 557 604 605 
            557 605 558 558 605 606 558 606 559 559 606 607 559 607 560 560 607 608 560 608 561 561 608 609 561 609 562 562 609 610 
            562 610 563 563 610 611 563 611 564 564 611 612 564 612 565 565 612 613 565 613 566 566 613 614 566 614 567 567 614 615 
            567 615 568 568 615 616 568 616 569 569 616 617 569 617 570 570 617 618 570 618 571 571 618 619 571 619 572 572 619 620 
            572 620 573 573 620 621 573 621 574 574 621 622 574 622 575 575 622 623 575 623 576 576 623 624 576 624 529 529 624 577 
            577 625 578 578 625 626 578 626 579 579 626 627 579 627 580 580 627 628 580 628 581 581 628 629 581 629 582 582 629 630 
            582 630 583 583 630 631 583 631 584 584 631 632 584 632 585 585 632 633 585 633 586 586 633 634 586 634 587 587 634 635 
            587 635 588 588 635 636 588 636 589 589 636 637 589 637 590 590 637 638 590 638 591 591 638 639 591 639 592 592 639 640 
            592 640 593 593 640 641 593 641 594 594 641 642 594 642 595 595 642 643 595 643 596 596 643 644 596 644 597 597 644 645 
            597 645 598 598 645 646 598 646 599 599 646 647 599 647 600 600 647 648 600 648 601 601 648 649 601 649 602 602 649 650 
            602 650 603 603 650 651 603 651 604 604 651 652 604 652 605 605 652 653 605 653 606 606 653 654 606 654 607 607 654 655 
            607 655 608 608 655 656 608 656 609 609 656 657 609 657 610 610 657 658 610 658 611 611 658 659 611 659 612 612 659 660 
            612 660 613 613 660 661 613 661 614 614 661 662 614 662 615 615 662 663 615 663 616 616 663 664 616 664 617 617 664 665 
            617 665 618 618 665 666 618 666 619 619 666 667 619 667 620 620 667 668 620 668 621 621 668 669 621 669 622 622 669 670 
            622 670 623 623 670 671 623 671 624 624 671 672 624 672 577 577 672 625 625 673 626 626 673 674 626 674 627 627 674 675 
            627 675 628 628 675 676 628 676 629 629 676 677 629 677 630 630 677 678 630 678 631 631 678 679 631 679 632 632 679 680 
            632 680 633 633 680 681 633 681 634 634 681 682 634 682 635 635 682 683 635 683 636 636 683 684 636 684 637 637 684 685 
            637 685 638 638 685 686 638 686 639 639 686 687 639 687 640 640 687 688 640 688 641 641 688 689 641 689 642 642 689 690 
            642 690 643 643 690 691 643 691 644 644 691 692 644 692 645 645 692 693 645 693 646 646 693 694 646 694 647 647 694 695 
            647 695 648 648 695 696 648 696 649 649 696 697 649 697 650 650 697 698 650 698 651 651 698 699 651 699 652 652 699 700 
            652 700 653 653 700 701 653 701 654 654 701 702 654 702 655 655 702 703 655 703 656 656 703 704 656 704 657 657 704 705 
            657 705 658 658 705 706 658 706 659 659 706 707 659 707 660 660 707 708 660 708 661 661 708 709 661 709 662 662 709 710 
            662 710 663 663 710 711 663 711 664 664 711 712 664 712 665 665 712 713 665 713 666 666 713 714 666 714 667 667 714 715 
            667 715 668 668 715 716 668 716 669 669 716 717 669 717 670 670 717 718 670 718 671 671 718 719 671 719 672 672 719 720 
            672 720 625 625 720 673 673 721 674 674 721 722 674 722 675 675 722 723 675 723 676 676 723 724 676 724 677 677 724 725 
            677 725 678 678 725 726 678 726 679 679 726 727 679 727 680 680 727 728 680 728 681 681 728 729 681 729 682 682 729 730 
            682 730 683 683 730 731 683 731 684 684 731 732 684 732 685 685 732 733 685 733 686 686 733 734 686 734 687 687 734 735 
            687 735 688 688 735 736 688 736 689 689 736 737 689 737 690 690 737 738 690 738 691 691 738 739 691 739 692 692 739 740 
            692 740 693 693 740 741 693 741 694 694 741 742 694 742 695 695 742 743 695 743 696 696 743 744 696 744 697 697 744 745 
            697 745 698 698 745 746 698 746 699 699 746 747 699 747 700 700 747 748 700 748 701 701 748 749 701 749 702 702 749 750 
            702 750 703 703 750 751 703 751 704 704 751 752 704 752 705 705 752 753 705 753 706 706 753 754 706 754 707 707 754 755 
            707 755 708 708 755 756 708 756 709 709 756 757 709 757 710 710 757 758 710 758 711 711 758 759 711 759 712 712 759 760 
            712 760 713 713 760 761 713 761 714 714 761 762 714 762 715 715 762 763 715 763 716 716 763 764 716 764 717 717 764 765 
            717 765 718 718 765 766 718 766 719 719 766 767 719 767 720 720 767 768 720 768 673 673 768 721 721 769 722 722 769 770 
            722 770 723 723 770 771 723 771 724 724 771 772 724 772 725 725 772 773 725 773 726 726 773 774 726 774 727 727 774 775 
            727 775 728 728 775 776 728 776 729 729 776 777 729 777 730 730 777 778 730 778 731 731 778 779 731 779 732 732 779 780 
            732 780 733 733 780 781 733 781 734 734 781 782 734 782 735 735 782 783 735 783 736 736 783 784 736 784 737 737 784 785 
            737 785 738 738 785 786 738 786 739 739 786 787 739 787 740 740 787 788 740 788 741 741 788 789 741 789 742 742 789 790 
            742 790 743 743 790 791 743 791 744 744 791 792 744 792 745 745 792 793 745 793 746 746 793 794 746 794 747 747 794 795 
            747 795 748 748 795 796 748 796 749 749 796 797 749 797 750 750 797 798 750 798 751 751 798 799 751 799 752 752 799 800 
            752 800 753 753 800 801 753 801 754 754 801 802 754 802 755 755 802 803 755 803 756 756 803 804 756 804 757 757 804 805 
            757 805 758 758 805 806 758 806 759 759 806 807 759 807 760 760 807 808 760 808 761 761 808 809 761 809 762 762 809 810 
            762 810 763 763 810 811 763 811 764 764 811 812 764 812 765 765 812 813 765 813 766 766 813 814 766 814 767 767 814 815 
            767 815 768 768 815 816 768 816 721 721 816 769 769 817 770 770 817 818 770 818 771 771 818 819 771 819 772 772 819 820 
            772 820 773 773 820 821 773 821 774 774 821 822 774 822 775 775 822 823 775 823 776 776 823 824 776 824 777 777 824 825 
            777 825 778 778 825 826 778 826 779 779 826 827 779 827 780 780 827 828 780 828 781 781 828 829 781 829 782 782 829 830 
            782 830 783 783 830 831 783 831 784 784 831 832 784 832 785 785 832 833 785 833 786 786 833 834 786 834 787 787 834 835 
            787 835 788 788 835 836 788 836 789 789 836 837 789 837 790 790 837 838 790 838 791 791 838 839 791 839 792 792 839 840 
            792 840 793 793 840 841 793 841 794 794 841 842 794 842 795 795 842 843 795 843 796 796 843 844 796 844 797 797 844 845 
            797 845 798 798 845 846 798 846 799 799 846 847 799 847 800 800 847 848 800 848 801 801 848 849 801 849 802 802 849 850 
            802 850 803 803 850 851 803 851 804 804 851 852 804 852 805 805 852 853 805 853 806 806 853 854 806 854 807 807 854 855 
            807 855 808 808 855 856 808 856 809 809 856 857 809 857 810 810 857 858 810 858 811 811 858 859 811 859 812 812 859 860 
            812 860 813 813 860 861 813 861 814 814 861 862 814 862 815 815 862 863 815 863 816 816 863 864 816 864 769 769 864 817 
            817 865 818 818 865 866 818 866 819 819 866 867 819 867 820 820 867 868 820 868 821 821 868 869 821 869 822 822 869 870 
            822 870 823 823 870 871 823 871 824 824 871 872 824 872 825 825 872 873 825 873 826 826 873 874 826 874 827 827 874 875 
            827 875 828 828 875 876 828 876 829 829 876 877 829 877 830 830 877 878 830 878 831 831 878 879 831 879 832 832 879 880 
            832 880 833 833 880 881 833 881 834 834 881 882 834 882 835 835 882 883 835 883 836 836 883 884 836 884 837 837 884 885 
            837 885 838 838 885 886 838 886 839 839 886 887 839 887 840 840 887 888 840 888 841 841 888 889 841 889 842 842 889 890 
            842 890 843 843 890 891 843 891 844 844 891 892 844 892 845 845 892 893 845 893 846 846 893 894 846 894 847 847 894 895 
            847 895 848 848 895 896 848 896 849 849 896 897 849 897 850 850 897 898 850 898 851 851 898 899 851 899 852 852 899 900 
            852 900 853 853 900 901 853 901 854 854 901 902 854 902 855 855 902 903 855 903 856 856 903 904 856 904 857 857 904 905 
            857 905 858 858 905 906 858 906 859 859 906 907 859 907 860 860 907 908 860 908 861 861 908 909 861 909 862 862 909 910 
            862 910 863 863 910 911 863 911 864 864 911 912 864 912 817 817 912 865 865 913 866 866 913 914 866 914 867 867 914 915 
            867 915 868 868 915 916 868 916 869 869 916 917 869 917 870 870 917 918 870 918 871 871 918 919 871 919 872 872 919 920 
            872 920 873 873 920 921 873 921 874 874 921 922 874 922 875 875 922 923 875 923 876 876 923 924 876 924 877 877 924 925 
            877 925 878 878 925 926 878 926 879 879 926 927 879 927 880 880 927 928 880 928 881 881 928 929 881 929 882 882 929 930 
            882 930 883 883 930 931 883 931 884 884 931 932 884 932 885 885 932 933 885 933 886 886 933 934 886 934 887 887 934 935 
            887 935 888 888 935 936 888 936 889 889 936 937 889 937 890 890 937 938 890 938 891 891 938 939 891 939 892 892 939 940 
            892 940 893 893 940 941 893 941 894 894 941 942 894 942 895 895 942 943 895 943 896 896 943 944 896 944 897 897 944 945 
            897 945 898 898 945 946 898 946 899 899 946 947 899 947 900 900 947 948 900 948 901 901 948 949 901 949 902 902 949 950 
            902 950 903 903 950 951 903 951 904 904 951 952 904 952 905 905 952 953 905 953 906 906 953 954 906 954 907 907 954 955 
            907 955 908 908 955 956 908 956 909 909 956 957 909 957 910 910 957 958 910 958 911 911 958 959 911 959 912 912 959 960 
            912 960 865 865 960 913 913 961 914 914 961 962 914 962 915 915 962 963 915 963 916 916 963 964 916 964 917 917 964 965 
            917 965 918 918 965 966 918 966 919 919 966 967 919 967 920 920 967 968 920 968 921 921 968 969 921 969 922 922 969 970 
            922 970 923 923 970 971 923 971 924 924 971 972 924 972 925 925 972 973 925 973 926 926 973 974 926 974 927 927 974 975 
            927 975 928 928 975 976 928 976 929 929 976 977 929 977 930 930 977 978 930 978 931 931 978 979 931 979 932 932 979 980 
            932 980 933 933 980 981 933 981 934 934 981 982 934 982 935 935 982 983 935 983 936 936 983 984 936 984 937 937 984 985 
            937 985 938 938 985 986 938 986 939 939 986 987 939 987 940 940 987 988 940 988 941 941 988 989 941 989 942 942 989 990 
            942 990 943 943 990 991 943 991 944 944 991 992 944 992 945 945 992 993 945 993 946 946 993 994 946 994 947 947 994 995 
            947 995 948 948 995 996 948 996 949 949 996 997 949 997 950 950 997 998 950 998 951 951 998 999 951 999 952 952 999 1000 
            952 1000 953 953 1000 1001 953 1001 954 954 1001 1002 954 1002 955 955 1002 1003 955 1003 956 956 1003 1004 956 1004 957 957 1004 1005 
            957 1005 958 958 1005 1006 958 1006 959 959 1006 1007 959 1007 960 960 1007 1008 960 1008 913 913 1008 961 961 1009 962 962 1009 1010 
            962 1010 963 963 1010 1011 963 1011 964 964 1011 1012 964 1012 965 965 1012 1013 965 1013 966 966 1013 1014 966 1014 967 967 1014 1015 
            967 1015 968 968 1015 1016 968 1016 969 969 1016 1017 969 1017 970 970 1017 1018 970 1018 971 971 1018 1019 971 1019 972 972 1019 1020 
            972 1020 973 973 1020 1021 973 1021 974 974 1021 1022 974 1022 975 975 1022 1023 975 1023 976 976 1023 1024 976 1024 977 977 1024 1025 
            977 1025 978 978 1025 1026 978 1026 979 979 1026 1027 979 1027 980 980 1027 1028 980 1028 981 981 1028 1029 981 1029 982 982 1029 1030 
            982 1030 983 983 1030 1031 983 1031 984 984 1031 1032 984 1032 985 985 1032 1033 985 1033 986 986 1033 1034 986 1034 987 987 1034 1035 
            987 1035 988 988 1035 1036 988 1036 989 989 1036 1037 989 1037 990 990 1037 1038 990 1038 991 991 1038 1039 991 1039 992 992 1039 1040 
            992 1040 993 993 1040 1041 993 1041 994 994 1041 1042 994 1042 995 995 1042 1043 995 1043 996 996 1043 1044 996 1044 997 997 1044 1045 
            997 1045 998 998 1045 1046 998 1046 999 999 1046 1047 999 1047 1000 1000 1047 1048 1000 1048 1001 1001 1048 1049 1001 1049 1002 1002 1049 1050 
            1002 1050 1003 1003 1050 1051 1003 1051 1004 1004 1051 1052 1004 1052 1005 1005 1052 1053 1005 1053 1006 1006 1053 1054 1006 1054 1007 1007 1054 1055 
            1007 1055 1008 1008 1055 1056 1008 1056 961 961 1056 1009 1009 1057 1010 1010 1057 1058 1010 1058 1011 1011 1058 1059 1011 1059 1012 1012 1059 1060 
            1012 1060 1013 1013 1060 1061 1013 1061 1014 1014 1061 1062 1014 1062 1015 1015 1062 1063 1015 1063 1016 1016 1063 1064 1016 1064 1017 1017 1064 1065 
            1017 1065 1018 1018 1065 1066 1018 1066 1019 1019 1066 1067 1019 1067 1020 1020 1067 1068 1020 1068 1021 1021 1068 1069 1021 1069 1022 1022 1069 1070 
            1022 1070 1023 1023 1070 1071 1023 1071 1024 1024 1071 1072 1024 1072 1025 1025 1072 1073 1025 1073 1026 1026 1073 1074 1026 1074 1027 1027 1074 1075 
            1027 1075 1028 1028 1075 1076 1028 1076 1029 1029 1076 1077 1029 1077 1030 1030 1077 1078 1030 1078 1031 1031 1078 1079 1031 1079 1032 1032 1079 1080 
            1032 1080 1033 1033 1080 1081 1033 1081 1034 1034 1081 1082 1034 1082 1035 1035 1082 1083 1035 1083 1036 1036 1083 1084 1036 1084 1037 1037 1084 1085 
            1037 1085 1038 1038 1085 1086 1038 1086 1039 1039 1086 1087 1039 1087 1040 1040 1087 1088 1040 1088 1041 1041 1088 1089 1041 1089 1042 1042 1089 1090 
            1042 1090 1043 1043 1090 1091 1043 1091 1044 1044 1091 1092 1044 1092 1045 1045 1092 1093 1045 1093 1046 1046 1093 1094 1046 1094 1047 1047 1094 1095 
            1047 1095 1048 1048 1095 1096 1048 1096 1049 1049 1096 1097 1049 1097 1050 1050 1097 1098 1050 1098 1051 1051 1098 1099 1051 1099 1052 1052 1099 1100 
            1052 1100 1053 1053 1100 1101 1053 1101 1054 1054 1101 1102 1054 1102 1055 1055 1102 1103 1055 1103 1056 1056 1103 1104 1056 1104 1009 1009 1104 1057 
            1105 1058 1057 1105 1059 1058 1105 1060 1059 1105 1061 1060 1105 1062 1061 1105 1063 1062 1105 1064 1063 1105 1065 1064 1105 1066 1065 1105 1067 1066 
            1105 1068 1067 1105 1069 1068 1105 1070 1069 1105 1071 1070 1105 1072 1071 1105 1073 1072 1105 1074 1073 1105 1075 1074 1105 1076 1075 1105 1077 1076 
            1105 1078 1077 1105 1079 1078 1105 1080 1079 1105 1081 1080 1105 1082 1081 1105 1083 1082 1105 1084 1083 1105 1085 1084 1105 1086 1085 1105 1087 1086 
            1105 1088 1087 1105 1089 1088 1105 1090 1089 1105 1091 1090 1105 1092 1091 1105 1093 1092 1105 1094 1093 1105 1095 1094 1105 1096 1095 1105 1097 1096 
            1105 1098 1097 1105 1099 1098 1105 1100 1099 1105 1101 1100 1105 1102 1101 1105 1103 1102 1105 1104 1103 1105 1057 1104 
          </p>
        </triangles>
      </mesh>
    </geometry>
  </library_geometries>
  <library_visual_scenes>
    <visual_scene id="Scene" name="Scene">
      <node id="Stone" name="Stone" type="NODE">
        <instance_geometry url="#stone-mesh"/>
      </node>
    </visual_scene>
  </library_visual_scenes>
  <scene>
    <instance_visual_scene url="#Scene"/>
  </scene>
</COLLADA>
