# Go Stone Model
# Converted from STL with planar UV mapping

v -1.246000 0.000000 2.904000
v -1.236180 -0.156165 2.904000
v -0.461000 0.000000 2.934000
v -0.457365 0.057779 2.934000
v -0.457365 -0.057779 2.934000
v -0.446517 -0.114646 2.934000
v -0.403977 -0.222088 2.934000
v -0.428627 -0.169705 2.934000
v -0.372957 -0.270969 2.934000
v -0.336055 -0.315576 2.934000
v -0.293852 -0.355207 2.934000
v -0.247016 -0.389235 2.934000
v -0.196284 -0.417125 2.934000
v -0.142457 -0.438437 2.934000
v -0.086383 -0.452834 2.934000
v -0.028946 -0.460090 2.934000
v 0.028946 -0.460090 2.934000
v 0.086383 -0.452834 2.934000
v 0.142457 -0.438437 2.934000
v 0.196284 -0.417125 2.934000
v 0.247016 -0.389235 2.934000
v 0.293852 -0.355207 2.934000
v 0.336055 -0.315576 2.934000
v 0.372957 -0.270969 2.934000
v 0.403977 -0.222088 2.934000
v 0.428627 -0.169705 2.934000
v 0.446517 -0.114646 2.934000
v 0.457365 -0.057779 2.934000
v 0.461000 0.000000 2.934000
v 0.457365 0.057779 2.934000
v 0.446517 0.114646 2.934000
v 0.428627 0.169705 2.934000
v 0.403977 0.222088 2.934000
v 0.372957 0.270969 2.934000
v 0.336055 0.315576 2.934000
v 0.293852 0.355207 2.934000
v 0.247016 0.389235 2.934000
v 0.196284 0.417125 2.934000
v 0.142457 0.438437 2.934000
v 0.086383 0.452834 2.934000
v 0.028946 0.460090 2.934000
v -0.028946 0.460090 2.934000
v -0.086383 0.452834 2.934000
v -0.142457 0.438437 2.934000
v -0.196284 0.417125 2.934000
v -0.247016 0.389235 2.934000
v -0.293852 0.355207 2.934000
v -0.336055 0.315576 2.934000
v -0.372957 0.270969 2.934000
v -0.403977 0.222088 2.934000
v -0.428627 0.169705 2.934000
v -0.446517 0.114646 2.934000
v -2.012000 0.000000 2.846000
v -1.996130 -0.252170 2.846000
v -1.236180 0.156165 2.904000
v -1.206860 -0.309868 2.904000
v -1.948790 -0.500364 2.846000
v -1.206860 0.309868 2.904000
v -1.158500 0.458683 2.904000
v -1.091880 0.600265 2.904000
v -1.008040 0.732380 2.904000
v -0.908295 0.852946 2.904000
v -0.794230 0.960060 2.904000
v -0.667640 1.052030 2.904000
v -0.530521 1.127420 2.904000
v -0.385035 1.185020 2.904000
v -0.233477 1.223930 2.904000
v -0.078237 1.243540 2.904000
v 0.078237 1.243540 2.904000
v 0.233477 1.223930 2.904000
v 0.385035 1.185020 2.904000
v 0.530521 1.127420 2.904000
v 0.667640 1.052030 2.904000
v 0.794230 0.960060 2.904000
v 0.908295 0.852946 2.904000
v 1.008040 0.732380 2.904000
v 1.091880 0.600265 2.904000
v 1.158500 0.458683 2.904000
v 1.206860 0.309868 2.904000
v 1.236180 0.156165 2.904000
v 1.246000 0.000000 2.904000
v 1.236180 -0.156165 2.904000
v 1.206860 -0.309868 2.904000
v 1.158500 -0.458683 2.904000
v 1.091880 -0.600265 2.904000
v 1.008040 -0.732380 2.904000
v 0.908295 -0.852946 2.904000
v 0.794230 -0.960060 2.904000
v 0.667640 -1.052030 2.904000
v 0.530521 -1.127420 2.904000
v 0.385035 -1.185020 2.904000
v 0.233477 -1.223930 2.904000
v -0.078237 -1.243540 2.904000
v 0.078237 -1.243540 2.904000
v -0.233477 -1.223930 2.904000
v -0.385035 -1.185020 2.904000
v -0.530521 -1.127420 2.904000
v -0.667640 -1.052030 2.904000
v -0.794230 -0.960060 2.904000
v -0.908295 -0.852946 2.904000
v -1.008040 -0.732380 2.904000
v -1.091880 -0.600265 2.904000
v -1.158500 -0.458683 2.904000
v -2.748000 0.000000 2.758000
v -2.726330 -0.344416 2.758000
v -1.996130 0.252170 2.846000
v -2.661670 -0.683400 2.758000
v -1.870710 -0.740667 2.846000
v -2.555030 -1.011610 2.758000
v -1.948790 0.500364 2.846000
v -1.870710 0.740667 2.846000
v -1.763130 0.969288 2.846000
v -1.627740 1.182620 2.846000
v -1.466690 1.377310 2.846000
v -1.282500 1.550270 2.846000
v -1.078080 1.698790 2.846000
v -0.856668 1.820510 2.846000
v -0.621742 1.913530 2.846000
v -0.377011 1.976360 2.846000
v -0.126335 2.008030 2.846000
v 0.126335 2.008030 2.846000
v 0.377011 1.976360 2.846000
v 0.621742 1.913530 2.846000
v 0.856668 1.820510 2.846000
v 1.078080 1.698790 2.846000
v 1.282500 1.550270 2.846000
v 1.466690 1.377310 2.846000
v 1.627740 1.182620 2.846000
v 1.763130 0.969288 2.846000
v 1.870710 0.740667 2.846000
v 1.948790 0.500364 2.846000
v 1.996130 0.252170 2.846000
v 2.012000 0.000000 2.846000
v 1.996130 -0.252170 2.846000
v 1.948790 -0.500364 2.846000
v 1.870710 -0.740667 2.846000
v 1.763130 -0.969288 2.846000
v 1.627740 -1.182620 2.846000
v 1.466690 -1.377310 2.846000
v 1.282500 -1.550270 2.846000
v 1.078080 -1.698790 2.846000
v 0.856668 -1.820510 2.846000
v 0.621742 -1.913530 2.846000
v 0.377011 -1.976360 2.846000
v -0.126335 -2.008030 2.846000
v 0.126335 -2.008030 2.846000
v -0.377011 -1.976360 2.846000
v -0.621742 -1.913530 2.846000
v -0.856668 -1.820510 2.846000
v -1.078080 -1.698790 2.846000
v -1.282500 -1.550270 2.846000
v -1.466690 -1.377310 2.846000
v -1.627740 -1.182620 2.846000
v -1.763130 -0.969288 2.846000
v -2.879000 0.000000 2.741000
v -2.856300 -0.360834 2.741000
v -2.726330 0.344416 2.758000
v -2.788550 -0.715978 2.741000
v -2.676830 -1.059830 2.741000
v -2.408090 -1.323860 2.758000
v -2.522890 -1.386970 2.741000
v -2.661670 0.683400 2.758000
v -2.555030 1.011610 2.758000
v -2.408090 1.323860 2.758000
v -2.223180 1.615230 2.758000
v -2.003210 1.881140 2.758000
v -1.751640 2.117370 2.758000
v -1.472450 2.320210 2.758000
v -1.170040 2.486460 2.758000
v -0.849179 2.613500 2.758000
v -0.514924 2.699320 2.758000
v -0.172548 2.742580 2.758000
v 0.172548 2.742580 2.758000
v 0.514924 2.699320 2.758000
v 0.849179 2.613500 2.758000
v 1.170040 2.486460 2.758000
v 1.472450 2.320210 2.758000
v 1.751640 2.117370 2.758000
v 2.003210 1.881140 2.758000
v 2.223180 1.615230 2.758000
v 2.408090 1.323860 2.758000
v 2.555030 1.011610 2.758000
v 2.661670 0.683400 2.758000
v 2.726330 0.344416 2.758000
v 2.748000 0.000000 2.758000
v 2.726330 -0.344416 2.758000
v 2.661670 -0.683400 2.758000
v 2.555030 -1.011610 2.758000
v 2.408090 -1.323860 2.758000
v 2.223180 -1.615230 2.758000
v 2.003210 -1.881140 2.758000
v 1.751640 -2.117370 2.758000
v 1.472450 -2.320210 2.758000
v 1.170040 -2.486460 2.758000
v 0.849179 -2.613500 2.758000
v 0.514924 -2.699320 2.758000
v -0.172548 -2.742580 2.758000
v 0.172548 -2.742580 2.758000
v -0.514924 -2.699320 2.758000
v -0.849179 -2.613500 2.758000
v -1.170040 -2.486460 2.758000
v -1.472450 -2.320210 2.758000
v -1.751640 -2.117370 2.758000
v -2.003210 -1.881140 2.758000
v -2.223180 -1.615230 2.758000
v -3.572000 0.000000 2.627000
v -3.543830 -0.447690 2.627000
v -2.856300 0.360834 2.741000
v -3.459780 -0.888320 2.627000
v -3.321160 -1.314940 2.627000
v -3.130170 -1.720820 2.627000
v -2.329160 -1.692230 2.741000
v -2.889810 -2.099570 2.627000
v -2.788550 0.715978 2.741000
v -2.676830 1.059830 2.741000
v -2.522890 1.386970 2.741000
v -2.329160 1.692230 2.741000
v -2.098700 1.970810 2.741000
v -1.835140 2.218310 2.741000
v -1.542640 2.430820 2.741000
v -1.225820 2.605000 2.741000
v -0.889660 2.738090 2.741000
v -0.539471 2.828000 2.741000
v -0.180774 2.873320 2.741000
v 0.180774 2.873320 2.741000
v 0.539471 2.828000 2.741000
v 0.889660 2.738090 2.741000
v 1.225820 2.605000 2.741000
v 1.542640 2.430820 2.741000
v 1.835140 2.218310 2.741000
v 2.098700 1.970810 2.741000
v 2.329160 1.692230 2.741000
v 2.522890 1.386970 2.741000
v 2.676830 1.059830 2.741000
v 2.788550 0.715978 2.741000
v 2.856300 0.360834 2.741000
v 2.879000 0.000000 2.741000
v 2.856300 -0.360834 2.741000
v 2.788550 -0.715978 2.741000
v 2.676830 -1.059830 2.741000
v 2.522890 -1.386970 2.741000
v 2.329160 -1.692230 2.741000
v 2.098700 -1.970810 2.741000
v 1.835140 -2.218310 2.741000
v 1.542640 -2.430820 2.741000
v 1.225820 -2.605000 2.741000
v 0.889660 -2.738090 2.741000
v 0.539471 -2.828000 2.741000
v -0.180774 -2.873320 2.741000
v 0.180774 -2.873320 2.741000
v -0.539471 -2.828000 2.741000
v -0.889660 -2.738090 2.741000
v -1.225820 -2.605000 2.741000
v -1.542640 -2.430820 2.741000
v -1.835140 -2.218310 2.741000
v -2.098700 -1.970810 2.741000
v -4.213000 0.000000 2.487000
v -4.179780 -0.528029 2.487000
v -3.543830 0.447690 2.627000
v -4.080640 -1.047730 2.487000
v -3.917150 -1.550910 2.487000
v -3.691880 -2.029630 2.487000
v -3.408390 -2.476340 2.487000
v -2.603880 -2.445200 2.627000
v -3.071150 -2.884000 2.487000
v -3.459780 0.888320 2.627000
v -3.321160 1.314940 2.627000
v -3.130170 1.720820 2.627000
v -2.889810 2.099570 2.627000
v -2.603880 2.445200 2.627000
v -2.276880 2.752270 2.627000
v -1.913970 3.015940 2.627000
v -1.520880 3.232040 2.627000
v -1.103810 3.397170 2.627000
v -0.669326 3.508730 2.627000
v -0.224288 3.564950 2.627000
v 0.224288 3.564950 2.627000
v 0.669326 3.508730 2.627000
v 1.103810 3.397170 2.627000
v 1.520880 3.232040 2.627000
v 1.913970 3.015940 2.627000
v 2.276880 2.752270 2.627000
v 2.603880 2.445200 2.627000
v 2.889810 2.099570 2.627000
v 3.130170 1.720820 2.627000
v 3.321160 1.314940 2.627000
v 3.459780 0.888320 2.627000
v 3.543830 0.447690 2.627000
v 3.572000 0.000000 2.627000
v 3.543830 -0.447690 2.627000
v 3.459780 -0.888320 2.627000
v 3.321160 -1.314940 2.627000
v 3.130170 -1.720820 2.627000
v 2.889810 -2.099570 2.627000
v 2.603880 -2.445200 2.627000
v 2.276880 -2.752270 2.627000
v 1.913970 -3.015940 2.627000
v 1.520880 -3.232040 2.627000
v 1.103810 -3.397170 2.627000
v 0.669326 -3.508730 2.627000
v -0.224288 -3.564950 2.627000
v 0.224288 -3.564950 2.627000
v -0.669326 -3.508730 2.627000
v -1.103810 -3.397170 2.627000
v -1.520880 -3.232040 2.627000
v -1.913970 -3.015940 2.627000
v -2.276880 -2.752270 2.627000
v -4.341000 0.000000 2.455000
v -4.306770 -0.544072 2.455000
v -4.179780 0.528029 2.487000
v -4.204620 -1.079560 2.455000
v -4.036160 -1.598030 2.455000
v -3.804050 -2.091290 2.455000
v -3.511940 -2.551580 2.455000
v -3.164450 -2.971620 2.455000
v -2.685470 -3.246170 2.487000
v -2.767060 -3.344800 2.455000
v -4.080640 1.047730 2.487000
v -3.917150 1.550910 2.487000
v -3.691880 2.029630 2.487000
v -3.408390 2.476340 2.487000
v -3.071150 2.884000 2.487000
v -2.685470 3.246170 2.487000
v -2.257440 3.557150 2.487000
v -1.793810 3.812040 2.487000
v -1.301890 4.006800 2.487000
v -0.789437 4.138380 2.487000
v -0.264536 4.204690 2.487000
v 0.264536 4.204690 2.487000
v 0.789437 4.138380 2.487000
v 1.301890 4.006800 2.487000
v 1.793810 3.812040 2.487000
v 2.257440 3.557150 2.487000
v 2.685470 3.246170 2.487000
v 3.071150 2.884000 2.487000
v 3.408390 2.476340 2.487000
v 3.691880 2.029630 2.487000
v 3.917150 1.550910 2.487000
v 4.080640 1.047730 2.487000
v 4.179780 0.528029 2.487000
v 4.213000 0.000000 2.487000
v 4.179780 -0.528029 2.487000
v 4.080640 -1.047730 2.487000
v 3.917150 -1.550910 2.487000
v 3.691880 -2.029630 2.487000
v 3.408390 -2.476340 2.487000
v 3.071150 -2.884000 2.487000
v 2.685470 -3.246170 2.487000
v 2.257440 -3.557150 2.487000
v 1.793810 -3.812040 2.487000
v 1.301890 -4.006800 2.487000
v 0.789437 -4.138380 2.487000
v -0.264536 -4.204690 2.487000
v 0.264536 -4.204690 2.487000
v -0.789437 -4.138380 2.487000
v -1.301890 -4.006800 2.487000
v -1.793810 -3.812040 2.487000
v -2.257440 -3.557150 2.487000
v -4.917000 0.000000 2.293000
v -4.878230 -0.616264 2.293000
v -4.306770 0.544072 2.455000
v -4.762520 -1.222810 2.293000
v -4.571710 -1.810070 2.293000
v -4.308800 -2.368780 2.293000
v -3.977940 -2.890140 2.293000
v -3.584340 -3.365920 2.293000
v -3.134210 -3.788610 2.293000
v -2.326020 -3.665230 2.455000
v -2.634660 -4.151560 2.293000
v -4.204620 1.079560 2.455000
v -4.036160 1.598030 2.455000
v -3.804050 2.091290 2.455000
v -3.511940 2.551580 2.455000
v -3.164450 2.971620 2.455000
v -2.767060 3.344800 2.455000
v -2.326020 3.665230 2.455000
v -1.848310 3.927850 2.455000
v -1.341440 4.128540 2.455000
v -0.813422 4.264110 2.455000
v -0.272574 4.332430 2.455000
v 0.272574 4.332430 2.455000
v 0.813422 4.264110 2.455000
v 1.341440 4.128540 2.455000
v 1.848310 3.927850 2.455000
v 2.326020 3.665230 2.455000
v 2.767060 3.344800 2.455000
v 3.164450 2.971620 2.455000
v 3.511940 2.551580 2.455000
v 3.804050 2.091290 2.455000
v 4.036160 1.598030 2.455000
v 4.204620 1.079560 2.455000
v 4.306770 0.544072 2.455000
v 4.341000 0.000000 2.455000
v 4.306770 -0.544072 2.455000
v 4.204620 -1.079560 2.455000
v 4.036160 -1.598030 2.455000
v 3.804050 -2.091290 2.455000
v 3.511940 -2.551580 2.455000
v 3.164450 -2.971620 2.455000
v 2.767060 -3.344800 2.455000
v 2.326020 -3.665230 2.455000
v 1.848310 -3.927850 2.455000
v 1.341440 -4.128540 2.455000
v 0.813422 -4.264110 2.455000
v -0.272574 -4.332430 2.455000
v 0.272574 -4.332430 2.455000
v -0.813422 -4.264110 2.455000
v -1.341440 -4.128540 2.455000
v -1.848310 -3.927850 2.455000
v -5.422000 0.000000 2.110000
v -5.379250 -0.679557 2.110000
v -4.878230 0.616264 2.293000
v -5.251660 -1.348400 2.110000
v -5.041250 -1.995970 2.110000
v -4.751340 -2.612070 2.110000
v -4.386490 -3.186970 2.110000
v -3.952470 -3.711610 2.110000
v -3.456110 -4.177720 2.110000
v -2.905250 -4.577950 2.110000
v -2.093560 -4.449030 2.293000
v -2.308570 -4.905970 2.110000
v -4.762520 1.222810 2.293000
v -4.571710 1.810070 2.293000
v -4.308800 2.368780 2.293000
v -3.977940 2.890140 2.293000
v -3.584340 3.365920 2.293000
v -3.134210 3.788610 2.293000
v -2.634660 4.151560 2.293000
v -2.093560 4.449030 2.293000
v -1.519440 4.676340 2.293000
v -0.921354 4.829910 2.293000
v -0.308741 4.907300 2.293000
v 0.308741 4.907300 2.293000
v 0.921354 4.829910 2.293000
v 1.519440 4.676340 2.293000
v 2.093560 4.449030 2.293000
v 2.634660 4.151560 2.293000
v 3.134210 3.788610 2.293000
v 3.584340 3.365920 2.293000
v 3.977940 2.890140 2.293000
v 4.308800 2.368780 2.293000
v 4.571710 1.810070 2.293000
v 4.762520 1.222810 2.293000
v 4.878230 0.616264 2.293000
v 4.917000 0.000000 2.293000
v 4.878230 -0.616264 2.293000
v 4.762520 -1.222810 2.293000
v 4.571710 -1.810070 2.293000
v 4.308800 -2.368780 2.293000
v 3.977940 -2.890140 2.293000
v 3.584340 -3.365920 2.293000
v 3.134210 -3.788610 2.293000
v 2.634660 -4.151560 2.293000
v 2.093560 -4.449030 2.293000
v 1.519440 -4.676340 2.293000
v 0.921354 -4.829910 2.293000
v -0.308741 -4.907300 2.293000
v 0.308741 -4.907300 2.293000
v -0.921354 -4.829910 2.293000
v -1.519440 -4.676340 2.293000
v -5.544000 0.000000 2.061000
v -5.500280 -0.694847 2.061000
v -5.379250 0.679557 2.110000
v -5.369820 -1.378740 2.061000
v -5.154680 -2.040880 2.061000
v -4.858240 -2.670840 2.061000
v -4.485190 -3.258680 2.061000
v -4.041400 -3.795130 2.061000
v -3.533880 -4.271720 2.061000
v -2.970620 -4.680950 2.061000
v -2.360520 -5.016360 2.061000
v -1.675490 -5.156630 2.110000
v -1.713190 -5.272660 2.061000
v -5.251660 1.348400 2.110000
v -5.041250 1.995970 2.110000
v -4.751340 2.612070 2.110000
v -4.386490 3.186970 2.110000
v -3.952470 3.711610 2.110000
v -3.456110 4.177720 2.110000
v -2.905250 4.577950 2.110000
v -2.308570 4.905970 2.110000
v -1.675490 5.156630 2.110000
v -1.015980 5.325960 2.110000
v -0.340450 5.411300 2.110000
v 0.340450 5.411300 2.110000
v 1.015980 5.325960 2.110000
v 1.675490 5.156630 2.110000
v 2.308570 4.905970 2.110000
v 2.905250 4.577950 2.110000
v 3.456110 4.177720 2.110000
v 3.952470 3.711610 2.110000
v 4.386490 3.186970 2.110000
v 4.751340 2.612070 2.110000
v 5.041250 1.995970 2.110000
v 5.251660 1.348400 2.110000
v 5.379250 0.679557 2.110000
v 5.422000 0.000000 2.110000
v 5.379250 -0.679557 2.110000
v 5.251660 -1.348400 2.110000
v 5.041250 -1.995970 2.110000
v 4.751340 -2.612070 2.110000
v 4.386490 -3.186970 2.110000
v 3.952470 -3.711610 2.110000
v 3.456110 -4.177720 2.110000
v 2.905250 -4.577950 2.110000
v 2.308570 -4.905970 2.110000
v 1.675490 -5.156630 2.110000
v 1.015980 -5.325960 2.110000
v -0.340450 -5.411300 2.110000
v 0.340450 -5.411300 2.110000
v -1.015980 -5.325960 2.110000
v -5.968000 0.000000 1.861000
v -5.920940 -0.747989 1.861000
v -5.500280 0.694847 2.061000
v -5.780500 -1.484180 1.861000
v -5.548910 -2.196970 1.861000
v -5.229800 -2.875110 1.861000
v -4.828210 -3.507900 1.861000
v -4.350480 -4.085380 1.861000
v -3.804150 -4.598420 1.861000
v -3.197810 -5.038950 1.861000
v -2.541050 -5.400010 1.861000
v -1.844210 -5.675900 1.861000
v -1.038840 -5.445800 2.061000
v -1.118290 -5.862290 1.861000
v -5.369820 1.378740 2.061000
v -5.154680 2.040880 2.061000
v -4.858240 2.670840 2.061000
v -4.485190 3.258680 2.061000
v -4.041400 3.795130 2.061000
v -3.533880 4.271720 2.061000
v -2.970620 4.680950 2.061000
v -2.360520 5.016360 2.061000
v -1.713190 5.272660 2.061000
v -1.038840 5.445800 2.061000
v -0.348111 5.533060 2.061000
v 0.348111 5.533060 2.061000
v 1.038840 5.445800 2.061000
v 1.713190 5.272660 2.061000
v 2.360520 5.016360 2.061000
v 2.970620 4.680950 2.061000
v 3.533880 4.271720 2.061000
v 4.041400 3.795130 2.061000
v 4.485190 3.258680 2.061000
v 4.858240 2.670840 2.061000
v 5.154680 2.040880 2.061000
v 5.369820 1.378740 2.061000
v 5.500280 0.694847 2.061000
v 5.544000 0.000000 2.061000
v 5.500280 -0.694847 2.061000
v 5.369820 -1.378740 2.061000
v 5.154680 -2.040880 2.061000
v 4.858240 -2.670840 2.061000
v 4.485190 -3.258680 2.061000
v 4.041400 -3.795130 2.061000
v 3.533880 -4.271720 2.061000
v 2.970620 -4.680950 2.061000
v 2.360520 -5.016360 2.061000
v 1.713190 -5.272660 2.061000
v 1.038840 -5.445800 2.061000
v -0.348111 -5.533060 2.061000
v 0.348111 -5.533060 2.061000
v -6.084000 0.000000 1.797000
v -6.036030 -0.762527 1.797000
v -5.920940 0.747989 1.861000
v -5.892860 -1.513030 1.797000
v -5.656760 -2.239670 1.797000
v -5.331450 -2.930990 1.797000
v -4.922060 -3.576080 1.797000
v -4.435040 -4.164790 1.797000
v -3.878090 -4.687800 1.797000
v -3.259970 -5.136890 1.797000
v -2.590440 -5.504970 1.797000
v -1.880060 -5.786230 1.797000
v -1.140030 -5.976240 1.797000
v -0.374734 -5.956220 1.861000
v -0.382018 -6.071990 1.797000
v -5.780500 1.484180 1.861000
v -5.548910 2.196970 1.861000
v -5.229800 2.875110 1.861000
v -4.828210 3.507900 1.861000
v -4.350480 4.085380 1.861000
v -3.804150 4.598420 1.861000
v -3.197810 5.038950 1.861000
v -2.541050 5.400010 1.861000
v -1.844210 5.675900 1.861000
v -1.118290 5.862290 1.861000
v -0.374734 5.956220 1.861000
v 0.374734 5.956220 1.861000
v 1.118290 5.862290 1.861000
v 1.844210 5.675900 1.861000
v 2.541050 5.400010 1.861000
v 3.197810 5.038950 1.861000
v 3.804150 4.598420 1.861000
v 4.350480 4.085380 1.861000
v 4.828210 3.507900 1.861000
v 5.229800 2.875110 1.861000
v 5.548910 2.196970 1.861000
v 5.780500 1.484180 1.861000
v 5.920940 0.747989 1.861000
v 5.968000 0.000000 1.861000
v 5.920940 -0.747989 1.861000
v 5.780500 -1.484180 1.861000
v 5.548910 -2.196970 1.861000
v 5.229800 -2.875110 1.861000
v 4.828210 -3.507900 1.861000
v 4.350480 -4.085380 1.861000
v 3.804150 -4.598420 1.861000
v 3.197810 -5.038950 1.861000
v 2.541050 -5.400010 1.861000
v 1.844210 -5.675900 1.861000
v 1.118290 -5.862290 1.861000
v 0.374734 -5.956220 1.861000
v -6.420000 0.000000 1.582000
v -6.369380 -0.804639 1.582000
v -6.036030 0.762527 1.797000
v -6.218300 -1.596590 1.582000
v -5.969160 -2.363360 1.582000
v -5.625890 -3.092860 1.582000
v -5.193890 -3.773580 1.582000
v -4.679980 -4.394790 1.582000
v -4.092260 -4.946700 1.582000
v -3.440010 -5.420580 1.582000
v -2.733500 -5.808990 1.582000
v -1.983890 -6.105780 1.582000
v -1.202990 -6.306280 1.582000
v -0.403115 -6.407330 1.582000
v 0.382018 -6.071990 1.797000
v 0.403115 -6.407330 1.582000
v -5.892860 1.513030 1.797000
v -5.656760 2.239670 1.797000
v -5.331450 2.930990 1.797000
v -4.922060 3.576080 1.797000
v -4.435040 4.164790 1.797000
v -3.878090 4.687800 1.797000
v -3.259970 5.136890 1.797000
v -2.590440 5.504970 1.797000
v -1.880060 5.786230 1.797000
v -1.140030 5.976240 1.797000
v -0.382018 6.071990 1.797000
v 0.382018 6.071990 1.797000
v 1.140030 5.976240 1.797000
v 1.880060 5.786230 1.797000
v 2.590440 5.504970 1.797000
v 3.259970 5.136890 1.797000
v 3.878090 4.687800 1.797000
v 4.435040 4.164790 1.797000
v 4.922060 3.576080 1.797000
v 5.331450 2.930990 1.797000
v 5.656760 2.239670 1.797000
v 5.892860 1.513030 1.797000
v 6.036030 0.762527 1.797000
v 6.084000 0.000000 1.797000
v 6.036030 -0.762527 1.797000
v 5.892860 -1.513030 1.797000
v 5.656760 -2.239670 1.797000
v 5.331450 -2.930990 1.797000
v 4.922060 -3.576080 1.797000
v 4.435040 -4.164790 1.797000
v 3.878090 -4.687800 1.797000
v 3.259970 -5.136890 1.797000
v 2.590440 -5.504970 1.797000
v 1.880060 -5.786230 1.797000
v 1.140030 -5.976240 1.797000
v -6.527000 0.000000 1.505000
v -6.475530 -0.818050 1.505000
v -6.369380 0.804639 1.582000
v -6.321940 -1.623200 1.505000
v -6.068650 -2.402750 1.505000
v -5.719650 -3.144410 1.505000
v -5.280450 -3.836470 1.505000
v -4.757980 -4.468040 1.505000
v -4.160470 -5.029140 1.505000
v -3.497340 -5.510930 1.505000
v -2.779060 -5.905810 1.505000
v -2.016950 -6.207550 1.505000
v -1.223040 -6.411390 1.505000
v -0.409834 -6.514120 1.505000
v 0.409834 -6.514120 1.505000
v 1.202990 -6.306280 1.582000
v 1.223040 -6.411390 1.505000
v -6.218300 1.596590 1.582000
v -5.969160 2.363360 1.582000
v -5.625890 3.092860 1.582000
v -5.193890 3.773580 1.582000
v -4.679980 4.394790 1.582000
v -4.092260 4.946700 1.582000
v -3.440010 5.420580 1.582000
v -2.733500 5.808990 1.582000
v -1.983890 6.105780 1.582000
v -1.202990 6.306280 1.582000
v -0.403115 6.407330 1.582000
v 0.403115 6.407330 1.582000
v 1.202990 6.306280 1.582000
v 1.983890 6.105780 1.582000
v 2.733500 5.808990 1.582000
v 3.440010 5.420580 1.582000
v 4.092260 4.946700 1.582000
v 4.679980 4.394790 1.582000
v 5.193890 3.773580 1.582000
v 5.625890 3.092860 1.582000
v 5.969160 2.363360 1.582000
v 6.218300 1.596590 1.582000
v 6.369380 0.804639 1.582000
v 6.420000 0.000000 1.582000
v 6.369380 -0.804639 1.582000
v 6.218300 -1.596590 1.582000
v 5.969160 -2.363360 1.582000
v 5.625890 -3.092860 1.582000
v 5.193890 -3.773580 1.582000
v 4.679980 -4.394790 1.582000
v 4.092260 -4.946700 1.582000
v 3.440010 -5.420580 1.582000
v 2.733500 -5.808990 1.582000
v 1.983890 -6.105780 1.582000
v -6.771000 0.000000 1.279000
v -6.717610 -0.848631 1.279000
v -6.475530 0.818050 1.505000
v -6.558280 -1.683880 1.279000
v -6.295520 -2.492570 1.279000
v -5.933470 -3.261950 1.279000
v -5.477850 -3.979890 1.279000
v -4.935850 -4.635070 1.279000
v -4.316000 -5.217140 1.279000
v -3.628080 -5.716940 1.279000
v -2.882950 -6.126580 1.279000
v -2.092350 -6.439600 1.279000
v -1.268760 -6.651070 1.279000
v -0.425155 -6.757640 1.279000
v 0.425155 -6.757640 1.279000
v 1.268760 -6.651070 1.279000
v 2.016950 -6.207550 1.505000
v 2.092350 -6.439600 1.279000
v -6.321940 1.623200 1.505000
v -6.068650 2.402750 1.505000
v -5.719650 3.144410 1.505000
v -5.280450 3.836470 1.505000
v -4.757980 4.468040 1.505000
v -4.160470 5.029140 1.505000
v -3.497340 5.510930 1.505000
v -2.779060 5.905810 1.505000
v -2.016950 6.207550 1.505000
v -1.223040 6.411390 1.505000
v -0.409834 6.514120 1.505000
v 0.409834 6.514120 1.505000
v 1.223040 6.411390 1.505000
v 2.016950 6.207550 1.505000
v 2.779060 5.905810 1.505000
v 3.497340 5.510930 1.505000
v 4.160470 5.029140 1.505000
v 4.757980 4.468040 1.505000
v 5.280450 3.836470 1.505000
v 5.719650 3.144410 1.505000
v 6.068650 2.402750 1.505000
v 6.321940 1.623200 1.505000
v 6.475530 0.818050 1.505000
v 6.527000 0.000000 1.505000
v 6.475530 -0.818050 1.505000
v 6.321940 -1.623200 1.505000
v 6.068650 -2.402750 1.505000
v 5.719650 -3.144410 1.505000
v 5.280450 -3.836470 1.505000
v 4.757980 -4.468040 1.505000
v 4.160470 -5.029140 1.505000
v 3.497340 -5.510930 1.505000
v 2.779060 -5.905810 1.505000
v -6.867000 0.000000 1.189000
v -6.812850 -0.860663 1.189000
v -6.717610 0.848631 1.279000
v -6.651260 -1.707750 1.189000
v -6.384770 -2.527910 1.189000
v -6.017600 -3.308200 1.189000
v -5.555520 -4.036320 1.189000
v -5.005830 -4.700780 1.189000
v -4.377190 -5.291110 1.189000
v -3.679520 -5.798000 1.189000
v -2.923830 -6.213450 1.189000
v -2.122020 -6.530900 1.189000
v -1.286750 -6.745370 1.189000
v -0.431182 -6.853450 1.189000
v 0.431182 -6.853450 1.189000
v 1.286750 -6.745370 1.189000
v 2.122020 -6.530900 1.189000
v 2.882950 -6.126580 1.279000
v 2.923830 -6.213450 1.189000
v -6.558280 1.683880 1.279000
v -6.295520 2.492570 1.279000
v -5.933470 3.261950 1.279000
v -5.477850 3.979890 1.279000
v -4.935850 4.635070 1.279000
v -4.316000 5.217140 1.279000
v -3.628080 5.716940 1.279000
v -2.882950 6.126580 1.279000
v -2.092350 6.439600 1.279000
v -1.268760 6.651070 1.279000
v -0.425155 6.757640 1.279000
v 0.425155 6.757640 1.279000
v 1.268760 6.651070 1.279000
v 2.092350 6.439600 1.279000
v 2.882950 6.126580 1.279000
v 3.628080 5.716940 1.279000
v 4.316000 5.217140 1.279000
v 4.935850 4.635070 1.279000
v 5.477850 3.979890 1.279000
v 5.933470 3.261950 1.279000
v 6.295520 2.492570 1.279000
v 6.558280 1.683880 1.279000
v 6.717610 0.848631 1.279000
v 6.771000 0.000000 1.279000
v 6.717610 -0.848631 1.279000
v 6.558280 -1.683880 1.279000
v 6.295520 -2.492570 1.279000
v 5.933470 -3.261950 1.279000
v 5.477850 -3.979890 1.279000
v 4.935850 -4.635070 1.279000
v 4.316000 -5.217140 1.279000
v 3.628080 -5.716940 1.279000
v -6.952000 0.000000 1.087000
v -6.897180 -0.871317 1.087000
v -6.812850 0.860663 1.189000
v -6.733590 -1.728890 1.087000
v -6.463810 -2.559200 1.087000
v -6.092080 -3.349150 1.087000
v -5.624290 -4.086280 1.087000
v -5.067790 -4.758970 1.087000
v -4.431370 -5.356610 1.087000
v -3.725070 -5.869770 1.087000
v -2.960020 -6.290360 1.087000
v -2.148290 -6.611740 1.087000
v -1.302680 -6.828860 1.087000
v -0.436520 -6.938280 1.087000
v 0.436520 -6.938280 1.087000
v 1.302680 -6.828860 1.087000
v 2.148290 -6.611740 1.087000
v 2.960020 -6.290360 1.087000
v 3.679520 -5.798000 1.189000
v 3.725070 -5.869770 1.087000
v -6.651260 1.707750 1.189000
v -6.384770 2.527910 1.189000
v -6.017600 3.308200 1.189000
v -5.555520 4.036320 1.189000
v -5.005830 4.700780 1.189000
v -4.377190 5.291110 1.189000
v -3.679520 5.798000 1.189000
v -2.923830 6.213450 1.189000
v -2.122020 6.530900 1.189000
v -1.286750 6.745370 1.189000
v -0.431182 6.853450 1.189000
v 0.431182 6.853450 1.189000
v 1.286750 6.745370 1.189000
v 2.122020 6.530900 1.189000
v 2.923830 6.213450 1.189000
v 3.679520 5.798000 1.189000
v 4.377190 5.291110 1.189000
v 5.005830 4.700780 1.189000
v 5.555520 4.036320 1.189000
v 6.017600 3.308200 1.189000
v 6.384770 2.527910 1.189000
v 6.651260 1.707750 1.189000
v 6.812850 0.860663 1.189000
v 6.867000 0.000000 1.189000
v 6.812850 -0.860663 1.189000
v 6.651260 -1.707750 1.189000
v 6.384770 -2.527910 1.189000
v 6.017600 -3.308200 1.189000
v 5.555520 -4.036320 1.189000
v 5.005830 -4.700780 1.189000
v 4.377190 -5.291110 1.189000
v -7.100000 0.000000 0.854000
v -7.044010 -0.889866 0.854000
v -6.897180 0.871317 1.087000
v -6.876940 -1.765700 0.854000
v -6.601410 -2.613680 0.854000
v -6.221780 -3.420450 0.854000
v -5.744020 -4.173270 0.854000
v -5.175680 -4.860280 0.854000
v -4.525710 -5.470640 0.854000
v -3.804370 -5.994730 0.854000
v -3.023030 -6.424270 0.854000
v -2.194020 -6.752500 0.854000
v -1.330410 -6.974240 0.854000
v -0.445813 -7.085990 0.854000
v 0.445813 -7.085990 0.854000
v 1.330410 -6.974240 0.854000
v 2.194020 -6.752500 0.854000
v 3.023030 -6.424270 0.854000
v 3.804370 -5.994730 0.854000
v 4.431370 -5.356610 1.087000
v 4.525710 -5.470640 0.854000
v -6.733590 1.728890 1.087000
v -6.463810 2.559200 1.087000
v -6.092080 3.349150 1.087000
v -5.624290 4.086280 1.087000
v -5.067790 4.758970 1.087000
v -4.431370 5.356610 1.087000
v -3.725070 5.869770 1.087000
v -2.960020 6.290360 1.087000
v -2.148290 6.611740 1.087000
v -1.302680 6.828860 1.087000
v -0.436520 6.938280 1.087000
v 0.436520 6.938280 1.087000
v 1.302680 6.828860 1.087000
v 2.148290 6.611740 1.087000
v 2.960020 6.290360 1.087000
v 3.725070 5.869770 1.087000
v 4.431370 5.356610 1.087000
v 5.067790 4.758970 1.087000
v 5.624290 4.086280 1.087000
v 6.092080 3.349150 1.087000
v 6.463810 2.559200 1.087000
v 6.733590 1.728890 1.087000
v 6.897180 0.871317 1.087000
v 6.952000 0.000000 1.087000
v 6.897180 -0.871317 1.087000
v 6.733590 -1.728890 1.087000
v 6.463810 -2.559200 1.087000
v 6.092080 -3.349150 1.087000
v 5.624290 -4.086280 1.087000
v 5.067790 -4.758970 1.087000
v -7.170000 0.000000 0.743000
v -7.113460 -0.898639 0.743000
v -7.044010 0.889866 0.854000
v -6.944740 -1.783110 0.743000
v -6.666500 -2.639450 0.743000
v -6.283120 -3.454170 0.743000
v -5.800650 -4.214420 0.743000
v -5.226700 -4.908200 0.743000
v -4.570330 -5.524580 0.743000
v -3.841880 -6.053830 0.743000
v -3.052840 -6.487610 0.743000
v -2.215650 -6.819070 0.743000
v -1.343520 -7.043000 0.743000
v -0.450208 -7.155850 0.743000
v 0.450208 -7.155850 0.743000
v 1.343520 -7.043000 0.743000
v 2.215650 -6.819070 0.743000
v 3.052840 -6.487610 0.743000
v 3.841880 -6.053830 0.743000
v 4.570330 -5.524580 0.743000
v 5.175680 -4.860280 0.854000
v 5.226700 -4.908200 0.743000
v -6.876940 1.765700 0.854000
v -6.601410 2.613680 0.854000
v -6.221780 3.420450 0.854000
v -5.744020 4.173270 0.854000
v -5.175680 4.860280 0.854000
v -4.525710 5.470640 0.854000
v -3.804370 5.994730 0.854000
v -3.023030 6.424270 0.854000
v -2.194020 6.752500 0.854000
v -1.330410 6.974240 0.854000
v -0.445813 7.085990 0.854000
v 0.445813 7.085990 0.854000
v 1.330410 6.974240 0.854000
v 2.194020 6.752500 0.854000
v 3.023030 6.424270 0.854000
v 3.804370 5.994730 0.854000
v 4.525710 5.470640 0.854000
v 5.175680 4.860280 0.854000
v 5.744020 4.173270 0.854000
v 6.221780 3.420450 0.854000
v 6.601410 2.613680 0.854000
v 6.876940 1.765700 0.854000
v 7.044010 0.889866 0.854000
v 7.100000 0.000000 0.854000
v 7.044010 -0.889866 0.854000
v 6.876940 -1.765700 0.854000
v 6.601410 -2.613680 0.854000
v 6.221780 -3.420450 0.854000
v 5.744020 -4.173270 0.854000
v -7.227000 0.000000 0.623000
v -7.170010 -0.905783 0.623000
v -7.113460 0.898639 0.743000
v -6.999950 -1.797280 0.623000
v -6.719490 -2.660440 0.623000
v -6.333070 -3.481630 0.623000
v -5.846770 -4.247920 0.623000
v -5.268260 -4.947220 0.623000
v -4.606660 -5.568500 0.623000
v -3.872420 -6.101960 0.623000
v -3.077110 -6.539180 0.623000
v -2.233270 -6.873290 0.623000
v -1.354200 -7.098990 0.623000
v -0.453787 -7.212740 0.623000
v 0.453787 -7.212740 0.623000
v 1.354200 -7.098990 0.623000
v 2.233270 -6.873290 0.623000
v 3.077110 -6.539180 0.623000
v 3.872420 -6.101960 0.623000
v 4.606660 -5.568500 0.623000
v 5.268260 -4.947220 0.623000
v 5.800650 -4.214420 0.743000
v 5.846770 -4.247920 0.623000
v -6.944740 1.783110 0.743000
v -6.666500 2.639450 0.743000
v -6.283120 3.454170 0.743000
v -5.800650 4.214420 0.743000
v -5.226700 4.908200 0.743000
v -4.570330 5.524580 0.743000
v -3.841880 6.053830 0.743000
v -3.052840 6.487610 0.743000
v -2.215650 6.819070 0.743000
v -1.343520 7.043000 0.743000
v -0.450208 7.155850 0.743000
v 0.450208 7.155850 0.743000
v 1.343520 7.043000 0.743000
v 2.215650 6.819070 0.743000
v 3.052840 6.487610 0.743000
v 3.841880 6.053830 0.743000
v 4.570330 5.524580 0.743000
v 5.226700 4.908200 0.743000
v 5.800650 4.214420 0.743000
v 6.283120 3.454170 0.743000
v 6.666500 2.639450 0.743000
v 6.944740 1.783110 0.743000
v 7.113460 0.898639 0.743000
v 7.170000 0.000000 0.743000
v 7.113460 -0.898639 0.743000
v 6.944740 -1.783110 0.743000
v 6.666500 -2.639450 0.743000
v 6.283120 -3.454170 0.743000
v -7.267000 0.000000 0.498000
v -7.209700 -0.910797 0.498000
v -7.170010 0.905783 0.623000
v -7.038690 -1.807230 0.498000
v -6.756690 -2.675160 0.498000
v -6.368120 -3.500900 0.498000
v -5.879130 -4.271430 0.498000
v -5.297410 -4.974600 0.498000
v -4.632160 -5.599320 0.498000
v -3.893850 -6.135730 0.498000
v -3.094140 -6.575380 0.498000
v -2.245630 -6.911330 0.498000
v -1.361700 -7.138280 0.498000
v -0.456299 -7.252660 0.498000
v 0.456299 -7.252660 0.498000
v 1.361700 -7.138280 0.498000
v 2.245630 -6.911330 0.498000
v 3.094140 -6.575380 0.498000
v 3.893850 -6.135730 0.498000
v 4.632160 -5.599320 0.498000
v 5.297410 -4.974600 0.498000
v 5.879130 -4.271430 0.498000
v 6.333070 -3.481630 0.623000
v 6.368120 -3.500900 0.498000
v -6.999950 1.797280 0.623000
v -6.719490 2.660440 0.623000
v -6.333070 3.481630 0.623000
v -5.846770 4.247920 0.623000
v -5.268260 4.947220 0.623000
v -4.606660 5.568500 0.623000
v -3.872420 6.101960 0.623000
v -3.077110 6.539180 0.623000
v -2.233270 6.873290 0.623000
v -1.354200 7.098990 0.623000
v -0.453787 7.212740 0.623000
v 0.453787 7.212740 0.623000
v 1.354200 7.098990 0.623000
v 2.233270 6.873290 0.623000
v 3.077110 6.539180 0.623000
v 3.872420 6.101960 0.623000
v 4.606660 5.568500 0.623000
v 5.268260 4.947220 0.623000
v 5.846770 4.247920 0.623000
v 6.333070 3.481630 0.623000
v 6.719490 2.660440 0.623000
v 6.999950 1.797280 0.623000
v 7.170010 0.905783 0.623000
v 7.227000 0.000000 0.623000
v 7.170010 -0.905783 0.623000
v 6.999950 -1.797280 0.623000
v 6.719490 -2.660440 0.623000
v -7.317000 0.000000 0.261000
v -7.259300 -0.917063 0.261000
v -7.209700 0.910797 0.498000
v -7.087120 -1.819660 0.261000
v -6.803170 -2.693570 0.261000
v -6.411940 -3.524990 0.261000
v -5.919580 -4.300820 0.261000
v -5.333860 -5.008830 0.261000
v -4.664030 -5.637840 0.261000
v -3.920640 -6.177950 0.261000
v -3.115430 -6.620620 0.261000
v -2.261080 -6.958880 0.261000
v -1.371070 -7.187400 0.261000
v -0.459438 -7.302560 0.261000
v 0.459438 -7.302560 0.261000
v 1.371070 -7.187400 0.261000
v 2.261080 -6.958880 0.261000
v 3.115430 -6.620620 0.261000
v 3.920640 -6.177950 0.261000
v 4.664030 -5.637840 0.261000
v 5.333860 -5.008830 0.261000
v 5.919580 -4.300820 0.261000
v 6.411940 -3.524990 0.261000
v 6.756690 -2.675160 0.498000
v 6.803170 -2.693570 0.261000
v -7.038690 1.807230 0.498000
v -6.756690 2.675160 0.498000
v -6.368120 3.500900 0.498000
v -5.879130 4.271430 0.498000
v -5.297410 4.974600 0.498000
v -4.632160 5.599320 0.498000
v -3.893850 6.135730 0.498000
v -3.094140 6.575380 0.498000
v -2.245630 6.911330 0.498000
v -1.361700 7.138280 0.498000
v -0.456299 7.252660 0.498000
v 0.456299 7.252660 0.498000
v 1.361700 7.138280 0.498000
v 2.245630 6.911330 0.498000
v 3.094140 6.575380 0.498000
v 3.893850 6.135730 0.498000
v 4.632160 5.599320 0.498000
v 5.297410 4.974600 0.498000
v 5.879130 4.271430 0.498000
v 6.368120 3.500900 0.498000
v 6.756690 2.675160 0.498000
v 7.038690 1.807230 0.498000
v 7.209700 0.910797 0.498000
v 7.267000 0.000000 0.498000
v 7.209700 -0.910797 0.498000
v 7.038690 -1.807230 0.498000
v -7.342000 0.000000 0.132000
v -7.284110 -0.920197 0.132000
v -7.259300 0.917063 0.261000
v -7.111340 -1.825880 0.132000
v -6.826420 -2.702770 0.132000
v -6.433840 -3.537030 0.132000
v -5.939800 -4.315520 0.132000
v -5.352090 -5.025950 0.132000
v -4.679970 -5.657110 0.132000
v -3.934040 -6.199060 0.132000
v -3.126070 -6.643240 0.132000
v -2.268800 -6.982660 0.132000
v -1.375750 -7.211950 0.132000
v -0.461008 -7.327510 0.132000
v 0.461008 -7.327510 0.132000
v 1.375750 -7.211950 0.132000
v 2.268800 -6.982660 0.132000
v 3.126070 -6.643240 0.132000
v 3.934040 -6.199060 0.132000
v 4.679970 -5.657110 0.132000
v 5.352090 -5.025950 0.132000
v 5.939800 -4.315520 0.132000
v 6.433840 -3.537030 0.132000
v 6.826420 -2.702770 0.132000
v 7.087120 -1.819660 0.261000
v 7.111340 -1.825880 0.132000
v -7.087120 1.819660 0.261000
v -6.803170 2.693570 0.261000
v -6.411940 3.524990 0.261000
v -5.919580 4.300820 0.261000
v -5.333860 5.008830 0.261000
v -4.664030 5.637840 0.261000
v -3.920640 6.177950 0.261000
v -3.115430 6.620620 0.261000
v -2.261080 6.958880 0.261000
v -1.371070 7.187400 0.261000
v -0.459438 7.302560 0.261000
v 0.459438 7.302560 0.261000
v 1.371070 7.187400 0.261000
v 2.261080 6.958880 0.261000
v 3.115430 6.620620 0.261000
v 3.920640 6.177950 0.261000
v 4.664030 5.637840 0.261000
v 5.333860 5.008830 0.261000
v 5.919580 4.300820 0.261000
v 6.411940 3.524990 0.261000
v 6.803170 2.693570 0.261000
v 7.087120 1.819660 0.261000
v 7.259300 0.917063 0.261000
v 7.317000 0.000000 0.261000
v 7.259300 -0.917063 0.261000
v -7.350000 0.000000 0.000000
v -7.292040 -0.921199 0.000000
v -7.284110 0.920197 0.132000
v -7.119090 -1.827870 0.000000
v -6.833860 -2.705720 0.000000
v -6.440850 -3.540890 0.000000
v -5.946270 -4.320220 0.000000
v -5.357920 -5.031420 0.000000
v -4.685070 -5.663270 0.000000
v -3.938330 -6.205810 0.000000
v -3.129480 -6.650480 0.000000
v -2.271270 -6.990260 0.000000
v -1.377250 -7.219810 0.000000
v -0.461510 -7.335500 0.000000
v 0.461510 -7.335500 0.000000
v 1.377250 -7.219810 0.000000
v 2.271270 -6.990260 0.000000
v 3.129480 -6.650480 0.000000
v 3.938330 -6.205810 0.000000
v 4.685070 -5.663270 0.000000
v 5.357920 -5.031420 0.000000
v 5.946270 -4.320220 0.000000
v 6.440850 -3.540890 0.000000
v 6.833860 -2.705720 0.000000
v 7.119090 -1.827870 0.000000
v 7.284110 -0.920197 0.132000
v 7.292040 -0.921199 0.000000
v -7.111340 1.825880 0.132000
v -6.826420 2.702770 0.132000
v -6.433840 3.537030 0.132000
v -5.939800 4.315520 0.132000
v -5.352090 5.025950 0.132000
v -4.679970 5.657110 0.132000
v -3.934040 6.199060 0.132000
v -3.126070 6.643240 0.132000
v -2.268800 6.982660 0.132000
v -1.375750 7.211950 0.132000
v -0.461008 7.327510 0.132000
v 0.461008 7.327510 0.132000
v 1.375750 7.211950 0.132000
v 2.268800 6.982660 0.132000
v 3.126070 6.643240 0.132000
v 3.934040 6.199060 0.132000
v 4.679970 5.657110 0.132000
v 5.352090 5.025950 0.132000
v 5.939800 4.315520 0.132000
v 6.433840 3.537030 0.132000
v 6.826420 2.702770 0.132000
v 7.111340 1.825880 0.132000
v 7.284110 0.920197 0.132000
v 7.342000 0.000000 0.132000
v -7.342000 0.000000 -0.132000
v -7.284110 -0.920197 -0.132000
v -7.292040 0.921199 0.000000
v -7.111340 -1.825880 -0.132000
v -6.826420 -2.702770 -0.132000
v -6.433840 -3.537030 -0.132000
v -5.939800 -4.315520 -0.132000
v -5.352090 -5.025950 -0.132000
v -4.679970 -5.657110 -0.132000
v -3.934040 -6.199060 -0.132000
v -3.126070 -6.643240 -0.132000
v -2.268800 -6.982660 -0.132000
v -1.375750 -7.211950 -0.132000
v -0.461008 -7.327510 -0.132000
v 0.461008 -7.327510 -0.132000
v 1.375750 -7.211950 -0.132000
v 2.268800 -6.982660 -0.132000
v 3.126070 -6.643240 -0.132000
v 3.934040 -6.199060 -0.132000
v 4.679970 -5.657110 -0.132000
v 5.352090 -5.025950 -0.132000
v 5.939800 -4.315520 -0.132000
v 6.433840 -3.537030 -0.132000
v 6.826420 -2.702770 -0.132000
v 7.111340 -1.825880 -0.132000
v 7.284110 -0.920197 -0.132000
v 7.350000 0.000000 0.000000
v 7.342000 0.000000 -0.132000
v -7.119090 1.827870 0.000000
v -6.833860 2.705720 0.000000
v -6.440850 3.540890 0.000000
v -5.946270 4.320220 0.000000
v -5.357920 5.031420 0.000000
v -4.685070 5.663270 0.000000
v -3.938330 6.205810 0.000000
v -3.129480 6.650480 0.000000
v -2.271270 6.990260 0.000000
v -1.377250 7.219810 0.000000
v -0.461510 7.335500 0.000000
v 0.461510 7.335500 0.000000
v 1.377250 7.219810 0.000000
v 2.271270 6.990260 0.000000
v 3.129480 6.650480 0.000000
v 3.938330 6.205810 0.000000
v 4.685070 5.663270 0.000000
v 5.357920 5.031420 0.000000
v 5.946270 4.320220 0.000000
v 6.440850 3.540890 0.000000
v 6.833860 2.705720 0.000000
v 7.119090 1.827870 0.000000
v 7.292040 0.921199 0.000000
v -7.259300 -0.917063 -0.261000
v -7.087120 -1.819660 -0.261000
v -7.317000 0.000000 -0.261000
v -7.284110 0.920197 -0.132000
v -6.803170 -2.693570 -0.261000
v -6.411940 -3.524990 -0.261000
v -5.919580 -4.300820 -0.261000
v -5.333860 -5.008830 -0.261000
v -4.664030 -5.637840 -0.261000
v -3.920640 -6.177950 -0.261000
v -3.115430 -6.620620 -0.261000
v -2.261080 -6.958880 -0.261000
v -1.371070 -7.187400 -0.261000
v -0.459438 -7.302560 -0.261000
v 0.459438 -7.302560 -0.261000
v 1.371070 -7.187400 -0.261000
v 2.261080 -6.958880 -0.261000
v 3.115430 -6.620620 -0.261000
v 3.920640 -6.177950 -0.261000
v 4.664030 -5.637840 -0.261000
v 5.333860 -5.008830 -0.261000
v 5.919580 -4.300820 -0.261000
v 6.411940 -3.524990 -0.261000
v 6.803170 -2.693570 -0.261000
v 7.087120 -1.819660 -0.261000
v 7.259300 -0.917063 -0.261000
v 7.317000 0.000000 -0.261000
v 7.284110 0.920197 -0.132000
v 7.259300 0.917063 -0.261000
v -7.111340 1.825880 -0.132000
v -6.826420 2.702770 -0.132000
v -6.433840 3.537030 -0.132000
v -5.939800 4.315520 -0.132000
v -5.352090 5.025950 -0.132000
v -4.679970 5.657110 -0.132000
v -3.934040 6.199060 -0.132000
v -3.126070 6.643240 -0.132000
v -2.268800 6.982660 -0.132000
v -1.375750 7.211950 -0.132000
v 0.461008 7.327510 -0.132000
v -0.461008 7.327510 -0.132000
v 1.375750 7.211950 -0.132000
v 2.268800 6.982660 -0.132000
v 3.126070 6.643240 -0.132000
v 3.934040 6.199060 -0.132000
v 4.679970 5.657110 -0.132000
v 5.352090 5.025950 -0.132000
v 5.939800 4.315520 -0.132000
v 6.433840 3.537030 -0.132000
v 6.826420 2.702770 -0.132000
v 7.111340 1.825880 -0.132000
v -7.209700 -0.910797 -0.498000
v -7.038690 -1.807230 -0.498000
v -6.756690 -2.675160 -0.498000
v -7.267000 0.000000 -0.498000
v -7.259300 0.917063 -0.261000
v -6.368120 -3.500900 -0.498000
v -5.879130 -4.271430 -0.498000
v -5.297410 -4.974600 -0.498000
v -4.632160 -5.599320 -0.498000
v -3.893850 -6.135730 -0.498000
v -3.094140 -6.575380 -0.498000
v -2.245630 -6.911330 -0.498000
v -1.361700 -7.138280 -0.498000
v -0.456299 -7.252660 -0.498000
v 0.456299 -7.252660 -0.498000
v 1.361700 -7.138280 -0.498000
v 2.245630 -6.911330 -0.498000
v 3.094140 -6.575380 -0.498000
v 3.893850 -6.135730 -0.498000
v 4.632160 -5.599320 -0.498000
v 5.297410 -4.974600 -0.498000
v 5.879130 -4.271430 -0.498000
v 6.368120 -3.500900 -0.498000
v 6.756690 -2.675160 -0.498000
v 7.038690 -1.807230 -0.498000
v 7.209700 -0.910797 -0.498000
v 7.267000 0.000000 -0.498000
v 7.209700 0.910797 -0.498000
v 7.087120 1.819660 -0.261000
v 7.038690 1.807230 -0.498000
v -7.087120 1.819660 -0.261000
v -6.803170 2.693570 -0.261000
v -6.411940 3.524990 -0.261000
v -5.919580 4.300820 -0.261000
v -5.333860 5.008830 -0.261000
v -4.664030 5.637840 -0.261000
v -3.920640 6.177950 -0.261000
v -3.115430 6.620620 -0.261000
v -2.261080 6.958880 -0.261000
v -1.371070 7.187400 -0.261000
v 0.459438 7.302560 -0.261000
v -0.459438 7.302560 -0.261000
v 1.371070 7.187400 -0.261000
v 2.261080 6.958880 -0.261000
v 3.115430 6.620620 -0.261000
v 3.920640 6.177950 -0.261000
v 4.664030 5.637840 -0.261000
v 5.333860 5.008830 -0.261000
v 5.919580 4.300820 -0.261000
v 6.411940 3.524990 -0.261000
v 6.803170 2.693570 -0.261000
v -7.170010 -0.905783 -0.623000
v -6.999950 -1.797280 -0.623000
v -6.719490 -2.660440 -0.623000
v -6.333070 -3.481630 -0.623000
v -7.227000 0.000000 -0.623000
v -7.209700 0.910797 -0.498000
v -5.846770 -4.247920 -0.623000
v -5.268260 -4.947220 -0.623000
v -4.606660 -5.568500 -0.623000
v -3.872420 -6.101960 -0.623000
v -3.077110 -6.539180 -0.623000
v -2.233270 -6.873290 -0.623000
v -1.354200 -7.098990 -0.623000
v -0.453787 -7.212740 -0.623000
v 0.453787 -7.212740 -0.623000
v 1.354200 -7.098990 -0.623000
v 2.233270 -6.873290 -0.623000
v 3.077110 -6.539180 -0.623000
v 3.872420 -6.101960 -0.623000
v 4.606660 -5.568500 -0.623000
v 5.268260 -4.947220 -0.623000
v 5.846770 -4.247920 -0.623000
v 6.333070 -3.481630 -0.623000
v 6.719490 -2.660440 -0.623000
v 6.999950 -1.797280 -0.623000
v 7.170010 -0.905783 -0.623000
v 7.227000 0.000000 -0.623000
v 7.170010 0.905783 -0.623000
v 6.999950 1.797280 -0.623000
v 6.756690 2.675160 -0.498000
v 6.719490 2.660440 -0.623000
v -7.038690 1.807230 -0.498000
v -6.756690 2.675160 -0.498000
v -6.368120 3.500900 -0.498000
v -5.879130 4.271430 -0.498000
v -5.297410 4.974600 -0.498000
v -4.632160 5.599320 -0.498000
v -3.893850 6.135730 -0.498000
v -3.094140 6.575380 -0.498000
v -2.245630 6.911330 -0.498000
v -1.361700 7.138280 -0.498000
v 0.456299 7.252660 -0.498000
v -0.456299 7.252660 -0.498000
v 1.361700 7.138280 -0.498000
v 2.245630 6.911330 -0.498000
v 3.094140 6.575380 -0.498000
v 3.893850 6.135730 -0.498000
v 4.632160 5.599320 -0.498000
v 5.297410 4.974600 -0.498000
v 5.879130 4.271430 -0.498000
v 6.368120 3.500900 -0.498000
v -7.113460 -0.898639 -0.743000
v -6.944740 -1.783110 -0.743000
v -6.666500 -2.639450 -0.743000
v -6.283120 -3.454170 -0.743000
v -5.800650 -4.214420 -0.743000
v -7.170000 0.000000 -0.743000
v -7.170010 0.905783 -0.623000
v -5.226700 -4.908200 -0.743000
v -4.570330 -5.524580 -0.743000
v -3.841880 -6.053830 -0.743000
v -3.052840 -6.487610 -0.743000
v -2.215650 -6.819070 -0.743000
v -1.343520 -7.043000 -0.743000
v -0.450208 -7.155850 -0.743000
v 0.450208 -7.155850 -0.743000
v 1.343520 -7.043000 -0.743000
v 2.215650 -6.819070 -0.743000
v 3.052840 -6.487610 -0.743000
v 3.841880 -6.053830 -0.743000
v 4.570330 -5.524580 -0.743000
v 5.226700 -4.908200 -0.743000
v 5.800650 -4.214420 -0.743000
v 6.283120 -3.454170 -0.743000
v 6.666500 -2.639450 -0.743000
v 6.944740 -1.783110 -0.743000
v 7.113460 -0.898639 -0.743000
v 7.170000 0.000000 -0.743000
v 7.113460 0.898639 -0.743000
v 6.944740 1.783110 -0.743000
v 6.666500 2.639450 -0.743000
v 6.333070 3.481630 -0.623000
v 6.283120 3.454170 -0.743000
v -6.999950 1.797280 -0.623000
v -6.719490 2.660440 -0.623000
v -6.333070 3.481630 -0.623000
v -5.846770 4.247920 -0.623000
v -5.268260 4.947220 -0.623000
v -4.606660 5.568500 -0.623000
v -3.872420 6.101960 -0.623000
v -3.077110 6.539180 -0.623000
v -2.233270 6.873290 -0.623000
v -1.354200 7.098990 -0.623000
v 0.453787 7.212740 -0.623000
v -0.453787 7.212740 -0.623000
v 1.354200 7.098990 -0.623000
v 2.233270 6.873290 -0.623000
v 3.077110 6.539180 -0.623000
v 3.872420 6.101960 -0.623000
v 4.606660 5.568500 -0.623000
v 5.268260 4.947220 -0.623000
v 5.846770 4.247920 -0.623000
v -7.044010 -0.889866 -0.854000
v -6.876940 -1.765700 -0.854000
v -6.601410 -2.613680 -0.854000
v -6.221780 -3.420450 -0.854000
v -5.744020 -4.173270 -0.854000
v -5.175680 -4.860280 -0.854000
v -7.100000 0.000000 -0.854000
v -7.113460 0.898639 -0.743000
v -4.525710 -5.470640 -0.854000
v -3.804370 -5.994730 -0.854000
v -3.023030 -6.424270 -0.854000
v -2.194020 -6.752500 -0.854000
v -1.330410 -6.974240 -0.854000
v -0.445813 -7.085990 -0.854000
v 0.445813 -7.085990 -0.854000
v 1.330410 -6.974240 -0.854000
v 2.194020 -6.752500 -0.854000
v 3.023030 -6.424270 -0.854000
v 3.804370 -5.994730 -0.854000
v 4.525710 -5.470640 -0.854000
v 5.175680 -4.860280 -0.854000
v 5.744020 -4.173270 -0.854000
v 6.221780 -3.420450 -0.854000
v 6.601410 -2.613680 -0.854000
v 6.876940 -1.765700 -0.854000
v 7.044010 -0.889866 -0.854000
v 7.100000 0.000000 -0.854000
v 7.044010 0.889866 -0.854000
v 6.876940 1.765700 -0.854000
v 6.601410 2.613680 -0.854000
v 6.221780 3.420450 -0.854000
v 5.800650 4.214420 -0.743000
v 5.744020 4.173270 -0.854000
v -6.944740 1.783110 -0.743000
v -6.666500 2.639450 -0.743000
v -6.283120 3.454170 -0.743000
v -5.800650 4.214420 -0.743000
v -5.226700 4.908200 -0.743000
v -4.570330 5.524580 -0.743000
v -3.841880 6.053830 -0.743000
v -3.052840 6.487610 -0.743000
v -2.215650 6.819070 -0.743000
v -1.343520 7.043000 -0.743000
v 0.450208 7.155850 -0.743000
v -0.450208 7.155850 -0.743000
v 1.343520 7.043000 -0.743000
v 2.215650 6.819070 -0.743000
v 3.052840 6.487610 -0.743000
v 3.841880 6.053830 -0.743000
v 4.570330 5.524580 -0.743000
v 5.226700 4.908200 -0.743000
v -6.897180 -0.871317 -1.087000
v -6.733590 -1.728890 -1.087000
v -6.463810 -2.559200 -1.087000
v -6.092080 -3.349150 -1.087000
v -5.624290 -4.086280 -1.087000
v -5.067790 -4.758970 -1.087000
v -4.431370 -5.356610 -1.087000
v -6.952000 0.000000 -1.087000
v -7.044010 0.889866 -0.854000
v -3.725070 -5.869770 -1.087000
v -2.960020 -6.290360 -1.087000
v -2.148290 -6.611740 -1.087000
v -1.302680 -6.828860 -1.087000
v -0.436520 -6.938280 -1.087000
v 0.436520 -6.938280 -1.087000
v 1.302680 -6.828860 -1.087000
v 2.148290 -6.611740 -1.087000
v 2.960020 -6.290360 -1.087000
v 3.725070 -5.869770 -1.087000
v 4.431370 -5.356610 -1.087000
v 5.067790 -4.758970 -1.087000
v 5.624290 -4.086280 -1.087000
v 6.092080 -3.349150 -1.087000
v 6.463810 -2.559200 -1.087000
v 6.733590 -1.728890 -1.087000
v 6.897180 -0.871317 -1.087000
v 6.952000 0.000000 -1.087000
v 6.897180 0.871317 -1.087000
v 6.733590 1.728890 -1.087000
v 6.463810 2.559200 -1.087000
v 6.092080 3.349150 -1.087000
v 5.624290 4.086280 -1.087000
v 5.175680 4.860280 -0.854000
v 5.067790 4.758970 -1.087000
v -6.876940 1.765700 -0.854000
v -6.601410 2.613680 -0.854000
v -6.221780 3.420450 -0.854000
v -5.744020 4.173270 -0.854000
v -5.175680 4.860280 -0.854000
v -4.525710 5.470640 -0.854000
v -3.804370 5.994730 -0.854000
v -3.023030 6.424270 -0.854000
v -2.194020 6.752500 -0.854000
v -1.330410 6.974240 -0.854000
v 0.445813 7.085990 -0.854000
v -0.445813 7.085990 -0.854000
v 1.330410 6.974240 -0.854000
v 2.194020 6.752500 -0.854000
v 3.023030 6.424270 -0.854000
v 3.804370 5.994730 -0.854000
v 4.525710 5.470640 -0.854000
v -6.812850 -0.860663 -1.189000
v -6.651260 -1.707750 -1.189000
v -6.384770 -2.527910 -1.189000
v -6.017600 -3.308200 -1.189000
v -5.555520 -4.036320 -1.189000
v -5.005830 -4.700780 -1.189000
v -4.377190 -5.291110 -1.189000
v -3.679520 -5.798000 -1.189000
v -6.867000 0.000000 -1.189000
v -6.897180 0.871317 -1.087000
v -2.923830 -6.213450 -1.189000
v -2.122020 -6.530900 -1.189000
v -1.286750 -6.745370 -1.189000
v -0.431182 -6.853450 -1.189000
v 0.431182 -6.853450 -1.189000
v 1.286750 -6.745370 -1.189000
v 2.122020 -6.530900 -1.189000
v 2.923830 -6.213450 -1.189000
v 3.679520 -5.798000 -1.189000
v 4.377190 -5.291110 -1.189000
v 5.005830 -4.700780 -1.189000
v 5.555520 -4.036320 -1.189000
v 6.017600 -3.308200 -1.189000
v 6.384770 -2.527910 -1.189000
v 6.651260 -1.707750 -1.189000
v 6.812850 -0.860663 -1.189000
v 6.867000 0.000000 -1.189000
v 6.812850 0.860663 -1.189000
v 6.651260 1.707750 -1.189000
v 6.384770 2.527910 -1.189000
v 6.017600 3.308200 -1.189000
v 5.555520 4.036320 -1.189000
v 5.005830 4.700780 -1.189000
v 4.431370 5.356610 -1.087000
v 4.377190 5.291110 -1.189000
v -6.733590 1.728890 -1.087000
v -6.463810 2.559200 -1.087000
v -6.092080 3.349150 -1.087000
v -5.624290 4.086280 -1.087000
v -5.067790 4.758970 -1.087000
v -4.431370 5.356610 -1.087000
v -3.725070 5.869770 -1.087000
v -2.960020 6.290360 -1.087000
v -2.148290 6.611740 -1.087000
v -1.302680 6.828860 -1.087000
v 0.436520 6.938280 -1.087000
v -0.436520 6.938280 -1.087000
v 1.302680 6.828860 -1.087000
v 2.148290 6.611740 -1.087000
v 2.960020 6.290360 -1.087000
v 3.725070 5.869770 -1.087000
v -6.717610 -0.848631 -1.279000
v -6.558280 -1.683880 -1.279000
v -6.295520 -2.492570 -1.279000
v -5.933470 -3.261950 -1.279000
v -5.477850 -3.979890 -1.279000
v -4.935850 -4.635070 -1.279000
v -4.316000 -5.217140 -1.279000
v -3.628080 -5.716940 -1.279000
v -2.882950 -6.126580 -1.279000
v -6.771000 0.000000 -1.279000
v -6.812850 0.860663 -1.189000
v -2.092350 -6.439600 -1.279000
v -1.268760 -6.651070 -1.279000
v -0.425155 -6.757640 -1.279000
v 0.425155 -6.757640 -1.279000
v 1.268760 -6.651070 -1.279000
v 2.092350 -6.439600 -1.279000
v 2.882950 -6.126580 -1.279000
v 3.628080 -5.716940 -1.279000
v 4.316000 -5.217140 -1.279000
v 4.935850 -4.635070 -1.279000
v 5.477850 -3.979890 -1.279000
v 5.933470 -3.261950 -1.279000
v 6.295520 -2.492570 -1.279000
v 6.558280 -1.683880 -1.279000
v 6.717610 -0.848631 -1.279000
v 6.771000 0.000000 -1.279000
v 6.717610 0.848631 -1.279000
v 6.558280 1.683880 -1.279000
v 6.295520 2.492570 -1.279000
v 5.933470 3.261950 -1.279000
v 5.477850 3.979890 -1.279000
v 4.935850 4.635070 -1.279000
v 4.316000 5.217140 -1.279000
v 3.679520 5.798000 -1.189000
v 3.628080 5.716940 -1.279000
v -6.651260 1.707750 -1.189000
v -6.384770 2.527910 -1.189000
v -6.017600 3.308200 -1.189000
v -5.555520 4.036320 -1.189000
v -5.005830 4.700780 -1.189000
v -4.377190 5.291110 -1.189000
v -3.679520 5.798000 -1.189000
v -2.923830 6.213450 -1.189000
v -2.122020 6.530900 -1.189000
v -1.286750 6.745370 -1.189000
v 0.431182 6.853450 -1.189000
v -0.431182 6.853450 -1.189000
v 1.286750 6.745370 -1.189000
v 2.122020 6.530900 -1.189000
v 2.923830 6.213450 -1.189000
v -6.475530 -0.818050 -1.505000
v -6.321940 -1.623200 -1.505000
v -6.068650 -2.402750 -1.505000
v -5.719650 -3.144410 -1.505000
v -5.280450 -3.836470 -1.505000
v -4.757980 -4.468040 -1.505000
v -4.160470 -5.029140 -1.505000
v -3.497340 -5.510930 -1.505000
v -2.779060 -5.905810 -1.505000
v -2.016950 -6.207550 -1.505000
v -6.527000 0.000000 -1.505000
v -6.717610 0.848631 -1.279000
v -1.223040 -6.411390 -1.505000
v -0.409834 -6.514120 -1.505000
v 0.409834 -6.514120 -1.505000
v 1.223040 -6.411390 -1.505000
v 2.016950 -6.207550 -1.505000
v 2.779060 -5.905810 -1.505000
v 3.497340 -5.510930 -1.505000
v 4.160470 -5.029140 -1.505000
v 4.757980 -4.468040 -1.505000
v 5.280450 -3.836470 -1.505000
v 5.719650 -3.144410 -1.505000
v 6.068650 -2.402750 -1.505000
v 6.321940 -1.623200 -1.505000
v 6.475530 -0.818050 -1.505000
v 6.527000 0.000000 -1.505000
v 6.475530 0.818050 -1.505000
v 6.321940 1.623200 -1.505000
v 6.068650 2.402750 -1.505000
v 5.719650 3.144410 -1.505000
v 5.280450 3.836470 -1.505000
v 4.757980 4.468040 -1.505000
v 4.160470 5.029140 -1.505000
v 3.497340 5.510930 -1.505000
v 2.882950 6.126580 -1.279000
v 2.779060 5.905810 -1.505000
v -6.558280 1.683880 -1.279000
v -6.295520 2.492570 -1.279000
v -5.933470 3.261950 -1.279000
v -5.477850 3.979890 -1.279000
v -4.935850 4.635070 -1.279000
v -4.316000 5.217140 -1.279000
v -3.628080 5.716940 -1.279000
v -2.882950 6.126580 -1.279000
v -2.092350 6.439600 -1.279000
v -1.268760 6.651070 -1.279000
v 0.425155 6.757640 -1.279000
v -0.425155 6.757640 -1.279000
v 1.268760 6.651070 -1.279000
v 2.092350 6.439600 -1.279000
v -6.369380 -0.804639 -1.582000
v -6.218300 -1.596590 -1.582000
v -5.969160 -2.363360 -1.582000
v -5.625890 -3.092860 -1.582000
v -5.193890 -3.773580 -1.582000
v -4.679980 -4.394790 -1.582000
v -4.092260 -4.946700 -1.582000
v -3.440010 -5.420580 -1.582000
v -2.733500 -5.808990 -1.582000
v -1.983890 -6.105780 -1.582000
v -1.202990 -6.306280 -1.582000
v -6.420000 0.000000 -1.582000
v -6.475530 0.818050 -1.505000
v -0.403115 -6.407330 -1.582000
v 0.403115 -6.407330 -1.582000
v 1.202990 -6.306280 -1.582000
v 1.983890 -6.105780 -1.582000
v 2.733500 -5.808990 -1.582000
v 3.440010 -5.420580 -1.582000
v 4.092260 -4.946700 -1.582000
v 4.679980 -4.394790 -1.582000
v 5.193890 -3.773580 -1.582000
v 5.625890 -3.092860 -1.582000
v 5.969160 -2.363360 -1.582000
v 6.218300 -1.596590 -1.582000
v 6.369380 -0.804639 -1.582000
v 6.420000 0.000000 -1.582000
v 6.369380 0.804639 -1.582000
v 6.218300 1.596590 -1.582000
v 5.969160 2.363360 -1.582000
v 5.625890 3.092860 -1.582000
v 5.193890 3.773580 -1.582000
v 4.679980 4.394790 -1.582000
v 4.092260 4.946700 -1.582000
v 3.440010 5.420580 -1.582000
v 2.733500 5.808990 -1.582000
v 2.016950 6.207550 -1.505000
v 1.983890 6.105780 -1.582000
v -6.321940 1.623200 -1.505000
v -6.068650 2.402750 -1.505000
v -5.719650 3.144410 -1.505000
v -5.280450 3.836470 -1.505000
v -4.757980 4.468040 -1.505000
v -4.160470 5.029140 -1.505000
v -3.497340 5.510930 -1.505000
v -2.779060 5.905810 -1.505000
v -2.016950 6.207550 -1.505000
v -1.223040 6.411390 -1.505000
v 0.409834 6.514120 -1.505000
v -0.409834 6.514120 -1.505000
v 1.223040 6.411390 -1.505000
v -6.363420 -0.803887 -1.586000
v -6.212490 -1.595100 -1.586000
v -5.963590 -2.361150 -1.586000
v -5.620630 -3.089970 -1.586000
v -5.189030 -3.770050 -1.586000
v -4.675610 -4.390680 -1.586000
v -4.088440 -4.942070 -1.586000
v -3.436790 -5.415520 -1.586000
v -2.730950 -5.803560 -1.586000
v -1.982030 -6.100080 -1.586000
v -1.201860 -6.300390 -1.586000
v -0.402738 -6.401340 -1.586000
v -6.414000 0.000000 -1.586000
v -6.369380 0.804639 -1.582000
v 0.402738 -6.401340 -1.586000
v 1.201860 -6.300390 -1.586000
v 1.982030 -6.100080 -1.586000
v 2.730950 -5.803560 -1.586000
v 3.436790 -5.415520 -1.586000
v 4.088440 -4.942070 -1.586000
v 4.675610 -4.390680 -1.586000
v 5.189030 -3.770050 -1.586000
v 5.620630 -3.089970 -1.586000
v 5.963590 -2.361150 -1.586000
v 6.212490 -1.595100 -1.586000
v 6.363420 -0.803887 -1.586000
v 6.414000 0.000000 -1.586000
v 6.363420 0.803887 -1.586000
v 6.212490 1.595100 -1.586000
v 5.963590 2.361150 -1.586000
v 5.620630 3.089970 -1.586000
v 5.189030 3.770050 -1.586000
v 4.675610 4.390680 -1.586000
v 4.088440 4.942070 -1.586000
v 3.436790 5.415520 -1.586000
v 2.730950 5.803560 -1.586000
v 1.982030 6.100080 -1.586000
v 1.202990 6.306280 -1.582000
v 1.201860 6.300390 -1.586000
v -6.218300 1.596590 -1.582000
v -5.969160 2.363360 -1.582000
v -5.625890 3.092860 -1.582000
v -5.193890 3.773580 -1.582000
v -4.679980 4.394790 -1.582000
v -4.092260 4.946700 -1.582000
v -3.440010 5.420580 -1.582000
v -2.733500 5.808990 -1.582000
v -1.983890 6.105780 -1.582000
v -1.202990 6.306280 -1.582000
v 0.403115 6.407330 -1.582000
v -0.403115 6.407330 -1.582000
v -6.249330 -0.789474 -1.650000
v -6.101100 -1.566500 -1.650000
v -5.856660 -2.318820 -1.650000
v -5.519860 -3.034570 -1.650000
v -5.096000 -3.702460 -1.650000
v -4.591770 -4.311960 -1.650000
v -4.015130 -4.853460 -1.650000
v -3.375170 -5.318420 -1.650000
v -2.681980 -5.699510 -1.650000
v -1.946500 -5.990710 -1.650000
v -1.180320 -6.187430 -1.650000
v -0.395517 -6.286570 -1.650000
v 0.395517 -6.286570 -1.650000
v -6.299000 0.000000 -1.650000
v -6.363420 0.803887 -1.586000
v 1.180320 -6.187430 -1.650000
v 1.946500 -5.990710 -1.650000
v 2.681980 -5.699510 -1.650000
v 3.375170 -5.318420 -1.650000
v 4.015130 -4.853460 -1.650000
v 4.591770 -4.311960 -1.650000
v 5.096000 -3.702460 -1.650000
v 5.519860 -3.034570 -1.650000
v 5.856660 -2.318820 -1.650000
v 6.101100 -1.566500 -1.650000
v 6.249330 -0.789474 -1.650000
v 6.299000 0.000000 -1.650000
v 6.249330 0.789474 -1.650000
v 6.101100 1.566500 -1.650000
v 5.856660 2.318820 -1.650000
v 5.519860 3.034570 -1.650000
v 5.096000 3.702460 -1.650000
v 4.591770 4.311960 -1.650000
v 4.015130 4.853460 -1.650000
v 3.375170 5.318420 -1.650000
v 2.681980 5.699510 -1.650000
v 1.946500 5.990710 -1.650000
v 1.180320 6.187430 -1.650000
v 0.402738 6.401340 -1.586000
v 0.395517 6.286570 -1.650000
v -6.212490 1.595100 -1.586000
v -5.963590 2.361150 -1.586000
v -5.620630 3.089970 -1.586000
v -5.189030 3.770050 -1.586000
v -4.675610 4.390680 -1.586000
v -4.088440 4.942070 -1.586000
v -3.436790 5.415520 -1.586000
v -2.730950 5.803560 -1.586000
v -1.982030 6.100080 -1.586000
v -1.201860 6.300390 -1.586000
v -0.402738 6.401340 -1.586000
v -6.127300 -0.774058 -1.699000
v -5.981970 -1.535910 -1.699000
v -5.742300 -2.273540 -1.699000
v -5.412070 -2.975310 -1.699000
v -4.996490 -3.630160 -1.699000
v -4.502110 -4.227760 -1.699000
v -3.936730 -4.758690 -1.699000
v -3.309270 -5.214570 -1.699000
v -2.629610 -5.588210 -1.699000
v -1.908490 -5.873720 -1.699000
v -1.157270 -6.066610 -1.699000
v -0.387794 -6.163810 -1.699000
v 0.387794 -6.163810 -1.699000
v 1.157270 -6.066610 -1.699000
v -6.176000 0.000000 -1.699000
v -6.249330 0.789474 -1.650000
v 1.908490 -5.873720 -1.699000
v 2.629610 -5.588210 -1.699000
v 3.309270 -5.214570 -1.699000
v 3.936730 -4.758690 -1.699000
v 4.502110 -4.227760 -1.699000
v 4.996490 -3.630160 -1.699000
v 5.412070 -2.975310 -1.699000
v 5.742300 -2.273540 -1.699000
v 5.981970 -1.535910 -1.699000
v 6.127300 -0.774058 -1.699000
v 6.176000 0.000000 -1.699000
v 6.127300 0.774058 -1.699000
v 5.981970 1.535910 -1.699000
v 5.742300 2.273540 -1.699000
v 5.412070 2.975310 -1.699000
v 4.996490 3.630160 -1.699000
v 4.502110 4.227760 -1.699000
v 3.936730 4.758690 -1.699000
v 3.309270 5.214570 -1.699000
v 2.629610 5.588210 -1.699000
v 1.908490 5.873720 -1.699000
v 1.157270 6.066610 -1.699000
v 0.387794 6.163810 -1.699000
v -0.395517 6.286570 -1.650000
v -0.387794 6.163810 -1.699000
v -6.101100 1.566500 -1.650000
v -5.856660 2.318820 -1.650000
v -5.519860 3.034570 -1.650000
v -5.096000 3.702460 -1.650000
v -4.591770 4.311960 -1.650000
v -4.015130 4.853460 -1.650000
v -3.375170 5.318420 -1.650000
v -2.681980 5.699510 -1.650000
v -1.946500 5.990710 -1.650000
v -1.180320 6.187430 -1.650000
v -6.000310 -0.758015 -1.731000
v -5.857990 -1.504080 -1.731000
v -5.623290 -2.226420 -1.731000
v -5.299900 -2.913650 -1.731000
v -4.892930 -3.554920 -1.731000
v -4.408800 -4.140140 -1.731000
v -3.855140 -4.660060 -1.731000
v -3.240680 -5.106490 -1.731000
v -2.575110 -5.472390 -1.731000
v -1.868940 -5.751990 -1.731000
v -1.133280 -5.940870 -1.731000
v -0.379757 -6.036070 -1.731000
v 0.379757 -6.036070 -1.731000
v 1.133280 -5.940870 -1.731000
v 1.868940 -5.751990 -1.731000
v -6.048000 0.000000 -1.731000
v -6.127300 0.774058 -1.699000
v 2.575110 -5.472390 -1.731000
v 3.240680 -5.106490 -1.731000
v 3.855140 -4.660060 -1.731000
v 4.408800 -4.140140 -1.731000
v 4.892930 -3.554920 -1.731000
v 5.299900 -2.913650 -1.731000
v 5.623290 -2.226420 -1.731000
v 5.857990 -1.504080 -1.731000
v 6.000310 -0.758015 -1.731000
v 6.048000 0.000000 -1.731000
v 6.000310 0.758015 -1.731000
v 5.857990 1.504080 -1.731000
v 5.623290 2.226420 -1.731000
v 5.299900 2.913650 -1.731000
v 4.892930 3.554920 -1.731000
v 4.408800 4.140140 -1.731000
v 3.855140 4.660060 -1.731000
v 3.240680 5.106490 -1.731000
v 2.575110 5.472390 -1.731000
v 1.868940 5.751990 -1.731000
v 1.133280 5.940870 -1.731000
v 0.379757 6.036070 -1.731000
v -0.379757 6.036070 -1.731000
v -1.157270 6.066610 -1.699000
v -1.133280 5.940870 -1.731000
v -5.981970 1.535910 -1.699000
v -5.742300 2.273540 -1.699000
v -5.412070 2.975310 -1.699000
v -4.996490 3.630160 -1.699000
v -4.502110 4.227760 -1.699000
v -3.936730 4.758690 -1.699000
v -3.309270 5.214570 -1.699000
v -2.629610 5.588210 -1.699000
v -1.908490 5.873720 -1.699000
v -5.870340 -0.741597 -1.748000
v -5.731110 -1.471500 -1.748000
v -5.501490 -2.178190 -1.748000
v -5.185110 -2.850540 -1.748000
v -4.786950 -3.477920 -1.748000
v -4.313310 -4.050460 -1.748000
v -3.771640 -4.559130 -1.748000
v -3.170490 -4.995890 -1.748000
v -2.519340 -5.353860 -1.748000
v -1.828450 -5.627400 -1.748000
v -1.108740 -5.812190 -1.748000
v -0.371532 -5.905320 -1.748000
v 0.371532 -5.905320 -1.748000
v 1.108740 -5.812190 -1.748000
v 1.828450 -5.627400 -1.748000
v 2.519340 -5.353860 -1.748000
v -5.917000 0.000000 -1.748000
v -6.000310 0.758015 -1.731000
v 3.170490 -4.995890 -1.748000
v 3.771640 -4.559130 -1.748000
v 4.313310 -4.050460 -1.748000
v 4.786950 -3.477920 -1.748000
v 5.185110 -2.850540 -1.748000
v 5.501490 -2.178190 -1.748000
v 5.731110 -1.471500 -1.748000
v 5.870340 -0.741597 -1.748000
v 5.917000 0.000000 -1.748000
v 5.870340 0.741597 -1.748000
v 5.731110 1.471500 -1.748000
v 5.501490 2.178190 -1.748000
v 5.185110 2.850540 -1.748000
v 4.786950 3.477920 -1.748000
v 4.313310 4.050460 -1.748000
v 3.771640 4.559130 -1.748000
v 3.170490 4.995890 -1.748000
v 2.519340 5.353860 -1.748000
v 1.828450 5.627400 -1.748000
v 1.108740 5.812190 -1.748000
v 0.371532 5.905320 -1.748000
v -0.371532 5.905320 -1.748000
v -1.108740 5.812190 -1.748000
v -1.868940 5.751990 -1.731000
v -1.828450 5.627400 -1.748000
v -5.857990 1.504080 -1.731000
v -5.623290 2.226420 -1.731000
v -5.299900 2.913650 -1.731000
v -4.892930 3.554920 -1.731000
v -4.408800 4.140140 -1.731000
v -3.855140 4.660060 -1.731000
v -3.240680 5.106490 -1.731000
v -2.575110 5.472390 -1.731000
v -5.870340 0.741597 -1.748000
v -5.731110 1.471500 -1.748000
v -5.501490 2.178190 -1.748000
v -5.185110 2.850540 -1.748000
v -4.786950 3.477920 -1.748000
v -4.313310 4.050460 -1.748000
v -3.771640 4.559130 -1.748000
v -3.170490 4.995890 -1.748000
v -2.519340 5.353860 -1.748000
vt 0.415238 0.657211
vt 0.415906 0.657211
vt 0.468639 0.659252
vt 0.468887 0.659252
vt 0.468887 0.659252
vt 0.469625 0.659252
vt 0.472519 0.659252
vt 0.470842 0.659252
vt 0.474629 0.659252
vt 0.477139 0.659252
vt 0.480010 0.659252
vt 0.483196 0.659252
vt 0.486647 0.659252
vt 0.490309 0.659252
vt 0.494124 0.659252
vt 0.498031 0.659252
vt 0.501969 0.659252
vt 0.505876 0.659252
vt 0.509691 0.659252
vt 0.513353 0.659252
vt 0.516804 0.659252
vt 0.519990 0.659252
vt 0.522861 0.659252
vt 0.525371 0.659252
vt 0.527481 0.659252
vt 0.529158 0.659252
vt 0.530375 0.659252
vt 0.531113 0.659252
vt 0.531361 0.659252
vt 0.531113 0.659252
vt 0.530375 0.659252
vt 0.529158 0.659252
vt 0.527481 0.659252
vt 0.525371 0.659252
vt 0.522861 0.659252
vt 0.519990 0.659252
vt 0.516804 0.659252
vt 0.513353 0.659252
vt 0.509691 0.659252
vt 0.505876 0.659252
vt 0.501969 0.659252
vt 0.498031 0.659252
vt 0.494124 0.659252
vt 0.490309 0.659252
vt 0.486647 0.659252
vt 0.483196 0.659252
vt 0.480010 0.659252
vt 0.477139 0.659252
vt 0.474629 0.659252
vt 0.472519 0.659252
vt 0.470842 0.659252
vt 0.469625 0.659252
vt 0.363129 0.653265
vt 0.364209 0.653265
vt 0.415906 0.657211
vt 0.417901 0.657211
vt 0.367429 0.653265
vt 0.417901 0.657211
vt 0.421190 0.657211
vt 0.425722 0.657211
vt 0.431426 0.657211
vt 0.438211 0.657211
vt 0.445971 0.657211
vt 0.454582 0.657211
vt 0.463910 0.657211
vt 0.473807 0.657211
vt 0.484117 0.657211
vt 0.494678 0.657211
vt 0.505322 0.657211
vt 0.515883 0.657211
vt 0.526193 0.657211
vt 0.536090 0.657211
vt 0.545418 0.657211
vt 0.554029 0.657211
vt 0.561789 0.657211
vt 0.568574 0.657211
vt 0.574278 0.657211
vt 0.578810 0.657211
vt 0.582099 0.657211
vt 0.584094 0.657211
vt 0.584762 0.657211
vt 0.584094 0.657211
vt 0.582099 0.657211
vt 0.578810 0.657211
vt 0.574278 0.657211
vt 0.568574 0.657211
vt 0.561789 0.657211
vt 0.554029 0.657211
vt 0.545418 0.657211
vt 0.536090 0.657211
vt 0.526193 0.657211
vt 0.515883 0.657211
vt 0.494678 0.657211
vt 0.505322 0.657211
vt 0.484117 0.657211
vt 0.473807 0.657211
vt 0.463910 0.657211
vt 0.454582 0.657211
vt 0.445971 0.657211
vt 0.438211 0.657211
vt 0.431426 0.657211
vt 0.425722 0.657211
vt 0.421190 0.657211
vt 0.313061 0.647279
vt 0.314535 0.647279
vt 0.364209 0.653265
vt 0.318934 0.647279
vt 0.372741 0.653265
vt 0.326188 0.647279
vt 0.367429 0.653265
vt 0.372741 0.653265
vt 0.380059 0.653265
vt 0.389269 0.653265
vt 0.400225 0.653265
vt 0.412755 0.653265
vt 0.426661 0.653265
vt 0.441723 0.653265
vt 0.457705 0.653265
vt 0.474353 0.653265
vt 0.491406 0.653265
vt 0.508594 0.653265
vt 0.525647 0.653265
vt 0.542295 0.653265
vt 0.558277 0.653265
vt 0.573339 0.653265
vt 0.587245 0.653265
vt 0.599775 0.653265
vt 0.610731 0.653265
vt 0.619941 0.653265
vt 0.627259 0.653265
vt 0.632571 0.653265
vt 0.635791 0.653265
vt 0.636871 0.653265
vt 0.635791 0.653265
vt 0.632571 0.653265
vt 0.627259 0.653265
vt 0.619941 0.653265
vt 0.610731 0.653265
vt 0.599775 0.653265
vt 0.587245 0.653265
vt 0.573339 0.653265
vt 0.558277 0.653265
vt 0.542295 0.653265
vt 0.525647 0.653265
vt 0.491406 0.653265
vt 0.508594 0.653265
vt 0.474353 0.653265
vt 0.457705 0.653265
vt 0.441723 0.653265
vt 0.426661 0.653265
vt 0.412755 0.653265
vt 0.400225 0.653265
vt 0.389269 0.653265
vt 0.380059 0.653265
vt 0.304150 0.646122
vt 0.305694 0.646122
vt 0.314535 0.647279
vt 0.310303 0.646122
vt 0.317903 0.646122
vt 0.336184 0.647279
vt 0.328375 0.646122
vt 0.318934 0.647279
vt 0.326188 0.647279
vt 0.336184 0.647279
vt 0.348763 0.647279
vt 0.363727 0.647279
vt 0.380841 0.647279
vt 0.399833 0.647279
vt 0.420405 0.647279
vt 0.442233 0.647279
vt 0.464971 0.647279
vt 0.488262 0.647279
vt 0.511738 0.647279
vt 0.535029 0.647279
vt 0.557767 0.647279
vt 0.579595 0.647279
vt 0.600167 0.647279
vt 0.619159 0.647279
vt 0.636273 0.647279
vt 0.651237 0.647279
vt 0.663816 0.647279
vt 0.673812 0.647279
vt 0.681066 0.647279
vt 0.685465 0.647279
vt 0.686939 0.647279
vt 0.685465 0.647279
vt 0.681066 0.647279
vt 0.673812 0.647279
vt 0.663816 0.647279
vt 0.651237 0.647279
vt 0.636273 0.647279
vt 0.619159 0.647279
vt 0.600167 0.647279
vt 0.579595 0.647279
vt 0.557767 0.647279
vt 0.535029 0.647279
vt 0.488262 0.647279
vt 0.511738 0.647279
vt 0.464971 0.647279
vt 0.442233 0.647279
vt 0.420405 0.647279
vt 0.399833 0.647279
vt 0.380841 0.647279
vt 0.363727 0.647279
vt 0.348763 0.647279
vt 0.257007 0.638367
vt 0.258923 0.638367
vt 0.305694 0.646122
vt 0.264641 0.638367
vt 0.274071 0.638367
vt 0.287063 0.638367
vt 0.341554 0.646122
vt 0.303414 0.638367
vt 0.310303 0.646122
vt 0.317903 0.646122
vt 0.328375 0.646122
vt 0.341554 0.646122
vt 0.357231 0.646122
vt 0.375161 0.646122
vt 0.395059 0.646122
vt 0.416611 0.646122
vt 0.439479 0.646122
vt 0.463301 0.646122
vt 0.487702 0.646122
vt 0.512298 0.646122
vt 0.536699 0.646122
vt 0.560521 0.646122
vt 0.583389 0.646122
vt 0.604941 0.646122
vt 0.624839 0.646122
vt 0.642769 0.646122
vt 0.658446 0.646122
vt 0.671625 0.646122
vt 0.682097 0.646122
vt 0.689697 0.646122
vt 0.694306 0.646122
vt 0.695850 0.646122
vt 0.694306 0.646122
vt 0.689697 0.646122
vt 0.682097 0.646122
vt 0.671625 0.646122
vt 0.658446 0.646122
vt 0.642769 0.646122
vt 0.624839 0.646122
vt 0.604941 0.646122
vt 0.583389 0.646122
vt 0.560521 0.646122
vt 0.536699 0.646122
vt 0.487702 0.646122
vt 0.512298 0.646122
vt 0.463301 0.646122
vt 0.439479 0.646122
vt 0.416611 0.646122
vt 0.395059 0.646122
vt 0.375161 0.646122
vt 0.357231 0.646122
vt 0.213401 0.628844
vt 0.215661 0.628844
vt 0.258923 0.638367
vt 0.222405 0.628844
vt 0.233527 0.628844
vt 0.248852 0.628844
vt 0.268137 0.628844
vt 0.322865 0.638367
vt 0.291078 0.628844
vt 0.264641 0.638367
vt 0.274071 0.638367
vt 0.287063 0.638367
vt 0.303414 0.638367
vt 0.322865 0.638367
vt 0.345110 0.638367
vt 0.369798 0.638367
vt 0.396539 0.638367
vt 0.424911 0.638367
vt 0.454468 0.638367
vt 0.484742 0.638367
vt 0.515258 0.638367
vt 0.545532 0.638367
vt 0.575089 0.638367
vt 0.603461 0.638367
vt 0.630202 0.638367
vt 0.654890 0.638367
vt 0.677135 0.638367
vt 0.696586 0.638367
vt 0.712937 0.638367
vt 0.725929 0.638367
vt 0.735359 0.638367
vt 0.741077 0.638367
vt 0.742993 0.638367
vt 0.741077 0.638367
vt 0.735359 0.638367
vt 0.725929 0.638367
vt 0.712937 0.638367
vt 0.696586 0.638367
vt 0.677135 0.638367
vt 0.654890 0.638367
vt 0.630202 0.638367
vt 0.603461 0.638367
vt 0.575089 0.638367
vt 0.545532 0.638367
vt 0.484742 0.638367
vt 0.515258 0.638367
vt 0.454468 0.638367
vt 0.424911 0.638367
vt 0.396539 0.638367
vt 0.369798 0.638367
vt 0.345110 0.638367
vt 0.204694 0.626667
vt 0.207022 0.626667
vt 0.215661 0.628844
vt 0.213971 0.626667
vt 0.225431 0.626667
vt 0.241221 0.626667
vt 0.261093 0.626667
vt 0.284731 0.626667
vt 0.317315 0.628844
vt 0.311765 0.626667
vt 0.222405 0.628844
vt 0.233527 0.628844
vt 0.248852 0.628844
vt 0.268137 0.628844
vt 0.291078 0.628844
vt 0.317315 0.628844
vt 0.346433 0.628844
vt 0.377972 0.628844
vt 0.411436 0.628844
vt 0.446297 0.628844
vt 0.482004 0.628844
vt 0.517996 0.628844
vt 0.553703 0.628844
vt 0.588564 0.628844
vt 0.622028 0.628844
vt 0.653567 0.628844
vt 0.682685 0.628844
vt 0.708922 0.628844
vt 0.731863 0.628844
vt 0.751148 0.628844
vt 0.766473 0.628844
vt 0.777595 0.628844
vt 0.784339 0.628844
vt 0.786599 0.628844
vt 0.784339 0.628844
vt 0.777595 0.628844
vt 0.766473 0.628844
vt 0.751148 0.628844
vt 0.731863 0.628844
vt 0.708922 0.628844
vt 0.682685 0.628844
vt 0.653567 0.628844
vt 0.622028 0.628844
vt 0.588564 0.628844
vt 0.553703 0.628844
vt 0.482004 0.628844
vt 0.517996 0.628844
vt 0.446297 0.628844
vt 0.411436 0.628844
vt 0.377972 0.628844
vt 0.346433 0.628844
vt 0.165510 0.615646
vt 0.168148 0.615646
vt 0.207022 0.626667
vt 0.176019 0.615646
vt 0.188999 0.615646
vt 0.206884 0.615646
vt 0.229392 0.615646
vt 0.256167 0.615646
vt 0.286788 0.615646
vt 0.341767 0.626667
vt 0.320771 0.615646
vt 0.213971 0.626667
vt 0.225431 0.626667
vt 0.241221 0.626667
vt 0.261093 0.626667
vt 0.284731 0.626667
vt 0.311765 0.626667
vt 0.341767 0.626667
vt 0.374265 0.626667
vt 0.408746 0.626667
vt 0.444665 0.626667
vt 0.481458 0.626667
vt 0.518542 0.626667
vt 0.555335 0.626667
vt 0.591254 0.626667
vt 0.625735 0.626667
vt 0.658233 0.626667
vt 0.688235 0.626667
vt 0.715269 0.626667
vt 0.738907 0.626667
vt 0.758779 0.626667
vt 0.774569 0.626667
vt 0.786029 0.626667
vt 0.792978 0.626667
vt 0.795306 0.626667
vt 0.792978 0.626667
vt 0.786029 0.626667
vt 0.774569 0.626667
vt 0.758779 0.626667
vt 0.738907 0.626667
vt 0.715269 0.626667
vt 0.688235 0.626667
vt 0.658233 0.626667
vt 0.625735 0.626667
vt 0.591254 0.626667
vt 0.555335 0.626667
vt 0.481458 0.626667
vt 0.518542 0.626667
vt 0.444665 0.626667
vt 0.408746 0.626667
vt 0.374265 0.626667
vt 0.131156 0.603197
vt 0.134065 0.603197
vt 0.168148 0.615646
vt 0.142744 0.603197
vt 0.157058 0.603197
vt 0.176780 0.603197
vt 0.201599 0.603197
vt 0.231124 0.603197
vt 0.264890 0.603197
vt 0.302364 0.603197
vt 0.357581 0.615646
vt 0.342954 0.603197
vt 0.176019 0.615646
vt 0.188999 0.615646
vt 0.206884 0.615646
vt 0.229392 0.615646
vt 0.256167 0.615646
vt 0.286788 0.615646
vt 0.320771 0.615646
vt 0.357581 0.615646
vt 0.396637 0.615646
vt 0.437323 0.615646
vt 0.478997 0.615646
vt 0.521003 0.615646
vt 0.562677 0.615646
vt 0.603363 0.615646
vt 0.642419 0.615646
vt 0.679229 0.615646
vt 0.713212 0.615646
vt 0.743833 0.615646
vt 0.770608 0.615646
vt 0.793116 0.615646
vt 0.811001 0.615646
vt 0.823981 0.615646
vt 0.831852 0.615646
vt 0.834490 0.615646
vt 0.831852 0.615646
vt 0.823981 0.615646
vt 0.811001 0.615646
vt 0.793116 0.615646
vt 0.770608 0.615646
vt 0.743833 0.615646
vt 0.713212 0.615646
vt 0.679229 0.615646
vt 0.642419 0.615646
vt 0.603363 0.615646
vt 0.562677 0.615646
vt 0.478997 0.615646
vt 0.521003 0.615646
vt 0.437323 0.615646
vt 0.396637 0.615646
vt 0.122857 0.599864
vt 0.125831 0.599864
vt 0.134065 0.603197
vt 0.134706 0.599864
vt 0.149341 0.599864
vt 0.169507 0.599864
vt 0.194885 0.599864
vt 0.225075 0.599864
vt 0.259600 0.599864
vt 0.297917 0.599864
vt 0.339420 0.599864
vt 0.386021 0.603197
vt 0.383456 0.599864
vt 0.142744 0.603197
vt 0.157058 0.603197
vt 0.176780 0.603197
vt 0.201599 0.603197
vt 0.231124 0.603197
vt 0.264890 0.603197
vt 0.302364 0.603197
vt 0.342954 0.603197
vt 0.386021 0.603197
vt 0.430886 0.603197
vt 0.476840 0.603197
vt 0.523160 0.603197
vt 0.569114 0.603197
vt 0.613979 0.603197
vt 0.657046 0.603197
vt 0.697636 0.603197
vt 0.735110 0.603197
vt 0.768876 0.603197
vt 0.798401 0.603197
vt 0.823220 0.603197
vt 0.842942 0.603197
vt 0.857256 0.603197
vt 0.865935 0.603197
vt 0.868844 0.603197
vt 0.865935 0.603197
vt 0.857256 0.603197
vt 0.842942 0.603197
vt 0.823220 0.603197
vt 0.798401 0.603197
vt 0.768876 0.603197
vt 0.735110 0.603197
vt 0.697636 0.603197
vt 0.657046 0.603197
vt 0.613979 0.603197
vt 0.569114 0.603197
vt 0.476840 0.603197
vt 0.523160 0.603197
vt 0.430886 0.603197
vt 0.094014 0.586259
vt 0.097215 0.586259
vt 0.125831 0.599864
vt 0.106769 0.586259
vt 0.122523 0.586259
vt 0.144231 0.586259
vt 0.171550 0.586259
vt 0.204049 0.586259
vt 0.241214 0.586259
vt 0.282462 0.586259
vt 0.327139 0.586259
vt 0.374544 0.586259
vt 0.429331 0.599864
vt 0.423926 0.586259
vt 0.134706 0.599864
vt 0.149341 0.599864
vt 0.169507 0.599864
vt 0.194885 0.599864
vt 0.225075 0.599864
vt 0.259600 0.599864
vt 0.297917 0.599864
vt 0.339420 0.599864
vt 0.383456 0.599864
vt 0.429331 0.599864
vt 0.476319 0.599864
vt 0.523681 0.599864
vt 0.570669 0.599864
vt 0.616544 0.599864
vt 0.660580 0.599864
vt 0.702083 0.599864
vt 0.740400 0.599864
vt 0.774925 0.599864
vt 0.805115 0.599864
vt 0.830493 0.599864
vt 0.850659 0.599864
vt 0.865294 0.599864
vt 0.874169 0.599864
vt 0.877143 0.599864
vt 0.874169 0.599864
vt 0.865294 0.599864
vt 0.850659 0.599864
vt 0.830493 0.599864
vt 0.805115 0.599864
vt 0.774925 0.599864
vt 0.740400 0.599864
vt 0.702083 0.599864
vt 0.660580 0.599864
vt 0.616544 0.599864
vt 0.570669 0.599864
vt 0.476319 0.599864
vt 0.523681 0.599864
vt 0.086122 0.581905
vt 0.089386 0.581905
vt 0.097215 0.586259
vt 0.099125 0.581905
vt 0.115186 0.581905
vt 0.137316 0.581905
vt 0.165166 0.581905
vt 0.198297 0.581905
vt 0.236184 0.581905
vt 0.278233 0.581905
vt 0.323780 0.581905
vt 0.372105 0.581905
vt 0.422447 0.581905
vt 0.474508 0.586259
vt 0.474012 0.581905
vt 0.106769 0.586259
vt 0.122523 0.586259
vt 0.144231 0.586259
vt 0.171550 0.586259
vt 0.204049 0.586259
vt 0.241214 0.586259
vt 0.282462 0.586259
vt 0.327139 0.586259
vt 0.374544 0.586259
vt 0.423926 0.586259
vt 0.474508 0.586259
vt 0.525492 0.586259
vt 0.576074 0.586259
vt 0.625456 0.586259
vt 0.672861 0.586259
vt 0.717538 0.586259
vt 0.758786 0.586259
vt 0.795951 0.586259
vt 0.828450 0.586259
vt 0.855769 0.586259
vt 0.877477 0.586259
vt 0.893231 0.586259
vt 0.902785 0.586259
vt 0.905986 0.586259
vt 0.902785 0.586259
vt 0.893231 0.586259
vt 0.877477 0.586259
vt 0.855769 0.586259
vt 0.828450 0.586259
vt 0.795951 0.586259
vt 0.758786 0.586259
vt 0.717538 0.586259
vt 0.672861 0.586259
vt 0.625456 0.586259
vt 0.576074 0.586259
vt 0.525492 0.586259
vt 0.063265 0.567279
vt 0.066709 0.567279
vt 0.089386 0.581905
vt 0.076986 0.567279
vt 0.093935 0.567279
vt 0.117286 0.567279
vt 0.146674 0.567279
vt 0.181634 0.567279
vt 0.221615 0.567279
vt 0.265986 0.567279
vt 0.314048 0.567279
vt 0.365041 0.567279
vt 0.418164 0.567279
vt 0.472577 0.567279
vt 0.525988 0.581905
vt 0.527423 0.567279
vt 0.099125 0.581905
vt 0.115186 0.581905
vt 0.137316 0.581905
vt 0.165166 0.581905
vt 0.198297 0.581905
vt 0.236184 0.581905
vt 0.278233 0.581905
vt 0.323780 0.581905
vt 0.372105 0.581905
vt 0.422447 0.581905
vt 0.474012 0.581905
vt 0.525988 0.581905
vt 0.577553 0.581905
vt 0.627895 0.581905
vt 0.676220 0.581905
vt 0.721767 0.581905
vt 0.763816 0.581905
vt 0.801703 0.581905
vt 0.834834 0.581905
vt 0.862684 0.581905
vt 0.884814 0.581905
vt 0.900875 0.581905
vt 0.910614 0.581905
vt 0.913878 0.581905
vt 0.910614 0.581905
vt 0.900875 0.581905
vt 0.884814 0.581905
vt 0.862684 0.581905
vt 0.834834 0.581905
vt 0.801703 0.581905
vt 0.763816 0.581905
vt 0.721767 0.581905
vt 0.676220 0.581905
vt 0.627895 0.581905
vt 0.577553 0.581905
vt 0.055986 0.562041
vt 0.059488 0.562041
vt 0.066709 0.567279
vt 0.069936 0.562041
vt 0.087167 0.562041
vt 0.110908 0.562041
vt 0.140786 0.562041
vt 0.176328 0.562041
vt 0.216975 0.562041
vt 0.262086 0.562041
vt 0.310948 0.562041
vt 0.362793 0.562041
vt 0.416800 0.562041
vt 0.472120 0.562041
vt 0.527880 0.562041
vt 0.581836 0.567279
vt 0.583200 0.562041
vt 0.076986 0.567279
vt 0.093935 0.567279
vt 0.117286 0.567279
vt 0.146674 0.567279
vt 0.181634 0.567279
vt 0.221615 0.567279
vt 0.265986 0.567279
vt 0.314048 0.567279
vt 0.365041 0.567279
vt 0.418164 0.567279
vt 0.472577 0.567279
vt 0.527423 0.567279
vt 0.581836 0.567279
vt 0.634959 0.567279
vt 0.685952 0.567279
vt 0.734014 0.567279
vt 0.778385 0.567279
vt 0.818366 0.567279
vt 0.853326 0.567279
vt 0.882714 0.567279
vt 0.906065 0.567279
vt 0.923014 0.567279
vt 0.933291 0.567279
vt 0.936735 0.567279
vt 0.933291 0.567279
vt 0.923014 0.567279
vt 0.906065 0.567279
vt 0.882714 0.567279
vt 0.853326 0.567279
vt 0.818366 0.567279
vt 0.778385 0.567279
vt 0.734014 0.567279
vt 0.685952 0.567279
vt 0.634959 0.567279
vt 0.039388 0.546667
vt 0.043020 0.546667
vt 0.059488 0.562041
vt 0.053859 0.546667
vt 0.071733 0.546667
vt 0.096363 0.546667
vt 0.127357 0.546667
vt 0.164228 0.546667
vt 0.206395 0.546667
vt 0.253192 0.546667
vt 0.303881 0.546667
vt 0.357663 0.546667
vt 0.413690 0.546667
vt 0.471078 0.546667
vt 0.528922 0.546667
vt 0.586310 0.546667
vt 0.637207 0.562041
vt 0.642337 0.546667
vt 0.069936 0.562041
vt 0.087167 0.562041
vt 0.110908 0.562041
vt 0.140786 0.562041
vt 0.176328 0.562041
vt 0.216975 0.562041
vt 0.262086 0.562041
vt 0.310948 0.562041
vt 0.362793 0.562041
vt 0.416800 0.562041
vt 0.472120 0.562041
vt 0.527880 0.562041
vt 0.583200 0.562041
vt 0.637207 0.562041
vt 0.689052 0.562041
vt 0.737914 0.562041
vt 0.783025 0.562041
vt 0.823672 0.562041
vt 0.859214 0.562041
vt 0.889092 0.562041
vt 0.912833 0.562041
vt 0.930064 0.562041
vt 0.940512 0.562041
vt 0.944014 0.562041
vt 0.940512 0.562041
vt 0.930064 0.562041
vt 0.912833 0.562041
vt 0.889092 0.562041
vt 0.859214 0.562041
vt 0.823672 0.562041
vt 0.783025 0.562041
vt 0.737914 0.562041
vt 0.689052 0.562041
vt 0.032857 0.540544
vt 0.036541 0.540544
vt 0.043020 0.546667
vt 0.047533 0.540544
vt 0.065662 0.540544
vt 0.090639 0.540544
vt 0.122073 0.540544
vt 0.159467 0.540544
vt 0.202232 0.540544
vt 0.249693 0.540544
vt 0.301100 0.540544
vt 0.355645 0.540544
vt 0.412466 0.540544
vt 0.470668 0.540544
vt 0.529332 0.540544
vt 0.587534 0.540544
vt 0.644355 0.540544
vt 0.696119 0.546667
vt 0.698900 0.540544
vt 0.053859 0.546667
vt 0.071733 0.546667
vt 0.096363 0.546667
vt 0.127357 0.546667
vt 0.164228 0.546667
vt 0.206395 0.546667
vt 0.253192 0.546667
vt 0.303881 0.546667
vt 0.357663 0.546667
vt 0.413690 0.546667
vt 0.471078 0.546667
vt 0.528922 0.546667
vt 0.586310 0.546667
vt 0.642337 0.546667
vt 0.696119 0.546667
vt 0.746808 0.546667
vt 0.793605 0.546667
vt 0.835772 0.546667
vt 0.872643 0.546667
vt 0.903637 0.546667
vt 0.928267 0.546667
vt 0.946141 0.546667
vt 0.956980 0.546667
vt 0.960612 0.546667
vt 0.956980 0.546667
vt 0.946141 0.546667
vt 0.928267 0.546667
vt 0.903637 0.546667
vt 0.872643 0.546667
vt 0.835772 0.546667
vt 0.793605 0.546667
vt 0.746808 0.546667
vt 0.027075 0.533605
vt 0.030804 0.533605
vt 0.036541 0.540544
vt 0.041933 0.533605
vt 0.060285 0.533605
vt 0.085573 0.533605
vt 0.117395 0.533605
vt 0.155252 0.533605
vt 0.198546 0.533605
vt 0.246594 0.533605
vt 0.298638 0.533605
vt 0.353858 0.533605
vt 0.411382 0.533605
vt 0.470305 0.533605
vt 0.529695 0.533605
vt 0.588618 0.533605
vt 0.646142 0.533605
vt 0.701362 0.533605
vt 0.750307 0.540544
vt 0.753406 0.533605
vt 0.047533 0.540544
vt 0.065662 0.540544
vt 0.090639 0.540544
vt 0.122073 0.540544
vt 0.159467 0.540544
vt 0.202232 0.540544
vt 0.249693 0.540544
vt 0.301100 0.540544
vt 0.355645 0.540544
vt 0.412466 0.540544
vt 0.470668 0.540544
vt 0.529332 0.540544
vt 0.587534 0.540544
vt 0.644355 0.540544
vt 0.698900 0.540544
vt 0.750307 0.540544
vt 0.797768 0.540544
vt 0.840533 0.540544
vt 0.877927 0.540544
vt 0.909361 0.540544
vt 0.934338 0.540544
vt 0.952467 0.540544
vt 0.963459 0.540544
vt 0.967143 0.540544
vt 0.963459 0.540544
vt 0.952467 0.540544
vt 0.934338 0.540544
vt 0.909361 0.540544
vt 0.877927 0.540544
vt 0.840533 0.540544
vt 0.797768 0.540544
vt 0.017007 0.517755
vt 0.020816 0.517755
vt 0.030804 0.533605
vt 0.032181 0.517755
vt 0.050924 0.517755
vt 0.076750 0.517755
vt 0.109250 0.517755
vt 0.147913 0.517755
vt 0.192129 0.517755
vt 0.241199 0.517755
vt 0.294352 0.517755
vt 0.350747 0.517755
vt 0.409496 0.517755
vt 0.469673 0.517755
vt 0.530327 0.517755
vt 0.590504 0.517755
vt 0.649253 0.517755
vt 0.705648 0.517755
vt 0.758801 0.517755
vt 0.801454 0.533605
vt 0.807871 0.517755
vt 0.041933 0.533605
vt 0.060285 0.533605
vt 0.085573 0.533605
vt 0.117395 0.533605
vt 0.155252 0.533605
vt 0.198546 0.533605
vt 0.246594 0.533605
vt 0.298638 0.533605
vt 0.353858 0.533605
vt 0.411382 0.533605
vt 0.470305 0.533605
vt 0.529695 0.533605
vt 0.588618 0.533605
vt 0.646142 0.533605
vt 0.701362 0.533605
vt 0.753406 0.533605
vt 0.801454 0.533605
vt 0.844748 0.533605
vt 0.882605 0.533605
vt 0.914427 0.533605
vt 0.939715 0.533605
vt 0.958067 0.533605
vt 0.969196 0.533605
vt 0.972925 0.533605
vt 0.969196 0.533605
vt 0.958067 0.533605
vt 0.939715 0.533605
vt 0.914427 0.533605
vt 0.882605 0.533605
vt 0.844748 0.533605
vt 0.012245 0.510204
vt 0.016091 0.510204
vt 0.020816 0.517755
vt 0.027569 0.510204
vt 0.046497 0.510204
vt 0.072577 0.510204
vt 0.105398 0.510204
vt 0.144442 0.510204
vt 0.189093 0.510204
vt 0.238648 0.510204
vt 0.292324 0.510204
vt 0.349276 0.510204
vt 0.408604 0.510204
vt 0.469374 0.510204
vt 0.530626 0.510204
vt 0.591396 0.510204
vt 0.650724 0.510204
vt 0.707676 0.510204
vt 0.761352 0.510204
vt 0.810907 0.510204
vt 0.852087 0.517755
vt 0.855558 0.510204
vt 0.032181 0.517755
vt 0.050924 0.517755
vt 0.076750 0.517755
vt 0.109250 0.517755
vt 0.147913 0.517755
vt 0.192129 0.517755
vt 0.241199 0.517755
vt 0.294352 0.517755
vt 0.350747 0.517755
vt 0.409496 0.517755
vt 0.469673 0.517755
vt 0.530327 0.517755
vt 0.590504 0.517755
vt 0.649253 0.517755
vt 0.705648 0.517755
vt 0.758801 0.517755
vt 0.807871 0.517755
vt 0.852087 0.517755
vt 0.890750 0.517755
vt 0.923250 0.517755
vt 0.949076 0.517755
vt 0.967819 0.517755
vt 0.979184 0.517755
vt 0.982993 0.517755
vt 0.979184 0.517755
vt 0.967819 0.517755
vt 0.949076 0.517755
vt 0.923250 0.517755
vt 0.890750 0.517755
vt 0.008367 0.502041
vt 0.012244 0.502041
vt 0.016091 0.510204
vt 0.023813 0.502041
vt 0.042892 0.502041
vt 0.069179 0.502041
vt 0.102261 0.502041
vt 0.141615 0.502041
vt 0.186622 0.502041
vt 0.236570 0.502041
vt 0.290673 0.502041
vt 0.348077 0.502041
vt 0.407878 0.502041
vt 0.469130 0.502041
vt 0.530870 0.502041
vt 0.592122 0.502041
vt 0.651923 0.502041
vt 0.709327 0.502041
vt 0.763430 0.502041
vt 0.813378 0.502041
vt 0.858385 0.502041
vt 0.894602 0.510204
vt 0.897739 0.502041
vt 0.027569 0.510204
vt 0.046497 0.510204
vt 0.072577 0.510204
vt 0.105398 0.510204
vt 0.144442 0.510204
vt 0.189093 0.510204
vt 0.238648 0.510204
vt 0.292324 0.510204
vt 0.349276 0.510204
vt 0.408604 0.510204
vt 0.469374 0.510204
vt 0.530626 0.510204
vt 0.591396 0.510204
vt 0.650724 0.510204
vt 0.707676 0.510204
vt 0.761352 0.510204
vt 0.810907 0.510204
vt 0.855558 0.510204
vt 0.894602 0.510204
vt 0.927423 0.510204
vt 0.953503 0.510204
vt 0.972431 0.510204
vt 0.983909 0.510204
vt 0.987755 0.510204
vt 0.983909 0.510204
vt 0.972431 0.510204
vt 0.953503 0.510204
vt 0.927423 0.510204
vt 0.005646 0.493537
vt 0.009544 0.493537
vt 0.012244 0.502041
vt 0.021178 0.493537
vt 0.040361 0.493537
vt 0.066795 0.493537
vt 0.100059 0.493537
vt 0.139632 0.493537
vt 0.184887 0.493537
vt 0.235112 0.493537
vt 0.289514 0.493537
vt 0.347236 0.493537
vt 0.407367 0.493537
vt 0.468959 0.493537
vt 0.531041 0.493537
vt 0.592633 0.493537
vt 0.652764 0.493537
vt 0.710486 0.493537
vt 0.764888 0.493537
vt 0.815113 0.493537
vt 0.860368 0.493537
vt 0.899941 0.493537
vt 0.930821 0.502041
vt 0.933205 0.493537
vt 0.023813 0.502041
vt 0.042892 0.502041
vt 0.069179 0.502041
vt 0.102261 0.502041
vt 0.141615 0.502041
vt 0.186622 0.502041
vt 0.236570 0.502041
vt 0.290673 0.502041
vt 0.348077 0.502041
vt 0.407878 0.502041
vt 0.469130 0.502041
vt 0.530870 0.502041
vt 0.592122 0.502041
vt 0.651923 0.502041
vt 0.709327 0.502041
vt 0.763430 0.502041
vt 0.813378 0.502041
vt 0.858385 0.502041
vt 0.897739 0.502041
vt 0.930821 0.502041
vt 0.957108 0.502041
vt 0.976187 0.502041
vt 0.987756 0.502041
vt 0.991633 0.502041
vt 0.987756 0.502041
vt 0.976187 0.502041
vt 0.957108 0.502041
vt 0.002245 0.477415
vt 0.006170 0.477415
vt 0.009544 0.493537
vt 0.017883 0.477415
vt 0.037199 0.477415
vt 0.063814 0.477415
vt 0.097307 0.477415
vt 0.137152 0.477415
vt 0.182719 0.477415
vt 0.233290 0.477415
vt 0.288066 0.477415
vt 0.346185 0.477415
vt 0.406730 0.477415
vt 0.468746 0.477415
vt 0.531254 0.477415
vt 0.593270 0.477415
vt 0.653815 0.477415
vt 0.711934 0.477415
vt 0.766710 0.477415
vt 0.817281 0.477415
vt 0.862848 0.477415
vt 0.902693 0.477415
vt 0.936186 0.477415
vt 0.959639 0.493537
vt 0.962801 0.477415
vt 0.021178 0.493537
vt 0.040361 0.493537
vt 0.066795 0.493537
vt 0.100059 0.493537
vt 0.139632 0.493537
vt 0.184887 0.493537
vt 0.235112 0.493537
vt 0.289514 0.493537
vt 0.347236 0.493537
vt 0.407367 0.493537
vt 0.468959 0.493537
vt 0.531041 0.493537
vt 0.592633 0.493537
vt 0.652764 0.493537
vt 0.710486 0.493537
vt 0.764888 0.493537
vt 0.815113 0.493537
vt 0.860368 0.493537
vt 0.899941 0.493537
vt 0.933205 0.493537
vt 0.959639 0.493537
vt 0.978822 0.493537
vt 0.990456 0.493537
vt 0.994354 0.493537
vt 0.990456 0.493537
vt 0.978822 0.493537
vt 0.000544 0.468639
vt 0.004482 0.468639
vt 0.006170 0.477415
vt 0.016235 0.468639
vt 0.035618 0.468639
vt 0.062324 0.468639
vt 0.095932 0.468639
vt 0.135912 0.468639
vt 0.181635 0.468639
vt 0.232378 0.468639
vt 0.287342 0.468639
vt 0.345660 0.468639
vt 0.406412 0.468639
vt 0.468639 0.468639
vt 0.531361 0.468639
vt 0.593588 0.468639
vt 0.654340 0.468639
vt 0.712658 0.468639
vt 0.767622 0.468639
vt 0.818365 0.468639
vt 0.864088 0.468639
vt 0.904068 0.468639
vt 0.937676 0.468639
vt 0.964382 0.468639
vt 0.982117 0.477415
vt 0.983765 0.468639
vt 0.017883 0.477415
vt 0.037199 0.477415
vt 0.063814 0.477415
vt 0.097307 0.477415
vt 0.137152 0.477415
vt 0.182719 0.477415
vt 0.233290 0.477415
vt 0.288066 0.477415
vt 0.346185 0.477415
vt 0.406730 0.477415
vt 0.468746 0.477415
vt 0.531254 0.477415
vt 0.593270 0.477415
vt 0.653815 0.477415
vt 0.711934 0.477415
vt 0.766710 0.477415
vt 0.817281 0.477415
vt 0.862848 0.477415
vt 0.902693 0.477415
vt 0.936186 0.477415
vt 0.962801 0.477415
vt 0.982117 0.477415
vt 0.993830 0.477415
vt 0.997755 0.477415
vt 0.993830 0.477415
vt 0.000000 0.459660
vt 0.003943 0.459660
vt 0.004482 0.468639
vt 0.015708 0.459660
vt 0.035112 0.459660
vt 0.061847 0.459660
vt 0.095492 0.459660
vt 0.135516 0.459660
vt 0.181288 0.459660
vt 0.232086 0.459660
vt 0.287110 0.459660
vt 0.345492 0.459660
vt 0.406310 0.459660
vt 0.468605 0.459660
vt 0.531395 0.459660
vt 0.593690 0.459660
vt 0.654508 0.459660
vt 0.712890 0.459660
vt 0.767914 0.459660
vt 0.818712 0.459660
vt 0.864484 0.459660
vt 0.904508 0.459660
vt 0.938153 0.459660
vt 0.964888 0.459660
vt 0.984292 0.459660
vt 0.995518 0.468639
vt 0.996057 0.459660
vt 0.016235 0.468639
vt 0.035618 0.468639
vt 0.062324 0.468639
vt 0.095932 0.468639
vt 0.135912 0.468639
vt 0.181635 0.468639
vt 0.232378 0.468639
vt 0.287342 0.468639
vt 0.345660 0.468639
vt 0.406412 0.468639
vt 0.468639 0.468639
vt 0.531361 0.468639
vt 0.593588 0.468639
vt 0.654340 0.468639
vt 0.712658 0.468639
vt 0.767622 0.468639
vt 0.818365 0.468639
vt 0.864088 0.468639
vt 0.904068 0.468639
vt 0.937676 0.468639
vt 0.964382 0.468639
vt 0.983765 0.468639
vt 0.995518 0.468639
vt 0.999456 0.468639
vt 0.000544 0.450680
vt 0.004482 0.450680
vt 0.003943 0.459660
vt 0.016235 0.450680
vt 0.035618 0.450680
vt 0.062324 0.450680
vt 0.095932 0.450680
vt 0.135912 0.450680
vt 0.181635 0.450680
vt 0.232378 0.450680
vt 0.287342 0.450680
vt 0.345660 0.450680
vt 0.406412 0.450680
vt 0.468639 0.450680
vt 0.531361 0.450680
vt 0.593588 0.450680
vt 0.654340 0.450680
vt 0.712658 0.450680
vt 0.767622 0.450680
vt 0.818365 0.450680
vt 0.864088 0.450680
vt 0.904068 0.450680
vt 0.937676 0.450680
vt 0.964382 0.450680
vt 0.983765 0.450680
vt 0.995518 0.450680
vt 1.000000 0.459660
vt 0.999456 0.450680
vt 0.015708 0.459660
vt 0.035112 0.459660
vt 0.061847 0.459660
vt 0.095492 0.459660
vt 0.135516 0.459660
vt 0.181288 0.459660
vt 0.232086 0.459660
vt 0.287110 0.459660
vt 0.345492 0.459660
vt 0.406310 0.459660
vt 0.468605 0.459660
vt 0.531395 0.459660
vt 0.593690 0.459660
vt 0.654508 0.459660
vt 0.712890 0.459660
vt 0.767914 0.459660
vt 0.818712 0.459660
vt 0.864484 0.459660
vt 0.904508 0.459660
vt 0.938153 0.459660
vt 0.964888 0.459660
vt 0.984292 0.459660
vt 0.996057 0.459660
vt 0.006170 0.441905
vt 0.017883 0.441905
vt 0.002245 0.441905
vt 0.004482 0.450680
vt 0.037199 0.441905
vt 0.063814 0.441905
vt 0.097307 0.441905
vt 0.137152 0.441905
vt 0.182719 0.441905
vt 0.233290 0.441905
vt 0.288066 0.441905
vt 0.346185 0.441905
vt 0.406730 0.441905
vt 0.468746 0.441905
vt 0.531254 0.441905
vt 0.593270 0.441905
vt 0.653815 0.441905
vt 0.711934 0.441905
vt 0.766710 0.441905
vt 0.817281 0.441905
vt 0.862848 0.441905
vt 0.902693 0.441905
vt 0.936186 0.441905
vt 0.962801 0.441905
vt 0.982117 0.441905
vt 0.993830 0.441905
vt 0.997755 0.441905
vt 0.995518 0.450680
vt 0.993830 0.441905
vt 0.016235 0.450680
vt 0.035618 0.450680
vt 0.062324 0.450680
vt 0.095932 0.450680
vt 0.135912 0.450680
vt 0.181635 0.450680
vt 0.232378 0.450680
vt 0.287342 0.450680
vt 0.345660 0.450680
vt 0.406412 0.450680
vt 0.531361 0.450680
vt 0.468639 0.450680
vt 0.593588 0.450680
vt 0.654340 0.450680
vt 0.712658 0.450680
vt 0.767622 0.450680
vt 0.818365 0.450680
vt 0.864088 0.450680
vt 0.904068 0.450680
vt 0.937676 0.450680
vt 0.964382 0.450680
vt 0.983765 0.450680
vt 0.009544 0.425782
vt 0.021178 0.425782
vt 0.040361 0.425782
vt 0.005646 0.425782
vt 0.006170 0.441905
vt 0.066795 0.425782
vt 0.100059 0.425782
vt 0.139632 0.425782
vt 0.184887 0.425782
vt 0.235112 0.425782
vt 0.289514 0.425782
vt 0.347236 0.425782
vt 0.407367 0.425782
vt 0.468959 0.425782
vt 0.531041 0.425782
vt 0.592633 0.425782
vt 0.652764 0.425782
vt 0.710486 0.425782
vt 0.764888 0.425782
vt 0.815113 0.425782
vt 0.860368 0.425782
vt 0.899941 0.425782
vt 0.933205 0.425782
vt 0.959639 0.425782
vt 0.978822 0.425782
vt 0.990456 0.425782
vt 0.994354 0.425782
vt 0.990456 0.425782
vt 0.982117 0.441905
vt 0.978822 0.425782
vt 0.017883 0.441905
vt 0.037199 0.441905
vt 0.063814 0.441905
vt 0.097307 0.441905
vt 0.137152 0.441905
vt 0.182719 0.441905
vt 0.233290 0.441905
vt 0.288066 0.441905
vt 0.346185 0.441905
vt 0.406730 0.441905
vt 0.531254 0.441905
vt 0.468746 0.441905
vt 0.593270 0.441905
vt 0.653815 0.441905
vt 0.711934 0.441905
vt 0.766710 0.441905
vt 0.817281 0.441905
vt 0.862848 0.441905
vt 0.902693 0.441905
vt 0.936186 0.441905
vt 0.962801 0.441905
vt 0.012244 0.417279
vt 0.023813 0.417279
vt 0.042892 0.417279
vt 0.069179 0.417279
vt 0.008367 0.417279
vt 0.009544 0.425782
vt 0.102261 0.417279
vt 0.141615 0.417279
vt 0.186622 0.417279
vt 0.236570 0.417279
vt 0.290673 0.417279
vt 0.348077 0.417279
vt 0.407878 0.417279
vt 0.469130 0.417279
vt 0.530870 0.417279
vt 0.592122 0.417279
vt 0.651923 0.417279
vt 0.709327 0.417279
vt 0.763430 0.417279
vt 0.813378 0.417279
vt 0.858385 0.417279
vt 0.897739 0.417279
vt 0.930821 0.417279
vt 0.957108 0.417279
vt 0.976187 0.417279
vt 0.987756 0.417279
vt 0.991633 0.417279
vt 0.987756 0.417279
vt 0.976187 0.417279
vt 0.959639 0.425782
vt 0.957108 0.417279
vt 0.021178 0.425782
vt 0.040361 0.425782
vt 0.066795 0.425782
vt 0.100059 0.425782
vt 0.139632 0.425782
vt 0.184887 0.425782
vt 0.235112 0.425782
vt 0.289514 0.425782
vt 0.347236 0.425782
vt 0.407367 0.425782
vt 0.531041 0.425782
vt 0.468959 0.425782
vt 0.592633 0.425782
vt 0.652764 0.425782
vt 0.710486 0.425782
vt 0.764888 0.425782
vt 0.815113 0.425782
vt 0.860368 0.425782
vt 0.899941 0.425782
vt 0.933205 0.425782
vt 0.016091 0.409116
vt 0.027569 0.409116
vt 0.046497 0.409116
vt 0.072577 0.409116
vt 0.105398 0.409116
vt 0.012245 0.409116
vt 0.012244 0.417279
vt 0.144442 0.409116
vt 0.189093 0.409116
vt 0.238648 0.409116
vt 0.292324 0.409116
vt 0.349276 0.409116
vt 0.408604 0.409116
vt 0.469374 0.409116
vt 0.530626 0.409116
vt 0.591396 0.409116
vt 0.650724 0.409116
vt 0.707676 0.409116
vt 0.761352 0.409116
vt 0.810907 0.409116
vt 0.855558 0.409116
vt 0.894602 0.409116
vt 0.927423 0.409116
vt 0.953503 0.409116
vt 0.972431 0.409116
vt 0.983909 0.409116
vt 0.987755 0.409116
vt 0.983909 0.409116
vt 0.972431 0.409116
vt 0.953503 0.409116
vt 0.930821 0.417279
vt 0.927423 0.409116
vt 0.023813 0.417279
vt 0.042892 0.417279
vt 0.069179 0.417279
vt 0.102261 0.417279
vt 0.141615 0.417279
vt 0.186622 0.417279
vt 0.236570 0.417279
vt 0.290673 0.417279
vt 0.348077 0.417279
vt 0.407878 0.417279
vt 0.530870 0.417279
vt 0.469130 0.417279
vt 0.592122 0.417279
vt 0.651923 0.417279
vt 0.709327 0.417279
vt 0.763430 0.417279
vt 0.813378 0.417279
vt 0.858385 0.417279
vt 0.897739 0.417279
vt 0.020816 0.401565
vt 0.032181 0.401565
vt 0.050924 0.401565
vt 0.076750 0.401565
vt 0.109250 0.401565
vt 0.147913 0.401565
vt 0.017007 0.401565
vt 0.016091 0.409116
vt 0.192129 0.401565
vt 0.241199 0.401565
vt 0.294352 0.401565
vt 0.350747 0.401565
vt 0.409496 0.401565
vt 0.469673 0.401565
vt 0.530327 0.401565
vt 0.590504 0.401565
vt 0.649253 0.401565
vt 0.705648 0.401565
vt 0.758801 0.401565
vt 0.807871 0.401565
vt 0.852087 0.401565
vt 0.890750 0.401565
vt 0.923250 0.401565
vt 0.949076 0.401565
vt 0.967819 0.401565
vt 0.979184 0.401565
vt 0.982993 0.401565
vt 0.979184 0.401565
vt 0.967819 0.401565
vt 0.949076 0.401565
vt 0.923250 0.401565
vt 0.894602 0.409116
vt 0.890750 0.401565
vt 0.027569 0.409116
vt 0.046497 0.409116
vt 0.072577 0.409116
vt 0.105398 0.409116
vt 0.144442 0.409116
vt 0.189093 0.409116
vt 0.238648 0.409116
vt 0.292324 0.409116
vt 0.349276 0.409116
vt 0.408604 0.409116
vt 0.530626 0.409116
vt 0.469374 0.409116
vt 0.591396 0.409116
vt 0.650724 0.409116
vt 0.707676 0.409116
vt 0.761352 0.409116
vt 0.810907 0.409116
vt 0.855558 0.409116
vt 0.030804 0.385714
vt 0.041933 0.385714
vt 0.060285 0.385714
vt 0.085573 0.385714
vt 0.117395 0.385714
vt 0.155252 0.385714
vt 0.198546 0.385714
vt 0.027075 0.385714
vt 0.020816 0.401565
vt 0.246594 0.385714
vt 0.298638 0.385714
vt 0.353858 0.385714
vt 0.411382 0.385714
vt 0.470305 0.385714
vt 0.529695 0.385714
vt 0.588618 0.385714
vt 0.646142 0.385714
vt 0.701362 0.385714
vt 0.753406 0.385714
vt 0.801454 0.385714
vt 0.844748 0.385714
vt 0.882605 0.385714
vt 0.914427 0.385714
vt 0.939715 0.385714
vt 0.958067 0.385714
vt 0.969196 0.385714
vt 0.972925 0.385714
vt 0.969196 0.385714
vt 0.958067 0.385714
vt 0.939715 0.385714
vt 0.914427 0.385714
vt 0.882605 0.385714
vt 0.852087 0.401565
vt 0.844748 0.385714
vt 0.032181 0.401565
vt 0.050924 0.401565
vt 0.076750 0.401565
vt 0.109250 0.401565
vt 0.147913 0.401565
vt 0.192129 0.401565
vt 0.241199 0.401565
vt 0.294352 0.401565
vt 0.350747 0.401565
vt 0.409496 0.401565
vt 0.530327 0.401565
vt 0.469673 0.401565
vt 0.590504 0.401565
vt 0.649253 0.401565
vt 0.705648 0.401565
vt 0.758801 0.401565
vt 0.807871 0.401565
vt 0.036541 0.378776
vt 0.047533 0.378776
vt 0.065662 0.378776
vt 0.090639 0.378776
vt 0.122073 0.378776
vt 0.159467 0.378776
vt 0.202232 0.378776
vt 0.249693 0.378776
vt 0.032857 0.378776
vt 0.030804 0.385714
vt 0.301100 0.378776
vt 0.355645 0.378776
vt 0.412466 0.378776
vt 0.470668 0.378776
vt 0.529332 0.378776
vt 0.587534 0.378776
vt 0.644355 0.378776
vt 0.698900 0.378776
vt 0.750307 0.378776
vt 0.797768 0.378776
vt 0.840533 0.378776
vt 0.877927 0.378776
vt 0.909361 0.378776
vt 0.934338 0.378776
vt 0.952467 0.378776
vt 0.963459 0.378776
vt 0.967143 0.378776
vt 0.963459 0.378776
vt 0.952467 0.378776
vt 0.934338 0.378776
vt 0.909361 0.378776
vt 0.877927 0.378776
vt 0.840533 0.378776
vt 0.801454 0.385714
vt 0.797768 0.378776
vt 0.041933 0.385714
vt 0.060285 0.385714
vt 0.085573 0.385714
vt 0.117395 0.385714
vt 0.155252 0.385714
vt 0.198546 0.385714
vt 0.246594 0.385714
vt 0.298638 0.385714
vt 0.353858 0.385714
vt 0.411382 0.385714
vt 0.529695 0.385714
vt 0.470305 0.385714
vt 0.588618 0.385714
vt 0.646142 0.385714
vt 0.701362 0.385714
vt 0.753406 0.385714
vt 0.043020 0.372653
vt 0.053859 0.372653
vt 0.071733 0.372653
vt 0.096363 0.372653
vt 0.127357 0.372653
vt 0.164228 0.372653
vt 0.206395 0.372653
vt 0.253192 0.372653
vt 0.303881 0.372653
vt 0.039388 0.372653
vt 0.036541 0.378776
vt 0.357663 0.372653
vt 0.413690 0.372653
vt 0.471078 0.372653
vt 0.528922 0.372653
vt 0.586310 0.372653
vt 0.642337 0.372653
vt 0.696119 0.372653
vt 0.746808 0.372653
vt 0.793605 0.372653
vt 0.835772 0.372653
vt 0.872643 0.372653
vt 0.903637 0.372653
vt 0.928267 0.372653
vt 0.946141 0.372653
vt 0.956980 0.372653
vt 0.960612 0.372653
vt 0.956980 0.372653
vt 0.946141 0.372653
vt 0.928267 0.372653
vt 0.903637 0.372653
vt 0.872643 0.372653
vt 0.835772 0.372653
vt 0.793605 0.372653
vt 0.750307 0.378776
vt 0.746808 0.372653
vt 0.047533 0.378776
vt 0.065662 0.378776
vt 0.090639 0.378776
vt 0.122073 0.378776
vt 0.159467 0.378776
vt 0.202232 0.378776
vt 0.249693 0.378776
vt 0.301100 0.378776
vt 0.355645 0.378776
vt 0.412466 0.378776
vt 0.529332 0.378776
vt 0.470668 0.378776
vt 0.587534 0.378776
vt 0.644355 0.378776
vt 0.698900 0.378776
vt 0.059488 0.357279
vt 0.069936 0.357279
vt 0.087167 0.357279
vt 0.110908 0.357279
vt 0.140786 0.357279
vt 0.176328 0.357279
vt 0.216975 0.357279
vt 0.262086 0.357279
vt 0.310948 0.357279
vt 0.362793 0.357279
vt 0.055986 0.357279
vt 0.043020 0.372653
vt 0.416800 0.357279
vt 0.472120 0.357279
vt 0.527880 0.357279
vt 0.583200 0.357279
vt 0.637207 0.357279
vt 0.689052 0.357279
vt 0.737914 0.357279
vt 0.783025 0.357279
vt 0.823672 0.357279
vt 0.859214 0.357279
vt 0.889092 0.357279
vt 0.912833 0.357279
vt 0.930064 0.357279
vt 0.940512 0.357279
vt 0.944014 0.357279
vt 0.940512 0.357279
vt 0.930064 0.357279
vt 0.912833 0.357279
vt 0.889092 0.357279
vt 0.859214 0.357279
vt 0.823672 0.357279
vt 0.783025 0.357279
vt 0.737914 0.357279
vt 0.696119 0.372653
vt 0.689052 0.357279
vt 0.053859 0.372653
vt 0.071733 0.372653
vt 0.096363 0.372653
vt 0.127357 0.372653
vt 0.164228 0.372653
vt 0.206395 0.372653
vt 0.253192 0.372653
vt 0.303881 0.372653
vt 0.357663 0.372653
vt 0.413690 0.372653
vt 0.528922 0.372653
vt 0.471078 0.372653
vt 0.586310 0.372653
vt 0.642337 0.372653
vt 0.066709 0.352041
vt 0.076986 0.352041
vt 0.093935 0.352041
vt 0.117286 0.352041
vt 0.146674 0.352041
vt 0.181634 0.352041
vt 0.221615 0.352041
vt 0.265986 0.352041
vt 0.314048 0.352041
vt 0.365041 0.352041
vt 0.418164 0.352041
vt 0.063265 0.352041
vt 0.059488 0.357279
vt 0.472577 0.352041
vt 0.527423 0.352041
vt 0.581836 0.352041
vt 0.634959 0.352041
vt 0.685952 0.352041
vt 0.734014 0.352041
vt 0.778385 0.352041
vt 0.818366 0.352041
vt 0.853326 0.352041
vt 0.882714 0.352041
vt 0.906065 0.352041
vt 0.923014 0.352041
vt 0.933291 0.352041
vt 0.936735 0.352041
vt 0.933291 0.352041
vt 0.923014 0.352041
vt 0.906065 0.352041
vt 0.882714 0.352041
vt 0.853326 0.352041
vt 0.818366 0.352041
vt 0.778385 0.352041
vt 0.734014 0.352041
vt 0.685952 0.352041
vt 0.637207 0.357279
vt 0.634959 0.352041
vt 0.069936 0.357279
vt 0.087167 0.357279
vt 0.110908 0.357279
vt 0.140786 0.357279
vt 0.176328 0.357279
vt 0.216975 0.357279
vt 0.262086 0.357279
vt 0.310948 0.357279
vt 0.362793 0.357279
vt 0.416800 0.357279
vt 0.527880 0.357279
vt 0.472120 0.357279
vt 0.583200 0.357279
vt 0.067114 0.351769
vt 0.077382 0.351769
vt 0.094314 0.351769
vt 0.117644 0.351769
vt 0.147005 0.351769
vt 0.181931 0.351769
vt 0.221875 0.351769
vt 0.266205 0.351769
vt 0.314221 0.351769
vt 0.365168 0.351769
vt 0.418241 0.351769
vt 0.472603 0.351769
vt 0.063673 0.351769
vt 0.066709 0.352041
vt 0.527397 0.351769
vt 0.581759 0.351769
vt 0.634832 0.351769
vt 0.685779 0.351769
vt 0.733795 0.351769
vt 0.778125 0.351769
vt 0.818069 0.351769
vt 0.852995 0.351769
vt 0.882356 0.351769
vt 0.905686 0.351769
vt 0.922618 0.351769
vt 0.932886 0.351769
vt 0.936327 0.351769
vt 0.932886 0.351769
vt 0.922618 0.351769
vt 0.905686 0.351769
vt 0.882356 0.351769
vt 0.852995 0.351769
vt 0.818069 0.351769
vt 0.778125 0.351769
vt 0.733795 0.351769
vt 0.685779 0.351769
vt 0.634832 0.351769
vt 0.581836 0.352041
vt 0.581759 0.351769
vt 0.076986 0.352041
vt 0.093935 0.352041
vt 0.117286 0.352041
vt 0.146674 0.352041
vt 0.181634 0.352041
vt 0.221615 0.352041
vt 0.265986 0.352041
vt 0.314048 0.352041
vt 0.365041 0.352041
vt 0.418164 0.352041
vt 0.527423 0.352041
vt 0.472577 0.352041
vt 0.074876 0.347415
vt 0.084959 0.347415
vt 0.101588 0.347415
vt 0.124499 0.347415
vt 0.153333 0.347415
vt 0.187635 0.347415
vt 0.226862 0.347415
vt 0.270397 0.347415
vt 0.317552 0.347415
vt 0.367585 0.347415
vt 0.419706 0.347415
vt 0.473094 0.347415
vt 0.526906 0.347415
vt 0.071497 0.347415
vt 0.067114 0.351769
vt 0.580294 0.347415
vt 0.632415 0.347415
vt 0.682448 0.347415
vt 0.729603 0.347415
vt 0.773138 0.347415
vt 0.812365 0.347415
vt 0.846667 0.347415
vt 0.875501 0.347415
vt 0.898412 0.347415
vt 0.915041 0.347415
vt 0.925124 0.347415
vt 0.928503 0.347415
vt 0.925124 0.347415
vt 0.915041 0.347415
vt 0.898412 0.347415
vt 0.875501 0.347415
vt 0.846667 0.347415
vt 0.812365 0.347415
vt 0.773138 0.347415
vt 0.729603 0.347415
vt 0.682448 0.347415
vt 0.632415 0.347415
vt 0.580294 0.347415
vt 0.527397 0.351769
vt 0.526906 0.347415
vt 0.077382 0.351769
vt 0.094314 0.351769
vt 0.117644 0.351769
vt 0.147005 0.351769
vt 0.181931 0.351769
vt 0.221875 0.351769
vt 0.266205 0.351769
vt 0.314221 0.351769
vt 0.365168 0.351769
vt 0.418241 0.351769
vt 0.472603 0.351769
vt 0.083177 0.344082
vt 0.093063 0.344082
vt 0.109367 0.344082
vt 0.131832 0.344082
vt 0.160103 0.344082
vt 0.193734 0.344082
vt 0.232195 0.344082
vt 0.274880 0.344082
vt 0.321115 0.344082
vt 0.370171 0.344082
vt 0.421274 0.344082
vt 0.473619 0.344082
vt 0.526381 0.344082
vt 0.578726 0.344082
vt 0.079864 0.344082
vt 0.074876 0.347415
vt 0.629829 0.344082
vt 0.678885 0.344082
vt 0.725120 0.344082
vt 0.767805 0.344082
vt 0.806266 0.344082
vt 0.839897 0.344082
vt 0.868168 0.344082
vt 0.890633 0.344082
vt 0.906937 0.344082
vt 0.916823 0.344082
vt 0.920136 0.344082
vt 0.916823 0.344082
vt 0.906937 0.344082
vt 0.890633 0.344082
vt 0.868168 0.344082
vt 0.839897 0.344082
vt 0.806266 0.344082
vt 0.767805 0.344082
vt 0.725120 0.344082
vt 0.678885 0.344082
vt 0.629829 0.344082
vt 0.578726 0.344082
vt 0.526381 0.344082
vt 0.473094 0.347415
vt 0.473619 0.344082
vt 0.084959 0.347415
vt 0.101588 0.347415
vt 0.124499 0.347415
vt 0.153333 0.347415
vt 0.187635 0.347415
vt 0.226862 0.347415
vt 0.270397 0.347415
vt 0.317552 0.347415
vt 0.367585 0.347415
vt 0.419706 0.347415
vt 0.091816 0.341905
vt 0.101497 0.341905
vt 0.117463 0.341905
vt 0.139463 0.341905
vt 0.167148 0.341905
vt 0.200082 0.341905
vt 0.237746 0.341905
vt 0.279546 0.341905
vt 0.324822 0.341905
vt 0.372861 0.341905
vt 0.422906 0.341905
vt 0.474166 0.341905
vt 0.525834 0.341905
vt 0.577094 0.341905
vt 0.627139 0.341905
vt 0.088571 0.341905
vt 0.083177 0.344082
vt 0.675178 0.341905
vt 0.720454 0.341905
vt 0.762254 0.341905
vt 0.799918 0.341905
vt 0.832852 0.341905
vt 0.860537 0.341905
vt 0.882537 0.341905
vt 0.898503 0.341905
vt 0.908184 0.341905
vt 0.911429 0.341905
vt 0.908184 0.341905
vt 0.898503 0.341905
vt 0.882537 0.341905
vt 0.860537 0.341905
vt 0.832852 0.341905
vt 0.799918 0.341905
vt 0.762254 0.341905
vt 0.720454 0.341905
vt 0.675178 0.341905
vt 0.627139 0.341905
vt 0.577094 0.341905
vt 0.525834 0.341905
vt 0.474166 0.341905
vt 0.421274 0.344082
vt 0.422906 0.341905
vt 0.093063 0.344082
vt 0.109367 0.344082
vt 0.131832 0.344082
vt 0.160103 0.344082
vt 0.193734 0.344082
vt 0.232195 0.344082
vt 0.274880 0.344082
vt 0.321115 0.344082
vt 0.370171 0.344082
vt 0.100657 0.340748
vt 0.110129 0.340748
vt 0.125749 0.340748
vt 0.147271 0.340748
vt 0.174357 0.340748
vt 0.206578 0.340748
vt 0.243426 0.340748
vt 0.284320 0.340748
vt 0.328616 0.340748
vt 0.375616 0.340748
vt 0.424576 0.340748
vt 0.474726 0.340748
vt 0.525274 0.340748
vt 0.575424 0.340748
vt 0.624384 0.340748
vt 0.671384 0.340748
vt 0.097483 0.340748
vt 0.091816 0.341905
vt 0.715680 0.340748
vt 0.756574 0.340748
vt 0.793422 0.340748
vt 0.825643 0.340748
vt 0.852729 0.340748
vt 0.874251 0.340748
vt 0.889871 0.340748
vt 0.899343 0.340748
vt 0.902517 0.340748
vt 0.899343 0.340748
vt 0.889871 0.340748
vt 0.874251 0.340748
vt 0.852729 0.340748
vt 0.825643 0.340748
vt 0.793422 0.340748
vt 0.756574 0.340748
vt 0.715680 0.340748
vt 0.671384 0.340748
vt 0.624384 0.340748
vt 0.575424 0.340748
vt 0.525274 0.340748
vt 0.474726 0.340748
vt 0.424576 0.340748
vt 0.372861 0.341905
vt 0.375616 0.340748
vt 0.101497 0.341905
vt 0.117463 0.341905
vt 0.139463 0.341905
vt 0.167148 0.341905
vt 0.200082 0.341905
vt 0.237746 0.341905
vt 0.279546 0.341905
vt 0.324822 0.341905
vt 0.100657 0.340748
vt 0.110129 0.340748
vt 0.125749 0.340748
vt 0.147271 0.340748
vt 0.174357 0.340748
vt 0.206578 0.340748
vt 0.243426 0.340748
vt 0.284320 0.340748
vt 0.328616 0.340748
vn -0.060536 -0.001120 0.998165
vn -0.059918 -0.008697 0.998165
vn -0.005276 -0.000191 0.999986
vn -0.037986 0.003409 0.999272
vn -0.037640 -0.006144 0.999272
vn -0.036360 -0.010751 0.999281
vn -0.031818 -0.019020 0.999313
vn -0.034396 -0.015078 0.999295
vn -0.028716 -0.022493 0.999335
vn -0.025190 -0.025430 0.999359
vn -0.021348 -0.027792 0.999386
vn -0.017295 -0.029561 0.999413
vn -0.013130 -0.030740 0.999441
vn -0.008946 -0.031344 0.999469
vn -0.004822 -0.031406 0.999495
vn -0.001547 -0.024594 0.999696
vn 0.002052 -0.032622 0.999466
vn 0.006567 -0.028741 0.999565
vn 0.009886 -0.027058 0.999585
vn 0.012917 -0.025055 0.999603
vn 0.015638 -0.022778 0.999618
vn 0.018039 -0.020267 0.999632
vn 0.020110 -0.017562 0.999644
vn 0.021848 -0.014697 0.999653
vn 0.023249 -0.011708 0.999661
vn 0.024312 -0.008624 0.999667
vn 0.025038 -0.005472 0.999672
vn 0.025426 -0.002282 0.999674
vn 0.025478 0.000921 0.999675
vn 0.025195 0.004113 0.999674
vn 0.024577 0.007267 0.999672
vn 0.023626 0.010356 0.999667
vn 0.022343 0.013356 0.999661
vn 0.020729 0.016237 0.999653
vn 0.018790 0.018968 0.999644
vn 0.016528 0.021517 0.999632
vn 0.013952 0.023848 0.999618
vn 0.011072 0.025923 0.999603
vn 0.007906 0.027702 0.999585
vn 0.004474 0.029141 0.999565
vn 0.000806 0.030196 0.999544
vn -0.003060 0.030822 0.999520
vn -0.007077 0.030975 0.999495
vn -0.011186 0.030616 0.999469
vn -0.015317 0.029711 0.999441
vn -0.019384 0.028235 0.999413
vn -0.023299 0.026178 0.999386
vn -0.026961 0.023544 0.999359
vn -0.030266 0.020359 0.999335
vn -0.033109 0.016673 0.999313
vn -0.035395 0.012555 0.999295
vn -0.037042 0.008096 0.999281
vn -0.099449 -0.001177 0.995042
vn -0.098517 -0.013631 0.995042
vn -0.060199 0.006476 0.998165
vn -0.058355 -0.016140 0.998165
vn -0.096032 -0.025871 0.995042
vn -0.058912 0.013970 0.998165
vn -0.056697 0.021244 0.998165
vn -0.053588 0.028181 0.998165
vn -0.049633 0.034676 0.998165
vn -0.044895 0.040623 0.998165
vn -0.039449 0.045930 0.998165
vn -0.033383 0.050512 0.998165
vn -0.026789 0.054297 0.998165
vn -0.019772 0.057227 0.998165
vn -0.012442 0.059254 0.998165
vn -0.004919 0.060346 0.998165
vn 0.002683 0.060487 0.998165
vn 0.010243 0.059673 0.998165
vn 0.017640 0.057919 0.998165
vn 0.024763 0.055251 0.998165
vn 0.031491 0.051712 0.998165
vn 0.037724 0.047358 0.998165
vn 0.043361 0.042256 0.998165
vn 0.048317 0.036488 0.998165
vn 0.052509 0.030145 0.998165
vn 0.055872 0.023326 0.998165
vn 0.058355 0.016140 0.998165
vn 0.059918 0.008697 0.998165
vn 0.060536 0.001120 0.998165
vn 0.060199 -0.006476 0.998165
vn 0.058912 -0.013970 0.998165
vn 0.056697 -0.021244 0.998165
vn 0.053588 -0.028181 0.998165
vn 0.049633 -0.034676 0.998165
vn 0.044895 -0.040623 0.998165
vn 0.039449 -0.045930 0.998165
vn 0.033383 -0.050512 0.998165
vn 0.026789 -0.054297 0.998165
vn 0.019772 -0.057227 0.998165
vn 0.012442 -0.059254 0.998165
vn -0.003374 -0.053633 0.998555
vn 0.004083 -0.064892 0.997884
vn -0.010243 -0.059673 0.998165
vn -0.017640 -0.057919 0.998165
vn -0.024763 -0.055251 0.998165
vn -0.031491 -0.051712 0.998165
vn -0.037724 -0.047358 0.998165
vn -0.043361 -0.042256 0.998165
vn -0.048317 -0.036488 0.998165
vn -0.052509 -0.030145 0.998165
vn -0.055872 -0.023326 0.998165
vn -0.120374 0.001209 0.992728
vn -0.119576 -0.013888 0.992728
vn -0.098812 0.011297 0.995042
vn -0.116893 -0.028764 0.992728
vn -0.092031 -0.037704 0.995042
vn -0.112365 -0.043190 0.992728
vn -0.096617 0.023592 0.995042
vn -0.092898 0.035515 0.995042
vn -0.087714 0.046879 0.995042
vn -0.081147 0.057502 0.995042
vn -0.073301 0.067218 0.995042
vn -0.064296 0.075877 0.995042
vn -0.054281 0.083337 0.995042
vn -0.043408 0.089483 0.995042
vn -0.031850 0.094218 0.995042
vn -0.019790 0.097467 0.995042
vn -0.007420 0.099178 0.995042
vn 0.005070 0.099326 0.995042
vn 0.017479 0.097908 0.995042
vn 0.029612 0.094945 0.995042
vn 0.041280 0.090485 0.995042
vn 0.052293 0.084598 0.995042
vn 0.062484 0.077377 0.995042
vn 0.071689 0.068935 0.995042
vn 0.079765 0.059405 0.995042
vn 0.086580 0.048941 0.995042
vn 0.092031 0.037704 0.995042
vn 0.096032 0.025871 0.995042
vn 0.098517 0.013631 0.995042
vn 0.099449 0.001177 0.995042
vn 0.098812 -0.011297 0.995042
vn 0.096617 -0.023592 0.995042
vn 0.092898 -0.035515 0.995042
vn 0.087714 -0.046879 0.995042
vn 0.081147 -0.057502 0.995042
vn 0.073301 -0.067218 0.995042
vn 0.064296 -0.075877 0.995042
vn 0.054281 -0.083337 0.995042
vn 0.043408 -0.089483 0.995042
vn 0.031850 -0.094218 0.995042
vn 0.019790 -0.097467 0.995042
vn -0.005756 -0.091478 0.995790
vn 0.006630 -0.105367 0.994411
vn -0.017479 -0.097908 0.995042
vn -0.029612 -0.094945 0.995042
vn -0.041280 -0.090485 0.995042
vn -0.052293 -0.084598 0.995042
vn -0.062484 -0.077377 0.995042
vn -0.071689 -0.068935 0.995042
vn -0.079765 -0.059405 0.995042
vn -0.086580 -0.048941 0.995042
vn -0.157409 -0.002955 0.987529
vn -0.155797 -0.022660 0.987529
vn -0.119273 0.016284 0.992728
vn -0.151729 -0.042008 0.987529
vn -0.145269 -0.060693 0.987529
vn -0.106066 -0.056932 0.992728
vn -0.136514 -0.078422 0.987529
vn -0.116292 0.031105 0.992728
vn -0.111476 0.045436 0.992728
vn -0.104902 0.059050 0.992728
vn -0.096675 0.071730 0.992728
vn -0.086922 0.083283 0.992728
vn -0.075798 0.093521 0.992728
vn -0.063479 0.102283 0.992728
vn -0.050160 0.109432 0.992728
vn -0.036048 0.114856 0.992728
vn -0.021370 0.118468 0.992728
vn -0.006354 0.120212 0.992728
vn 0.008765 0.120061 0.992728
vn 0.023743 0.118016 0.992728
vn 0.038347 0.114110 0.992728
vn 0.052346 0.108403 0.992728
vn 0.065519 0.100988 0.992728
vn 0.077659 0.091981 0.992728
vn 0.088577 0.081521 0.992728
vn 0.098095 0.069777 0.992728
vn 0.106066 0.056932 0.992728
vn 0.112365 0.043190 0.992728
vn 0.116893 0.028764 0.992728
vn 0.119576 0.013888 0.992728
vn 0.120374 -0.001209 0.992728
vn 0.119273 -0.016284 0.992728
vn 0.116292 -0.031105 0.992728
vn 0.111476 -0.045436 0.992728
vn 0.104902 -0.059050 0.992728
vn 0.096675 -0.071730 0.992728
vn 0.086922 -0.083283 0.992728
vn 0.075798 -0.093521 0.992728
vn 0.063479 -0.102283 0.992728
vn 0.050160 -0.109432 0.992728
vn 0.036048 -0.114856 0.992728
vn 0.021370 -0.118468 0.992728
vn -0.007514 -0.119414 0.992816
vn 0.007623 -0.121147 0.992605
vn -0.023743 -0.118016 0.992728
vn -0.038347 -0.114110 0.992728
vn -0.052346 -0.108403 0.992728
vn -0.065519 -0.100988 0.992728
vn -0.077659 -0.091981 0.992728
vn -0.088577 -0.081521 0.992728
vn -0.098095 -0.069777 0.992728
vn -0.188639 -0.001136 0.982046
vn -0.187010 -0.024770 0.982046
vn -0.156538 0.016798 0.987529
vn -0.182430 -0.048013 0.982046
vn -0.174974 -0.070499 0.982046
vn -0.164759 -0.091873 0.982046
vn -0.125609 -0.094913 0.987529
vn -0.151944 -0.111798 0.982046
vn -0.153199 0.036283 0.987529
vn -0.147443 0.055199 0.987529
vn -0.139362 0.073243 0.987529
vn -0.129083 0.090132 0.987529
vn -0.116769 0.105600 0.987529
vn -0.102612 0.119402 0.987529
vn -0.086839 0.131321 0.987529
vn -0.069695 0.141169 0.987529
vn -0.051451 0.148792 0.987529
vn -0.032399 0.154066 0.987529
vn -0.012833 0.156913 0.987529
vn 0.006936 0.157284 0.987529
vn 0.026593 0.155174 0.987529
vn 0.045831 0.150617 0.987529
vn 0.064348 0.143686 0.987529
vn 0.081849 0.134488 0.987529
vn 0.098059 0.123170 0.987529
vn 0.112724 0.109908 0.987529
vn 0.125609 0.094913 0.987529
vn 0.136514 0.078422 0.987529
vn 0.145269 0.060693 0.987529
vn 0.151729 0.042008 0.987529
vn 0.155797 0.022660 0.987529
vn 0.157409 0.002955 0.987529
vn 0.156538 -0.016798 0.987529
vn 0.153199 -0.036283 0.987529
vn 0.147443 -0.055199 0.987529
vn 0.139362 -0.073243 0.987529
vn 0.129083 -0.090132 0.987529
vn 0.116769 -0.105600 0.987529
vn 0.102612 -0.119402 0.987529
vn 0.086839 -0.131321 0.987529
vn 0.069695 -0.141169 0.987529
vn 0.051451 -0.148792 0.987529
vn 0.032399 -0.154066 0.987529
vn -0.009627 -0.152997 0.988180
vn 0.010030 -0.159408 0.987162
vn -0.026593 -0.155174 0.987529
vn -0.045831 -0.150617 0.987529
vn -0.064348 -0.143686 0.987529
vn -0.081849 -0.134488 0.987529
vn -0.098059 -0.123170 0.987529
vn -0.112724 -0.109908 0.987529
vn -0.218531 0.002378 0.975827
vn -0.217106 -0.025031 0.975827
vn -0.187294 0.022515 0.982046
vn -0.212258 -0.052043 0.975827
vn -0.204061 -0.078236 0.975827
vn -0.192646 -0.103194 0.975827
vn -0.178195 -0.126526 0.975827
vn -0.136733 -0.129961 0.982046
vn -0.160931 -0.147862 0.975827
vn -0.182996 0.045812 0.982046
vn -0.175811 0.068386 0.982046
vn -0.165853 0.089882 0.982046
vn -0.153280 0.109959 0.982046
vn -0.138289 0.128304 0.982046
vn -0.121118 0.144625 0.982046
vn -0.102037 0.158665 0.982046
vn -0.081347 0.170202 0.982046
vn -0.059373 0.179055 0.982046
vn -0.036464 0.185084 0.982046
vn -0.012978 0.188195 0.982046
vn 0.010711 0.188338 0.982046
vn 0.034231 0.185510 0.982046
vn 0.057213 0.179758 0.982046
vn 0.079290 0.171170 0.982046
vn 0.100118 0.159882 0.982046
vn 0.119367 0.146073 0.982046
vn 0.136733 0.129961 0.982046
vn 0.151944 0.111798 0.982046
vn 0.164759 0.091873 0.982046
vn 0.174974 0.070499 0.982046
vn 0.182430 0.048013 0.982046
vn 0.187010 0.024770 0.982046
vn 0.188639 0.001136 0.982046
vn 0.187294 -0.022515 0.982046
vn 0.182996 -0.045812 0.982046
vn 0.175811 -0.068386 0.982046
vn 0.165853 -0.089882 0.982046
vn 0.153280 -0.109959 0.982046
vn 0.138289 -0.128304 0.982046
vn 0.121118 -0.144625 0.982046
vn 0.102037 -0.158665 0.982046
vn 0.081347 -0.170202 0.982046
vn 0.059373 -0.179055 0.982046
vn 0.036464 -0.185084 0.982046
vn -0.011289 -0.179427 0.983706
vn 0.012346 -0.196232 0.980480
vn -0.034231 -0.185510 0.982046
vn -0.057213 -0.179758 0.982046
vn -0.079290 -0.171170 0.982046
vn -0.100118 -0.159882 0.982046
vn -0.119367 -0.146073 0.982046
vn -0.265881 -0.004232 0.963997
vn -0.263254 -0.037523 0.963997
vn -0.216510 0.029748 0.975827
vn -0.256476 -0.070221 0.963996
vn -0.245653 -0.101812 0.963996
vn -0.230955 -0.131797 0.963996
vn -0.212614 -0.159705 0.963997
vn -0.190923 -0.185095 0.963996
vn -0.141128 -0.166866 0.975827
vn -0.166220 -0.207564 0.963996
vn -0.211075 0.056650 0.975827
vn -0.202310 0.082657 0.975827
vn -0.190355 0.107362 0.975827
vn -0.175399 0.130373 0.975827
vn -0.157675 0.151329 0.975827
vn -0.137464 0.169898 0.975827
vn -0.115087 0.185785 0.975827
vn -0.090895 0.198745 0.975827
vn -0.065269 0.208570 0.975827
vn -0.038613 0.215105 0.975827
vn -0.011348 0.218250 0.975827
vn 0.016095 0.217952 0.975827
vn 0.043285 0.214215 0.975827
vn 0.069791 0.207100 0.975827
vn 0.095198 0.196721 0.975827
vn 0.119104 0.183238 0.975827
vn 0.141128 0.166866 0.975827
vn 0.160931 0.147862 0.975827
vn 0.178195 0.126526 0.975827
vn 0.192646 0.103194 0.975827
vn 0.204061 0.078236 0.975827
vn 0.212258 0.052043 0.975827
vn 0.217106 0.025031 0.975827
vn 0.218531 -0.002378 0.975827
vn 0.216510 -0.029748 0.975827
vn 0.211075 -0.056650 0.975827
vn 0.202310 -0.082657 0.975827
vn 0.190355 -0.107362 0.975827
vn 0.175399 -0.130373 0.975827
vn 0.157675 -0.151329 0.975827
vn 0.137464 -0.169898 0.975827
vn 0.115087 -0.185785 0.975827
vn 0.090895 -0.198745 0.975827
vn 0.065269 -0.208570 0.975827
vn 0.038613 -0.215105 0.975827
vn -0.013578 -0.215822 0.976338
vn 0.013930 -0.221416 0.975080
vn -0.043285 -0.214215 0.975827
vn -0.069791 -0.207100 0.975827
vn -0.095198 -0.196721 0.975827
vn -0.119104 -0.183238 0.975827
vn -0.305325 -0.001091 0.952248
vn -0.302779 -0.039350 0.952248
vn -0.264314 0.029125 0.963997
vn -0.295460 -0.076988 0.952248
vn -0.283482 -0.113411 0.952248
vn -0.267032 -0.148047 0.952248
vn -0.246373 -0.180348 0.952247
vn -0.221824 -0.209806 0.952248
vn -0.193782 -0.235953 0.952247
vn -0.138892 -0.226758 0.963997
vn -0.162680 -0.258379 0.952248
vn -0.258581 0.062024 0.963996
vn -0.248769 0.093942 0.963996
vn -0.235033 0.124381 0.963996
vn -0.217591 0.152857 0.963996
vn -0.196716 0.178923 0.963997
vn -0.172739 0.202168 0.963996
vn -0.146040 0.222224 0.963996
vn -0.117036 0.238776 0.963996
vn -0.086188 0.251561 0.963996
vn -0.053978 0.260380 0.963996
vn -0.020918 0.265091 0.963996
vn 0.012470 0.265622 0.963997
vn 0.045663 0.261963 0.963997
vn 0.078139 0.254176 0.963996
vn 0.109379 0.242380 0.963996
vn 0.138892 0.226758 0.963997
vn 0.166220 0.207564 0.963996
vn 0.190923 0.185095 0.963996
vn 0.212614 0.159705 0.963997
vn 0.230955 0.131797 0.963996
vn 0.245653 0.101812 0.963996
vn 0.256476 0.070221 0.963996
vn 0.263254 0.037523 0.963997
vn 0.265881 0.004232 0.963997
vn 0.264314 -0.029125 0.963997
vn 0.258581 -0.062024 0.963996
vn 0.248769 -0.093942 0.963996
vn 0.235033 -0.124381 0.963996
vn 0.217591 -0.152857 0.963996
vn 0.196716 -0.178923 0.963997
vn 0.172739 -0.202168 0.963996
vn 0.146040 -0.222224 0.963996
vn 0.117036 -0.238776 0.963996
vn 0.086188 -0.251561 0.963996
vn 0.053978 -0.260380 0.963996
vn -0.016464 -0.261709 0.965006
vn 0.016834 -0.267582 0.963388
vn -0.045663 -0.261963 0.963997
vn -0.078139 -0.254176 0.963996
vn -0.109379 -0.242380 0.963996
vn -0.347221 0.003721 0.937776
vn -0.344952 -0.039826 0.937775
vn -0.303054 0.037185 0.952248
vn -0.337237 -0.082747 0.937776
vn -0.324208 -0.124360 0.937776
vn -0.306065 -0.164014 0.937776
vn -0.283094 -0.201080 0.937776
vn -0.255661 -0.234977 0.937776
vn -0.224194 -0.265167 0.937776
vn -0.189193 -0.291174 0.937776
vn -0.129014 -0.276731 0.952248
vn -0.151206 -0.312589 0.937777
vn -0.296003 0.074875 0.952248
vn -0.284285 0.111383 0.952248
vn -0.268083 0.146134 0.952248
vn -0.247654 0.178583 0.952248
vn -0.223319 0.208215 0.952247
vn -0.195462 0.234563 0.952247
vn -0.164523 0.257209 0.952248
vn -0.130988 0.275802 0.952247
vn -0.095390 0.290044 0.952248
vn -0.058284 0.299712 0.952248
vn -0.020260 0.304653 0.952248
vn 0.018082 0.304791 0.952248
vn 0.056142 0.300122 0.952247
vn 0.093314 0.290718 0.952247
vn 0.129014 0.276731 0.952248
vn 0.162680 0.258379 0.952248
vn 0.193782 0.235953 0.952247
vn 0.221824 0.209806 0.952248
vn 0.246373 0.180348 0.952247
vn 0.267032 0.148047 0.952248
vn 0.283482 0.113411 0.952248
vn 0.295460 0.076988 0.952248
vn 0.302779 0.039350 0.952248
vn 0.305325 0.001091 0.952248
vn 0.303054 -0.037185 0.952248
vn 0.296003 -0.074875 0.952248
vn 0.284285 -0.111383 0.952248
vn 0.268083 -0.146134 0.952248
vn 0.247654 -0.178583 0.952248
vn 0.223319 -0.208215 0.952247
vn 0.195462 -0.234563 0.952247
vn 0.164523 -0.257209 0.952248
vn 0.130988 -0.275802 0.952247
vn 0.095390 -0.290044 0.952248
vn 0.058284 -0.299712 0.952248
vn -0.018429 -0.292922 0.955959
vn 0.019883 -0.316041 0.948537
vn -0.056142 -0.300122 0.952247
vn -0.093314 -0.290718 0.952247
vn -0.415222 -0.005744 0.909702
vn -0.411228 -0.057741 0.909702
vn -0.344017 0.047211 0.937776
vn -0.400751 -0.108824 0.909701
vn -0.383946 -0.158193 0.909703
vn -0.361095 -0.205069 0.909702
vn -0.332548 -0.248709 0.909701
vn -0.298750 -0.288425 0.909703
vn -0.260243 -0.323593 0.909704
vn -0.217638 -0.353660 0.909702
vn -0.171596 -0.378150 0.909702
vn -0.110836 -0.329074 0.937777
vn -0.122849 -0.396676 0.909701
vn -0.335387 0.089955 0.937776
vn -0.321468 0.131280 0.937776
vn -0.302480 0.170537 0.937775
vn -0.278722 0.207104 0.937775
vn -0.250564 0.240403 0.937776
vn -0.218459 0.269908 0.937777
vn -0.182908 0.295163 0.937776
vn -0.144472 0.315759 0.937776
vn -0.103758 0.331374 0.937777
vn -0.061407 0.341769 0.937776
vn -0.018088 0.346770 0.937776
vn 0.025516 0.346303 0.937776
vn 0.068719 0.340373 0.937776
vn 0.110836 0.329074 0.937777
vn 0.151206 0.312589 0.937777
vn 0.189193 0.291174 0.937776
vn 0.224194 0.265167 0.937776
vn 0.255661 0.234977 0.937776
vn 0.283094 0.201080 0.937776
vn 0.306065 0.164014 0.937776
vn 0.324208 0.124360 0.937776
vn 0.337237 0.082747 0.937776
vn 0.344952 0.039826 0.937775
vn 0.347221 -0.003721 0.937776
vn 0.344017 -0.047211 0.937776
vn 0.335387 -0.089955 0.937776
vn 0.321468 -0.131280 0.937776
vn 0.302480 -0.170537 0.937775
vn 0.278722 -0.207104 0.937775
vn 0.250564 -0.240403 0.937776
vn 0.218459 -0.269908 0.937777
vn 0.182908 -0.295163 0.937776
vn 0.144472 -0.315759 0.937776
vn 0.103758 -0.331374 0.937777
vn 0.061407 -0.341769 0.937776
vn -0.021622 -0.343680 0.938838
vn 0.022061 -0.350647 0.936248
vn -0.068719 -0.340373 0.937776
vn -0.439505 0.004280 0.898230
vn -0.436572 -0.050841 0.898232
vn -0.412670 0.046344 0.909701
vn -0.426761 -0.105155 0.898230
vn -0.410219 -0.157813 0.898229
vn -0.387199 -0.207984 0.898231
vn -0.358082 -0.254873 0.898230
vn -0.323316 -0.297743 0.898229
vn -0.283447 -0.335918 0.898230
vn -0.239111 -0.368793 0.898231
vn -0.191002 -0.395852 0.898231
vn -0.139884 -0.416671 0.898230
vn -0.072161 -0.408943 0.909702
vn -0.086558 -0.430919 0.898230
vn -0.403607 0.097699 0.909701
vn -0.388178 0.147511 0.909702
vn -0.366627 0.195001 0.909703
vn -0.339296 0.239414 0.909703
vn -0.306615 0.280051 0.909702
vn -0.269097 0.316272 0.909703
vn -0.227336 0.347505 0.909702
vn -0.181990 0.373253 0.909704
vn -0.133773 0.393126 0.909701
vn -0.083447 0.406791 0.909702
vn -0.031804 0.414042 0.909702
vn 0.020340 0.414764 0.909702
vn 0.072161 0.408943 0.909702
vn 0.122849 0.396676 0.909701
vn 0.171596 0.378150 0.909702
vn 0.217638 0.353660 0.909702
vn 0.260243 0.323593 0.909704
vn 0.298750 0.288425 0.909703
vn 0.332548 0.248709 0.909701
vn 0.361095 0.205069 0.909702
vn 0.383946 0.158193 0.909703
vn 0.400751 0.108824 0.909701
vn 0.411228 0.057741 0.909702
vn 0.415222 0.005744 0.909702
vn 0.412670 -0.046344 0.909701
vn 0.403607 -0.097699 0.909701
vn 0.388178 -0.147511 0.909702
vn 0.366627 -0.195001 0.909703
vn 0.339296 -0.239414 0.909703
vn 0.306615 -0.280051 0.909702
vn 0.269097 -0.316272 0.909703
vn 0.227336 -0.347505 0.909702
vn 0.181990 -0.373253 0.909704
vn 0.133773 -0.393126 0.909701
vn 0.083447 -0.406791 0.909702
vn -0.025590 -0.406740 0.913186
vn 0.026389 -0.419452 0.907394
vn -0.525494 -0.006400 0.850773
vn -0.520548 -0.072213 0.850773
vn -0.435501 0.059330 0.898231
vn -0.507393 -0.136886 0.850773
vn -0.486241 -0.199398 0.850770
vn -0.457412 -0.258769 0.850772
vn -0.421371 -0.314056 0.850773
vn -0.378688 -0.364390 0.850773
vn -0.330030 -0.408980 0.850773
vn -0.276172 -0.447121 0.850771
vn -0.217956 -0.478209 0.850771
vn -0.156300 -0.501754 0.850772
vn -0.092180 -0.517385 0.850773
vn -0.027246 -0.433076 0.900945
vn -0.032464 -0.516037 0.855951
vn -0.424631 0.113443 0.898231
vn -0.407065 0.165769 0.898231
vn -0.383080 0.215484 0.898230
vn -0.353054 0.261799 0.898228
vn -0.317457 0.303980 0.898230
vn -0.276853 0.341371 0.898230
vn -0.231886 0.373378 0.898230
vn -0.183261 0.399500 0.898229
vn -0.131745 0.419318 0.898229
vn -0.078152 0.432520 0.898231
vn -0.023326 0.438909 0.898229
vn 0.031867 0.438373 0.898228
vn 0.086558 0.430919 0.898230
vn 0.139884 0.416671 0.898230
vn 0.191002 0.395852 0.898231
vn 0.239111 0.368793 0.898231
vn 0.283447 0.335918 0.898230
vn 0.323316 0.297743 0.898229
vn 0.358082 0.254873 0.898230
vn 0.387199 0.207984 0.898231
vn 0.410219 0.157813 0.898229
vn 0.426761 0.105155 0.898230
vn 0.436572 0.050841 0.898232
vn 0.439505 -0.004280 0.898230
vn 0.435501 -0.059330 0.898231
vn 0.424631 -0.113443 0.898231
vn 0.407065 -0.165769 0.898231
vn 0.383080 -0.215484 0.898230
vn 0.353054 -0.261799 0.898228
vn 0.317457 -0.303980 0.898230
vn 0.276853 -0.341371 0.898230
vn 0.231886 -0.373378 0.898230
vn 0.183261 -0.399500 0.898229
vn 0.131745 -0.419318 0.898229
vn 0.078152 -0.432520 0.898231
vn 0.028088 -0.446459 0.894363
vn -0.550536 0.005017 0.834796
vn -0.546825 -0.064022 0.834795
vn -0.522150 0.059511 0.850775
vn -0.534486 -0.132054 0.834797
vn -0.513724 -0.198000 0.834796
vn -0.484858 -0.260826 0.834795
vn -0.448341 -0.319537 0.834797
vn -0.404756 -0.373206 0.834799
vn -0.354788 -0.420994 0.834799
vn -0.299225 -0.462141 0.834800
vn -0.238946 -0.496000 0.834799
vn -0.174896 -0.522038 0.834798
vn -0.108090 -0.539845 0.834796
vn -0.034259 -0.544552 0.838027
vn 0.033362 -0.530292 0.847159
vn 0.034989 -0.556122 0.830364
vn -0.510578 0.124488 0.850772
vn -0.490955 0.187500 0.850768
vn -0.463580 0.247551 0.850771
vn -0.428894 0.303699 0.850774
vn -0.387450 0.355059 0.850773
vn -0.339894 0.400820 0.850773
vn -0.286978 0.440261 0.850772
vn -0.229537 0.472757 0.850773
vn -0.168474 0.497795 0.850774
vn -0.104754 0.514992 0.850770
vn -0.039382 0.524058 0.850771
vn 0.026606 0.524857 0.850775
vn 0.092180 0.517385 0.850773
vn 0.156300 0.501754 0.850772
vn 0.217956 0.478209 0.850771
vn 0.276172 0.447121 0.850771
vn 0.330030 0.408980 0.850773
vn 0.378688 0.364390 0.850773
vn 0.421371 0.314056 0.850773
vn 0.457412 0.258769 0.850772
vn 0.486241 0.199398 0.850770
vn 0.507393 0.136886 0.850773
vn 0.520548 0.072213 0.850773
vn 0.525494 0.006400 0.850773
vn 0.522150 -0.059511 0.850775
vn 0.510578 -0.124488 0.850772
vn 0.490955 -0.187500 0.850768
vn 0.463580 -0.247551 0.850771
vn 0.428894 -0.303699 0.850774
vn 0.387450 -0.355059 0.850773
vn 0.339894 -0.400820 0.850773
vn 0.286978 -0.440261 0.850772
vn 0.229537 -0.472757 0.850773
vn 0.168474 -0.497795 0.850774
vn 0.104754 -0.514992 0.850770
vn -0.653773 -0.007125 0.756657
vn -0.647724 -0.089008 0.756658
vn -0.545569 0.073981 0.834794
vn -0.631457 -0.169487 0.756661
vn -0.605234 -0.247294 0.756662
vn -0.569475 -0.321204 0.756655
vn -0.524730 -0.390043 0.756654
vn -0.471703 -0.452732 0.756657
vn -0.411243 -0.508286 0.756653
vn -0.344295 -0.555820 0.756654
vn -0.271917 -0.594588 0.756655
vn -0.195251 -0.623976 0.756658
vn -0.115503 -0.643521 0.756664
vn -0.040105 -0.637458 0.769441
vn 0.041734 -0.663362 0.747134
vn 0.098229 -0.541722 0.834798
vn 0.129504 -0.640855 0.756660
vn -0.531994 0.141776 0.834795
vn -0.510027 0.207329 0.834798
vn -0.480019 0.269618 0.834798
vn -0.442444 0.327657 0.834796
vn -0.397888 0.380524 0.834798
vn -0.347056 0.427391 0.834799
vn -0.290754 0.467521 0.834798
vn -0.229866 0.500274 0.834798
vn -0.165352 0.525141 0.834797
vn -0.098229 0.541722 0.834798
vn -0.029561 0.549758 0.834801
vn 0.039575 0.549133 0.834798
vn 0.108090 0.539845 0.834796
vn 0.174896 0.522038 0.834798
vn 0.238946 0.496000 0.834799
vn 0.299225 0.462141 0.834800
vn 0.354788 0.420994 0.834799
vn 0.404756 0.373206 0.834799
vn 0.448341 0.319537 0.834797
vn 0.484858 0.260826 0.834795
vn 0.513724 0.198000 0.834796
vn 0.534486 0.132054 0.834797
vn 0.546825 0.064022 0.834795
vn 0.550536 -0.005017 0.834796
vn 0.545569 -0.073981 0.834794
vn 0.531994 -0.141776 0.834795
vn 0.510027 -0.207329 0.834798
vn 0.480019 -0.269618 0.834798
vn 0.442444 -0.327657 0.834796
vn 0.397888 -0.380524 0.834798
vn 0.347056 -0.427391 0.834799
vn 0.290754 -0.467521 0.834798
vn 0.229866 -0.500274 0.834798
vn 0.165352 -0.525141 0.834797
vn -0.680785 0.005761 0.732461
vn -0.676140 -0.079609 0.732459
vn -0.649511 0.074871 0.756657
vn -0.660831 -0.163725 0.732459
vn -0.635098 -0.245259 0.732461
vn -0.599347 -0.322923 0.732464
vn -0.554153 -0.395494 0.732461
vn -0.500218 -0.461831 0.732458
vn -0.438388 -0.520885 0.732458
vn -0.369647 -0.571720 0.732460
vn -0.295077 -0.613541 0.732459
vn -0.215858 -0.645692 0.732453
vn -0.133226 -0.667648 0.732459
vn -0.042714 -0.678926 0.732963
vn 0.042790 -0.680143 0.731830
vn 0.121909 -0.669804 0.732462
vn 0.208804 -0.619576 0.756655
vn 0.204897 -0.649247 0.732459
vn -0.634998 0.155683 0.756664
vn -0.610480 0.234043 0.756663
vn -0.576341 0.308718 0.756653
vn -0.533105 0.378516 0.756654
vn -0.481458 0.442339 0.756660
vn -0.422220 0.499201 0.756656
vn -0.356326 0.548182 0.756656
vn -0.284812 0.588520 0.756655
vn -0.208804 0.619576 0.756655
vn -0.129504 0.640855 0.756660
vn -0.048161 0.652032 0.756660
vn 0.033939 0.652926 0.756661
vn 0.115503 0.643521 0.756664
vn 0.195251 0.623976 0.756658
vn 0.271917 0.594588 0.756655
vn 0.344295 0.555820 0.756654
vn 0.411243 0.508286 0.756653
vn 0.471703 0.452732 0.756657
vn 0.524730 0.390043 0.756654
vn 0.569475 0.321204 0.756655
vn 0.605234 0.247294 0.756662
vn 0.631457 0.169487 0.756661
vn 0.647724 0.089008 0.756658
vn 0.653773 0.007125 0.756657
vn 0.649511 -0.074871 0.756657
vn 0.634998 -0.155683 0.756664
vn 0.610480 -0.234043 0.756663
vn 0.576341 -0.308718 0.756653
vn 0.533105 -0.378516 0.756654
vn 0.481458 -0.442339 0.756660
vn 0.422220 -0.499201 0.756656
vn 0.356326 -0.548182 0.756656
vn 0.284812 -0.588520 0.756655
vn -0.727830 -0.001155 0.685757
vn -0.721947 -0.092367 0.685755
vn -0.674693 0.091039 0.732463
vn -0.704677 -0.182122 0.685757
vn -0.676298 -0.269007 0.685752
vn -0.637249 -0.351646 0.685754
vn -0.588137 -0.428734 0.685771
vn -0.529774 -0.499074 0.685758
vn -0.463044 -0.561535 0.685762
vn -0.389012 -0.615135 0.685768
vn -0.308843 -0.659039 0.685772
vn -0.223813 -0.692558 0.685763
vn -0.135251 -0.715158 0.685752
vn -0.044802 -0.712134 0.700613
vn 0.046568 -0.740193 0.670780
vn 0.137518 -0.714724 0.685754
vn 0.226009 -0.691848 0.685760
vn 0.284652 -0.618446 0.732460
vn 0.310933 -0.658057 0.685771
vn -0.657964 0.174883 0.732461
vn -0.630862 0.255975 0.732455
vn -0.593801 0.333022 0.732459
vn -0.547378 0.404810 0.732466
vn -0.492330 0.470230 0.732458
vn -0.429513 0.528235 0.732452
vn -0.359922 0.577896 0.732456
vn -0.284652 0.618446 0.732460
vn -0.204897 0.649247 0.732459
vn -0.121909 0.669804 0.732462
vn -0.036997 0.679802 0.732462
vn 0.048495 0.679079 0.732461
vn 0.133226 0.667648 0.732459
vn 0.215858 0.645692 0.732453
vn 0.295077 0.613541 0.732459
vn 0.369647 0.571720 0.732460
vn 0.438388 0.520885 0.732458
vn 0.500218 0.461831 0.732458
vn 0.554153 0.395494 0.732461
vn 0.599347 0.322923 0.732464
vn 0.635098 0.245259 0.732461
vn 0.660831 0.163725 0.732459
vn 0.676140 0.079609 0.732459
vn 0.680785 -0.005761 0.732461
vn 0.674693 -0.091039 0.732463
vn 0.657964 -0.174883 0.732461
vn 0.630862 -0.255975 0.732455
vn 0.593801 -0.333022 0.732459
vn 0.547378 -0.404810 0.732466
vn 0.492330 -0.470230 0.732458
vn 0.429513 -0.528235 0.732452
vn 0.359922 -0.577896 0.732456
vn -0.821116 -0.007028 0.570719
vn -0.813761 -0.109884 0.570717
vn -0.722240 0.090077 0.685752
vn -0.793572 -0.211009 0.570718
vn -0.760863 -0.308805 0.570725
vn -0.716161 -0.401732 0.570723
vn -0.660170 -0.488325 0.570714
vn -0.593756 -0.567215 0.570720
vn -0.517986 -0.637157 0.570720
vn -0.434042 -0.697054 0.570722
vn -0.343256 -0.745962 0.570716
vn -0.247054 -0.783096 0.570724
vn -0.146961 -0.807888 0.570719
vn -0.050778 -0.807100 0.588228
vn 0.052153 -0.828951 0.556885
vn 0.160765 -0.805255 0.570717
vn 0.260422 -0.778756 0.570718
vn 0.355971 -0.739981 0.570712
vn 0.390957 -0.613890 0.685778
vn 0.445910 -0.689523 0.570720
vn -0.705259 0.179889 0.685748
vn -0.677139 0.266856 0.685762
vn -0.638350 0.349618 0.685767
vn -0.589503 0.426870 0.685761
vn -0.531357 0.497396 0.685753
vn -0.464820 0.560060 0.685766
vn -0.390957 0.613890 0.685778
vn -0.310933 0.658057 0.685771
vn -0.226009 0.691848 0.685760
vn -0.137518 0.714724 0.685754
vn -0.046852 0.726326 0.685751
vn 0.044548 0.726469 0.685753
vn 0.135251 0.715158 0.685752
vn 0.223813 0.692558 0.685763
vn 0.308843 0.659039 0.685772
vn 0.389012 0.615135 0.685768
vn 0.463044 0.561535 0.685762
vn 0.529774 0.499074 0.685758
vn 0.588137 0.428734 0.685771
vn 0.637249 0.351646 0.685754
vn 0.676298 0.269007 0.685752
vn 0.704677 0.182122 0.685757
vn 0.721947 0.092367 0.685755
vn 0.727830 0.001155 0.685757
vn 0.722240 -0.090077 0.685752
vn 0.705259 -0.179889 0.685748
vn 0.677139 -0.266856 0.685762
vn 0.638350 -0.349618 0.685767
vn 0.589503 -0.426870 0.685761
vn 0.531357 -0.497396 0.685753
vn 0.464820 -0.560060 0.685766
vn -0.844660 0.005998 0.535269
vn -0.838752 -0.099914 0.535268
vn -0.815522 0.095943 0.570717
vn -0.819614 -0.204248 0.535272
vn -0.787555 -0.305363 0.535267
vn -0.743070 -0.401663 0.535271
vn -0.686871 -0.491627 0.535267
vn -0.619840 -0.573840 0.535264
vn -0.543029 -0.646998 0.535269
vn -0.457657 -0.709958 0.535267
vn -0.365066 -0.761721 0.535264
vn -0.266720 -0.801470 0.535263
vn -0.164166 -0.828574 0.535270
vn -0.053023 -0.842779 0.535641
vn 0.053055 -0.843295 0.534826
vn 0.152383 -0.830823 0.535268
vn 0.255312 -0.805172 0.535270
vn 0.354211 -0.766827 0.535268
vn 0.447529 -0.716386 0.535265
vn 0.528812 -0.628198 0.570723
vn 0.533788 -0.654645 0.535266
vn -0.797063 0.197394 0.570725
vn -0.766040 0.295741 0.570719
vn -0.722935 0.389417 0.570718
vn -0.668426 0.476954 0.570720
vn -0.603377 0.556969 0.570720
vn -0.528812 0.628198 0.570723
vn -0.445910 0.689523 0.570720
vn -0.355971 0.739981 0.570712
vn -0.260422 0.778756 0.570718
vn -0.160765 0.805255 0.570717
vn -0.058571 0.819054 0.570719
vn 0.044545 0.819936 0.570719
vn 0.146961 0.807888 0.570719
vn 0.247054 0.783096 0.570724
vn 0.343256 0.745962 0.570716
vn 0.434042 0.697054 0.570722
vn 0.517986 0.637157 0.570720
vn 0.593756 0.567215 0.570720
vn 0.660170 0.488325 0.570714
vn 0.716161 0.401732 0.570723
vn 0.760863 0.308805 0.570725
vn 0.793572 0.211009 0.570718
vn 0.813761 0.109884 0.570717
vn 0.821116 0.007028 0.570719
vn 0.815522 -0.095943 0.570717
vn 0.797063 -0.197394 0.570725
vn 0.766040 -0.295741 0.570719
vn 0.722935 -0.389417 0.570718
vn 0.668426 -0.476954 0.570720
vn 0.603377 -0.556969 0.570720
vn -0.876380 -0.000878 0.481620
vn -0.869359 -0.110711 0.481621
vn -0.837248 0.111814 0.535269
vn -0.848632 -0.218797 0.481614
vn -0.814513 -0.323434 0.481622
vn -0.767553 -0.422968 0.481623
vn -0.708483 -0.515831 0.481632
vn -0.638251 -0.600562 0.481624
vn -0.557950 -0.675821 0.481620
vn -0.468847 -0.740423 0.481619
vn -0.372347 -0.793343 0.481628
vn -0.269977 -0.833750 0.481635
vn -0.163357 -0.861024 0.481613
vn -0.054413 -0.864879 0.499023
vn 0.055615 -0.883982 0.464200
vn 0.165080 -0.860690 0.481624
vn 0.271652 -0.833212 0.481626
vn 0.373938 -0.792601 0.481616
vn 0.470329 -0.739480 0.481622
vn 0.559301 -0.674698 0.481628
vn 0.611628 -0.582584 0.535264
vn 0.639451 -0.599279 0.481629
vn -0.816634 0.215867 0.535267
vn -0.783136 0.316517 0.535272
vn -0.737290 0.412171 0.535274
vn -0.679821 0.501333 0.535265
vn -0.611628 0.582584 0.535264
vn -0.533788 0.654645 0.535266
vn -0.447529 0.716386 0.535265
vn -0.354211 0.766827 0.535268
vn -0.255312 0.805172 0.535270
vn -0.152383 0.830823 0.535268
vn -0.047050 0.843369 0.535271
vn 0.059022 0.842617 0.535270
vn 0.164166 0.828574 0.535270
vn 0.266720 0.801470 0.535263
vn 0.365066 0.761721 0.535264
vn 0.457657 0.709958 0.535267
vn 0.543029 0.646998 0.535269
vn 0.619840 0.573840 0.535264
vn 0.686871 0.491627 0.535267
vn 0.743070 0.401663 0.535271
vn 0.787555 0.305363 0.535267
vn 0.819614 0.204248 0.535272
vn 0.838752 0.099914 0.535268
vn 0.844660 -0.005998 0.535269
vn 0.837248 -0.111814 0.535269
vn 0.816634 -0.215867 0.535267
vn 0.783136 -0.316517 0.535272
vn 0.737290 -0.412171 0.535274
vn 0.679821 -0.501333 0.535265
vn -0.929832 -0.000528 0.367983
vn -0.922433 -0.117065 0.367985
vn -0.869579 0.108968 0.481621
vn -0.900491 -0.231751 0.367978
vn -0.864343 -0.342786 0.367979
vn -0.814569 -0.448415 0.367969
vn -0.751943 -0.546972 0.367972
vn -0.677457 -0.636900 0.367980
vn -0.592291 -0.716786 0.367980
vn -0.497785 -0.785369 0.367976
vn -0.395427 -0.841563 0.367980
vn -0.286829 -0.884484 0.367991
vn -0.173713 -0.913460 0.367986
vn -0.057855 -0.919575 0.388631
vn 0.058886 -0.935957 0.347155
vn 0.174751 -0.913267 0.367975
vn 0.287836 -0.884152 0.368003
vn 0.396382 -0.841110 0.367988
vn 0.498678 -0.784806 0.367969
vn 0.593109 -0.716114 0.367971
vn 0.678183 -0.636132 0.367972
vn 0.709521 -0.514412 0.481623
vn 0.752560 -0.546113 0.367986
vn -0.849064 0.217095 0.481622
vn -0.815162 0.321800 0.481618
vn -0.768404 0.421433 0.481613
vn -0.709521 0.514412 0.481623
vn -0.639451 0.599279 0.481629
vn -0.559301 0.674698 0.481628
vn -0.470329 0.739480 0.481622
vn -0.373938 0.792601 0.481616
vn -0.271652 0.833212 0.481626
vn -0.165080 0.860690 0.481624
vn -0.055905 0.874597 0.481617
vn 0.054151 0.874705 0.481621
vn 0.163357 0.861024 0.481613
vn 0.269977 0.833750 0.481635
vn 0.372347 0.793343 0.481628
vn 0.468847 0.740423 0.481619
vn 0.557950 0.675821 0.481620
vn 0.638251 0.600562 0.481624
vn 0.708483 0.515831 0.481632
vn 0.767553 0.422968 0.481623
vn 0.814513 0.323434 0.481622
vn 0.848632 0.218797 0.481614
vn 0.869359 0.110711 0.481621
vn 0.876380 0.000878 0.481620
vn 0.869579 -0.108968 0.481621
vn 0.849064 -0.217095 0.481622
vn 0.815162 -0.321800 0.481618
vn 0.768404 -0.421433 0.481613
vn -0.970460 -0.006422 0.241176
vn -0.962003 -0.128004 0.241175
vn -0.922565 0.116014 0.367988
vn -0.938376 -0.247563 0.241169
vn -0.899947 -0.363219 0.241178
vn -0.847324 -0.473150 0.241186
vn -0.781344 -0.575619 0.241174
vn -0.703042 -0.669009 0.241163
vn -0.613650 -0.751847 0.241166
vn -0.514578 -0.822827 0.241173
vn -0.407392 -0.880832 0.241178
vn -0.293782 -0.924946 0.241177
vn -0.175535 -0.954473 0.241182
vn -0.060668 -0.964282 0.257836
vn 0.061143 -0.971849 0.227532
vn 0.188154 -0.952066 0.241181
vn 0.305994 -0.920981 0.241166
vn 0.419015 -0.875361 0.241185
vn 0.525422 -0.815946 0.241173
vn 0.623544 -0.743660 0.241169
vn 0.711832 -0.659646 0.241169
vn 0.788893 -0.565229 0.241171
vn 0.815073 -0.447487 0.367984
vn 0.853515 -0.461895 0.241175
vn -0.900756 0.230730 0.367971
vn -0.864732 0.341802 0.367980
vn -0.815073 0.447487 0.367984
vn -0.752560 0.546113 0.367986
vn -0.678183 0.636132 0.367972
vn -0.593109 0.716114 0.367971
vn -0.498678 0.784806 0.367969
vn -0.396382 0.841110 0.367988
vn -0.287836 0.884152 0.368003
vn -0.174751 0.913267 0.367975
vn -0.058913 0.927965 0.367982
vn 0.057857 0.928032 0.367979
vn 0.173713 0.913460 0.367986
vn 0.286829 0.884484 0.367991
vn 0.395427 0.841563 0.367980
vn 0.497785 0.785369 0.367976
vn 0.592291 0.716786 0.367980
vn 0.677457 0.636900 0.367980
vn 0.751943 0.546972 0.367972
vn 0.814569 0.448415 0.367969
vn 0.864343 0.342786 0.367979
vn 0.900491 0.231751 0.367978
vn 0.922433 0.117065 0.367985
vn 0.929832 0.000528 0.367983
vn 0.922565 -0.116014 0.367988
vn 0.900756 -0.230730 0.367971
vn 0.864732 -0.341802 0.367980
vn -0.979628 0.005953 0.200732
vn -0.972648 -0.116875 0.200738
vn -0.963613 0.115262 0.241173
vn -0.950330 -0.237859 0.200739
vn -0.913031 -0.355088 0.200718
vn -0.861325 -0.466724 0.200718
vn -0.796033 -0.570994 0.200740
vn -0.718188 -0.666260 0.200757
vn -0.629026 -0.751019 0.200742
vn -0.529938 -0.823936 0.200734
vn -0.422494 -0.883859 0.200728
vn -0.308385 -0.929844 0.200721
vn -0.189411 -0.961163 0.200724
vn -0.061482 -0.977252 0.202972
vn 0.061545 -0.978268 0.198001
vn 0.177716 -0.963393 0.200727
vn 0.297060 -0.933521 0.200731
vn 0.411719 -0.888930 0.200725
vn 0.519886 -0.830312 0.200748
vn 0.619850 -0.758609 0.200745
vn 0.710042 -0.674938 0.200745
vn 0.789036 -0.580630 0.200723
vn 0.855588 -0.477156 0.200728
vn 0.904676 -0.351279 0.241173
vn 0.908644 -0.366159 0.200735
vn -0.941569 0.235124 0.241172
vn -0.904676 0.351279 0.241173
vn -0.853515 0.461895 0.241175
vn -0.788893 0.565229 0.241171
vn -0.711832 0.659646 0.241169
vn -0.623544 0.743660 0.241169
vn -0.525422 0.815946 0.241173
vn -0.419015 0.875361 0.241185
vn -0.305994 0.920981 0.241166
vn -0.188154 0.952066 0.241181
vn -0.067344 0.968142 0.241176
vn 0.054527 0.968950 0.241170
vn 0.175535 0.954473 0.241182
vn 0.293782 0.924946 0.241177
vn 0.407392 0.880832 0.241178
vn 0.514578 0.822827 0.241173
vn 0.613650 0.751847 0.241166
vn 0.703042 0.669009 0.241163
vn 0.781344 0.575619 0.241174
vn 0.847324 0.473150 0.241186
vn 0.899947 0.363219 0.241178
vn 0.938376 0.247563 0.241169
vn 0.962003 0.128004 0.241175
vn 0.970460 0.006422 0.241176
vn 0.963613 -0.115262 0.241173
vn 0.941569 -0.235124 0.241172
vn -0.992108 -0.000286 0.125390
vn -0.984249 -0.124626 0.125392
vn -0.971157 0.128688 0.200733
vn -0.960864 -0.247004 0.125421
vn -0.922328 -0.365487 0.125418
vn -0.869254 -0.478203 0.125375
vn -0.802469 -0.583376 0.125361
vn -0.723021 -0.679351 0.125393
vn -0.632170 -0.764613 0.125412
vn -0.531355 -0.837815 0.125408
vn -0.422159 -0.897809 0.125384
vn -0.306307 -0.943641 0.125372
vn -0.185622 -0.974589 0.125384
vn -0.062107 -0.987177 0.147053
vn 0.062453 -0.992639 0.103769
vn 0.186182 -0.974485 0.125363
vn 0.306849 -0.943466 0.125365
vn 0.422677 -0.897565 0.125389
vn 0.531839 -0.837512 0.125387
vn 0.632612 -0.764249 0.125401
vn 0.723411 -0.678933 0.125403
vn 0.802801 -0.582912 0.125393
vn 0.869528 -0.477704 0.125377
vn 0.922542 -0.364954 0.125399
vn 0.947370 -0.249388 0.200740
vn 0.961008 -0.246450 0.125405
vn -0.947370 0.249388 0.200740
vn -0.908644 0.366159 0.200735
vn -0.855588 0.477156 0.200728
vn -0.789036 0.580630 0.200723
vn -0.710042 0.674938 0.200745
vn -0.619850 0.758609 0.200745
vn -0.519886 0.830312 0.200748
vn -0.411719 0.888930 0.200725
vn -0.297060 0.933521 0.200731
vn -0.177716 0.963393 0.200727
vn -0.055568 0.978072 0.200719
vn 0.067451 0.977322 0.200731
vn 0.189411 0.961163 0.200724
vn 0.308385 0.929844 0.200721
vn 0.422494 0.883859 0.200728
vn 0.529938 0.823936 0.200734
vn 0.629026 0.751019 0.200742
vn 0.718188 0.666260 0.200757
vn 0.796033 0.570994 0.200740
vn 0.861325 0.466724 0.200718
vn 0.913031 0.355088 0.200718
vn 0.950330 0.237859 0.200739
vn 0.972648 0.116875 0.200738
vn 0.979628 -0.005953 0.200732
vn 0.971157 -0.128688 0.200733
vn -1.000000 0.000000 0.000000
vn -0.992115 -0.125332 -0.000002
vn -0.984319 0.124060 0.125397
vn -0.968584 -0.248688 -0.000013
vn -0.929775 -0.368128 -0.000001
vn -0.876305 -0.481757 0.000008
vn -0.809019 -0.587783 0.000010
vn -0.728971 -0.684545 -0.000001
vn -0.637424 -0.770513 -0.000005
vn -0.535827 -0.844328 -0.000008
vn -0.425776 -0.904828 0.000008
vn -0.309015 -0.951057 0.000001
vn -0.187384 -0.982287 -0.000018
vn -0.053824 -0.998513 0.008654
vn 0.075329 -0.997085 -0.012112
vn 0.187384 -0.982287 0.000018
vn 0.309015 -0.951057 -0.000001
vn 0.425776 -0.904828 -0.000008
vn 0.535827 -0.844328 0.000008
vn 0.637424 -0.770513 0.000005
vn 0.728971 -0.684545 0.000001
vn 0.809019 -0.587783 -0.000010
vn 0.876305 -0.481757 -0.000008
vn 0.929775 -0.368128 0.000001
vn 0.968584 -0.248688 0.000013
vn 0.984319 -0.124060 0.125397
vn 0.992115 -0.125332 0.000002
vn -0.961008 0.246450 0.125405
vn -0.922542 0.364954 0.125399
vn -0.869528 0.477704 0.125377
vn -0.802801 0.582912 0.125393
vn -0.723411 0.678933 0.125403
vn -0.632612 0.764249 0.125401
vn -0.531839 0.837512 0.125387
vn -0.422677 0.897565 0.125389
vn -0.306849 0.943466 0.125365
vn -0.186182 0.974485 0.125363
vn -0.062581 0.990130 0.125404
vn 0.062009 0.990167 0.125400
vn 0.185622 0.974589 0.125384
vn 0.306307 0.943641 0.125372
vn 0.422159 0.897809 0.125384
vn 0.531355 0.837815 0.125408
vn 0.632170 0.764613 0.125412
vn 0.723021 0.679351 0.125393
vn 0.802469 0.583376 0.125361
vn 0.869254 0.478203 0.125375
vn 0.922328 0.365487 0.125418
vn 0.960864 0.247004 0.125421
vn 0.984249 0.124626 0.125392
vn 0.992108 0.000286 0.125390
vn -0.992108 0.000286 -0.125390
vn -0.984319 -0.124060 -0.125397
vn -0.992115 0.125332 0.000002
vn -0.961008 -0.246450 -0.125405
vn -0.922542 -0.364954 -0.125399
vn -0.869528 -0.477704 -0.125377
vn -0.802801 -0.582912 -0.125393
vn -0.723411 -0.678933 -0.125403
vn -0.632612 -0.764249 -0.125401
vn -0.531839 -0.837512 -0.125387
vn -0.422677 -0.897565 -0.125389
vn -0.306849 -0.943466 -0.125365
vn -0.186182 -0.974485 -0.125363
vn -0.062581 -0.990130 -0.125404
vn 0.062009 -0.990167 -0.125400
vn 0.185622 -0.974589 -0.125384
vn 0.306307 -0.943641 -0.125372
vn 0.422159 -0.897809 -0.125384
vn 0.531355 -0.837815 -0.125408
vn 0.632170 -0.764613 -0.125412
vn 0.723021 -0.679351 -0.125393
vn 0.802469 -0.583376 -0.125361
vn 0.869254 -0.478203 -0.125375
vn 0.922328 -0.365487 -0.125418
vn 0.960864 -0.247004 -0.125421
vn 0.984249 -0.124626 -0.125392
vn 1.000000 -0.000000 0.000000
vn 0.992108 -0.000286 -0.125390
vn -0.968584 0.248688 0.000013
vn -0.929775 0.368128 0.000001
vn -0.876305 0.481757 -0.000008
vn -0.809019 0.587783 -0.000010
vn -0.728971 0.684545 0.000001
vn -0.637424 0.770513 0.000005
vn -0.535827 0.844328 0.000008
vn -0.425776 0.904828 -0.000008
vn -0.309015 0.951057 -0.000001
vn -0.187384 0.982287 0.000018
vn -0.053824 0.998513 -0.008654
vn 0.075329 0.997085 0.012112
vn 0.187384 0.982287 -0.000018
vn 0.309015 0.951057 0.000001
vn 0.425776 0.904828 0.000008
vn 0.535827 0.844328 -0.000008
vn 0.637424 0.770513 -0.000005
vn 0.728971 0.684545 -0.000001
vn 0.809019 0.587783 0.000010
vn 0.876305 0.481757 0.000008
vn 0.929775 0.368128 -0.000001
vn 0.968584 0.248688 -0.000013
vn 0.992115 0.125332 -0.000002
vn -0.971157 -0.128688 -0.200733
vn -0.947370 -0.249388 -0.200740
vn -0.979628 -0.005953 -0.200732
vn -0.984249 0.124626 -0.125392
vn -0.908644 -0.366159 -0.200735
vn -0.855588 -0.477156 -0.200728
vn -0.789036 -0.580630 -0.200723
vn -0.710042 -0.674938 -0.200745
vn -0.619850 -0.758609 -0.200745
vn -0.519886 -0.830312 -0.200748
vn -0.411719 -0.888930 -0.200725
vn -0.297060 -0.933521 -0.200731
vn -0.177716 -0.963393 -0.200727
vn -0.055568 -0.978072 -0.200719
vn 0.067451 -0.977322 -0.200731
vn 0.189411 -0.961163 -0.200724
vn 0.308385 -0.929844 -0.200721
vn 0.422494 -0.883859 -0.200728
vn 0.529938 -0.823936 -0.200734
vn 0.629026 -0.751019 -0.200742
vn 0.718188 -0.666260 -0.200757
vn 0.796033 -0.570994 -0.200740
vn 0.861325 -0.466724 -0.200718
vn 0.913031 -0.355088 -0.200718
vn 0.950330 -0.237859 -0.200739
vn 0.972648 -0.116875 -0.200738
vn 0.979628 0.005953 -0.200732
vn 0.984319 0.124060 -0.125397
vn 0.971157 0.128688 -0.200733
vn -0.960864 0.247004 -0.125421
vn -0.922328 0.365487 -0.125418
vn -0.869254 0.478203 -0.125375
vn -0.802469 0.583376 -0.125361
vn -0.723021 0.679351 -0.125393
vn -0.632170 0.764613 -0.125412
vn -0.531355 0.837815 -0.125408
vn -0.422159 0.897809 -0.125384
vn -0.306307 0.943641 -0.125372
vn -0.185622 0.974589 -0.125384
vn 0.062453 0.992639 -0.103769
vn -0.062107 0.987177 -0.147053
vn 0.186182 0.974485 -0.125363
vn 0.306849 0.943466 -0.125365
vn 0.422677 0.897565 -0.125389
vn 0.531839 0.837512 -0.125387
vn 0.632612 0.764249 -0.125401
vn 0.723411 0.678933 -0.125403
vn 0.802801 0.582912 -0.125393
vn 0.869528 0.477704 -0.125377
vn 0.922542 0.364954 -0.125399
vn 0.961008 0.246450 -0.125405
vn -0.963613 -0.115262 -0.241173
vn -0.941569 -0.235124 -0.241172
vn -0.904676 -0.351279 -0.241173
vn -0.970460 0.006422 -0.241176
vn -0.972648 0.116875 -0.200738
vn -0.853515 -0.461895 -0.241175
vn -0.788893 -0.565229 -0.241171
vn -0.711832 -0.659646 -0.241169
vn -0.623544 -0.743660 -0.241169
vn -0.525422 -0.815946 -0.241173
vn -0.419015 -0.875361 -0.241185
vn -0.305994 -0.920981 -0.241166
vn -0.188154 -0.952066 -0.241181
vn -0.067344 -0.968142 -0.241176
vn 0.054527 -0.968950 -0.241170
vn 0.175535 -0.954473 -0.241182
vn 0.293782 -0.924946 -0.241177
vn 0.407392 -0.880832 -0.241178
vn 0.514578 -0.822827 -0.241173
vn 0.613650 -0.751847 -0.241166
vn 0.703042 -0.669009 -0.241163
vn 0.781344 -0.575619 -0.241174
vn 0.847324 -0.473150 -0.241186
vn 0.899947 -0.363219 -0.241178
vn 0.938376 -0.247563 -0.241169
vn 0.962003 -0.128004 -0.241175
vn 0.970460 -0.006422 -0.241176
vn 0.963613 0.115262 -0.241173
vn 0.947370 0.249388 -0.200740
vn 0.941569 0.235124 -0.241172
vn -0.950330 0.237859 -0.200739
vn -0.913031 0.355088 -0.200718
vn -0.861325 0.466724 -0.200718
vn -0.796033 0.570994 -0.200740
vn -0.718188 0.666260 -0.200757
vn -0.629026 0.751019 -0.200742
vn -0.529938 0.823936 -0.200734
vn -0.422494 0.883859 -0.200728
vn -0.308385 0.929844 -0.200721
vn -0.189411 0.961163 -0.200724
vn 0.061545 0.978268 -0.198001
vn -0.061482 0.977252 -0.202972
vn 0.177716 0.963393 -0.200727
vn 0.297060 0.933521 -0.200731
vn 0.411719 0.888930 -0.200725
vn 0.519886 0.830312 -0.200748
vn 0.619850 0.758609 -0.200745
vn 0.710042 0.674938 -0.200745
vn 0.789036 0.580630 -0.200723
vn 0.855588 0.477156 -0.200728
vn 0.908644 0.366159 -0.200735
vn -0.922565 -0.116014 -0.367988
vn -0.900756 -0.230730 -0.367971
vn -0.864732 -0.341802 -0.367980
vn -0.815073 -0.447487 -0.367984
vn -0.929832 0.000528 -0.367983
vn -0.962003 0.128004 -0.241175
vn -0.752560 -0.546113 -0.367986
vn -0.678183 -0.636132 -0.367972
vn -0.593109 -0.716114 -0.367971
vn -0.498678 -0.784806 -0.367969
vn -0.396382 -0.841110 -0.367988
vn -0.287836 -0.884152 -0.368003
vn -0.174751 -0.913267 -0.367975
vn -0.058913 -0.927965 -0.367982
vn 0.057857 -0.928032 -0.367979
vn 0.173713 -0.913460 -0.367986
vn 0.286829 -0.884484 -0.367991
vn 0.395427 -0.841563 -0.367980
vn 0.497785 -0.785369 -0.367976
vn 0.592291 -0.716786 -0.367980
vn 0.677457 -0.636900 -0.367980
vn 0.751943 -0.546972 -0.367972
vn 0.814569 -0.448415 -0.367969
vn 0.864343 -0.342786 -0.367979
vn 0.900491 -0.231751 -0.367978
vn 0.922433 -0.117065 -0.367985
vn 0.929832 -0.000528 -0.367983
vn 0.922565 0.116014 -0.367988
vn 0.900756 0.230730 -0.367971
vn 0.904676 0.351279 -0.241173
vn 0.864732 0.341802 -0.367980
vn -0.938376 0.247563 -0.241169
vn -0.899947 0.363219 -0.241178
vn -0.847324 0.473150 -0.241186
vn -0.781344 0.575619 -0.241174
vn -0.703042 0.669009 -0.241163
vn -0.613650 0.751847 -0.241166
vn -0.514578 0.822827 -0.241173
vn -0.407392 0.880832 -0.241178
vn -0.293782 0.924946 -0.241177
vn -0.175535 0.954473 -0.241182
vn 0.061143 0.971849 -0.227532
vn -0.060668 0.964282 -0.257836
vn 0.188154 0.952066 -0.241181
vn 0.305994 0.920981 -0.241166
vn 0.419015 0.875361 -0.241185
vn 0.525422 0.815946 -0.241173
vn 0.623544 0.743660 -0.241169
vn 0.711832 0.659646 -0.241169
vn 0.788893 0.565229 -0.241171
vn 0.853515 0.461895 -0.241175
vn -0.869579 -0.108968 -0.481621
vn -0.849064 -0.217095 -0.481622
vn -0.815162 -0.321800 -0.481618
vn -0.768404 -0.421433 -0.481613
vn -0.709521 -0.514412 -0.481623
vn -0.876380 0.000878 -0.481620
vn -0.922433 0.117065 -0.367985
vn -0.639451 -0.599279 -0.481629
vn -0.559301 -0.674698 -0.481628
vn -0.470329 -0.739480 -0.481622
vn -0.373938 -0.792601 -0.481616
vn -0.271652 -0.833212 -0.481626
vn -0.165080 -0.860690 -0.481624
vn -0.055905 -0.874597 -0.481617
vn 0.054151 -0.874705 -0.481621
vn 0.163357 -0.861024 -0.481613
vn 0.269977 -0.833750 -0.481635
vn 0.372347 -0.793343 -0.481628
vn 0.468847 -0.740423 -0.481619
vn 0.557950 -0.675821 -0.481620
vn 0.638251 -0.600562 -0.481624
vn 0.708483 -0.515831 -0.481632
vn 0.767553 -0.422968 -0.481623
vn 0.814513 -0.323434 -0.481622
vn 0.848632 -0.218797 -0.481614
vn 0.869359 -0.110711 -0.481621
vn 0.876380 -0.000878 -0.481620
vn 0.869579 0.108968 -0.481621
vn 0.849064 0.217095 -0.481622
vn 0.815162 0.321800 -0.481618
vn 0.815073 0.447487 -0.367984
vn 0.768404 0.421433 -0.481613
vn -0.900491 0.231751 -0.367978
vn -0.864343 0.342786 -0.367979
vn -0.814569 0.448415 -0.367969
vn -0.751943 0.546972 -0.367972
vn -0.677457 0.636900 -0.367980
vn -0.592291 0.716786 -0.367980
vn -0.497785 0.785369 -0.367976
vn -0.395427 0.841563 -0.367980
vn -0.286829 0.884484 -0.367991
vn -0.173713 0.913460 -0.367986
vn 0.058886 0.935957 -0.347155
vn -0.057855 0.919575 -0.388631
vn 0.174751 0.913267 -0.367975
vn 0.287836 0.884152 -0.368003
vn 0.396382 0.841110 -0.367988
vn 0.498678 0.784806 -0.367969
vn 0.593109 0.716114 -0.367971
vn 0.678183 0.636132 -0.367972
vn 0.752560 0.546113 -0.367986
vn -0.837248 -0.111814 -0.535269
vn -0.816634 -0.215867 -0.535267
vn -0.783136 -0.316517 -0.535272
vn -0.737290 -0.412171 -0.535274
vn -0.679821 -0.501333 -0.535265
vn -0.611628 -0.582584 -0.535264
vn -0.844660 -0.005998 -0.535269
vn -0.869359 0.110711 -0.481621
vn -0.533788 -0.654645 -0.535266
vn -0.447529 -0.716386 -0.535265
vn -0.354211 -0.766827 -0.535268
vn -0.255312 -0.805172 -0.535270
vn -0.152383 -0.830823 -0.535268
vn -0.047050 -0.843369 -0.535271
vn 0.059022 -0.842617 -0.535270
vn 0.164166 -0.828574 -0.535270
vn 0.266720 -0.801470 -0.535263
vn 0.365066 -0.761721 -0.535264
vn 0.457657 -0.709958 -0.535267
vn 0.543029 -0.646998 -0.535269
vn 0.619840 -0.573840 -0.535264
vn 0.686871 -0.491627 -0.535267
vn 0.743070 -0.401663 -0.535271
vn 0.787555 -0.305363 -0.535267
vn 0.819614 -0.204248 -0.535272
vn 0.838752 -0.099914 -0.535268
vn 0.844660 0.005998 -0.535269
vn 0.837248 0.111814 -0.535269
vn 0.816634 0.215867 -0.535267
vn 0.783136 0.316517 -0.535272
vn 0.737290 0.412171 -0.535274
vn 0.709521 0.514412 -0.481623
vn 0.679821 0.501333 -0.535265
vn -0.848632 0.218797 -0.481614
vn -0.814513 0.323434 -0.481622
vn -0.767553 0.422968 -0.481623
vn -0.708483 0.515831 -0.481632
vn -0.638251 0.600562 -0.481624
vn -0.557950 0.675821 -0.481620
vn -0.468847 0.740423 -0.481619
vn -0.372347 0.793343 -0.481628
vn -0.269977 0.833750 -0.481635
vn -0.163357 0.861024 -0.481613
vn 0.055615 0.883982 -0.464200
vn -0.054413 0.864879 -0.499023
vn 0.165080 0.860690 -0.481624
vn 0.271652 0.833212 -0.481626
vn 0.373938 0.792601 -0.481616
vn 0.470329 0.739480 -0.481622
vn 0.559301 0.674698 -0.481628
vn 0.639451 0.599279 -0.481629
vn -0.815522 -0.095943 -0.570717
vn -0.797063 -0.197394 -0.570725
vn -0.766040 -0.295741 -0.570719
vn -0.722935 -0.389417 -0.570718
vn -0.668426 -0.476954 -0.570720
vn -0.603377 -0.556969 -0.570720
vn -0.528812 -0.628198 -0.570723
vn -0.821116 0.007028 -0.570719
vn -0.838752 0.099914 -0.535268
vn -0.445910 -0.689523 -0.570720
vn -0.355971 -0.739981 -0.570712
vn -0.260422 -0.778756 -0.570718
vn -0.160765 -0.805255 -0.570717
vn -0.058571 -0.819054 -0.570719
vn 0.044545 -0.819936 -0.570719
vn 0.146961 -0.807888 -0.570719
vn 0.247054 -0.783096 -0.570724
vn 0.343256 -0.745962 -0.570716
vn 0.434042 -0.697054 -0.570722
vn 0.517986 -0.637157 -0.570720
vn 0.593756 -0.567215 -0.570720
vn 0.660170 -0.488325 -0.570714
vn 0.716161 -0.401732 -0.570723
vn 0.760863 -0.308805 -0.570725
vn 0.793572 -0.211009 -0.570718
vn 0.813761 -0.109884 -0.570717
vn 0.821116 -0.007028 -0.570719
vn 0.815522 0.095943 -0.570717
vn 0.797063 0.197394 -0.570725
vn 0.766040 0.295741 -0.570719
vn 0.722935 0.389417 -0.570718
vn 0.668426 0.476954 -0.570720
vn 0.611628 0.582584 -0.535264
vn 0.603377 0.556969 -0.570720
vn -0.819614 0.204248 -0.535272
vn -0.787555 0.305363 -0.535267
vn -0.743070 0.401663 -0.535271
vn -0.686871 0.491627 -0.535267
vn -0.619840 0.573840 -0.535264
vn -0.543029 0.646998 -0.535269
vn -0.457657 0.709958 -0.535267
vn -0.365066 0.761721 -0.535264
vn -0.266720 0.801470 -0.535263
vn -0.164166 0.828574 -0.535270
vn 0.053055 0.843295 -0.534826
vn -0.053023 0.842779 -0.535641
vn 0.152383 0.830823 -0.535268
vn 0.255312 0.805172 -0.535270
vn 0.354211 0.766827 -0.535268
vn 0.447529 0.716386 -0.535265
vn 0.533788 0.654645 -0.535266
vn -0.722240 -0.090077 -0.685752
vn -0.705259 -0.179889 -0.685748
vn -0.677139 -0.266856 -0.685762
vn -0.638350 -0.349618 -0.685767
vn -0.589503 -0.426870 -0.685761
vn -0.531357 -0.497396 -0.685753
vn -0.464820 -0.560060 -0.685766
vn -0.390957 -0.613890 -0.685778
vn -0.727830 0.001155 -0.685757
vn -0.813761 0.109884 -0.570717
vn -0.310933 -0.658057 -0.685771
vn -0.226009 -0.691848 -0.685760
vn -0.137518 -0.714724 -0.685754
vn -0.046852 -0.726326 -0.685751
vn 0.044548 -0.726469 -0.685753
vn 0.135251 -0.715158 -0.685752
vn 0.223813 -0.692558 -0.685763
vn 0.308843 -0.659039 -0.685772
vn 0.389012 -0.615135 -0.685768
vn 0.463044 -0.561535 -0.685762
vn 0.529774 -0.499074 -0.685758
vn 0.588137 -0.428734 -0.685771
vn 0.637249 -0.351646 -0.685754
vn 0.676298 -0.269007 -0.685752
vn 0.704677 -0.182122 -0.685757
vn 0.721947 -0.092367 -0.685755
vn 0.727830 -0.001155 -0.685757
vn 0.722240 0.090077 -0.685752
vn 0.705259 0.179889 -0.685748
vn 0.677139 0.266856 -0.685762
vn 0.638350 0.349618 -0.685767
vn 0.589503 0.426870 -0.685761
vn 0.531357 0.497396 -0.685753
vn 0.528812 0.628198 -0.570723
vn 0.464820 0.560060 -0.685766
vn -0.793572 0.211009 -0.570718
vn -0.760863 0.308805 -0.570725
vn -0.716161 0.401732 -0.570723
vn -0.660170 0.488325 -0.570714
vn -0.593756 0.567215 -0.570720
vn -0.517986 0.637157 -0.570720
vn -0.434042 0.697054 -0.570722
vn -0.343256 0.745962 -0.570716
vn -0.247054 0.783096 -0.570724
vn -0.146961 0.807888 -0.570719
vn 0.052153 0.828951 -0.556885
vn -0.050778 0.807100 -0.588228
vn 0.160765 0.805255 -0.570717
vn 0.260422 0.778756 -0.570718
vn 0.355971 0.739981 -0.570712
vn 0.445910 0.689523 -0.570720
vn -0.674693 -0.091039 -0.732463
vn -0.657964 -0.174883 -0.732461
vn -0.630862 -0.255975 -0.732455
vn -0.593801 -0.333022 -0.732459
vn -0.547378 -0.404810 -0.732466
vn -0.492330 -0.470230 -0.732458
vn -0.429513 -0.528235 -0.732452
vn -0.359922 -0.577896 -0.732456
vn -0.284652 -0.618446 -0.732460
vn -0.680785 -0.005761 -0.732461
vn -0.721947 0.092367 -0.685755
vn -0.204897 -0.649247 -0.732459
vn -0.121909 -0.669804 -0.732462
vn -0.036997 -0.679802 -0.732462
vn 0.048495 -0.679079 -0.732461
vn 0.133226 -0.667648 -0.732459
vn 0.215858 -0.645692 -0.732453
vn 0.295077 -0.613541 -0.732459
vn 0.369647 -0.571720 -0.732460
vn 0.438388 -0.520885 -0.732458
vn 0.500218 -0.461831 -0.732458
vn 0.554153 -0.395494 -0.732461
vn 0.599347 -0.322923 -0.732464
vn 0.635098 -0.245259 -0.732461
vn 0.660831 -0.163725 -0.732459
vn 0.676140 -0.079609 -0.732459
vn 0.680785 0.005761 -0.732461
vn 0.674693 0.091039 -0.732463
vn 0.657964 0.174883 -0.732461
vn 0.630862 0.255975 -0.732455
vn 0.593801 0.333022 -0.732459
vn 0.547378 0.404810 -0.732466
vn 0.492330 0.470230 -0.732458
vn 0.429513 0.528235 -0.732452
vn 0.390957 0.613890 -0.685778
vn 0.359922 0.577896 -0.732456
vn -0.704677 0.182122 -0.685757
vn -0.676298 0.269007 -0.685752
vn -0.637249 0.351646 -0.685754
vn -0.588137 0.428734 -0.685771
vn -0.529774 0.499074 -0.685758
vn -0.463044 0.561535 -0.685762
vn -0.389012 0.615135 -0.685768
vn -0.308843 0.659039 -0.685772
vn -0.223813 0.692558 -0.685763
vn -0.135251 0.715158 -0.685752
vn 0.046568 0.740193 -0.670780
vn -0.044802 0.712134 -0.700613
vn 0.137518 0.714724 -0.685754
vn 0.226009 0.691848 -0.685760
vn 0.310933 0.658057 -0.685771
vn -0.649511 -0.074871 -0.756657
vn -0.634998 -0.155683 -0.756664
vn -0.610480 -0.234043 -0.756663
vn -0.576341 -0.308718 -0.756653
vn -0.533105 -0.378516 -0.756654
vn -0.481458 -0.442339 -0.756660
vn -0.422220 -0.499201 -0.756656
vn -0.356326 -0.548182 -0.756656
vn -0.284812 -0.588520 -0.756655
vn -0.208804 -0.619576 -0.756655
vn -0.653773 0.007125 -0.756657
vn -0.676140 0.079609 -0.732459
vn -0.129504 -0.640855 -0.756660
vn -0.048161 -0.652032 -0.756660
vn 0.033939 -0.652926 -0.756661
vn 0.115503 -0.643521 -0.756664
vn 0.195251 -0.623976 -0.756658
vn 0.271917 -0.594588 -0.756655
vn 0.344295 -0.555820 -0.756654
vn 0.411243 -0.508286 -0.756653
vn 0.471703 -0.452732 -0.756657
vn 0.524730 -0.390043 -0.756654
vn 0.569475 -0.321204 -0.756655
vn 0.605234 -0.247294 -0.756662
vn 0.631457 -0.169487 -0.756661
vn 0.647724 -0.089008 -0.756658
vn 0.653773 -0.007125 -0.756657
vn 0.649511 0.074871 -0.756657
vn 0.634998 0.155683 -0.756664
vn 0.610480 0.234043 -0.756663
vn 0.576341 0.308718 -0.756653
vn 0.533105 0.378516 -0.756654
vn 0.481458 0.442339 -0.756660
vn 0.422220 0.499201 -0.756656
vn 0.356326 0.548182 -0.756656
vn 0.284652 0.618446 -0.732460
vn 0.284812 0.588520 -0.756655
vn -0.660831 0.163725 -0.732459
vn -0.635098 0.245259 -0.732461
vn -0.599347 0.322923 -0.732464
vn -0.554153 0.395494 -0.732461
vn -0.500218 0.461831 -0.732458
vn -0.438388 0.520885 -0.732458
vn -0.369647 0.571720 -0.732460
vn -0.295077 0.613541 -0.732459
vn -0.215858 0.645692 -0.732453
vn -0.133226 0.667648 -0.732459
vn 0.042790 0.680143 -0.731830
vn -0.042714 0.678926 -0.732963
vn 0.121909 0.669804 -0.732462
vn 0.204897 0.649247 -0.732459
vn -0.579373 -0.061959 -0.812704
vn -0.567056 -0.134089 -0.812692
vn -0.545768 -0.204095 -0.812701
vn -0.515873 -0.270883 -0.812710
vn -0.477862 -0.333411 -0.812702
vn -0.432307 -0.390670 -0.812704
vn -0.379928 -0.441769 -0.812708
vn -0.321566 -0.485908 -0.812705
vn -0.258129 -0.522373 -0.812709
vn -0.190623 -0.550609 -0.812707
vn -0.120108 -0.570149 -0.812714
vn -0.582569 0.011147 -0.812705
vn -0.647724 0.089008 -0.756658
vn -0.047703 -0.580706 -0.812715
vn 0.025456 -0.582116 -0.812707
vn 0.098213 -0.574338 -0.812705
vn 0.169421 -0.557495 -0.812709
vn 0.237958 -0.531863 -0.812710
vn 0.302739 -0.497843 -0.812712
vn 0.362750 -0.455977 -0.812710
vn 0.417038 -0.406913 -0.812712
vn 0.464753 -0.351439 -0.812709
vn 0.505156 -0.290432 -0.812691
vn 0.537571 -0.224827 -0.812693
vn 0.561484 -0.155674 -0.812712
vn 0.576575 -0.084074 -0.812707
vn 0.582569 -0.011147 -0.812705
vn 0.579373 0.061959 -0.812704
vn 0.567056 0.134089 -0.812692
vn 0.545768 0.204095 -0.812701
vn 0.515873 0.270883 -0.812710
vn 0.477862 0.333411 -0.812702
vn 0.432307 0.390670 -0.812704
vn 0.379928 0.441769 -0.812708
vn 0.321566 0.485908 -0.812705
vn 0.258129 0.522373 -0.812709
vn 0.208804 0.619576 -0.756655
vn 0.190623 0.550609 -0.812707
vn -0.631457 0.169487 -0.756661
vn -0.605234 0.247294 -0.756662
vn -0.569475 0.321204 -0.756655
vn -0.524730 0.390043 -0.756654
vn -0.471703 0.452732 -0.756657
vn -0.411243 0.508286 -0.756653
vn -0.344295 0.555820 -0.756654
vn -0.271917 0.594588 -0.756655
vn -0.195251 0.623976 -0.756658
vn -0.115503 0.643521 -0.756664
vn 0.041734 0.663362 -0.747134
vn -0.040105 0.637458 -0.769441
vn 0.129504 0.640855 -0.756660
vn -0.484926 -0.070274 -0.871727
vn -0.472293 -0.130494 -0.871728
vn -0.452241 -0.188671 -0.871712
vn -0.425033 -0.243871 -0.871707
vn -0.391096 -0.295202 -0.871722
vn -0.351004 -0.341878 -0.871731
vn -0.305388 -0.383178 -0.871730
vn -0.254964 -0.418445 -0.871721
vn -0.200514 -0.447114 -0.871713
vn -0.142896 -0.468727 -0.871708
vn -0.083021 -0.482942 -0.871708
vn -0.021838 -0.489525 -0.871716
vn -0.489917 -0.008942 -0.871723
vn -0.576575 0.084074 -0.812707
vn 0.039686 -0.488398 -0.871718
vn 0.100587 -0.479584 -0.871712
vn 0.159905 -0.463200 -0.871709
vn 0.216694 -0.439494 -0.871716
vn 0.270062 -0.408861 -0.871722
vn 0.319166 -0.371779 -0.871730
vn 0.363259 -0.328856 -0.871721
vn 0.401619 -0.280741 -0.871715
vn 0.433626 -0.228185 -0.871722
vn 0.458812 -0.172038 -0.871719
vn 0.476762 -0.113179 -0.871716
vn 0.487172 -0.052532 -0.871724
vn 0.489917 0.008942 -0.871723
vn 0.484926 0.070274 -0.871727
vn 0.472293 0.130494 -0.871728
vn 0.452241 0.188671 -0.871712
vn 0.425033 0.243871 -0.871707
vn 0.391096 0.295202 -0.871722
vn 0.351004 0.341878 -0.871731
vn 0.305388 0.383178 -0.871730
vn 0.254964 0.418445 -0.871721
vn 0.200514 0.447114 -0.871713
vn 0.142896 0.468727 -0.871708
vn 0.120108 0.570149 -0.812714
vn 0.083021 0.482942 -0.871708
vn -0.561484 0.155674 -0.812712
vn -0.537571 0.224827 -0.812693
vn -0.505156 0.290432 -0.812691
vn -0.464753 0.351439 -0.812709
vn -0.417038 0.406913 -0.812712
vn -0.362750 0.455977 -0.812710
vn -0.302739 0.497843 -0.812712
vn -0.237958 0.531863 -0.812710
vn -0.169421 0.557495 -0.812709
vn -0.098213 0.574338 -0.812705
vn 0.036628 0.582176 -0.812237
vn -0.036497 0.580085 -0.813738
vn -0.426060 -0.052451 -0.903173
vn -0.416126 -0.105435 -0.903174
vn -0.399621 -0.156752 -0.903179
vn -0.376825 -0.205605 -0.903177
vn -0.348093 -0.251222 -0.903171
vn -0.313859 -0.292863 -0.903174
vn -0.274677 -0.329888 -0.903176
vn -0.231165 -0.361711 -0.903177
vn -0.184005 -0.387825 -0.903180
vn -0.133948 -0.407833 -0.903178
vn -0.081775 -0.421415 -0.903173
vn -0.028314 -0.428337 -0.903175
vn 0.025592 -0.428509 -0.903175
vn -0.429270 0.001364 -0.903175
vn -0.487172 0.052532 -0.871724
vn 0.079097 -0.421922 -0.903175
vn 0.131352 -0.408674 -0.903179
vn 0.181542 -0.388995 -0.903175
vn 0.228867 -0.363179 -0.903173
vn 0.272575 -0.331626 -0.903176
vn 0.311985 -0.294845 -0.903179
vn 0.346484 -0.253422 -0.903175
vn 0.375518 -0.207999 -0.903174
vn 0.398625 -0.159292 -0.903174
vn 0.415443 -0.108075 -0.903176
vn 0.425714 -0.055155 -0.903175
vn 0.429270 -0.001364 -0.903175
vn 0.426060 0.052451 -0.903173
vn 0.416126 0.105435 -0.903174
vn 0.399621 0.156752 -0.903179
vn 0.376825 0.205605 -0.903177
vn 0.348093 0.251222 -0.903171
vn 0.313859 0.292863 -0.903174
vn 0.274677 0.329888 -0.903176
vn 0.231165 0.361711 -0.903177
vn 0.184005 0.387825 -0.903180
vn 0.133948 0.407833 -0.903178
vn 0.081775 0.421415 -0.903173
vn 0.030967 0.492220 -0.869920
vn 0.028158 0.447578 -0.893801
vn -0.476762 0.113179 -0.871716
vn -0.458812 0.172038 -0.871719
vn -0.433626 0.228185 -0.871722
vn -0.401619 0.280741 -0.871715
vn -0.363259 0.328856 -0.871721
vn -0.319166 0.371779 -0.871730
vn -0.270062 0.408861 -0.871722
vn -0.216694 0.439494 -0.871716
vn -0.159905 0.463200 -0.871709
vn -0.100587 0.479584 -0.871712
vn -0.030652 0.487214 -0.872745
vn -0.305307 -0.037075 -0.951532
vn -0.298257 -0.075049 -0.951531
vn -0.286499 -0.111839 -0.951531
vn -0.270213 -0.146860 -0.951534
vn -0.249674 -0.179567 -0.951535
vn -0.225205 -0.209449 -0.951532
vn -0.197179 -0.236022 -0.951532
vn -0.166043 -0.258875 -0.951532
vn -0.132288 -0.277644 -0.951532
vn -0.096445 -0.292028 -0.951535
vn -0.059084 -0.301815 -0.951534
vn -0.020790 -0.306853 -0.951530
vn 0.017831 -0.307032 -0.951532
vn 0.056171 -0.302372 -0.951533
vn -0.307546 0.001482 -0.951532
vn -0.425714 0.055155 -0.903175
vn 0.093627 -0.292948 -0.951533
vn 0.129600 -0.278897 -0.951536
vn 0.163538 -0.260460 -0.951533
vn 0.194898 -0.237915 -0.951531
vn 0.223177 -0.211611 -0.951532
vn 0.247934 -0.181968 -0.951534
vn 0.268786 -0.149459 -0.951534
vn 0.285404 -0.114593 -0.951532
vn 0.297520 -0.077920 -0.951531
vn 0.304938 -0.040017 -0.951531
vn 0.307546 -0.001482 -0.951532
vn 0.305307 0.037075 -0.951532
vn 0.298257 0.075049 -0.951531
vn 0.286499 0.111839 -0.951531
vn 0.270213 0.146860 -0.951534
vn 0.249674 0.179567 -0.951535
vn 0.225205 0.209449 -0.951532
vn 0.197179 0.236022 -0.951532
vn 0.166043 0.258875 -0.951532
vn 0.132288 0.277644 -0.951532
vn 0.096445 0.292028 -0.951535
vn 0.059084 0.301815 -0.951534
vn 0.020632 0.327958 -0.944467
vn -0.025723 0.408866 -0.912232
vn -0.017959 0.285461 -0.958222
vn -0.415443 0.108075 -0.903176
vn -0.398625 0.159292 -0.903174
vn -0.375518 0.207999 -0.903174
vn -0.346484 0.253422 -0.903175
vn -0.311985 0.294845 -0.903179
vn -0.272575 0.331626 -0.903176
vn -0.228867 0.363179 -0.903173
vn -0.181542 0.388995 -0.903175
vn -0.131352 0.408674 -0.903179
vn -0.079097 0.421922 -0.903175
vn -0.184989 -0.022083 -0.982492
vn -0.180764 -0.045094 -0.982492
vn -0.173687 -0.067394 -0.982492
vn -0.163872 -0.088634 -0.982492
vn -0.151467 -0.108469 -0.982493
vn -0.136680 -0.126599 -0.982492
vn -0.119737 -0.142735 -0.982492
vn -0.100902 -0.156613 -0.982492
vn -0.080477 -0.168023 -0.982493
vn -0.058784 -0.176787 -0.982492
vn -0.036163 -0.182755 -0.982493
vn -0.012972 -0.185847 -0.982493
vn 0.010424 -0.186012 -0.982492
vn 0.033654 -0.183236 -0.982493
vn 0.056356 -0.177575 -0.982492
vn -0.186298 0.001277 -0.982492
vn -0.304938 0.040017 -0.951531
vn 0.078169 -0.169116 -0.982491
vn 0.098746 -0.157983 -0.982492
vn 0.117768 -0.144359 -0.982492
vn 0.134932 -0.128460 -0.982492
vn 0.149967 -0.110536 -0.982493
vn 0.162639 -0.090869 -0.982492
vn 0.172746 -0.069769 -0.982492
vn 0.180129 -0.047567 -0.982492
vn 0.184668 -0.024616 -0.982493
vn 0.186298 -0.001277 -0.982492
vn 0.184989 0.022083 -0.982492
vn 0.180764 0.045094 -0.982492
vn 0.173687 0.067394 -0.982492
vn 0.163872 0.088634 -0.982492
vn 0.151467 0.108469 -0.982493
vn 0.136680 0.126599 -0.982492
vn 0.119737 0.142735 -0.982492
vn 0.100902 0.156613 -0.982492
vn 0.080477 0.168023 -0.982493
vn 0.058784 0.176787 -0.982492
vn 0.036163 0.182755 -0.982493
vn 0.012880 0.204723 -0.978735
vn -0.010495 0.166804 -0.985934
vn -0.056171 0.302372 -0.951533
vn -0.033654 0.183236 -0.982493
vn -0.297520 0.077920 -0.951531
vn -0.285404 0.114593 -0.951532
vn -0.268786 0.149459 -0.951534
vn -0.247934 0.181968 -0.951534
vn -0.223177 0.211611 -0.951532
vn -0.194898 0.237915 -0.951531
vn -0.163538 0.260460 -0.951533
vn -0.129600 0.278897 -0.951536
vn -0.093627 0.292948 -0.951533
vn -0.103899 -0.010885 -0.994528
vn -0.065030 -0.015230 -0.997767
vn -0.039227 -0.014574 -0.999124
vn -0.024483 -0.012789 -0.999618
vn -0.015888 -0.011035 -0.999813
vn -0.010601 -0.009538 -0.999898
vn -0.007167 -0.008297 -0.999940
vn -0.004831 -0.007266 -0.999962
vn -0.003179 -0.006399 -0.999974
vn -0.001973 -0.005660 -0.999982
vn -0.001069 -0.005020 -0.999987
vn -0.000376 -0.004458 -0.999990
vn 0.000165 -0.003958 -0.999992
vn 0.000592 -0.003507 -0.999994
vn 0.000934 -0.003097 -0.999995
vn 0.001209 -0.002719 -0.999996
vn -0.000173 0.000004 -1.000000
vn -0.184668 0.024616 -0.982493
vn 0.001433 -0.002367 -0.999996
vn 0.001614 -0.002037 -0.999997
vn 0.001760 -0.001724 -0.999997
vn 0.001877 -0.001426 -0.999997
vn 0.001969 -0.001138 -0.999997
vn 0.002039 -0.000858 -0.999998
vn 0.002089 -0.000584 -0.999998
vn 0.002121 -0.000314 -0.999998
vn 0.002135 -0.000045 -0.999998
vn 0.002132 0.000223 -0.999998
vn 0.002112 0.000495 -0.999998
vn 0.002073 0.000770 -0.999998
vn 0.002015 0.001053 -0.999997
vn 0.001936 0.001344 -0.999997
vn 0.001832 0.001648 -0.999997
vn 0.001699 0.001967 -0.999997
vn 0.001532 0.002304 -0.999996
vn 0.001324 0.002665 -0.999996
vn 0.001065 0.003054 -0.999995
vn 0.000741 0.003479 -0.999994
vn 0.000329 0.005235 -0.999986
vn -0.000188 0.002989 -0.999996
vn -0.000854 0.005061 -0.999987
vn -0.056356 0.177575 -0.982492
vn -0.001731 0.005739 -0.999982
vn -0.180129 0.047567 -0.982492
vn -0.172746 0.069769 -0.982492
vn -0.162639 0.090869 -0.982492
vn -0.149967 0.110536 -0.982493
vn -0.134932 0.128460 -0.982492
vn -0.117768 0.144359 -0.982492
vn -0.098746 0.157983 -0.982492
vn -0.078169 0.169116 -0.982491
vn -0.103343 0.015295 -0.994528
vn -0.064324 0.017982 -0.997767
vn -0.038572 0.016229 -0.999124
vn -0.023916 0.013819 -0.999618
vn -0.015404 0.011701 -0.999813
vn -0.010185 0.009981 -0.999898
vn -0.006808 0.008595 -0.999940
vn -0.004518 0.007465 -0.999962
vn -0.002904 0.006529 -0.999974
f 1/1/1 2/2/2 3/3/3
f 1/1/1 3/3/3 4/4/4
f 3/3/3 5/5/5 6/6/6
f 7/7/7 3/3/3 8/8/8
f 8/8/8 3/3/3 6/6/6
f 9/9/9 3/3/3 7/7/7
f 10/10/10 3/3/3 9/9/9
f 11/11/11 3/3/3 10/10/10
f 12/12/12 3/3/3 11/11/11
f 13/13/13 3/3/3 12/12/12
f 14/14/14 3/3/3 13/13/13
f 15/15/15 3/3/3 14/14/14
f 16/16/16 3/3/3 15/15/15
f 17/17/17 3/3/3 16/16/16
f 18/18/18 3/3/3 17/17/17
f 19/19/19 3/3/3 18/18/18
f 20/20/20 3/3/3 19/19/19
f 21/21/21 3/3/3 20/20/20
f 22/22/22 3/3/3 21/21/21
f 23/23/23 3/3/3 22/22/22
f 24/24/24 3/3/3 23/23/23
f 25/25/25 3/3/3 24/24/24
f 26/26/26 3/3/3 25/25/25
f 27/27/27 3/3/3 26/26/26
f 28/28/28 3/3/3 27/27/27
f 29/29/29 3/3/3 28/28/28
f 30/30/30 3/3/3 29/29/29
f 31/31/31 3/3/3 30/30/30
f 32/32/32 3/3/3 31/31/31
f 33/33/33 3/3/3 32/32/32
f 34/34/34 3/3/3 33/33/33
f 35/35/35 3/3/3 34/34/34
f 36/36/36 3/3/3 35/35/35
f 37/37/37 3/3/3 36/36/36
f 38/38/38 3/3/3 37/37/37
f 39/39/39 3/3/3 38/38/38
f 40/40/40 3/3/3 39/39/39
f 41/41/41 3/3/3 40/40/40
f 42/42/42 3/3/3 41/41/41
f 43/43/43 3/3/3 42/42/42
f 44/44/44 3/3/3 43/43/43
f 45/45/45 3/3/3 44/44/44
f 46/46/46 3/3/3 45/45/45
f 47/47/47 3/3/3 46/46/46
f 48/48/48 3/3/3 47/47/47
f 49/49/49 3/3/3 48/48/48
f 50/50/50 3/3/3 49/49/49
f 51/51/51 3/3/3 50/50/50
f 52/52/52 3/3/3 51/51/51
f 4/4/4 3/3/3 52/52/52
f 2/2/2 5/5/5 3/3/3
f 53/53/53 54/54/54 1/1/1
f 53/53/53 1/1/1 55/55/55
f 1/1/1 4/4/4 55/55/55
f 54/54/54 2/2/2 1/1/1
f 2/2/2 56/56/56 5/5/5
f 57/57/57 56/56/56 2/2/2
f 54/54/54 57/57/57 2/2/2
f 55/55/55 4/4/4 52/52/52
f 58/58/58 52/52/52 51/51/51
f 55/55/55 52/52/52 58/58/58
f 59/59/59 51/51/51 50/50/50
f 58/58/58 51/51/51 59/59/59
f 60/60/60 50/50/50 49/49/49
f 59/59/59 50/50/50 60/60/60
f 61/61/61 49/49/49 48/48/48
f 60/60/60 49/49/49 61/61/61
f 62/62/62 48/48/48 47/47/47
f 61/61/61 48/48/48 62/62/62
f 63/63/63 47/47/47 46/46/46
f 62/62/62 47/47/47 63/63/63
f 64/64/64 46/46/46 45/45/45
f 63/63/63 46/46/46 64/64/64
f 65/65/65 45/45/45 44/44/44
f 64/64/64 45/45/45 65/65/65
f 66/66/66 44/44/44 43/43/43
f 65/65/65 44/44/44 66/66/66
f 67/67/67 43/43/43 42/42/42
f 66/66/66 43/43/43 67/67/67
f 68/68/68 42/42/42 41/41/41
f 69/69/69 68/68/68 41/41/41
f 67/67/67 42/42/42 68/68/68
f 41/41/41 40/40/40 69/69/69
f 40/40/40 39/39/39 70/70/70
f 69/69/69 40/40/40 70/70/70
f 39/39/39 38/38/38 71/71/71
f 39/39/39 71/71/71 70/70/70
f 38/38/38 37/37/37 72/72/72
f 38/38/38 72/72/72 71/71/71
f 37/37/37 36/36/36 73/73/73
f 37/37/37 73/73/73 72/72/72
f 36/36/36 35/35/35 74/74/74
f 36/36/36 74/74/74 73/73/73
f 35/35/35 34/34/34 75/75/75
f 35/35/35 75/75/75 74/74/74
f 34/34/34 33/33/33 76/76/76
f 34/34/34 76/76/76 75/75/75
f 33/33/33 32/32/32 77/77/77
f 33/33/33 77/77/77 76/76/76
f 32/32/32 31/31/31 78/78/78
f 32/32/32 78/78/78 77/77/77
f 31/31/31 30/30/30 79/79/79
f 31/31/31 79/79/79 78/78/78
f 30/30/30 29/29/29 80/80/80
f 30/30/30 80/80/80 79/79/79
f 28/28/28 81/81/81 29/29/29
f 29/29/29 81/81/81 80/80/80
f 27/27/27 82/82/82 28/28/28
f 28/28/28 82/82/82 81/81/81
f 26/26/26 83/83/83 27/27/27
f 27/27/27 83/83/83 82/82/82
f 25/25/25 84/84/84 26/26/26
f 26/26/26 84/84/84 83/83/83
f 24/24/24 85/85/85 25/25/25
f 25/25/25 85/85/85 84/84/84
f 23/23/23 86/86/86 24/24/24
f 24/24/24 86/86/86 85/85/85
f 22/22/22 87/87/87 23/23/23
f 23/23/23 87/87/87 86/86/86
f 21/21/21 88/88/88 22/22/22
f 22/22/22 88/88/88 87/87/87
f 20/20/20 89/89/89 21/21/21
f 21/21/21 89/89/89 88/88/88
f 19/19/19 90/90/90 20/20/20
f 20/20/20 90/90/90 89/89/89
f 18/18/18 91/91/91 19/19/19
f 19/19/19 91/91/91 90/90/90
f 17/17/17 92/92/92 18/18/18
f 18/18/18 92/92/92 91/91/91
f 93/93/93 94/94/94 17/17/17
f 16/16/16 93/93/93 17/17/17
f 17/17/17 94/94/94 92/92/92
f 15/15/15 93/93/93 16/16/16
f 95/95/95 15/15/15 14/14/14
f 95/95/95 93/93/93 15/15/15
f 96/96/96 14/14/14 13/13/13
f 96/96/96 95/95/95 14/14/14
f 97/97/97 13/13/13 12/12/12
f 97/97/97 96/96/96 13/13/13
f 98/98/98 12/12/12 11/11/11
f 98/98/98 97/97/97 12/12/12
f 99/99/99 11/11/11 10/10/10
f 99/99/99 98/98/98 11/11/11
f 100/100/100 10/10/10 9/9/9
f 100/100/100 99/99/99 10/10/10
f 101/101/101 9/9/9 7/7/7
f 101/101/101 100/100/100 9/9/9
f 102/102/102 7/7/7 8/8/8
f 102/102/102 101/101/101 7/7/7
f 103/103/103 8/8/8 6/6/6
f 103/103/103 102/102/102 8/8/8
f 56/56/56 6/6/6 5/5/5
f 56/56/56 103/103/103 6/6/6
f 104/104/104 105/105/105 53/53/53
f 104/104/104 53/53/53 106/106/106
f 53/53/53 55/55/55 106/106/106
f 105/105/105 54/54/54 53/53/53
f 107/107/107 57/57/57 54/54/54
f 105/105/105 107/107/107 54/54/54
f 106/106/106 55/55/55 58/58/58
f 108/108/108 103/103/103 56/56/56
f 57/57/57 108/108/108 56/56/56
f 109/109/109 108/108/108 57/57/57
f 107/107/107 109/109/109 57/57/57
f 110/110/110 58/58/58 59/59/59
f 106/106/106 58/58/58 110/110/110
f 111/111/111 59/59/59 60/60/60
f 110/110/110 59/59/59 111/111/111
f 112/112/112 60/60/60 61/61/61
f 111/111/111 60/60/60 112/112/112
f 113/113/113 61/61/61 62/62/62
f 112/112/112 61/61/61 113/113/113
f 114/114/114 62/62/62 63/63/63
f 113/113/113 62/62/62 114/114/114
f 115/115/115 63/63/63 64/64/64
f 114/114/114 63/63/63 115/115/115
f 116/116/116 64/64/64 65/65/65
f 115/115/115 64/64/64 116/116/116
f 117/117/117 65/65/65 66/66/66
f 116/116/116 65/65/65 117/117/117
f 118/118/118 66/66/66 67/67/67
f 117/117/117 66/66/66 118/118/118
f 119/119/119 67/67/67 68/68/68
f 118/118/118 67/67/67 119/119/119
f 120/120/120 68/68/68 69/69/69
f 121/121/121 120/120/120 69/69/69
f 119/119/119 68/68/68 120/120/120
f 69/69/69 70/70/70 121/121/121
f 70/70/70 71/71/71 122/122/122
f 121/121/121 70/70/70 122/122/122
f 71/71/71 72/72/72 123/123/123
f 122/122/122 71/71/71 123/123/123
f 72/72/72 73/73/73 124/124/124
f 72/72/72 124/124/124 123/123/123
f 73/73/73 74/74/74 125/125/125
f 73/73/73 125/125/125 124/124/124
f 74/74/74 75/75/75 126/126/126
f 74/74/74 126/126/126 125/125/125
f 75/75/75 76/76/76 127/127/127
f 75/75/75 127/127/127 126/126/126
f 76/76/76 77/77/77 128/128/128
f 76/76/76 128/128/128 127/127/127
f 77/77/77 78/78/78 129/129/129
f 77/77/77 129/129/129 128/128/128
f 78/78/78 79/79/79 130/130/130
f 78/78/78 130/130/130 129/129/129
f 79/79/79 80/80/80 131/131/131
f 79/79/79 131/131/131 130/130/130
f 80/80/80 81/81/81 132/132/132
f 80/80/80 132/132/132 131/131/131
f 82/82/82 133/133/133 81/81/81
f 81/81/81 133/133/133 132/132/132
f 83/83/83 134/134/134 82/82/82
f 82/82/82 134/134/134 133/133/133
f 84/84/84 135/135/135 83/83/83
f 83/83/83 135/135/135 134/134/134
f 85/85/85 136/136/136 84/84/84
f 84/84/84 136/136/136 135/135/135
f 86/86/86 137/137/137 85/85/85
f 85/85/85 137/137/137 136/136/136
f 87/87/87 138/138/138 86/86/86
f 86/86/86 138/138/138 137/137/137
f 88/88/88 139/139/139 87/87/87
f 87/87/87 139/139/139 138/138/138
f 89/89/89 140/140/140 88/88/88
f 88/88/88 140/140/140 139/139/139
f 90/90/90 141/141/141 89/89/89
f 89/89/89 141/141/141 140/140/140
f 91/91/91 142/142/142 90/90/90
f 90/90/90 142/142/142 141/141/141
f 92/92/92 143/143/143 91/91/91
f 91/91/91 143/143/143 142/142/142
f 94/94/94 144/144/144 92/92/92
f 92/92/92 144/144/144 143/143/143
f 95/95/95 145/145/145 93/93/93
f 145/145/145 146/146/146 94/94/94
f 93/93/93 145/145/145 94/94/94
f 94/94/94 146/146/146 144/144/144
f 96/96/96 147/147/147 95/95/95
f 147/147/147 145/145/145 95/95/95
f 148/148/148 96/96/96 97/97/97
f 148/148/148 147/147/147 96/96/96
f 149/149/149 97/97/97 98/98/98
f 149/149/149 148/148/148 97/97/97
f 150/150/150 98/98/98 99/99/99
f 150/150/150 149/149/149 98/98/98
f 151/151/151 99/99/99 100/100/100
f 151/151/151 150/150/150 99/99/99
f 152/152/152 100/100/100 101/101/101
f 152/152/152 151/151/151 100/100/100
f 153/153/153 101/101/101 102/102/102
f 153/153/153 152/152/152 101/101/101
f 154/154/154 102/102/102 103/103/103
f 154/154/154 153/153/153 102/102/102
f 108/108/108 154/154/154 103/103/103
f 155/155/155 156/156/156 104/104/104
f 155/155/155 104/104/104 157/157/157
f 104/104/104 106/106/106 157/157/157
f 156/156/156 105/105/105 104/104/104
f 158/158/158 107/107/107 105/105/105
f 156/156/156 158/158/158 105/105/105
f 157/157/157 106/106/106 110/110/110
f 159/159/159 109/109/109 107/107/107
f 158/158/158 159/159/159 107/107/107
f 160/160/160 154/154/154 108/108/108
f 109/109/109 160/160/160 108/108/108
f 109/109/109 161/161/161 160/160/160
f 159/159/159 161/161/161 109/109/109
f 162/162/162 110/110/110 111/111/111
f 157/157/157 110/110/110 162/162/162
f 163/163/163 111/111/111 112/112/112
f 162/162/162 111/111/111 163/163/163
f 164/164/164 112/112/112 113/113/113
f 163/163/163 112/112/112 164/164/164
f 165/165/165 113/113/113 114/114/114
f 164/164/164 113/113/113 165/165/165
f 166/166/166 114/114/114 115/115/115
f 165/165/165 114/114/114 166/166/166
f 167/167/167 115/115/115 116/116/116
f 166/166/166 115/115/115 167/167/167
f 168/168/168 116/116/116 117/117/117
f 167/167/167 116/116/116 168/168/168
f 169/169/169 117/117/117 118/118/118
f 168/168/168 117/117/117 169/169/169
f 170/170/170 118/118/118 119/119/119
f 169/169/169 118/118/118 170/170/170
f 171/171/171 119/119/119 120/120/120
f 170/170/170 119/119/119 171/171/171
f 172/172/172 120/120/120 121/121/121
f 173/173/173 172/172/172 121/121/121
f 171/171/171 120/120/120 172/172/172
f 121/121/121 122/122/122 173/173/173
f 122/122/122 123/123/123 174/174/174
f 173/173/173 122/122/122 174/174/174
f 123/123/123 124/124/124 175/175/175
f 174/174/174 123/123/123 175/175/175
f 124/124/124 125/125/125 176/176/176
f 175/175/175 124/124/124 176/176/176
f 125/125/125 126/126/126 177/177/177
f 125/125/125 177/177/177 176/176/176
f 126/126/126 127/127/127 178/178/178
f 126/126/126 178/178/178 177/177/177
f 127/127/127 128/128/128 179/179/179
f 127/127/127 179/179/179 178/178/178
f 128/128/128 129/129/129 180/180/180
f 128/128/128 180/180/180 179/179/179
f 129/129/129 130/130/130 181/181/181
f 129/129/129 181/181/181 180/180/180
f 130/130/130 131/131/131 182/182/182
f 130/130/130 182/182/182 181/181/181
f 131/131/131 132/132/132 183/183/183
f 131/131/131 183/183/183 182/182/182
f 132/132/132 133/133/133 184/184/184
f 132/132/132 184/184/184 183/183/183
f 134/134/134 185/185/185 133/133/133
f 133/133/133 185/185/185 184/184/184
f 135/135/135 186/186/186 134/134/134
f 134/134/134 186/186/186 185/185/185
f 136/136/136 187/187/187 135/135/135
f 135/135/135 187/187/187 186/186/186
f 137/137/137 188/188/188 136/136/136
f 136/136/136 188/188/188 187/187/187
f 138/138/138 189/189/189 137/137/137
f 137/137/137 189/189/189 188/188/188
f 139/139/139 190/190/190 138/138/138
f 138/138/138 190/190/190 189/189/189
f 140/140/140 191/191/191 139/139/139
f 139/139/139 191/191/191 190/190/190
f 141/141/141 192/192/192 140/140/140
f 140/140/140 192/192/192 191/191/191
f 142/142/142 193/193/193 141/141/141
f 141/141/141 193/193/193 192/192/192
f 143/143/143 194/194/194 142/142/142
f 142/142/142 194/194/194 193/193/193
f 144/144/144 195/195/195 143/143/143
f 143/143/143 195/195/195 194/194/194
f 146/146/146 196/196/196 144/144/144
f 144/144/144 196/196/196 195/195/195
f 147/147/147 197/197/197 145/145/145
f 197/197/197 198/198/198 146/146/146
f 145/145/145 197/197/197 146/146/146
f 146/146/146 198/198/198 196/196/196
f 148/148/148 199/199/199 147/147/147
f 199/199/199 197/197/197 147/147/147
f 149/149/149 200/200/200 148/148/148
f 200/200/200 199/199/199 148/148/148
f 201/201/201 149/149/149 150/150/150
f 201/201/201 200/200/200 149/149/149
f 202/202/202 150/150/150 151/151/151
f 202/202/202 201/201/201 150/150/150
f 203/203/203 151/151/151 152/152/152
f 203/203/203 202/202/202 151/151/151
f 204/204/204 152/152/152 153/153/153
f 204/204/204 203/203/203 152/152/152
f 205/205/205 153/153/153 154/154/154
f 205/205/205 204/204/204 153/153/153
f 160/160/160 205/205/205 154/154/154
f 206/206/206 207/207/207 155/155/155
f 206/206/206 155/155/155 208/208/208
f 155/155/155 157/157/157 208/208/208
f 207/207/207 156/156/156 155/155/155
f 209/209/209 158/158/158 156/156/156
f 207/207/207 209/209/209 156/156/156
f 208/208/208 157/157/157 162/162/162
f 210/210/210 159/159/159 158/158/158
f 209/209/209 210/210/210 158/158/158
f 211/211/211 161/161/161 159/159/159
f 210/210/210 211/211/211 159/159/159
f 160/160/160 212/212/212 205/205/205
f 161/161/161 212/212/212 160/160/160
f 213/213/213 212/212/212 161/161/161
f 211/211/211 213/213/213 161/161/161
f 214/214/214 162/162/162 163/163/163
f 208/208/208 162/162/162 214/214/214
f 215/215/215 163/163/163 164/164/164
f 214/214/214 163/163/163 215/215/215
f 216/216/216 164/164/164 165/165/165
f 215/215/215 164/164/164 216/216/216
f 217/217/217 165/165/165 166/166/166
f 216/216/216 165/165/165 217/217/217
f 218/218/218 166/166/166 167/167/167
f 217/217/217 166/166/166 218/218/218
f 219/219/219 167/167/167 168/168/168
f 218/218/218 167/167/167 219/219/219
f 220/220/220 168/168/168 169/169/169
f 219/219/219 168/168/168 220/220/220
f 221/221/221 169/169/169 170/170/170
f 220/220/220 169/169/169 221/221/221
f 222/222/222 170/170/170 171/171/171
f 221/221/221 170/170/170 222/222/222
f 223/223/223 171/171/171 172/172/172
f 222/222/222 171/171/171 223/223/223
f 224/224/224 172/172/172 173/173/173
f 225/225/225 224/224/224 173/173/173
f 223/223/223 172/172/172 224/224/224
f 173/173/173 174/174/174 225/225/225
f 174/174/174 175/175/175 226/226/226
f 225/225/225 174/174/174 226/226/226
f 175/175/175 176/176/176 227/227/227
f 226/226/226 175/175/175 227/227/227
f 176/176/176 177/177/177 228/228/228
f 227/227/227 176/176/176 228/228/228
f 177/177/177 178/178/178 229/229/229
f 228/228/228 177/177/177 229/229/229
f 178/178/178 179/179/179 230/230/230
f 229/229/229 178/178/178 230/230/230
f 179/179/179 180/180/180 231/231/231
f 230/230/230 179/179/179 231/231/231
f 180/180/180 181/181/181 232/232/232
f 231/231/231 180/180/180 232/232/232
f 181/181/181 182/182/182 233/233/233
f 232/232/232 181/181/181 233/233/233
f 182/182/182 183/183/183 234/234/234
f 233/233/233 182/182/182 234/234/234
f 183/183/183 184/184/184 235/235/235
f 183/183/183 235/235/235 234/234/234
f 184/184/184 185/185/185 236/236/236
f 184/184/184 236/236/236 235/235/235
f 186/186/186 237/237/237 185/185/185
f 185/185/185 237/237/237 236/236/236
f 187/187/187 238/238/238 186/186/186
f 186/186/186 238/238/238 237/237/237
f 188/188/188 239/239/239 187/187/187
f 187/187/187 239/239/239 238/238/238
f 189/189/189 240/240/240 188/188/188
f 188/188/188 240/240/240 239/239/239
f 190/190/190 241/241/241 189/189/189
f 189/189/189 241/241/241 240/240/240
f 191/191/191 242/242/242 190/190/190
f 190/190/190 242/242/242 241/241/241
f 192/192/192 243/243/243 191/191/191
f 191/191/191 243/243/243 242/242/242
f 193/193/193 244/244/244 192/192/192
f 192/192/192 244/244/244 243/243/243
f 194/194/194 245/245/245 193/193/193
f 193/193/193 245/245/245 244/244/244
f 195/195/195 246/246/246 194/194/194
f 194/194/194 246/246/246 245/245/245
f 196/196/196 247/247/247 195/195/195
f 195/195/195 247/247/247 246/246/246
f 198/198/198 248/248/248 196/196/196
f 196/196/196 248/248/248 247/247/247
f 199/199/199 249/249/249 197/197/197
f 249/249/249 250/250/250 198/198/198
f 197/197/197 249/249/249 198/198/198
f 198/198/198 250/250/250 248/248/248
f 200/200/200 251/251/251 199/199/199
f 251/251/251 249/249/249 199/199/199
f 201/201/201 252/252/252 200/200/200
f 252/252/252 251/251/251 200/200/200
f 202/202/202 253/253/253 201/201/201
f 253/253/253 252/252/252 201/201/201
f 203/203/203 254/254/254 202/202/202
f 254/254/254 253/253/253 202/202/202
f 204/204/204 255/255/255 203/203/203
f 255/255/255 254/254/254 203/203/203
f 205/205/205 256/256/256 204/204/204
f 256/256/256 255/255/255 204/204/204
f 212/212/212 256/256/256 205/205/205
f 257/257/257 258/258/258 206/206/206
f 257/257/257 206/206/206 259/259/259
f 206/206/206 208/208/208 259/259/259
f 258/258/258 207/207/207 206/206/206
f 260/260/260 209/209/209 207/207/207
f 258/258/258 260/260/260 207/207/207
f 259/259/259 208/208/208 214/214/214
f 261/261/261 210/210/210 209/209/209
f 260/260/260 261/261/261 209/209/209
f 262/262/262 211/211/211 210/210/210
f 261/261/261 262/262/262 210/210/210
f 263/263/263 213/213/213 211/211/211
f 262/262/262 263/263/263 211/211/211
f 264/264/264 256/256/256 212/212/212
f 213/213/213 264/264/264 212/212/212
f 265/265/265 264/264/264 213/213/213
f 263/263/263 265/265/265 213/213/213
f 266/266/266 214/214/214 215/215/215
f 259/259/259 214/214/214 266/266/266
f 267/267/267 215/215/215 216/216/216
f 266/266/266 215/215/215 267/267/267
f 268/268/268 216/216/216 217/217/217
f 267/267/267 216/216/216 268/268/268
f 269/269/269 217/217/217 218/218/218
f 268/268/268 217/217/217 269/269/269
f 270/270/270 218/218/218 219/219/219
f 269/269/269 218/218/218 270/270/270
f 271/271/271 219/219/219 220/220/220
f 270/270/270 219/219/219 271/271/271
f 272/272/272 220/220/220 221/221/221
f 271/271/271 220/220/220 272/272/272
f 273/273/273 221/221/221 222/222/222
f 272/272/272 221/221/221 273/273/273
f 274/274/274 222/222/222 223/223/223
f 273/273/273 222/222/222 274/274/274
f 275/275/275 223/223/223 224/224/224
f 274/274/274 223/223/223 275/275/275
f 276/276/276 224/224/224 225/225/225
f 277/277/277 276/276/276 225/225/225
f 275/275/275 224/224/224 276/276/276
f 225/225/225 226/226/226 277/277/277
f 226/226/226 227/227/227 278/278/278
f 277/277/277 226/226/226 278/278/278
f 227/227/227 228/228/228 279/279/279
f 278/278/278 227/227/227 279/279/279
f 228/228/228 229/229/229 280/280/280
f 279/279/279 228/228/228 280/280/280
f 229/229/229 230/230/230 281/281/281
f 280/280/280 229/229/229 281/281/281
f 230/230/230 231/231/231 282/282/282
f 230/230/230 282/282/282 281/281/281
f 231/231/231 232/232/232 283/283/283
f 231/231/231 283/283/283 282/282/282
f 232/232/232 233/233/233 284/284/284
f 232/232/232 284/284/284 283/283/283
f 233/233/233 234/234/234 285/285/285
f 233/233/233 285/285/285 284/284/284
f 234/234/234 235/235/235 286/286/286
f 234/234/234 286/286/286 285/285/285
f 235/235/235 236/236/236 287/287/287
f 235/235/235 287/287/287 286/286/286
f 236/236/236 237/237/237 288/288/288
f 236/236/236 288/288/288 287/287/287
f 238/238/238 289/289/289 237/237/237
f 237/237/237 289/289/289 288/288/288
f 239/239/239 290/290/290 238/238/238
f 238/238/238 290/290/290 289/289/289
f 240/240/240 291/291/291 239/239/239
f 239/239/239 291/291/291 290/290/290
f 241/241/241 292/292/292 240/240/240
f 240/240/240 292/292/292 291/291/291
f 242/242/242 293/293/293 241/241/241
f 241/241/241 293/293/293 292/292/292
f 243/243/243 294/294/294 242/242/242
f 242/242/242 294/294/294 293/293/293
f 244/244/244 295/295/295 243/243/243
f 243/243/243 295/295/295 294/294/294
f 245/245/245 296/296/296 244/244/244
f 244/244/244 296/296/296 295/295/295
f 246/246/246 297/297/297 245/245/245
f 245/245/245 297/297/297 296/296/296
f 247/247/247 298/298/298 246/246/246
f 246/246/246 298/298/298 297/297/297
f 248/248/248 299/299/299 247/247/247
f 247/247/247 299/299/299 298/298/298
f 250/250/250 300/300/300 248/248/248
f 248/248/248 300/300/300 299/299/299
f 251/251/251 301/301/301 249/249/249
f 301/301/301 302/302/302 250/250/250
f 249/249/249 301/301/301 250/250/250
f 250/250/250 302/302/302 300/300/300
f 252/252/252 303/303/303 251/251/251
f 303/303/303 301/301/301 251/251/251
f 253/253/253 304/304/304 252/252/252
f 304/304/304 303/303/303 252/252/252
f 254/254/254 305/305/305 253/253/253
f 305/305/305 304/304/304 253/253/253
f 306/306/306 254/254/254 255/255/255
f 306/306/306 305/305/305 254/254/254
f 307/307/307 255/255/255 256/256/256
f 307/307/307 306/306/306 255/255/255
f 264/264/264 307/307/307 256/256/256
f 308/308/308 309/309/309 257/257/257
f 308/308/308 257/257/257 310/310/310
f 257/257/257 259/259/259 310/310/310
f 309/309/309 258/258/258 257/257/257
f 311/311/311 260/260/260 258/258/258
f 309/309/309 311/311/311 258/258/258
f 310/310/310 259/259/259 266/266/266
f 260/260/260 312/312/312 261/261/261
f 311/311/311 312/312/312 260/260/260
f 261/261/261 313/313/313 262/262/262
f 312/312/312 313/313/313 261/261/261
f 262/262/262 314/314/314 263/263/263
f 313/313/313 314/314/314 262/262/262
f 263/263/263 315/315/315 265/265/265
f 314/314/314 315/315/315 263/263/263
f 316/316/316 307/307/307 264/264/264
f 265/265/265 316/316/316 264/264/264
f 265/265/265 317/317/317 316/316/316
f 315/315/315 317/317/317 265/265/265
f 318/318/318 266/266/266 267/267/267
f 310/310/310 266/266/266 318/318/318
f 319/319/319 267/267/267 268/268/268
f 318/318/318 267/267/267 319/319/319
f 320/320/320 268/268/268 269/269/269
f 319/319/319 268/268/268 320/320/320
f 321/321/321 269/269/269 270/270/270
f 320/320/320 269/269/269 321/321/321
f 322/322/322 270/270/270 271/271/271
f 321/321/321 270/270/270 322/322/322
f 323/323/323 271/271/271 272/272/272
f 322/322/322 271/271/271 323/323/323
f 324/324/324 272/272/272 273/273/273
f 323/323/323 272/272/272 324/324/324
f 325/325/325 273/273/273 274/274/274
f 324/324/324 273/273/273 325/325/325
f 326/326/326 274/274/274 275/275/275
f 325/325/325 274/274/274 326/326/326
f 327/327/327 275/275/275 276/276/276
f 326/326/326 275/275/275 327/327/327
f 328/328/328 276/276/276 277/277/277
f 329/329/329 328/328/328 277/277/277
f 327/327/327 276/276/276 328/328/328
f 277/277/277 278/278/278 329/329/329
f 278/278/278 279/279/279 330/330/330
f 329/329/329 278/278/278 330/330/330
f 279/279/279 280/280/280 331/331/331
f 330/330/330 279/279/279 331/331/331
f 280/280/280 281/281/281 332/332/332
f 331/331/331 280/280/280 332/332/332
f 281/281/281 282/282/282 333/333/333
f 332/332/332 281/281/281 333/333/333
f 282/282/282 283/283/283 334/334/334
f 333/333/333 282/282/282 334/334/334
f 283/283/283 284/284/284 335/335/335
f 283/283/283 335/335/335 334/334/334
f 284/284/284 285/285/285 336/336/336
f 284/284/284 336/336/336 335/335/335
f 285/285/285 286/286/286 337/337/337
f 285/285/285 337/337/337 336/336/336
f 286/286/286 287/287/287 338/338/338
f 286/286/286 338/338/338 337/337/337
f 287/287/287 288/288/288 339/339/339
f 287/287/287 339/339/339 338/338/338
f 288/288/288 289/289/289 340/340/340
f 288/288/288 340/340/340 339/339/339
f 290/290/290 341/341/341 289/289/289
f 289/289/289 341/341/341 340/340/340
f 291/291/291 342/342/342 290/290/290
f 290/290/290 342/342/342 341/341/341
f 292/292/292 343/343/343 291/291/291
f 291/291/291 343/343/343 342/342/342
f 293/293/293 344/344/344 292/292/292
f 292/292/292 344/344/344 343/343/343
f 294/294/294 345/345/345 293/293/293
f 293/293/293 345/345/345 344/344/344
f 295/295/295 346/346/346 294/294/294
f 294/294/294 346/346/346 345/345/345
f 296/296/296 347/347/347 295/295/295
f 295/295/295 347/347/347 346/346/346
f 297/297/297 348/348/348 296/296/296
f 296/296/296 348/348/348 347/347/347
f 298/298/298 349/349/349 297/297/297
f 297/297/297 349/349/349 348/348/348
f 299/299/299 350/350/350 298/298/298
f 298/298/298 350/350/350 349/349/349
f 300/300/300 351/351/351 299/299/299
f 299/299/299 351/351/351 350/350/350
f 302/302/302 352/352/352 300/300/300
f 300/300/300 352/352/352 351/351/351
f 303/303/303 353/353/353 301/301/301
f 353/353/353 354/354/354 302/302/302
f 301/301/301 353/353/353 302/302/302
f 302/302/302 354/354/354 352/352/352
f 304/304/304 355/355/355 303/303/303
f 355/355/355 353/353/353 303/303/303
f 305/305/305 356/356/356 304/304/304
f 356/356/356 355/355/355 304/304/304
f 306/306/306 357/357/357 305/305/305
f 357/357/357 356/356/356 305/305/305
f 307/307/307 358/358/358 306/306/306
f 358/358/358 357/357/357 306/306/306
f 316/316/316 358/358/358 307/307/307
f 359/359/359 360/360/360 308/308/308
f 359/359/359 308/308/308 361/361/361
f 308/308/308 310/310/310 361/361/361
f 360/360/360 309/309/309 308/308/308
f 362/362/362 311/311/311 309/309/309
f 360/360/360 362/362/362 309/309/309
f 361/361/361 310/310/310 318/318/318
f 363/363/363 312/312/312 311/311/311
f 362/362/362 363/363/363 311/311/311
f 364/364/364 313/313/313 312/312/312
f 363/363/363 364/364/364 312/312/312
f 365/365/365 314/314/314 313/313/313
f 364/364/364 365/365/365 313/313/313
f 366/366/366 315/315/315 314/314/314
f 365/365/365 366/366/366 314/314/314
f 315/315/315 367/367/367 317/317/317
f 366/366/366 367/367/367 315/315/315
f 316/316/316 368/368/368 358/358/358
f 317/317/317 368/368/368 316/316/316
f 317/317/317 369/369/369 368/368/368
f 367/367/367 369/369/369 317/317/317
f 370/370/370 318/318/318 319/319/319
f 361/361/361 318/318/318 370/370/370
f 371/371/371 319/319/319 320/320/320
f 370/370/370 319/319/319 371/371/371
f 372/372/372 320/320/320 321/321/321
f 371/371/371 320/320/320 372/372/372
f 373/373/373 321/321/321 322/322/322
f 372/372/372 321/321/321 373/373/373
f 374/374/374 322/322/322 323/323/323
f 373/373/373 322/322/322 374/374/374
f 375/375/375 323/323/323 324/324/324
f 374/374/374 323/323/323 375/375/375
f 376/376/376 324/324/324 325/325/325
f 375/375/375 324/324/324 376/376/376
f 377/377/377 325/325/325 326/326/326
f 376/376/376 325/325/325 377/377/377
f 378/378/378 326/326/326 327/327/327
f 377/377/377 326/326/326 378/378/378
f 379/379/379 327/327/327 328/328/328
f 378/378/378 327/327/327 379/379/379
f 380/380/380 328/328/328 329/329/329
f 381/381/381 380/380/380 329/329/329
f 379/379/379 328/328/328 380/380/380
f 329/329/329 330/330/330 381/381/381
f 330/330/330 331/331/331 382/382/382
f 381/381/381 330/330/330 382/382/382
f 331/331/331 332/332/332 383/383/383
f 382/382/382 331/331/331 383/383/383
f 332/332/332 333/333/333 384/384/384
f 383/383/383 332/332/332 384/384/384
f 333/333/333 334/334/334 385/385/385
f 384/384/384 333/333/333 385/385/385
f 334/334/334 335/335/335 386/386/386
f 385/385/385 334/334/334 386/386/386
f 335/335/335 336/336/336 387/387/387
f 386/386/386 335/335/335 387/387/387
f 336/336/336 337/337/337 388/388/388
f 387/387/387 336/336/336 388/388/388
f 337/337/337 338/338/338 389/389/389
f 388/388/388 337/337/337 389/389/389
f 338/338/338 339/339/339 390/390/390
f 389/389/389 338/338/338 390/390/390
f 339/339/339 340/340/340 391/391/391
f 390/390/390 339/339/339 391/391/391
f 340/340/340 341/341/341 392/392/392
f 340/340/340 392/392/392 391/391/391
f 342/342/342 393/393/393 341/341/341
f 341/341/341 393/393/393 392/392/392
f 343/343/343 394/394/394 342/342/342
f 342/342/342 394/394/394 393/393/393
f 344/344/344 395/395/395 343/343/343
f 343/343/343 395/395/395 394/394/394
f 345/345/345 396/396/396 344/344/344
f 344/344/344 396/396/396 395/395/395
f 346/346/346 397/397/397 345/345/345
f 345/345/345 397/397/397 396/396/396
f 347/347/347 398/398/398 346/346/346
f 346/346/346 398/398/398 397/397/397
f 348/348/348 399/399/399 347/347/347
f 347/347/347 399/399/399 398/398/398
f 349/349/349 400/400/400 348/348/348
f 348/348/348 400/400/400 399/399/399
f 350/350/350 401/401/401 349/349/349
f 349/349/349 401/401/401 400/400/400
f 351/351/351 402/402/402 350/350/350
f 350/350/350 402/402/402 401/401/401
f 352/352/352 403/403/403 351/351/351
f 351/351/351 403/403/403 402/402/402
f 354/354/354 404/404/404 352/352/352
f 352/352/352 404/404/404 403/403/403
f 355/355/355 405/405/405 353/353/353
f 405/405/405 406/406/406 354/354/354
f 353/353/353 405/405/405 354/354/354
f 354/354/354 406/406/406 404/404/404
f 356/356/356 407/407/407 355/355/355
f 407/407/407 405/405/405 355/355/355
f 357/357/357 408/408/408 356/356/356
f 408/408/408 407/407/407 356/356/356
f 358/358/358 409/409/409 357/357/357
f 409/409/409 408/408/408 357/357/357
f 368/368/368 409/409/409 358/358/358
f 410/410/410 411/411/411 359/359/359
f 410/410/410 359/359/359 412/412/412
f 359/359/359 361/361/361 412/412/412
f 411/411/411 360/360/360 359/359/359
f 413/413/413 362/362/362 360/360/360
f 411/411/411 413/413/413 360/360/360
f 412/412/412 361/361/361 370/370/370
f 414/414/414 363/363/363 362/362/362
f 413/413/413 414/414/414 362/362/362
f 415/415/415 364/364/364 363/363/363
f 414/414/414 415/415/415 363/363/363
f 416/416/416 365/365/365 364/364/364
f 415/415/415 416/416/416 364/364/364
f 365/365/365 417/417/417 366/366/366
f 416/416/416 417/417/417 365/365/365
f 366/366/366 418/418/418 367/367/367
f 417/417/417 418/418/418 366/366/366
f 367/367/367 419/419/419 369/369/369
f 418/418/418 419/419/419 367/367/367
f 368/368/368 420/420/420 409/409/409
f 369/369/369 420/420/420 368/368/368
f 369/369/369 421/421/421 420/420/420
f 419/419/419 421/421/421 369/369/369
f 422/422/422 370/370/370 371/371/371
f 412/412/412 370/370/370 422/422/422
f 423/423/423 371/371/371 372/372/372
f 422/422/422 371/371/371 423/423/423
f 424/424/424 372/372/372 373/373/373
f 423/423/423 372/372/372 424/424/424
f 425/425/425 373/373/373 374/374/374
f 424/424/424 373/373/373 425/425/425
f 426/426/426 374/374/374 375/375/375
f 425/425/425 374/374/374 426/426/426
f 427/427/427 375/375/375 376/376/376
f 426/426/426 375/375/375 427/427/427
f 428/428/428 376/376/376 377/377/377
f 427/427/427 376/376/376 428/428/428
f 429/429/429 377/377/377 378/378/378
f 428/428/428 377/377/377 429/429/429
f 430/430/430 378/378/378 379/379/379
f 429/429/429 378/378/378 430/430/430
f 431/431/431 379/379/379 380/380/380
f 430/430/430 379/379/379 431/431/431
f 432/432/432 380/380/380 381/381/381
f 433/433/433 432/432/432 381/381/381
f 431/431/431 380/380/380 432/432/432
f 381/381/381 382/382/382 433/433/433
f 382/382/382 383/383/383 434/434/434
f 433/433/433 382/382/382 434/434/434
f 383/383/383 384/384/384 435/435/435
f 434/434/434 383/383/383 435/435/435
f 384/384/384 385/385/385 436/436/436
f 435/435/435 384/384/384 436/436/436
f 385/385/385 386/386/386 437/437/437
f 436/436/436 385/385/385 437/437/437
f 386/386/386 387/387/387 438/438/438
f 437/437/437 386/386/386 438/438/438
f 387/387/387 388/388/388 439/439/439
f 438/438/438 387/387/387 439/439/439
f 388/388/388 389/389/389 440/440/440
f 388/388/388 440/440/440 439/439/439
f 389/389/389 390/390/390 441/441/441
f 389/389/389 441/441/441 440/440/440
f 390/390/390 391/391/391 442/442/442
f 390/390/390 442/442/442 441/441/441
f 391/391/391 392/392/392 443/443/443
f 391/391/391 443/443/443 442/442/442
f 392/392/392 393/393/393 444/444/444
f 392/392/392 444/444/444 443/443/443
f 394/394/394 445/445/445 393/393/393
f 393/393/393 445/445/445 444/444/444
f 395/395/395 446/446/446 394/394/394
f 394/394/394 446/446/446 445/445/445
f 396/396/396 447/447/447 395/395/395
f 395/395/395 447/447/447 446/446/446
f 397/397/397 448/448/448 396/396/396
f 396/396/396 448/448/448 447/447/447
f 398/398/398 449/449/449 397/397/397
f 397/397/397 449/449/449 448/448/448
f 399/399/399 450/450/450 398/398/398
f 398/398/398 450/450/450 449/449/449
f 400/400/400 451/451/451 399/399/399
f 399/399/399 451/451/451 450/450/450
f 401/401/401 452/452/452 400/400/400
f 400/400/400 452/452/452 451/451/451
f 402/402/402 453/453/453 401/401/401
f 401/401/401 453/453/453 452/452/452
f 403/403/403 454/454/454 402/402/402
f 402/402/402 454/454/454 453/453/453
f 404/404/404 455/455/455 403/403/403
f 403/403/403 455/455/455 454/454/454
f 406/406/406 456/456/456 404/404/404
f 404/404/404 456/456/456 455/455/455
f 407/407/407 457/457/457 405/405/405
f 457/457/457 458/458/458 406/406/406
f 405/405/405 457/457/457 406/406/406
f 406/406/406 458/458/458 456/456/456
f 408/408/408 459/459/459 407/407/407
f 459/459/459 457/457/457 407/407/407
f 409/409/409 460/460/460 408/408/408
f 460/460/460 459/459/459 408/408/408
f 420/420/420 460/460/460 409/409/409
f 461/461/461 462/462/462 410/410/410
f 461/461/461 410/410/410 463/463/463
f 410/410/410 412/412/412 463/463/463
f 462/462/462 411/411/411 410/410/410
f 411/411/411 464/464/464 413/413/413
f 462/462/462 464/464/464 411/411/411
f 463/463/463 412/412/412 422/422/422
f 413/413/413 465/465/465 414/414/414
f 464/464/464 465/465/465 413/413/413
f 414/414/414 466/466/466 415/415/415
f 465/465/465 466/466/466 414/414/414
f 415/415/415 467/467/467 416/416/416
f 466/466/466 467/467/467 415/415/415
f 416/416/416 468/468/468 417/417/417
f 467/467/467 468/468/468 416/416/416
f 417/417/417 469/469/469 418/418/418
f 468/468/468 469/469/469 417/417/417
f 418/418/418 470/470/470 419/419/419
f 469/469/469 470/470/470 418/418/418
f 419/419/419 471/471/471 421/421/421
f 470/470/470 471/471/471 419/419/419
f 420/420/420 472/472/472 460/460/460
f 421/421/421 472/472/472 420/420/420
f 421/421/421 473/473/473 472/472/472
f 471/471/471 473/473/473 421/421/421
f 474/474/474 422/422/422 423/423/423
f 463/463/463 422/422/422 474/474/474
f 475/475/475 423/423/423 424/424/424
f 474/474/474 423/423/423 475/475/475
f 476/476/476 424/424/424 425/425/425
f 475/475/475 424/424/424 476/476/476
f 477/477/477 425/425/425 426/426/426
f 476/476/476 425/425/425 477/477/477
f 478/478/478 426/426/426 427/427/427
f 477/477/477 426/426/426 478/478/478
f 479/479/479 427/427/427 428/428/428
f 478/478/478 427/427/427 479/479/479
f 480/480/480 428/428/428 429/429/429
f 479/479/479 428/428/428 480/480/480
f 481/481/481 429/429/429 430/430/430
f 480/480/480 429/429/429 481/481/481
f 482/482/482 430/430/430 431/431/431
f 481/481/481 430/430/430 482/482/482
f 483/483/483 431/431/431 432/432/432
f 482/482/482 431/431/431 483/483/483
f 484/484/484 432/432/432 433/433/433
f 485/485/485 484/484/484 433/433/433
f 483/483/483 432/432/432 484/484/484
f 433/433/433 434/434/434 485/485/485
f 434/434/434 435/435/435 486/486/486
f 485/485/485 434/434/434 486/486/486
f 435/435/435 436/436/436 487/487/487
f 486/486/486 435/435/435 487/487/487
f 436/436/436 437/437/437 488/488/488
f 487/487/487 436/436/436 488/488/488
f 437/437/437 438/438/438 489/489/489
f 488/488/488 437/437/437 489/489/489
f 438/438/438 439/439/439 490/490/490
f 489/489/489 438/438/438 490/490/490
f 439/439/439 440/440/440 491/491/491
f 490/490/490 439/439/439 491/491/491
f 440/440/440 441/441/441 492/492/492
f 491/491/491 440/440/440 492/492/492
f 441/441/441 442/442/442 493/493/493
f 441/441/441 493/493/493 492/492/492
f 442/442/442 443/443/443 494/494/494
f 442/442/442 494/494/494 493/493/493
f 443/443/443 444/444/444 495/495/495
f 443/443/443 495/495/495 494/494/494
f 444/444/444 445/445/445 496/496/496
f 444/444/444 496/496/496 495/495/495
f 446/446/446 497/497/497 445/445/445
f 445/445/445 497/497/497 496/496/496
f 447/447/447 498/498/498 446/446/446
f 446/446/446 498/498/498 497/497/497
f 448/448/448 499/499/499 447/447/447
f 447/447/447 499/499/499 498/498/498
f 449/449/449 500/500/500 448/448/448
f 448/448/448 500/500/500 499/499/499
f 450/450/450 501/501/501 449/449/449
f 449/449/449 501/501/501 500/500/500
f 451/451/451 502/502/502 450/450/450
f 450/450/450 502/502/502 501/501/501
f 452/452/452 503/503/503 451/451/451
f 451/451/451 503/503/503 502/502/502
f 453/453/453 504/504/504 452/452/452
f 452/452/452 504/504/504 503/503/503
f 454/454/454 505/505/505 453/453/453
f 453/453/453 505/505/505 504/504/504
f 455/455/455 506/506/506 454/454/454
f 454/454/454 506/506/506 505/505/505
f 456/456/456 507/507/507 455/455/455
f 455/455/455 507/507/507 506/506/506
f 458/458/458 508/508/508 456/456/456
f 456/456/456 508/508/508 507/507/507
f 459/459/459 509/509/509 457/457/457
f 509/509/509 510/510/510 458/458/458
f 457/457/457 509/509/509 458/458/458
f 458/458/458 510/510/510 508/508/508
f 460/460/460 511/511/511 459/459/459
f 511/511/511 509/509/509 459/459/459
f 472/472/472 511/511/511 460/460/460
f 512/512/512 513/513/513 461/461/461
f 512/512/512 461/461/461 514/514/514
f 461/461/461 463/463/463 514/514/514
f 513/513/513 462/462/462 461/461/461
f 515/515/515 464/464/464 462/462/462
f 513/513/513 515/515/515 462/462/462
f 514/514/514 463/463/463 474/474/474
f 516/516/516 465/465/465 464/464/464
f 515/515/515 516/516/516 464/464/464
f 517/517/517 466/466/466 465/465/465
f 516/516/516 517/517/517 465/465/465
f 466/466/466 518/518/518 467/467/467
f 517/517/517 518/518/518 466/466/466
f 467/467/467 519/519/519 468/468/468
f 518/518/518 519/519/519 467/467/467
f 468/468/468 520/520/520 469/469/469
f 519/519/519 520/520/520 468/468/468
f 469/469/469 521/521/521 470/470/470
f 520/520/520 521/521/521 469/469/469
f 470/470/470 522/522/522 471/471/471
f 521/521/521 522/522/522 470/470/470
f 471/471/471 523/523/523 473/473/473
f 522/522/522 523/523/523 471/471/471
f 472/472/472 524/524/524 511/511/511
f 473/473/473 524/524/524 472/472/472
f 473/473/473 525/525/525 524/524/524
f 523/523/523 525/525/525 473/473/473
f 526/526/526 474/474/474 475/475/475
f 514/514/514 474/474/474 526/526/526
f 527/527/527 475/475/475 476/476/476
f 526/526/526 475/475/475 527/527/527
f 528/528/528 476/476/476 477/477/477
f 527/527/527 476/476/476 528/528/528
f 529/529/529 477/477/477 478/478/478
f 528/528/528 477/477/477 529/529/529
f 530/530/530 478/478/478 479/479/479
f 529/529/529 478/478/478 530/530/530
f 531/531/531 479/479/479 480/480/480
f 530/530/530 479/479/479 531/531/531
f 532/532/532 480/480/480 481/481/481
f 531/531/531 480/480/480 532/532/532
f 533/533/533 481/481/481 482/482/482
f 532/532/532 481/481/481 533/533/533
f 534/534/534 482/482/482 483/483/483
f 533/533/533 482/482/482 534/534/534
f 535/535/535 483/483/483 484/484/484
f 534/534/534 483/483/483 535/535/535
f 536/536/536 484/484/484 485/485/485
f 537/537/537 536/536/536 485/485/485
f 535/535/535 484/484/484 536/536/536
f 485/485/485 486/486/486 537/537/537
f 486/486/486 487/487/487 538/538/538
f 537/537/537 486/486/486 538/538/538
f 487/487/487 488/488/488 539/539/539
f 538/538/538 487/487/487 539/539/539
f 488/488/488 489/489/489 540/540/540
f 539/539/539 488/488/488 540/540/540
f 489/489/489 490/490/490 541/541/541
f 540/540/540 489/489/489 541/541/541
f 490/490/490 491/491/491 542/542/542
f 541/541/541 490/490/490 542/542/542
f 491/491/491 492/492/492 543/543/543
f 542/542/542 491/491/491 543/543/543
f 492/492/492 493/493/493 544/544/544
f 543/543/543 492/492/492 544/544/544
f 493/493/493 494/494/494 545/545/545
f 544/544/544 493/493/493 545/545/545
f 494/494/494 495/495/495 546/546/546
f 545/545/545 494/494/494 546/546/546
f 495/495/495 496/496/496 547/547/547
f 546/546/546 495/495/495 547/547/547
f 496/496/496 497/497/497 548/548/548
f 547/547/547 496/496/496 548/548/548
f 498/498/498 549/549/549 497/497/497
f 497/497/497 549/549/549 548/548/548
f 499/499/499 550/550/550 498/498/498
f 498/498/498 550/550/550 549/549/549
f 500/500/500 551/551/551 499/499/499
f 499/499/499 551/551/551 550/550/550
f 501/501/501 552/552/552 500/500/500
f 500/500/500 552/552/552 551/551/551
f 502/502/502 553/553/553 501/501/501
f 501/501/501 553/553/553 552/552/552
f 503/503/503 554/554/554 502/502/502
f 502/502/502 554/554/554 553/553/553
f 504/504/504 555/555/555 503/503/503
f 503/503/503 555/555/555 554/554/554
f 505/505/505 556/556/556 504/504/504
f 504/504/504 556/556/556 555/555/555
f 506/506/506 557/557/557 505/505/505
f 505/505/505 557/557/557 556/556/556
f 507/507/507 558/558/558 506/506/506
f 506/506/506 558/558/558 557/557/557
f 508/508/508 559/559/559 507/507/507
f 507/507/507 559/559/559 558/558/558
f 510/510/510 560/560/560 508/508/508
f 508/508/508 560/560/560 559/559/559
f 511/511/511 561/561/561 509/509/509
f 561/561/561 562/562/562 510/510/510
f 509/509/509 561/561/561 510/510/510
f 510/510/510 562/562/562 560/560/560
f 524/524/524 561/561/561 511/511/511
f 563/563/563 564/564/564 512/512/512
f 563/563/563 512/512/512 565/565/565
f 512/512/512 514/514/514 565/565/565
f 564/564/564 513/513/513 512/512/512
f 513/513/513 566/566/566 515/515/515
f 564/564/564 566/566/566 513/513/513
f 565/565/565 514/514/514 526/526/526
f 515/515/515 567/567/567 516/516/516
f 566/566/566 567/567/567 515/515/515
f 516/516/516 568/568/568 517/517/517
f 567/567/567 568/568/568 516/516/516
f 517/517/517 569/569/569 518/518/518
f 568/568/568 569/569/569 517/517/517
f 518/518/518 570/570/570 519/519/519
f 569/569/569 570/570/570 518/518/518
f 519/519/519 571/571/571 520/520/520
f 570/570/570 571/571/571 519/519/519
f 520/520/520 572/572/572 521/521/521
f 571/571/571 572/572/572 520/520/520
f 521/521/521 573/573/573 522/522/522
f 572/572/572 573/573/573 521/521/521
f 522/522/522 574/574/574 523/523/523
f 573/573/573 574/574/574 522/522/522
f 523/523/523 575/575/575 525/525/525
f 574/574/574 575/575/575 523/523/523
f 524/524/524 576/576/576 561/561/561
f 525/525/525 576/576/576 524/524/524
f 525/525/525 577/577/577 576/576/576
f 575/575/575 577/577/577 525/525/525
f 578/578/578 526/526/526 527/527/527
f 565/565/565 526/526/526 578/578/578
f 579/579/579 527/527/527 528/528/528
f 578/578/578 527/527/527 579/579/579
f 580/580/580 528/528/528 529/529/529
f 579/579/579 528/528/528 580/580/580
f 581/581/581 529/529/529 530/530/530
f 580/580/580 529/529/529 581/581/581
f 582/582/582 530/530/530 531/531/531
f 581/581/581 530/530/530 582/582/582
f 583/583/583 531/531/531 532/532/532
f 582/582/582 531/531/531 583/583/583
f 584/584/584 532/532/532 533/533/533
f 583/583/583 532/532/532 584/584/584
f 585/585/585 533/533/533 534/534/534
f 584/584/584 533/533/533 585/585/585
f 586/586/586 534/534/534 535/535/535
f 585/585/585 534/534/534 586/586/586
f 587/587/587 535/535/535 536/536/536
f 586/586/586 535/535/535 587/587/587
f 588/588/588 536/536/536 537/537/537
f 589/589/589 588/588/588 537/537/537
f 587/587/587 536/536/536 588/588/588
f 537/537/537 538/538/538 589/589/589
f 538/538/538 539/539/539 590/590/590
f 589/589/589 538/538/538 590/590/590
f 539/539/539 540/540/540 591/591/591
f 590/590/590 539/539/539 591/591/591
f 540/540/540 541/541/541 592/592/592
f 591/591/591 540/540/540 592/592/592
f 541/541/541 542/542/542 593/593/593
f 592/592/592 541/541/541 593/593/593
f 542/542/542 543/543/543 594/594/594
f 593/593/593 542/542/542 594/594/594
f 543/543/543 544/544/544 595/595/595
f 594/594/594 543/543/543 595/595/595
f 544/544/544 545/545/545 596/596/596
f 595/595/595 544/544/544 596/596/596
f 545/545/545 546/546/546 597/597/597
f 596/596/596 545/545/545 597/597/597
f 546/546/546 547/547/547 598/598/598
f 546/546/546 598/598/598 597/597/597
f 547/547/547 548/548/548 599/599/599
f 547/547/547 599/599/599 598/598/598
f 548/548/548 549/549/549 600/600/600
f 548/548/548 600/600/600 599/599/599
f 550/550/550 601/601/601 549/549/549
f 549/549/549 601/601/601 600/600/600
f 551/551/551 602/602/602 550/550/550
f 550/550/550 602/602/602 601/601/601
f 552/552/552 603/603/603 551/551/551
f 551/551/551 603/603/603 602/602/602
f 553/553/553 604/604/604 552/552/552
f 552/552/552 604/604/604 603/603/603
f 554/554/554 605/605/605 553/553/553
f 553/553/553 605/605/605 604/604/604
f 555/555/555 606/606/606 554/554/554
f 554/554/554 606/606/606 605/605/605
f 556/556/556 607/607/607 555/555/555
f 555/555/555 607/607/607 606/606/606
f 557/557/557 608/608/608 556/556/556
f 556/556/556 608/608/608 607/607/607
f 558/558/558 609/609/609 557/557/557
f 557/557/557 609/609/609 608/608/608
f 559/559/559 610/610/610 558/558/558
f 558/558/558 610/610/610 609/609/609
f 560/560/560 611/611/611 559/559/559
f 559/559/559 611/611/611 610/610/610
f 562/562/562 612/612/612 560/560/560
f 560/560/560 612/612/612 611/611/611
f 576/576/576 613/613/613 562/562/562
f 561/561/561 576/576/576 562/562/562
f 562/562/562 613/613/613 612/612/612
f 614/614/614 615/615/615 563/563/563
f 614/614/614 563/563/563 616/616/616
f 563/563/563 565/565/565 616/616/616
f 615/615/615 564/564/564 563/563/563
f 617/617/617 566/566/566 564/564/564
f 615/615/615 617/617/617 564/564/564
f 616/616/616 565/565/565 578/578/578
f 618/618/618 567/567/567 566/566/566
f 617/617/617 618/618/618 566/566/566
f 567/567/567 619/619/619 568/568/568
f 618/618/618 619/619/619 567/567/567
f 568/568/568 620/620/620 569/569/569
f 619/619/619 620/620/620 568/568/568
f 569/569/569 621/621/621 570/570/570
f 620/620/620 621/621/621 569/569/569
f 570/570/570 622/622/622 571/571/571
f 621/621/621 622/622/622 570/570/570
f 571/571/571 623/623/623 572/572/572
f 622/622/622 623/623/623 571/571/571
f 572/572/572 624/624/624 573/573/573
f 623/623/623 624/624/624 572/572/572
f 573/573/573 625/625/625 574/574/574
f 624/624/624 625/625/625 573/573/573
f 574/574/574 626/626/626 575/575/575
f 625/625/625 626/626/626 574/574/574
f 575/575/575 627/627/627 577/577/577
f 626/626/626 627/627/627 575/575/575
f 577/577/577 628/628/628 613/613/613
f 576/576/576 577/577/577 613/613/613
f 627/627/627 629/629/629 628/628/628
f 577/577/577 627/627/627 628/628/628
f 630/630/630 578/578/578 579/579/579
f 616/616/616 578/578/578 630/630/630
f 631/631/631 579/579/579 580/580/580
f 630/630/630 579/579/579 631/631/631
f 632/632/632 580/580/580 581/581/581
f 631/631/631 580/580/580 632/632/632
f 633/633/633 581/581/581 582/582/582
f 632/632/632 581/581/581 633/633/633
f 634/634/634 582/582/582 583/583/583
f 633/633/633 582/582/582 634/634/634
f 635/635/635 583/583/583 584/584/584
f 634/634/634 583/583/583 635/635/635
f 636/636/636 584/584/584 585/585/585
f 635/635/635 584/584/584 636/636/636
f 637/637/637 585/585/585 586/586/586
f 636/636/636 585/585/585 637/637/637
f 638/638/638 586/586/586 587/587/587
f 637/637/637 586/586/586 638/638/638
f 639/639/639 587/587/587 588/588/588
f 638/638/638 587/587/587 639/639/639
f 640/640/640 588/588/588 589/589/589
f 641/641/641 640/640/640 589/589/589
f 639/639/639 588/588/588 640/640/640
f 589/589/589 590/590/590 641/641/641
f 590/590/590 591/591/591 642/642/642
f 641/641/641 590/590/590 642/642/642
f 591/591/591 592/592/592 643/643/643
f 642/642/642 591/591/591 643/643/643
f 592/592/592 593/593/593 644/644/644
f 643/643/643 592/592/592 644/644/644
f 593/593/593 594/594/594 645/645/645
f 644/644/644 593/593/593 645/645/645
f 594/594/594 595/595/595 646/646/646
f 645/645/645 594/594/594 646/646/646
f 595/595/595 596/596/596 647/647/647
f 646/646/646 595/595/595 647/647/647
f 596/596/596 597/597/597 648/648/648
f 647/647/647 596/596/596 648/648/648
f 597/597/597 598/598/598 649/649/649
f 648/648/648 597/597/597 649/649/649
f 598/598/598 599/599/599 650/650/650
f 649/649/649 598/598/598 650/650/650
f 599/599/599 600/600/600 651/651/651
f 650/650/650 599/599/599 651/651/651
f 600/600/600 601/601/601 652/652/652
f 651/651/651 600/600/600 652/652/652
f 602/602/602 653/653/653 601/601/601
f 601/601/601 653/653/653 652/652/652
f 603/603/603 654/654/654 602/602/602
f 602/602/602 654/654/654 653/653/653
f 604/604/604 655/655/655 603/603/603
f 603/603/603 655/655/655 654/654/654
f 605/605/605 656/656/656 604/604/604
f 604/604/604 656/656/656 655/655/655
f 606/606/606 657/657/657 605/605/605
f 605/605/605 657/657/657 656/656/656
f 607/607/607 658/658/658 606/606/606
f 606/606/606 658/658/658 657/657/657
f 608/608/608 659/659/659 607/607/607
f 607/607/607 659/659/659 658/658/658
f 609/609/609 660/660/660 608/608/608
f 608/608/608 660/660/660 659/659/659
f 610/610/610 661/661/661 609/609/609
f 609/609/609 661/661/661 660/660/660
f 611/611/611 662/662/662 610/610/610
f 610/610/610 662/662/662 661/661/661
f 612/612/612 663/663/663 611/611/611
f 611/611/611 663/663/663 662/662/662
f 613/613/613 664/664/664 612/612/612
f 612/612/612 664/664/664 663/663/663
f 613/613/613 628/628/628 664/664/664
f 665/665/665 666/666/666 614/614/614
f 665/665/665 614/614/614 667/667/667
f 614/614/614 616/616/616 667/667/667
f 666/666/666 615/615/615 614/614/614
f 615/615/615 668/668/668 617/617/617
f 666/666/666 668/668/668 615/615/615
f 667/667/667 616/616/616 630/630/630
f 617/617/617 669/669/669 618/618/618
f 668/668/668 669/669/669 617/617/617
f 618/618/618 670/670/670 619/619/619
f 669/669/669 670/670/670 618/618/618
f 619/619/619 671/671/671 620/620/620
f 670/670/670 671/671/671 619/619/619
f 620/620/620 672/672/672 621/621/621
f 671/671/671 672/672/672 620/620/620
f 621/621/621 673/673/673 622/622/622
f 672/672/672 673/673/673 621/621/621
f 622/622/622 674/674/674 623/623/623
f 673/673/673 674/674/674 622/622/622
f 623/623/623 675/675/675 624/624/624
f 674/674/674 675/675/675 623/623/623
f 624/624/624 676/676/676 625/625/625
f 675/675/675 676/676/676 624/624/624
f 625/625/625 677/677/677 626/626/626
f 676/676/676 677/677/677 625/625/625
f 626/626/626 678/678/678 627/627/627
f 677/677/677 678/678/678 626/626/626
f 678/678/678 679/679/679 629/629/629
f 627/627/627 678/678/678 629/629/629
f 628/628/628 680/680/680 664/664/664
f 628/628/628 629/629/629 680/680/680
f 629/629/629 681/681/681 680/680/680
f 629/629/629 679/679/679 681/681/681
f 682/682/682 630/630/630 631/631/631
f 667/667/667 630/630/630 682/682/682
f 683/683/683 631/631/631 632/632/632
f 682/682/682 631/631/631 683/683/683
f 684/684/684 632/632/632 633/633/633
f 683/683/683 632/632/632 684/684/684
f 685/685/685 633/633/633 634/634/634
f 684/684/684 633/633/633 685/685/685
f 686/686/686 634/634/634 635/635/635
f 685/685/685 634/634/634 686/686/686
f 687/687/687 635/635/635 636/636/636
f 686/686/686 635/635/635 687/687/687
f 688/688/688 636/636/636 637/637/637
f 687/687/687 636/636/636 688/688/688
f 689/689/689 637/637/637 638/638/638
f 688/688/688 637/637/637 689/689/689
f 690/690/690 638/638/638 639/639/639
f 689/689/689 638/638/638 690/690/690
f 691/691/691 639/639/639 640/640/640
f 690/690/690 639/639/639 691/691/691
f 692/692/692 640/640/640 641/641/641
f 693/693/693 692/692/692 641/641/641
f 691/691/691 640/640/640 692/692/692
f 641/641/641 642/642/642 693/693/693
f 642/642/642 643/643/643 694/694/694
f 693/693/693 642/642/642 694/694/694
f 643/643/643 644/644/644 695/695/695
f 694/694/694 643/643/643 695/695/695
f 644/644/644 645/645/645 696/696/696
f 695/695/695 644/644/644 696/696/696
f 645/645/645 646/646/646 697/697/697
f 696/696/696 645/645/645 697/697/697
f 646/646/646 647/647/647 698/698/698
f 697/697/697 646/646/646 698/698/698
f 647/647/647 648/648/648 699/699/699
f 698/698/698 647/647/647 699/699/699
f 648/648/648 649/649/649 700/700/700
f 699/699/699 648/648/648 700/700/700
f 649/649/649 650/650/650 701/701/701
f 700/700/700 649/649/649 701/701/701
f 650/650/650 651/651/651 702/702/702
f 701/701/701 650/650/650 702/702/702
f 651/651/651 652/652/652 703/703/703
f 651/651/651 703/703/703 702/702/702
f 652/652/652 653/653/653 704/704/704
f 652/652/652 704/704/704 703/703/703
f 654/654/654 705/705/705 653/653/653
f 653/653/653 705/705/705 704/704/704
f 655/655/655 706/706/706 654/654/654
f 654/654/654 706/706/706 705/705/705
f 656/656/656 707/707/707 655/655/655
f 655/655/655 707/707/707 706/706/706
f 657/657/657 708/708/708 656/656/656
f 656/656/656 708/708/708 707/707/707
f 658/658/658 709/709/709 657/657/657
f 657/657/657 709/709/709 708/708/708
f 659/659/659 710/710/710 658/658/658
f 658/658/658 710/710/710 709/709/709
f 660/660/660 711/711/711 659/659/659
f 659/659/659 711/711/711 710/710/710
f 661/661/661 712/712/712 660/660/660
f 660/660/660 712/712/712 711/711/711
f 662/662/662 713/713/713 661/661/661
f 661/661/661 713/713/713 712/712/712
f 663/663/663 714/714/714 662/662/662
f 662/662/662 714/714/714 713/713/713
f 664/664/664 715/715/715 663/663/663
f 663/663/663 715/715/715 714/714/714
f 664/664/664 680/680/680 715/715/715
f 716/716/716 717/717/717 665/665/665
f 716/716/716 665/665/665 718/718/718
f 665/665/665 667/667/667 718/718/718
f 717/717/717 666/666/666 665/665/665
f 719/719/719 668/668/668 666/666/666
f 717/717/717 719/719/719 666/666/666
f 718/718/718 667/667/667 682/682/682
f 668/668/668 720/720/720 669/669/669
f 719/719/719 720/720/720 668/668/668
f 669/669/669 721/721/721 670/670/670
f 720/720/720 721/721/721 669/669/669
f 670/670/670 722/722/722 671/671/671
f 721/721/721 722/722/722 670/670/670
f 671/671/671 723/723/723 672/672/672
f 722/722/722 723/723/723 671/671/671
f 672/672/672 724/724/724 673/673/673
f 723/723/723 724/724/724 672/672/672
f 673/673/673 725/725/725 674/674/674
f 724/724/724 725/725/725 673/673/673
f 674/674/674 726/726/726 675/675/675
f 725/725/725 726/726/726 674/674/674
f 675/675/675 727/727/727 676/676/676
f 726/726/726 727/727/727 675/675/675
f 676/676/676 728/728/728 677/677/677
f 727/727/727 728/728/728 676/676/676
f 677/677/677 729/729/729 678/678/678
f 728/728/728 729/729/729 677/677/677
f 729/729/729 730/730/730 679/679/679
f 678/678/678 729/729/729 679/679/679
f 679/679/679 731/731/731 681/681/681
f 679/679/679 730/730/730 731/731/731
f 680/680/680 732/732/732 715/715/715
f 680/680/680 681/681/681 732/732/732
f 681/681/681 733/733/733 732/732/732
f 681/681/681 731/731/731 733/733/733
f 734/734/734 682/682/682 683/683/683
f 718/718/718 682/682/682 734/734/734
f 735/735/735 683/683/683 684/684/684
f 734/734/734 683/683/683 735/735/735
f 736/736/736 684/684/684 685/685/685
f 735/735/735 684/684/684 736/736/736
f 737/737/737 685/685/685 686/686/686
f 736/736/736 685/685/685 737/737/737
f 738/738/738 686/686/686 687/687/687
f 737/737/737 686/686/686 738/738/738
f 739/739/739 687/687/687 688/688/688
f 738/738/738 687/687/687 739/739/739
f 740/740/740 688/688/688 689/689/689
f 739/739/739 688/688/688 740/740/740
f 741/741/741 689/689/689 690/690/690
f 740/740/740 689/689/689 741/741/741
f 742/742/742 690/690/690 691/691/691
f 741/741/741 690/690/690 742/742/742
f 743/743/743 691/691/691 692/692/692
f 742/742/742 691/691/691 743/743/743
f 744/744/744 692/692/692 693/693/693
f 745/745/745 744/744/744 693/693/693
f 743/743/743 692/692/692 744/744/744
f 693/693/693 694/694/694 745/745/745
f 694/694/694 695/695/695 746/746/746
f 745/745/745 694/694/694 746/746/746
f 695/695/695 696/696/696 747/747/747
f 746/746/746 695/695/695 747/747/747
f 696/696/696 697/697/697 748/748/748
f 747/747/747 696/696/696 748/748/748
f 697/697/697 698/698/698 749/749/749
f 748/748/748 697/697/697 749/749/749
f 698/698/698 699/699/699 750/750/750
f 749/749/749 698/698/698 750/750/750
f 699/699/699 700/700/700 751/751/751
f 750/750/750 699/699/699 751/751/751
f 700/700/700 701/701/701 752/752/752
f 751/751/751 700/700/700 752/752/752
f 701/701/701 702/702/702 753/753/753
f 752/752/752 701/701/701 753/753/753
f 702/702/702 703/703/703 754/754/754
f 753/753/753 702/702/702 754/754/754
f 703/703/703 704/704/704 755/755/755
f 754/754/754 703/703/703 755/755/755
f 704/704/704 705/705/705 756/756/756
f 755/755/755 704/704/704 756/756/756
f 706/706/706 757/757/757 705/705/705
f 705/705/705 757/757/757 756/756/756
f 707/707/707 758/758/758 706/706/706
f 706/706/706 758/758/758 757/757/757
f 708/708/708 759/759/759 707/707/707
f 707/707/707 759/759/759 758/758/758
f 709/709/709 760/760/760 708/708/708
f 708/708/708 760/760/760 759/759/759
f 710/710/710 761/761/761 709/709/709
f 709/709/709 761/761/761 760/760/760
f 711/711/711 762/762/762 710/710/710
f 710/710/710 762/762/762 761/761/761
f 712/712/712 763/763/763 711/711/711
f 711/711/711 763/763/763 762/762/762
f 713/713/713 764/764/764 712/712/712
f 712/712/712 764/764/764 763/763/763
f 714/714/714 765/765/765 713/713/713
f 713/713/713 765/765/765 764/764/764
f 715/715/715 766/766/766 714/714/714
f 714/714/714 766/766/766 765/765/765
f 715/715/715 732/732/732 766/766/766
f 767/767/767 768/768/768 716/716/716
f 767/767/767 716/716/716 769/769/769
f 716/716/716 718/718/718 769/769/769
f 768/768/768 717/717/717 716/716/716
f 717/717/717 770/770/770 719/719/719
f 768/768/768 770/770/770 717/717/717
f 769/769/769 718/718/718 734/734/734
f 719/719/719 771/771/771 720/720/720
f 770/770/770 771/771/771 719/719/719
f 720/720/720 772/772/772 721/721/721
f 771/771/771 772/772/772 720/720/720
f 721/721/721 773/773/773 722/722/722
f 772/772/772 773/773/773 721/721/721
f 722/722/722 774/774/774 723/723/723
f 773/773/773 774/774/774 722/722/722
f 723/723/723 775/775/775 724/724/724
f 774/774/774 775/775/775 723/723/723
f 724/724/724 776/776/776 725/725/725
f 775/775/775 776/776/776 724/724/724
f 725/725/725 777/777/777 726/726/726
f 776/776/776 777/777/777 725/725/725
f 726/726/726 778/778/778 727/727/727
f 777/777/777 778/778/778 726/726/726
f 727/727/727 779/779/779 728/728/728
f 778/778/778 779/779/779 727/727/727
f 728/728/728 780/780/780 729/729/729
f 779/779/779 780/780/780 728/728/728
f 780/780/780 781/781/781 730/730/730
f 729/729/729 780/780/780 730/730/730
f 730/730/730 782/782/782 731/731/731
f 730/730/730 781/781/781 782/782/782
f 731/731/731 783/783/783 733/733/733
f 731/731/731 782/782/782 783/783/783
f 732/732/732 784/784/784 766/766/766
f 732/732/732 733/733/733 784/784/784
f 733/733/733 785/785/785 784/784/784
f 733/733/733 783/783/783 785/785/785
f 786/786/786 734/734/734 735/735/735
f 769/769/769 734/734/734 786/786/786
f 787/787/787 735/735/735 736/736/736
f 786/786/786 735/735/735 787/787/787
f 788/788/788 736/736/736 737/737/737
f 787/787/787 736/736/736 788/788/788
f 789/789/789 737/737/737 738/738/738
f 788/788/788 737/737/737 789/789/789
f 790/790/790 738/738/738 739/739/739
f 789/789/789 738/738/738 790/790/790
f 791/791/791 739/739/739 740/740/740
f 790/790/790 739/739/739 791/791/791
f 792/792/792 740/740/740 741/741/741
f 791/791/791 740/740/740 792/792/792
f 793/793/793 741/741/741 742/742/742
f 792/792/792 741/741/741 793/793/793
f 794/794/794 742/742/742 743/743/743
f 793/793/793 742/742/742 794/794/794
f 795/795/795 743/743/743 744/744/744
f 794/794/794 743/743/743 795/795/795
f 796/796/796 744/744/744 745/745/745
f 797/797/797 796/796/796 745/745/745
f 795/795/795 744/744/744 796/796/796
f 745/745/745 746/746/746 797/797/797
f 746/746/746 747/747/747 798/798/798
f 797/797/797 746/746/746 798/798/798
f 747/747/747 748/748/748 799/799/799
f 798/798/798 747/747/747 799/799/799
f 748/748/748 749/749/749 800/800/800
f 799/799/799 748/748/748 800/800/800
f 749/749/749 750/750/750 801/801/801
f 800/800/800 749/749/749 801/801/801
f 750/750/750 751/751/751 802/802/802
f 801/801/801 750/750/750 802/802/802
f 751/751/751 752/752/752 803/803/803
f 802/802/802 751/751/751 803/803/803
f 752/752/752 753/753/753 804/804/804
f 803/803/803 752/752/752 804/804/804
f 753/753/753 754/754/754 805/805/805
f 804/804/804 753/753/753 805/805/805
f 754/754/754 755/755/755 806/806/806
f 805/805/805 754/754/754 806/806/806
f 755/755/755 756/756/756 807/807/807
f 806/806/806 755/755/755 807/807/807
f 756/756/756 757/757/757 808/808/808
f 756/756/756 808/808/808 807/807/807
f 758/758/758 809/809/809 757/757/757
f 757/757/757 809/809/809 808/808/808
f 759/759/759 810/810/810 758/758/758
f 758/758/758 810/810/810 809/809/809
f 760/760/760 811/811/811 759/759/759
f 759/759/759 811/811/811 810/810/810
f 761/761/761 812/812/812 760/760/760
f 760/760/760 812/812/812 811/811/811
f 762/762/762 813/813/813 761/761/761
f 761/761/761 813/813/813 812/812/812
f 763/763/763 814/814/814 762/762/762
f 762/762/762 814/814/814 813/813/813
f 764/764/764 815/815/815 763/763/763
f 763/763/763 815/815/815 814/814/814
f 765/765/765 816/816/816 764/764/764
f 764/764/764 816/816/816 815/815/815
f 766/766/766 817/817/817 765/765/765
f 765/765/765 817/817/817 816/816/816
f 766/766/766 784/784/784 817/817/817
f 818/818/818 819/819/819 767/767/767
f 818/818/818 767/767/767 820/820/820
f 767/767/767 769/769/769 820/820/820
f 819/819/819 768/768/768 767/767/767
f 768/768/768 821/821/821 770/770/770
f 819/819/819 821/821/821 768/768/768
f 820/820/820 769/769/769 786/786/786
f 770/770/770 822/822/822 771/771/771
f 821/821/821 822/822/822 770/770/770
f 771/771/771 823/823/823 772/772/772
f 822/822/822 823/823/823 771/771/771
f 772/772/772 824/824/824 773/773/773
f 823/823/823 824/824/824 772/772/772
f 773/773/773 825/825/825 774/774/774
f 824/824/824 825/825/825 773/773/773
f 774/774/774 826/826/826 775/775/775
f 825/825/825 826/826/826 774/774/774
f 775/775/775 827/827/827 776/776/776
f 826/826/826 827/827/827 775/775/775
f 776/776/776 828/828/828 777/777/777
f 827/827/827 828/828/828 776/776/776
f 777/777/777 829/829/829 778/778/778
f 828/828/828 829/829/829 777/777/777
f 778/778/778 830/830/830 779/779/779
f 829/829/829 830/830/830 778/778/778
f 779/779/779 831/831/831 780/780/780
f 830/830/830 831/831/831 779/779/779
f 831/831/831 832/832/832 781/781/781
f 780/780/780 831/831/831 781/781/781
f 781/781/781 833/833/833 782/782/782
f 781/781/781 832/832/832 833/833/833
f 782/782/782 834/834/834 783/783/783
f 782/782/782 833/833/833 834/834/834
f 783/783/783 835/835/835 785/785/785
f 783/783/783 834/834/834 835/835/835
f 784/784/784 836/836/836 817/817/817
f 784/784/784 785/785/785 836/836/836
f 785/785/785 837/837/837 836/836/836
f 785/785/785 835/835/835 837/837/837
f 838/838/838 786/786/786 787/787/787
f 820/820/820 786/786/786 838/838/838
f 839/839/839 787/787/787 788/788/788
f 838/838/838 787/787/787 839/839/839
f 840/840/840 788/788/788 789/789/789
f 839/839/839 788/788/788 840/840/840
f 841/841/841 789/789/789 790/790/790
f 840/840/840 789/789/789 841/841/841
f 842/842/842 790/790/790 791/791/791
f 841/841/841 790/790/790 842/842/842
f 843/843/843 791/791/791 792/792/792
f 842/842/842 791/791/791 843/843/843
f 844/844/844 792/792/792 793/793/793
f 843/843/843 792/792/792 844/844/844
f 845/845/845 793/793/793 794/794/794
f 844/844/844 793/793/793 845/845/845
f 846/846/846 794/794/794 795/795/795
f 845/845/845 794/794/794 846/846/846
f 847/847/847 795/795/795 796/796/796
f 846/846/846 795/795/795 847/847/847
f 848/848/848 796/796/796 797/797/797
f 849/849/849 848/848/848 797/797/797
f 847/847/847 796/796/796 848/848/848
f 797/797/797 798/798/798 849/849/849
f 798/798/798 799/799/799 850/850/850
f 849/849/849 798/798/798 850/850/850
f 799/799/799 800/800/800 851/851/851
f 850/850/850 799/799/799 851/851/851
f 800/800/800 801/801/801 852/852/852
f 851/851/851 800/800/800 852/852/852
f 801/801/801 802/802/802 853/853/853
f 852/852/852 801/801/801 853/853/853
f 802/802/802 803/803/803 854/854/854
f 853/853/853 802/802/802 854/854/854
f 803/803/803 804/804/804 855/855/855
f 854/854/854 803/803/803 855/855/855
f 804/804/804 805/805/805 856/856/856
f 855/855/855 804/804/804 856/856/856
f 805/805/805 806/806/806 857/857/857
f 856/856/856 805/805/805 857/857/857
f 806/806/806 807/807/807 858/858/858
f 857/857/857 806/806/806 858/858/858
f 807/807/807 808/808/808 859/859/859
f 858/858/858 807/807/807 859/859/859
f 808/808/808 809/809/809 860/860/860
f 859/859/859 808/808/808 860/860/860
f 810/810/810 861/861/861 809/809/809
f 809/809/809 861/861/861 860/860/860
f 811/811/811 862/862/862 810/810/810
f 810/810/810 862/862/862 861/861/861
f 812/812/812 863/863/863 811/811/811
f 811/811/811 863/863/863 862/862/862
f 813/813/813 864/864/864 812/812/812
f 812/812/812 864/864/864 863/863/863
f 814/814/814 865/865/865 813/813/813
f 813/813/813 865/865/865 864/864/864
f 815/815/815 866/866/866 814/814/814
f 814/814/814 866/866/866 865/865/865
f 816/816/816 867/867/867 815/815/815
f 815/815/815 867/867/867 866/866/866
f 817/817/817 868/868/868 816/816/816
f 816/816/816 868/868/868 867/867/867
f 817/817/817 836/836/836 868/868/868
f 869/869/869 870/870/870 818/818/818
f 869/869/869 818/818/818 871/871/871
f 818/818/818 820/820/820 871/871/871
f 870/870/870 819/819/819 818/818/818
f 819/819/819 872/872/872 821/821/821
f 870/870/870 872/872/872 819/819/819
f 871/871/871 820/820/820 838/838/838
f 821/821/821 873/873/873 822/822/822
f 872/872/872 873/873/873 821/821/821
f 822/822/822 874/874/874 823/823/823
f 873/873/873 874/874/874 822/822/822
f 823/823/823 875/875/875 824/824/824
f 874/874/874 875/875/875 823/823/823
f 824/824/824 876/876/876 825/825/825
f 875/875/875 876/876/876 824/824/824
f 825/825/825 877/877/877 826/826/826
f 876/876/876 877/877/877 825/825/825
f 826/826/826 878/878/878 827/827/827
f 877/877/877 878/878/878 826/826/826
f 827/827/827 879/879/879 828/828/828
f 878/878/878 879/879/879 827/827/827
f 828/828/828 880/880/880 829/829/829
f 879/879/879 880/880/880 828/828/828
f 829/829/829 881/881/881 830/830/830
f 880/880/880 881/881/881 829/829/829
f 830/830/830 882/882/882 831/831/831
f 881/881/881 882/882/882 830/830/830
f 882/882/882 883/883/883 832/832/832
f 831/831/831 882/882/882 832/832/832
f 832/832/832 884/884/884 833/833/833
f 832/832/832 883/883/883 884/884/884
f 833/833/833 885/885/885 834/834/834
f 833/833/833 884/884/884 885/885/885
f 834/834/834 886/886/886 835/835/835
f 834/834/834 885/885/885 886/886/886
f 835/835/835 887/887/887 837/837/837
f 835/835/835 886/886/886 887/887/887
f 836/836/836 888/888/888 868/868/868
f 836/836/836 837/837/837 888/888/888
f 837/837/837 889/889/889 888/888/888
f 837/837/837 887/887/887 889/889/889
f 890/890/890 838/838/838 839/839/839
f 871/871/871 838/838/838 890/890/890
f 891/891/891 839/839/839 840/840/840
f 890/890/890 839/839/839 891/891/891
f 892/892/892 840/840/840 841/841/841
f 891/891/891 840/840/840 892/892/892
f 893/893/893 841/841/841 842/842/842
f 892/892/892 841/841/841 893/893/893
f 894/894/894 842/842/842 843/843/843
f 893/893/893 842/842/842 894/894/894
f 895/895/895 843/843/843 844/844/844
f 894/894/894 843/843/843 895/895/895
f 896/896/896 844/844/844 845/845/845
f 895/895/895 844/844/844 896/896/896
f 897/897/897 845/845/845 846/846/846
f 896/896/896 845/845/845 897/897/897
f 898/898/898 846/846/846 847/847/847
f 897/897/897 846/846/846 898/898/898
f 899/899/899 847/847/847 848/848/848
f 898/898/898 847/847/847 899/899/899
f 848/848/848 849/849/849 900/900/900
f 900/900/900 849/849/849 901/901/901
f 899/899/899 848/848/848 900/900/900
f 849/849/849 850/850/850 901/901/901
f 850/850/850 851/851/851 902/902/902
f 901/901/901 850/850/850 902/902/902
f 851/851/851 852/852/852 903/903/903
f 902/902/902 851/851/851 903/903/903
f 852/852/852 853/853/853 904/904/904
f 903/903/903 852/852/852 904/904/904
f 853/853/853 854/854/854 905/905/905
f 904/904/904 853/853/853 905/905/905
f 854/854/854 855/855/855 906/906/906
f 905/905/905 854/854/854 906/906/906
f 855/855/855 856/856/856 907/907/907
f 906/906/906 855/855/855 907/907/907
f 856/856/856 857/857/857 908/908/908
f 907/907/907 856/856/856 908/908/908
f 857/857/857 858/858/858 909/909/909
f 908/908/908 857/857/857 909/909/909
f 858/858/858 859/859/859 910/910/910
f 909/909/909 858/858/858 910/910/910
f 859/859/859 860/860/860 911/911/911
f 910/910/910 859/859/859 911/911/911
f 860/860/860 861/861/861 912/912/912
f 911/911/911 860/860/860 912/912/912
f 862/862/862 913/913/913 861/861/861
f 861/861/861 913/913/913 912/912/912
f 863/863/863 914/914/914 862/862/862
f 862/862/862 914/914/914 913/913/913
f 864/864/864 915/915/915 863/863/863
f 863/863/863 915/915/915 914/914/914
f 865/865/865 916/916/916 864/864/864
f 864/864/864 916/916/916 915/915/915
f 866/866/866 917/917/917 865/865/865
f 865/865/865 917/917/917 916/916/916
f 867/867/867 918/918/918 866/866/866
f 866/866/866 918/918/918 917/917/917
f 868/868/868 919/919/919 867/867/867
f 867/867/867 919/919/919 918/918/918
f 868/868/868 888/888/888 919/919/919
f 920/920/920 921/921/921 869/869/869
f 920/920/920 869/869/869 922/922/922
f 869/869/869 871/871/871 922/922/922
f 921/921/921 870/870/870 869/869/869
f 870/870/870 923/923/923 872/872/872
f 921/921/921 923/923/923 870/870/870
f 922/922/922 871/871/871 890/890/890
f 872/872/872 924/924/924 873/873/873
f 923/923/923 924/924/924 872/872/872
f 873/873/873 925/925/925 874/874/874
f 924/924/924 925/925/925 873/873/873
f 874/874/874 926/926/926 875/875/875
f 925/925/925 926/926/926 874/874/874
f 875/875/875 927/927/927 876/876/876
f 926/926/926 927/927/927 875/875/875
f 876/876/876 928/928/928 877/877/877
f 927/927/927 928/928/928 876/876/876
f 877/877/877 929/929/929 878/878/878
f 928/928/928 929/929/929 877/877/877
f 878/878/878 930/930/930 879/879/879
f 929/929/929 930/930/930 878/878/878
f 879/879/879 931/931/931 880/880/880
f 930/930/930 931/931/931 879/879/879
f 880/880/880 932/932/932 881/881/881
f 931/931/931 932/932/932 880/880/880
f 881/881/881 933/933/933 882/882/882
f 932/932/932 933/933/933 881/881/881
f 933/933/933 934/934/934 883/883/883
f 882/882/882 933/933/933 883/883/883
f 883/883/883 935/935/935 884/884/884
f 883/883/883 934/934/934 935/935/935
f 884/884/884 936/936/936 885/885/885
f 884/884/884 935/935/935 936/936/936
f 885/885/885 937/937/937 886/886/886
f 885/885/885 936/936/936 937/937/937
f 886/886/886 938/938/938 887/887/887
f 886/886/886 937/937/937 938/938/938
f 887/887/887 939/939/939 889/889/889
f 887/887/887 938/938/938 939/939/939
f 888/888/888 940/940/940 919/919/919
f 888/888/888 889/889/889 940/940/940
f 889/889/889 941/941/941 940/940/940
f 889/889/889 939/939/939 941/941/941
f 942/942/942 890/890/890 891/891/891
f 922/922/922 890/890/890 942/942/942
f 943/943/943 891/891/891 892/892/892
f 942/942/942 891/891/891 943/943/943
f 944/944/944 892/892/892 893/893/893
f 943/943/943 892/892/892 944/944/944
f 945/945/945 893/893/893 894/894/894
f 944/944/944 893/893/893 945/945/945
f 946/946/946 894/894/894 895/895/895
f 945/945/945 894/894/894 946/946/946
f 947/947/947 895/895/895 896/896/896
f 946/946/946 895/895/895 947/947/947
f 948/948/948 896/896/896 897/897/897
f 947/947/947 896/896/896 948/948/948
f 949/949/949 897/897/897 898/898/898
f 948/948/948 897/897/897 949/949/949
f 950/950/950 898/898/898 899/899/899
f 949/949/949 898/898/898 950/950/950
f 951/951/951 899/899/899 900/900/900
f 950/950/950 899/899/899 951/951/951
f 900/900/900 901/901/901 952/952/952
f 952/952/952 901/901/901 953/953/953
f 951/951/951 900/900/900 952/952/952
f 901/901/901 902/902/902 953/953/953
f 902/902/902 903/903/903 954/954/954
f 953/953/953 902/902/902 954/954/954
f 903/903/903 904/904/904 955/955/955
f 954/954/954 903/903/903 955/955/955
f 904/904/904 905/905/905 956/956/956
f 955/955/955 904/904/904 956/956/956
f 905/905/905 906/906/906 957/957/957
f 956/956/956 905/905/905 957/957/957
f 906/906/906 907/907/907 958/958/958
f 957/957/957 906/906/906 958/958/958
f 907/907/907 908/908/908 959/959/959
f 958/958/958 907/907/907 959/959/959
f 908/908/908 909/909/909 960/960/960
f 959/959/959 908/908/908 960/960/960
f 909/909/909 910/910/910 961/961/961
f 960/960/960 909/909/909 961/961/961
f 910/910/910 911/911/911 962/962/962
f 961/961/961 910/910/910 962/962/962
f 911/911/911 912/912/912 963/963/963
f 962/962/962 911/911/911 963/963/963
f 912/912/912 913/913/913 964/964/964
f 963/963/963 912/912/912 964/964/964
f 914/914/914 965/965/965 913/913/913
f 913/913/913 965/965/965 964/964/964
f 915/915/915 966/966/966 914/914/914
f 914/914/914 966/966/966 965/965/965
f 916/916/916 967/967/967 915/915/915
f 915/915/915 967/967/967 966/966/966
f 917/917/917 968/968/968 916/916/916
f 916/916/916 968/968/968 967/967/967
f 918/918/918 969/969/969 917/917/917
f 917/917/917 969/969/969 968/968/968
f 919/919/919 970/970/970 918/918/918
f 918/918/918 970/970/970 969/969/969
f 919/919/919 940/940/940 970/970/970
f 971/971/971 972/972/972 920/920/920
f 971/971/971 920/920/920 973/973/973
f 920/920/920 922/922/922 973/973/973
f 972/972/972 921/921/921 920/920/920
f 921/921/921 974/974/974 923/923/923
f 972/972/972 974/974/974 921/921/921
f 973/973/973 922/922/922 942/942/942
f 923/923/923 975/975/975 924/924/924
f 974/974/974 975/975/975 923/923/923
f 924/924/924 976/976/976 925/925/925
f 975/975/975 976/976/976 924/924/924
f 925/925/925 977/977/977 926/926/926
f 976/976/976 977/977/977 925/925/925
f 926/926/926 978/978/978 927/927/927
f 977/977/977 978/978/978 926/926/926
f 927/927/927 979/979/979 928/928/928
f 978/978/978 979/979/979 927/927/927
f 928/928/928 980/980/980 929/929/929
f 979/979/979 980/980/980 928/928/928
f 929/929/929 981/981/981 930/930/930
f 980/980/980 981/981/981 929/929/929
f 930/930/930 982/982/982 931/931/931
f 981/981/981 982/982/982 930/930/930
f 931/931/931 983/983/983 932/932/932
f 982/982/982 983/983/983 931/931/931
f 932/932/932 984/984/984 933/933/933
f 983/983/983 984/984/984 932/932/932
f 984/984/984 985/985/985 934/934/934
f 933/933/933 984/984/984 934/934/934
f 934/934/934 986/986/986 935/935/935
f 934/934/934 985/985/985 986/986/986
f 935/935/935 987/987/987 936/936/936
f 935/935/935 986/986/986 987/987/987
f 936/936/936 988/988/988 937/937/937
f 936/936/936 987/987/987 988/988/988
f 937/937/937 989/989/989 938/938/938
f 937/937/937 988/988/988 989/989/989
f 938/938/938 990/990/990 939/939/939
f 938/938/938 989/989/989 990/990/990
f 939/939/939 991/991/991 941/941/941
f 939/939/939 990/990/990 991/991/991
f 940/940/940 992/992/992 970/970/970
f 940/940/940 941/941/941 992/992/992
f 941/941/941 993/993/993 992/992/992
f 941/941/941 991/991/991 993/993/993
f 994/994/994 942/942/942 943/943/943
f 973/973/973 942/942/942 994/994/994
f 995/995/995 943/943/943 944/944/944
f 994/994/994 943/943/943 995/995/995
f 996/996/996 944/944/944 945/945/945
f 995/995/995 944/944/944 996/996/996
f 997/997/997 945/945/945 946/946/946
f 996/996/996 945/945/945 997/997/997
f 998/998/998 946/946/946 947/947/947
f 997/997/997 946/946/946 998/998/998
f 999/999/999 947/947/947 948/948/948
f 998/998/998 947/947/947 999/999/999
f 1000/1000/1000 948/948/948 949/949/949
f 999/999/999 948/948/948 1000/1000/1000
f 1001/1001/1001 949/949/949 950/950/950
f 1000/1000/1000 949/949/949 1001/1001/1001
f 1002/1002/1002 950/950/950 951/951/951
f 1001/1001/1001 950/950/950 1002/1002/1002
f 1003/1003/1003 951/951/951 952/952/952
f 1002/1002/1002 951/951/951 1003/1003/1003
f 952/952/952 953/953/953 1004/1004/1004
f 1004/1004/1004 953/953/953 1005/1005/1005
f 1003/1003/1003 952/952/952 1004/1004/1004
f 953/953/953 954/954/954 1005/1005/1005
f 954/954/954 955/955/955 1006/1006/1006
f 1005/1005/1005 954/954/954 1006/1006/1006
f 955/955/955 956/956/956 1007/1007/1007
f 1006/1006/1006 955/955/955 1007/1007/1007
f 956/956/956 957/957/957 1008/1008/1008
f 1007/1007/1007 956/956/956 1008/1008/1008
f 957/957/957 958/958/958 1009/1009/1009
f 1008/1008/1008 957/957/957 1009/1009/1009
f 958/958/958 959/959/959 1010/1010/1010
f 1009/1009/1009 958/958/958 1010/1010/1010
f 959/959/959 960/960/960 1011/1011/1011
f 1010/1010/1010 959/959/959 1011/1011/1011
f 960/960/960 961/961/961 1012/1012/1012
f 1011/1011/1011 960/960/960 1012/1012/1012
f 961/961/961 962/962/962 1013/1013/1013
f 1012/1012/1012 961/961/961 1013/1013/1013
f 962/962/962 963/963/963 1014/1014/1014
f 1013/1013/1013 962/962/962 1014/1014/1014
f 963/963/963 964/964/964 1015/1015/1015
f 1014/1014/1014 963/963/963 1015/1015/1015
f 964/964/964 965/965/965 1016/1016/1016
f 1015/1015/1015 964/964/964 1016/1016/1016
f 966/966/966 1017/1017/1017 965/965/965
f 965/965/965 1017/1017/1017 1016/1016/1016
f 967/967/967 1018/1018/1018 966/966/966
f 966/966/966 1018/1018/1018 1017/1017/1017
f 968/968/968 1019/1019/1019 967/967/967
f 967/967/967 1019/1019/1019 1018/1018/1018
f 969/969/969 1020/1020/1020 968/968/968
f 968/968/968 1020/1020/1020 1019/1019/1019
f 970/970/970 1021/1021/1021 969/969/969
f 969/969/969 1021/1021/1021 1020/1020/1020
f 970/970/970 992/992/992 1021/1021/1021
f 1022/1022/1022 1023/1023/1023 971/971/971
f 1022/1022/1022 971/971/971 1024/1024/1024
f 971/971/971 973/973/973 1024/1024/1024
f 971/971/971 1023/1023/1023 972/972/972
f 972/972/972 1025/1025/1025 974/974/974
f 1023/1023/1023 1025/1025/1025 972/972/972
f 1024/1024/1024 973/973/973 994/994/994
f 974/974/974 1026/1026/1026 975/975/975
f 1025/1025/1025 1026/1026/1026 974/974/974
f 975/975/975 1027/1027/1027 976/976/976
f 1026/1026/1026 1027/1027/1027 975/975/975
f 976/976/976 1028/1028/1028 977/977/977
f 1027/1027/1027 1028/1028/1028 976/976/976
f 977/977/977 1029/1029/1029 978/978/978
f 1028/1028/1028 1029/1029/1029 977/977/977
f 978/978/978 1030/1030/1030 979/979/979
f 1029/1029/1029 1030/1030/1030 978/978/978
f 979/979/979 1031/1031/1031 980/980/980
f 1030/1030/1030 1031/1031/1031 979/979/979
f 980/980/980 1032/1032/1032 981/981/981
f 1031/1031/1031 1032/1032/1032 980/980/980
f 981/981/981 1033/1033/1033 982/982/982
f 1032/1032/1032 1033/1033/1033 981/981/981
f 982/982/982 1034/1034/1034 983/983/983
f 1033/1033/1033 1034/1034/1034 982/982/982
f 983/983/983 1035/1035/1035 984/984/984
f 1034/1034/1034 1035/1035/1035 983/983/983
f 1035/1035/1035 1036/1036/1036 985/985/985
f 984/984/984 1035/1035/1035 985/985/985
f 985/985/985 1037/1037/1037 986/986/986
f 985/985/985 1036/1036/1036 1037/1037/1037
f 986/986/986 1038/1038/1038 987/987/987
f 986/986/986 1037/1037/1037 1038/1038/1038
f 987/987/987 1039/1039/1039 988/988/988
f 987/987/987 1038/1038/1038 1039/1039/1039
f 988/988/988 1040/1040/1040 989/989/989
f 988/988/988 1039/1039/1039 1040/1040/1040
f 989/989/989 1041/1041/1041 990/990/990
f 989/989/989 1040/1040/1040 1041/1041/1041
f 990/990/990 1042/1042/1042 991/991/991
f 990/990/990 1041/1041/1041 1042/1042/1042
f 991/991/991 1043/1043/1043 993/993/993
f 991/991/991 1042/1042/1042 1043/1043/1043
f 992/992/992 1044/1044/1044 1021/1021/1021
f 992/992/992 993/993/993 1044/1044/1044
f 993/993/993 1045/1045/1045 1044/1044/1044
f 993/993/993 1043/1043/1043 1045/1045/1045
f 1046/1046/1046 994/994/994 995/995/995
f 1024/1024/1024 994/994/994 1046/1046/1046
f 1047/1047/1047 995/995/995 996/996/996
f 1046/1046/1046 995/995/995 1047/1047/1047
f 1048/1048/1048 996/996/996 997/997/997
f 1047/1047/1047 996/996/996 1048/1048/1048
f 1049/1049/1049 997/997/997 998/998/998
f 1048/1048/1048 997/997/997 1049/1049/1049
f 1050/1050/1050 998/998/998 999/999/999
f 1049/1049/1049 998/998/998 1050/1050/1050
f 1051/1051/1051 999/999/999 1000/1000/1000
f 1050/1050/1050 999/999/999 1051/1051/1051
f 1052/1052/1052 1000/1000/1000 1001/1001/1001
f 1051/1051/1051 1000/1000/1000 1052/1052/1052
f 1053/1053/1053 1001/1001/1001 1002/1002/1002
f 1052/1052/1052 1001/1001/1001 1053/1053/1053
f 1054/1054/1054 1002/1002/1002 1003/1003/1003
f 1053/1053/1053 1002/1002/1002 1054/1054/1054
f 1055/1055/1055 1003/1003/1003 1004/1004/1004
f 1054/1054/1054 1003/1003/1003 1055/1055/1055
f 1004/1004/1004 1005/1005/1005 1056/1056/1056
f 1056/1056/1056 1005/1005/1005 1057/1057/1057
f 1055/1055/1055 1004/1004/1004 1056/1056/1056
f 1005/1005/1005 1006/1006/1006 1057/1057/1057
f 1006/1006/1006 1007/1007/1007 1058/1058/1058
f 1057/1057/1057 1006/1006/1006 1058/1058/1058
f 1007/1007/1007 1008/1008/1008 1059/1059/1059
f 1058/1058/1058 1007/1007/1007 1059/1059/1059
f 1008/1008/1008 1009/1009/1009 1060/1060/1060
f 1059/1059/1059 1008/1008/1008 1060/1060/1060
f 1009/1009/1009 1010/1010/1010 1061/1061/1061
f 1060/1060/1060 1009/1009/1009 1061/1061/1061
f 1010/1010/1010 1011/1011/1011 1062/1062/1062
f 1061/1061/1061 1010/1010/1010 1062/1062/1062
f 1011/1011/1011 1012/1012/1012 1063/1063/1063
f 1062/1062/1062 1011/1011/1011 1063/1063/1063
f 1012/1012/1012 1013/1013/1013 1064/1064/1064
f 1063/1063/1063 1012/1012/1012 1064/1064/1064
f 1013/1013/1013 1014/1014/1014 1065/1065/1065
f 1064/1064/1064 1013/1013/1013 1065/1065/1065
f 1014/1014/1014 1015/1015/1015 1066/1066/1066
f 1065/1065/1065 1014/1014/1014 1066/1066/1066
f 1015/1015/1015 1016/1016/1016 1067/1067/1067
f 1066/1066/1066 1015/1015/1015 1067/1067/1067
f 1016/1016/1016 1017/1017/1017 1068/1068/1068
f 1067/1067/1067 1016/1016/1016 1068/1068/1068
f 1018/1018/1018 1069/1069/1069 1017/1017/1017
f 1017/1017/1017 1069/1069/1069 1068/1068/1068
f 1019/1019/1019 1070/1070/1070 1018/1018/1018
f 1018/1018/1018 1070/1070/1070 1069/1069/1069
f 1020/1020/1020 1071/1071/1071 1019/1019/1019
f 1019/1019/1019 1071/1071/1071 1070/1070/1070
f 1021/1021/1021 1072/1072/1072 1020/1020/1020
f 1020/1020/1020 1072/1072/1072 1071/1071/1071
f 1021/1021/1021 1044/1044/1044 1072/1072/1072
f 1073/1073/1073 1074/1074/1074 1022/1022/1022
f 1073/1073/1073 1022/1022/1022 1075/1075/1075
f 1022/1022/1022 1024/1024/1024 1075/1075/1075
f 1022/1022/1022 1074/1074/1074 1023/1023/1023
f 1023/1023/1023 1076/1076/1076 1025/1025/1025
f 1074/1074/1074 1076/1076/1076 1023/1023/1023
f 1075/1075/1075 1024/1024/1024 1046/1046/1046
f 1025/1025/1025 1077/1077/1077 1026/1026/1026
f 1076/1076/1076 1077/1077/1077 1025/1025/1025
f 1026/1026/1026 1078/1078/1078 1027/1027/1027
f 1077/1077/1077 1078/1078/1078 1026/1026/1026
f 1027/1027/1027 1079/1079/1079 1028/1028/1028
f 1078/1078/1078 1079/1079/1079 1027/1027/1027
f 1028/1028/1028 1080/1080/1080 1029/1029/1029
f 1079/1079/1079 1080/1080/1080 1028/1028/1028
f 1029/1029/1029 1081/1081/1081 1030/1030/1030
f 1080/1080/1080 1081/1081/1081 1029/1029/1029
f 1030/1030/1030 1082/1082/1082 1031/1031/1031
f 1081/1081/1081 1082/1082/1082 1030/1030/1030
f 1031/1031/1031 1083/1083/1083 1032/1032/1032
f 1082/1082/1082 1083/1083/1083 1031/1031/1031
f 1032/1032/1032 1084/1084/1084 1033/1033/1033
f 1083/1083/1083 1084/1084/1084 1032/1032/1032
f 1033/1033/1033 1085/1085/1085 1034/1034/1034
f 1084/1084/1084 1085/1085/1085 1033/1033/1033
f 1034/1034/1034 1086/1086/1086 1035/1035/1035
f 1085/1085/1085 1086/1086/1086 1034/1034/1034
f 1086/1086/1086 1087/1087/1087 1036/1036/1036
f 1035/1035/1035 1086/1086/1086 1036/1036/1036
f 1036/1036/1036 1088/1088/1088 1037/1037/1037
f 1036/1036/1036 1087/1087/1087 1088/1088/1088
f 1037/1037/1037 1089/1089/1089 1038/1038/1038
f 1037/1037/1037 1088/1088/1088 1089/1089/1089
f 1038/1038/1038 1090/1090/1090 1039/1039/1039
f 1038/1038/1038 1089/1089/1089 1090/1090/1090
f 1039/1039/1039 1091/1091/1091 1040/1040/1040
f 1039/1039/1039 1090/1090/1090 1091/1091/1091
f 1040/1040/1040 1092/1092/1092 1041/1041/1041
f 1040/1040/1040 1091/1091/1091 1092/1092/1092
f 1041/1041/1041 1093/1093/1093 1042/1042/1042
f 1041/1041/1041 1092/1092/1092 1093/1093/1093
f 1042/1042/1042 1094/1094/1094 1043/1043/1043
f 1042/1042/1042 1093/1093/1093 1094/1094/1094
f 1043/1043/1043 1095/1095/1095 1045/1045/1045
f 1043/1043/1043 1094/1094/1094 1095/1095/1095
f 1044/1044/1044 1096/1096/1096 1072/1072/1072
f 1044/1044/1044 1045/1045/1045 1096/1096/1096
f 1045/1045/1045 1097/1097/1097 1096/1096/1096
f 1045/1045/1045 1095/1095/1095 1097/1097/1097
f 1098/1098/1098 1046/1046/1046 1047/1047/1047
f 1075/1075/1075 1046/1046/1046 1098/1098/1098
f 1099/1099/1099 1047/1047/1047 1048/1048/1048
f 1098/1098/1098 1047/1047/1047 1099/1099/1099
f 1100/1100/1100 1048/1048/1048 1049/1049/1049
f 1099/1099/1099 1048/1048/1048 1100/1100/1100
f 1101/1101/1101 1049/1049/1049 1050/1050/1050
f 1100/1100/1100 1049/1049/1049 1101/1101/1101
f 1102/1102/1102 1050/1050/1050 1051/1051/1051
f 1101/1101/1101 1050/1050/1050 1102/1102/1102
f 1103/1103/1103 1051/1051/1051 1052/1052/1052
f 1102/1102/1102 1051/1051/1051 1103/1103/1103
f 1104/1104/1104 1052/1052/1052 1053/1053/1053
f 1103/1103/1103 1052/1052/1052 1104/1104/1104
f 1105/1105/1105 1053/1053/1053 1054/1054/1054
f 1104/1104/1104 1053/1053/1053 1105/1105/1105
f 1106/1106/1106 1054/1054/1054 1055/1055/1055
f 1105/1105/1105 1054/1054/1054 1106/1106/1106
f 1107/1107/1107 1055/1055/1055 1056/1056/1056
f 1106/1106/1106 1055/1055/1055 1107/1107/1107
f 1056/1056/1056 1057/1057/1057 1108/1108/1108
f 1108/1108/1108 1057/1057/1057 1109/1109/1109
f 1107/1107/1107 1056/1056/1056 1108/1108/1108
f 1057/1057/1057 1058/1058/1058 1109/1109/1109
f 1058/1058/1058 1059/1059/1059 1110/1110/1110
f 1109/1109/1109 1058/1058/1058 1110/1110/1110
f 1059/1059/1059 1060/1060/1060 1111/1111/1111
f 1110/1110/1110 1059/1059/1059 1111/1111/1111
f 1060/1060/1060 1061/1061/1061 1112/1112/1112
f 1111/1111/1111 1060/1060/1060 1112/1112/1112
f 1061/1061/1061 1062/1062/1062 1113/1113/1113
f 1112/1112/1112 1061/1061/1061 1113/1113/1113
f 1062/1062/1062 1063/1063/1063 1114/1114/1114
f 1113/1113/1113 1062/1062/1062 1114/1114/1114
f 1063/1063/1063 1064/1064/1064 1115/1115/1115
f 1114/1114/1114 1063/1063/1063 1115/1115/1115
f 1064/1064/1064 1065/1065/1065 1116/1116/1116
f 1115/1115/1115 1064/1064/1064 1116/1116/1116
f 1065/1065/1065 1066/1066/1066 1117/1117/1117
f 1116/1116/1116 1065/1065/1065 1117/1117/1117
f 1066/1066/1066 1067/1067/1067 1118/1118/1118
f 1117/1117/1117 1066/1066/1066 1118/1118/1118
f 1067/1067/1067 1068/1068/1068 1119/1119/1119
f 1118/1118/1118 1067/1067/1067 1119/1119/1119
f 1068/1068/1068 1069/1069/1069 1120/1120/1120
f 1119/1119/1119 1068/1068/1068 1120/1120/1120
f 1070/1070/1070 1121/1121/1121 1069/1069/1069
f 1120/1120/1120 1069/1069/1069 1121/1121/1121
f 1071/1071/1071 1122/1122/1122 1070/1070/1070
f 1070/1070/1070 1122/1122/1122 1121/1121/1121
f 1072/1072/1072 1123/1123/1123 1071/1071/1071
f 1071/1071/1071 1123/1123/1123 1122/1122/1122
f 1072/1072/1072 1096/1096/1096 1123/1123/1123
f 1124/1124/1124 1125/1125/1125 1073/1073/1073
f 1124/1124/1124 1073/1073/1073 1126/1126/1126
f 1073/1073/1073 1075/1075/1075 1126/1126/1126
f 1073/1073/1073 1125/1125/1125 1074/1074/1074
f 1074/1074/1074 1127/1127/1127 1076/1076/1076
f 1125/1125/1125 1127/1127/1127 1074/1074/1074
f 1126/1126/1126 1075/1075/1075 1098/1098/1098
f 1076/1076/1076 1128/1128/1128 1077/1077/1077
f 1127/1127/1127 1128/1128/1128 1076/1076/1076
f 1077/1077/1077 1129/1129/1129 1078/1078/1078
f 1128/1128/1128 1129/1129/1129 1077/1077/1077
f 1078/1078/1078 1130/1130/1130 1079/1079/1079
f 1129/1129/1129 1130/1130/1130 1078/1078/1078
f 1079/1079/1079 1131/1131/1131 1080/1080/1080
f 1130/1130/1130 1131/1131/1131 1079/1079/1079
f 1080/1080/1080 1132/1132/1132 1081/1081/1081
f 1131/1131/1131 1132/1132/1132 1080/1080/1080
f 1081/1081/1081 1133/1133/1133 1082/1082/1082
f 1132/1132/1132 1133/1133/1133 1081/1081/1081
f 1082/1082/1082 1134/1134/1134 1083/1083/1083
f 1133/1133/1133 1134/1134/1134 1082/1082/1082
f 1083/1083/1083 1135/1135/1135 1084/1084/1084
f 1134/1134/1134 1135/1135/1135 1083/1083/1083
f 1084/1084/1084 1136/1136/1136 1085/1085/1085
f 1135/1135/1135 1136/1136/1136 1084/1084/1084
f 1085/1085/1085 1137/1137/1137 1086/1086/1086
f 1136/1136/1136 1137/1137/1137 1085/1085/1085
f 1137/1137/1137 1138/1138/1138 1087/1087/1087
f 1086/1086/1086 1137/1137/1137 1087/1087/1087
f 1087/1087/1087 1139/1139/1139 1088/1088/1088
f 1087/1087/1087 1138/1138/1138 1139/1139/1139
f 1088/1088/1088 1140/1140/1140 1089/1089/1089
f 1088/1088/1088 1139/1139/1139 1140/1140/1140
f 1089/1089/1089 1141/1141/1141 1090/1090/1090
f 1089/1089/1089 1140/1140/1140 1141/1141/1141
f 1090/1090/1090 1142/1142/1142 1091/1091/1091
f 1090/1090/1090 1141/1141/1141 1142/1142/1142
f 1091/1091/1091 1143/1143/1143 1092/1092/1092
f 1091/1091/1091 1142/1142/1142 1143/1143/1143
f 1092/1092/1092 1144/1144/1144 1093/1093/1093
f 1092/1092/1092 1143/1143/1143 1144/1144/1144
f 1093/1093/1093 1145/1145/1145 1094/1094/1094
f 1093/1093/1093 1144/1144/1144 1145/1145/1145
f 1094/1094/1094 1146/1146/1146 1095/1095/1095
f 1094/1094/1094 1145/1145/1145 1146/1146/1146
f 1095/1095/1095 1147/1147/1147 1097/1097/1097
f 1095/1095/1095 1146/1146/1146 1147/1147/1147
f 1096/1096/1096 1148/1148/1148 1123/1123/1123
f 1096/1096/1096 1097/1097/1097 1148/1148/1148
f 1097/1097/1097 1149/1149/1149 1148/1148/1148
f 1097/1097/1097 1147/1147/1147 1149/1149/1149
f 1150/1150/1150 1098/1098/1098 1099/1099/1099
f 1126/1126/1126 1098/1098/1098 1150/1150/1150
f 1151/1151/1151 1099/1099/1099 1100/1100/1100
f 1150/1150/1150 1099/1099/1099 1151/1151/1151
f 1152/1152/1152 1100/1100/1100 1101/1101/1101
f 1151/1151/1151 1100/1100/1100 1152/1152/1152
f 1153/1153/1153 1101/1101/1101 1102/1102/1102
f 1152/1152/1152 1101/1101/1101 1153/1153/1153
f 1154/1154/1154 1102/1102/1102 1103/1103/1103
f 1153/1153/1153 1102/1102/1102 1154/1154/1154
f 1155/1155/1155 1103/1103/1103 1104/1104/1104
f 1154/1154/1154 1103/1103/1103 1155/1155/1155
f 1156/1156/1156 1104/1104/1104 1105/1105/1105
f 1155/1155/1155 1104/1104/1104 1156/1156/1156
f 1157/1157/1157 1105/1105/1105 1106/1106/1106
f 1156/1156/1156 1105/1105/1105 1157/1157/1157
f 1158/1158/1158 1106/1106/1106 1107/1107/1107
f 1157/1157/1157 1106/1106/1106 1158/1158/1158
f 1159/1159/1159 1107/1107/1107 1108/1108/1108
f 1158/1158/1158 1107/1107/1107 1159/1159/1159
f 1108/1108/1108 1109/1109/1109 1160/1160/1160
f 1160/1160/1160 1109/1109/1109 1161/1161/1161
f 1159/1159/1159 1108/1108/1108 1160/1160/1160
f 1109/1109/1109 1110/1110/1110 1161/1161/1161
f 1110/1110/1110 1111/1111/1111 1162/1162/1162
f 1161/1161/1161 1110/1110/1110 1162/1162/1162
f 1111/1111/1111 1112/1112/1112 1163/1163/1163
f 1162/1162/1162 1111/1111/1111 1163/1163/1163
f 1112/1112/1112 1113/1113/1113 1164/1164/1164
f 1163/1163/1163 1112/1112/1112 1164/1164/1164
f 1113/1113/1113 1114/1114/1114 1165/1165/1165
f 1164/1164/1164 1113/1113/1113 1165/1165/1165
f 1114/1114/1114 1115/1115/1115 1166/1166/1166
f 1165/1165/1165 1114/1114/1114 1166/1166/1166
f 1115/1115/1115 1116/1116/1116 1167/1167/1167
f 1166/1166/1166 1115/1115/1115 1167/1167/1167
f 1116/1116/1116 1117/1117/1117 1168/1168/1168
f 1167/1167/1167 1116/1116/1116 1168/1168/1168
f 1117/1117/1117 1118/1118/1118 1169/1169/1169
f 1168/1168/1168 1117/1117/1117 1169/1169/1169
f 1118/1118/1118 1119/1119/1119 1170/1170/1170
f 1169/1169/1169 1118/1118/1118 1170/1170/1170
f 1119/1119/1119 1120/1120/1120 1171/1171/1171
f 1170/1170/1170 1119/1119/1119 1171/1171/1171
f 1120/1120/1120 1121/1121/1121 1172/1172/1172
f 1171/1171/1171 1120/1120/1120 1172/1172/1172
f 1122/1122/1122 1173/1173/1173 1121/1121/1121
f 1172/1172/1172 1121/1121/1121 1173/1173/1173
f 1123/1123/1123 1174/1174/1174 1122/1122/1122
f 1122/1122/1122 1174/1174/1174 1173/1173/1173
f 1123/1123/1123 1148/1148/1148 1174/1174/1174
f 1175/1175/1175 1176/1176/1176 1124/1124/1124
f 1175/1175/1175 1124/1124/1124 1177/1177/1177
f 1124/1124/1124 1126/1126/1126 1177/1177/1177
f 1124/1124/1124 1176/1176/1176 1125/1125/1125
f 1125/1125/1125 1178/1178/1178 1127/1127/1127
f 1176/1176/1176 1178/1178/1178 1125/1125/1125
f 1177/1177/1177 1126/1126/1126 1150/1150/1150
f 1127/1127/1127 1179/1179/1179 1128/1128/1128
f 1178/1178/1178 1179/1179/1179 1127/1127/1127
f 1128/1128/1128 1180/1180/1180 1129/1129/1129
f 1179/1179/1179 1180/1180/1180 1128/1128/1128
f 1129/1129/1129 1181/1181/1181 1130/1130/1130
f 1180/1180/1180 1181/1181/1181 1129/1129/1129
f 1130/1130/1130 1182/1182/1182 1131/1131/1131
f 1181/1181/1181 1182/1182/1182 1130/1130/1130
f 1131/1131/1131 1183/1183/1183 1132/1132/1132
f 1182/1182/1182 1183/1183/1183 1131/1131/1131
f 1132/1132/1132 1184/1184/1184 1133/1133/1133
f 1183/1183/1183 1184/1184/1184 1132/1132/1132
f 1133/1133/1133 1185/1185/1185 1134/1134/1134
f 1184/1184/1184 1185/1185/1185 1133/1133/1133
f 1134/1134/1134 1186/1186/1186 1135/1135/1135
f 1185/1185/1185 1186/1186/1186 1134/1134/1134
f 1135/1135/1135 1187/1187/1187 1136/1136/1136
f 1186/1186/1186 1187/1187/1187 1135/1135/1135
f 1136/1136/1136 1188/1188/1188 1137/1137/1137
f 1187/1187/1187 1188/1188/1188 1136/1136/1136
f 1188/1188/1188 1189/1189/1189 1138/1138/1138
f 1137/1137/1137 1188/1188/1188 1138/1138/1138
f 1138/1138/1138 1190/1190/1190 1139/1139/1139
f 1138/1138/1138 1189/1189/1189 1190/1190/1190
f 1139/1139/1139 1191/1191/1191 1140/1140/1140
f 1139/1139/1139 1190/1190/1190 1191/1191/1191
f 1140/1140/1140 1192/1192/1192 1141/1141/1141
f 1140/1140/1140 1191/1191/1191 1192/1192/1192
f 1141/1141/1141 1193/1193/1193 1142/1142/1142
f 1141/1141/1141 1192/1192/1192 1193/1193/1193
f 1142/1142/1142 1194/1194/1194 1143/1143/1143
f 1142/1142/1142 1193/1193/1193 1194/1194/1194
f 1143/1143/1143 1195/1195/1195 1144/1144/1144
f 1143/1143/1143 1194/1194/1194 1195/1195/1195
f 1144/1144/1144 1196/1196/1196 1145/1145/1145
f 1144/1144/1144 1195/1195/1195 1196/1196/1196
f 1145/1145/1145 1197/1197/1197 1146/1146/1146
f 1145/1145/1145 1196/1196/1196 1197/1197/1197
f 1146/1146/1146 1198/1198/1198 1147/1147/1147
f 1146/1146/1146 1197/1197/1197 1198/1198/1198
f 1147/1147/1147 1199/1199/1199 1149/1149/1149
f 1147/1147/1147 1198/1198/1198 1199/1199/1199
f 1148/1148/1148 1200/1200/1200 1174/1174/1174
f 1148/1148/1148 1149/1149/1149 1200/1200/1200
f 1149/1149/1149 1201/1201/1201 1200/1200/1200
f 1149/1149/1149 1199/1199/1199 1201/1201/1201
f 1202/1202/1202 1150/1150/1150 1151/1151/1151
f 1177/1177/1177 1150/1150/1150 1202/1202/1202
f 1203/1203/1203 1151/1151/1151 1152/1152/1152
f 1202/1202/1202 1151/1151/1151 1203/1203/1203
f 1204/1204/1204 1152/1152/1152 1153/1153/1153
f 1203/1203/1203 1152/1152/1152 1204/1204/1204
f 1205/1205/1205 1153/1153/1153 1154/1154/1154
f 1204/1204/1204 1153/1153/1153 1205/1205/1205
f 1206/1206/1206 1154/1154/1154 1155/1155/1155
f 1205/1205/1205 1154/1154/1154 1206/1206/1206
f 1207/1207/1207 1155/1155/1155 1156/1156/1156
f 1206/1206/1206 1155/1155/1155 1207/1207/1207
f 1208/1208/1208 1156/1156/1156 1157/1157/1157
f 1207/1207/1207 1156/1156/1156 1208/1208/1208
f 1209/1209/1209 1157/1157/1157 1158/1158/1158
f 1208/1208/1208 1157/1157/1157 1209/1209/1209
f 1210/1210/1210 1158/1158/1158 1159/1159/1159
f 1209/1209/1209 1158/1158/1158 1210/1210/1210
f 1211/1211/1211 1159/1159/1159 1160/1160/1160
f 1210/1210/1210 1159/1159/1159 1211/1211/1211
f 1160/1160/1160 1161/1161/1161 1212/1212/1212
f 1212/1212/1212 1161/1161/1161 1213/1213/1213
f 1211/1211/1211 1160/1160/1160 1212/1212/1212
f 1161/1161/1161 1162/1162/1162 1213/1213/1213
f 1162/1162/1162 1163/1163/1163 1214/1214/1214
f 1213/1213/1213 1162/1162/1162 1214/1214/1214
f 1163/1163/1163 1164/1164/1164 1215/1215/1215
f 1214/1214/1214 1163/1163/1163 1215/1215/1215
f 1164/1164/1164 1165/1165/1165 1216/1216/1216
f 1215/1215/1215 1164/1164/1164 1216/1216/1216
f 1165/1165/1165 1166/1166/1166 1217/1217/1217
f 1216/1216/1216 1165/1165/1165 1217/1217/1217
f 1166/1166/1166 1167/1167/1167 1218/1218/1218
f 1217/1217/1217 1166/1166/1166 1218/1218/1218
f 1167/1167/1167 1168/1168/1168 1219/1219/1219
f 1218/1218/1218 1167/1167/1167 1219/1219/1219
f 1168/1168/1168 1169/1169/1169 1220/1220/1220
f 1219/1219/1219 1168/1168/1168 1220/1220/1220
f 1169/1169/1169 1170/1170/1170 1221/1221/1221
f 1220/1220/1220 1169/1169/1169 1221/1221/1221
f 1170/1170/1170 1171/1171/1171 1222/1222/1222
f 1221/1221/1221 1170/1170/1170 1222/1222/1222
f 1171/1171/1171 1172/1172/1172 1223/1223/1223
f 1222/1222/1222 1171/1171/1171 1223/1223/1223
f 1172/1172/1172 1173/1173/1173 1224/1224/1224
f 1223/1223/1223 1172/1172/1172 1224/1224/1224
f 1174/1174/1174 1225/1225/1225 1173/1173/1173
f 1224/1224/1224 1173/1173/1173 1225/1225/1225
f 1174/1174/1174 1200/1200/1200 1225/1225/1225
f 1175/1175/1175 1226/1226/1226 1227/1227/1227
f 1175/1175/1175 1228/1228/1228 1226/1226/1226
f 1175/1175/1175 1177/1177/1177 1228/1228/1228
f 1175/1175/1175 1227/1227/1227 1176/1176/1176
f 1176/1176/1176 1229/1229/1229 1178/1178/1178
f 1176/1176/1176 1227/1227/1227 1229/1229/1229
f 1228/1228/1228 1177/1177/1177 1202/1202/1202
f 1178/1178/1178 1230/1230/1230 1179/1179/1179
f 1178/1178/1178 1229/1229/1229 1230/1230/1230
f 1179/1179/1179 1231/1231/1231 1180/1180/1180
f 1179/1179/1179 1230/1230/1230 1231/1231/1231
f 1180/1180/1180 1232/1232/1232 1181/1181/1181
f 1180/1180/1180 1231/1231/1231 1232/1232/1232
f 1181/1181/1181 1233/1233/1233 1182/1182/1182
f 1181/1181/1181 1232/1232/1232 1233/1233/1233
f 1182/1182/1182 1234/1234/1234 1183/1183/1183
f 1182/1182/1182 1233/1233/1233 1234/1234/1234
f 1183/1183/1183 1235/1235/1235 1184/1184/1184
f 1183/1183/1183 1234/1234/1234 1235/1235/1235
f 1184/1184/1184 1236/1236/1236 1185/1185/1185
f 1184/1184/1184 1235/1235/1235 1236/1236/1236
f 1185/1185/1185 1237/1237/1237 1186/1186/1186
f 1185/1185/1185 1236/1236/1236 1237/1237/1237
f 1186/1186/1186 1238/1238/1238 1187/1187/1187
f 1186/1186/1186 1237/1237/1237 1238/1238/1238
f 1187/1187/1187 1239/1239/1239 1188/1188/1188
f 1187/1187/1187 1238/1238/1238 1239/1239/1239
f 1188/1188/1188 1239/1239/1239 1240/1240/1240
f 1189/1189/1189 1188/1188/1188 1240/1240/1240
f 1189/1189/1189 1241/1241/1241 1190/1190/1190
f 1240/1240/1240 1241/1241/1241 1189/1189/1189
f 1190/1190/1190 1242/1242/1242 1191/1191/1191
f 1241/1241/1241 1242/1242/1242 1190/1190/1190
f 1191/1191/1191 1243/1243/1243 1192/1192/1192
f 1242/1242/1242 1243/1243/1243 1191/1191/1191
f 1192/1192/1192 1244/1244/1244 1193/1193/1193
f 1243/1243/1243 1244/1244/1244 1192/1192/1192
f 1193/1193/1193 1245/1245/1245 1194/1194/1194
f 1244/1244/1244 1245/1245/1245 1193/1193/1193
f 1194/1194/1194 1246/1246/1246 1195/1195/1195
f 1245/1245/1245 1246/1246/1246 1194/1194/1194
f 1195/1195/1195 1247/1247/1247 1196/1196/1196
f 1246/1246/1246 1247/1247/1247 1195/1195/1195
f 1196/1196/1196 1248/1248/1248 1197/1197/1197
f 1247/1247/1247 1248/1248/1248 1196/1196/1196
f 1197/1197/1197 1249/1249/1249 1198/1198/1198
f 1248/1248/1248 1249/1249/1249 1197/1197/1197
f 1198/1198/1198 1250/1250/1250 1199/1199/1199
f 1249/1249/1249 1250/1250/1250 1198/1198/1198
f 1199/1199/1199 1251/1251/1251 1201/1201/1201
f 1250/1250/1250 1251/1251/1251 1199/1199/1199
f 1200/1200/1200 1252/1252/1252 1225/1225/1225
f 1200/1200/1200 1201/1201/1201 1252/1252/1252
f 1201/1201/1201 1253/1253/1253 1252/1252/1252
f 1251/1251/1251 1253/1253/1253 1201/1201/1201
f 1254/1254/1254 1202/1202/1202 1203/1203/1203
f 1228/1228/1228 1202/1202/1202 1254/1254/1254
f 1255/1255/1255 1203/1203/1203 1204/1204/1204
f 1254/1254/1254 1203/1203/1203 1255/1255/1255
f 1256/1256/1256 1204/1204/1204 1205/1205/1205
f 1255/1255/1255 1204/1204/1204 1256/1256/1256
f 1257/1257/1257 1205/1205/1205 1206/1206/1206
f 1256/1256/1256 1205/1205/1205 1257/1257/1257
f 1258/1258/1258 1206/1206/1206 1207/1207/1207
f 1257/1257/1257 1206/1206/1206 1258/1258/1258
f 1259/1259/1259 1207/1207/1207 1208/1208/1208
f 1258/1258/1258 1207/1207/1207 1259/1259/1259
f 1260/1260/1260 1208/1208/1208 1209/1209/1209
f 1259/1259/1259 1208/1208/1208 1260/1260/1260
f 1261/1261/1261 1209/1209/1209 1210/1210/1210
f 1260/1260/1260 1209/1209/1209 1261/1261/1261
f 1262/1262/1262 1210/1210/1210 1211/1211/1211
f 1261/1261/1261 1210/1210/1210 1262/1262/1262
f 1263/1263/1263 1211/1211/1211 1212/1212/1212
f 1262/1262/1262 1211/1211/1211 1263/1263/1263
f 1212/1212/1212 1213/1213/1213 1264/1264/1264
f 1264/1264/1264 1213/1213/1213 1265/1265/1265
f 1263/1263/1263 1212/1212/1212 1264/1264/1264
f 1213/1213/1213 1214/1214/1214 1265/1265/1265
f 1214/1214/1214 1215/1215/1215 1266/1266/1266
f 1265/1265/1265 1214/1214/1214 1266/1266/1266
f 1215/1215/1215 1216/1216/1216 1267/1267/1267
f 1266/1266/1266 1215/1215/1215 1267/1267/1267
f 1216/1216/1216 1217/1217/1217 1268/1268/1268
f 1267/1267/1267 1216/1216/1216 1268/1268/1268
f 1217/1217/1217 1218/1218/1218 1269/1269/1269
f 1268/1268/1268 1217/1217/1217 1269/1269/1269
f 1218/1218/1218 1219/1219/1219 1270/1270/1270
f 1269/1269/1269 1218/1218/1218 1270/1270/1270
f 1219/1219/1219 1220/1220/1220 1271/1271/1271
f 1270/1270/1270 1219/1219/1219 1271/1271/1271
f 1220/1220/1220 1221/1221/1221 1272/1272/1272
f 1271/1271/1271 1220/1220/1220 1272/1272/1272
f 1221/1221/1221 1222/1222/1222 1273/1273/1273
f 1272/1272/1272 1221/1221/1221 1273/1273/1273
f 1222/1222/1222 1223/1223/1223 1274/1274/1274
f 1273/1273/1273 1222/1222/1222 1274/1274/1274
f 1223/1223/1223 1224/1224/1224 1275/1275/1275
f 1274/1274/1274 1223/1223/1223 1275/1275/1275
f 1224/1224/1224 1225/1225/1225 1276/1276/1276
f 1275/1275/1275 1224/1224/1224 1276/1276/1276
f 1276/1276/1276 1225/1225/1225 1252/1252/1252
f 1226/1226/1226 1277/1277/1277 1227/1227/1227
f 1227/1227/1227 1278/1278/1278 1229/1229/1229
f 1227/1227/1227 1277/1277/1277 1278/1278/1278
f 1226/1226/1226 1279/1279/1279 1277/1277/1277
f 1226/1226/1226 1280/1280/1280 1279/1279/1279
f 1226/1226/1226 1228/1228/1228 1280/1280/1280
f 1228/1228/1228 1254/1254/1254 1280/1280/1280
f 1229/1229/1229 1281/1281/1281 1230/1230/1230
f 1229/1229/1229 1278/1278/1278 1281/1281/1281
f 1230/1230/1230 1282/1282/1282 1231/1231/1231
f 1230/1230/1230 1281/1281/1281 1282/1282/1282
f 1231/1231/1231 1283/1283/1283 1232/1232/1232
f 1231/1231/1231 1282/1282/1282 1283/1283/1283
f 1232/1232/1232 1284/1284/1284 1233/1233/1233
f 1232/1232/1232 1283/1283/1283 1284/1284/1284
f 1233/1233/1233 1285/1285/1285 1234/1234/1234
f 1233/1233/1233 1284/1284/1284 1285/1285/1285
f 1234/1234/1234 1286/1286/1286 1235/1235/1235
f 1234/1234/1234 1285/1285/1285 1286/1286/1286
f 1235/1235/1235 1287/1287/1287 1236/1236/1236
f 1235/1235/1235 1286/1286/1286 1287/1287/1287
f 1236/1236/1236 1288/1288/1288 1237/1237/1237
f 1236/1236/1236 1287/1287/1287 1288/1288/1288
f 1237/1237/1237 1289/1289/1289 1238/1238/1238
f 1237/1237/1237 1288/1288/1288 1289/1289/1289
f 1238/1238/1238 1290/1290/1290 1239/1239/1239
f 1238/1238/1238 1289/1289/1289 1290/1290/1290
f 1239/1239/1239 1290/1290/1290 1291/1291/1291
f 1240/1240/1240 1239/1239/1239 1291/1291/1291
f 1240/1240/1240 1292/1292/1292 1241/1241/1241
f 1291/1291/1291 1292/1292/1292 1240/1240/1240
f 1241/1241/1241 1293/1293/1293 1242/1242/1242
f 1292/1292/1292 1293/1293/1293 1241/1241/1241
f 1242/1242/1242 1294/1294/1294 1243/1243/1243
f 1293/1293/1293 1294/1294/1294 1242/1242/1242
f 1243/1243/1243 1295/1295/1295 1244/1244/1244
f 1294/1294/1294 1295/1295/1295 1243/1243/1243
f 1244/1244/1244 1296/1296/1296 1245/1245/1245
f 1295/1295/1295 1296/1296/1296 1244/1244/1244
f 1245/1245/1245 1297/1297/1297 1246/1246/1246
f 1296/1296/1296 1297/1297/1297 1245/1245/1245
f 1246/1246/1246 1298/1298/1298 1247/1247/1247
f 1297/1297/1297 1298/1298/1298 1246/1246/1246
f 1247/1247/1247 1299/1299/1299 1248/1248/1248
f 1298/1298/1298 1299/1299/1299 1247/1247/1247
f 1248/1248/1248 1300/1300/1300 1249/1249/1249
f 1299/1299/1299 1300/1300/1300 1248/1248/1248
f 1249/1249/1249 1301/1301/1301 1250/1250/1250
f 1300/1300/1300 1301/1301/1301 1249/1249/1249
f 1250/1250/1250 1302/1302/1302 1251/1251/1251
f 1301/1301/1301 1302/1302/1302 1250/1250/1250
f 1251/1251/1251 1303/1303/1303 1253/1253/1253
f 1302/1302/1302 1303/1303/1303 1251/1251/1251
f 1304/1304/1304 1276/1276/1276 1252/1252/1252
f 1304/1304/1304 1252/1252/1252 1253/1253/1253
f 1305/1305/1305 1304/1304/1304 1253/1253/1253
f 1305/1305/1305 1253/1253/1253 1303/1303/1303
f 1254/1254/1254 1255/1255/1255 1306/1306/1306
f 1280/1280/1280 1254/1254/1254 1306/1306/1306
f 1255/1255/1255 1256/1256/1256 1307/1307/1307
f 1306/1306/1306 1255/1255/1255 1307/1307/1307
f 1256/1256/1256 1257/1257/1257 1308/1308/1308
f 1307/1307/1307 1256/1256/1256 1308/1308/1308
f 1257/1257/1257 1258/1258/1258 1309/1309/1309
f 1308/1308/1308 1257/1257/1257 1309/1309/1309
f 1258/1258/1258 1259/1259/1259 1310/1310/1310
f 1309/1309/1309 1258/1258/1258 1310/1310/1310
f 1259/1259/1259 1260/1260/1260 1311/1311/1311
f 1310/1310/1310 1259/1259/1259 1311/1311/1311
f 1260/1260/1260 1261/1261/1261 1312/1312/1312
f 1311/1311/1311 1260/1260/1260 1312/1312/1312
f 1261/1261/1261 1262/1262/1262 1313/1313/1313
f 1312/1312/1312 1261/1261/1261 1313/1313/1313
f 1262/1262/1262 1263/1263/1263 1314/1314/1314
f 1313/1313/1313 1262/1262/1262 1314/1314/1314
f 1263/1263/1263 1264/1264/1264 1315/1315/1315
f 1314/1314/1314 1263/1263/1263 1315/1315/1315
f 1265/1265/1265 1316/1316/1316 1264/1264/1264
f 1264/1264/1264 1316/1316/1316 1317/1317/1317
f 1315/1315/1315 1264/1264/1264 1317/1317/1317
f 1316/1316/1316 1265/1265/1265 1266/1266/1266
f 1318/1318/1318 1266/1266/1266 1267/1267/1267
f 1316/1316/1316 1266/1266/1266 1318/1318/1318
f 1319/1319/1319 1267/1267/1267 1268/1268/1268
f 1318/1318/1318 1267/1267/1267 1319/1319/1319
f 1320/1320/1320 1268/1268/1268 1269/1269/1269
f 1319/1319/1319 1268/1268/1268 1320/1320/1320
f 1321/1321/1321 1269/1269/1269 1270/1270/1270
f 1320/1320/1320 1269/1269/1269 1321/1321/1321
f 1322/1322/1322 1270/1270/1270 1271/1271/1271
f 1321/1321/1321 1270/1270/1270 1322/1322/1322
f 1323/1323/1323 1271/1271/1271 1272/1272/1272
f 1322/1322/1322 1271/1271/1271 1323/1323/1323
f 1324/1324/1324 1272/1272/1272 1273/1273/1273
f 1323/1323/1323 1272/1272/1272 1324/1324/1324
f 1325/1325/1325 1273/1273/1273 1274/1274/1274
f 1324/1324/1324 1273/1273/1273 1325/1325/1325
f 1326/1326/1326 1274/1274/1274 1275/1275/1275
f 1325/1325/1325 1274/1274/1274 1326/1326/1326
f 1327/1327/1327 1275/1275/1275 1276/1276/1276
f 1326/1326/1326 1275/1275/1275 1327/1327/1327
f 1327/1327/1327 1276/1276/1276 1304/1304/1304
f 1279/1279/1279 1328/1328/1328 1277/1277/1277
f 1277/1277/1277 1329/1329/1329 1278/1278/1278
f 1277/1277/1277 1328/1328/1328 1329/1329/1329
f 1278/1278/1278 1330/1330/1330 1281/1281/1281
f 1278/1278/1278 1329/1329/1329 1330/1330/1330
f 1279/1279/1279 1331/1331/1331 1328/1328/1328
f 1279/1279/1279 1332/1332/1332 1331/1331/1331
f 1279/1279/1279 1280/1280/1280 1332/1332/1332
f 1280/1280/1280 1306/1306/1306 1332/1332/1332
f 1281/1281/1281 1333/1333/1333 1282/1282/1282
f 1281/1281/1281 1330/1330/1330 1333/1333/1333
f 1282/1282/1282 1334/1334/1334 1283/1283/1283
f 1282/1282/1282 1333/1333/1333 1334/1334/1334
f 1283/1283/1283 1335/1335/1335 1284/1284/1284
f 1283/1283/1283 1334/1334/1334 1335/1335/1335
f 1284/1284/1284 1336/1336/1336 1285/1285/1285
f 1284/1284/1284 1335/1335/1335 1336/1336/1336
f 1285/1285/1285 1337/1337/1337 1286/1286/1286
f 1285/1285/1285 1336/1336/1336 1337/1337/1337
f 1286/1286/1286 1338/1338/1338 1287/1287/1287
f 1286/1286/1286 1337/1337/1337 1338/1338/1338
f 1287/1287/1287 1339/1339/1339 1288/1288/1288
f 1287/1287/1287 1338/1338/1338 1339/1339/1339
f 1288/1288/1288 1340/1340/1340 1289/1289/1289
f 1288/1288/1288 1339/1339/1339 1340/1340/1340
f 1289/1289/1289 1341/1341/1341 1290/1290/1290
f 1289/1289/1289 1340/1340/1340 1341/1341/1341
f 1290/1290/1290 1341/1341/1341 1342/1342/1342
f 1291/1291/1291 1290/1290/1290 1342/1342/1342
f 1291/1291/1291 1343/1343/1343 1292/1292/1292
f 1342/1342/1342 1343/1343/1343 1291/1291/1291
f 1292/1292/1292 1344/1344/1344 1293/1293/1293
f 1343/1343/1343 1344/1344/1344 1292/1292/1292
f 1293/1293/1293 1345/1345/1345 1294/1294/1294
f 1344/1344/1344 1345/1345/1345 1293/1293/1293
f 1294/1294/1294 1346/1346/1346 1295/1295/1295
f 1345/1345/1345 1346/1346/1346 1294/1294/1294
f 1295/1295/1295 1347/1347/1347 1296/1296/1296
f 1346/1346/1346 1347/1347/1347 1295/1295/1295
f 1296/1296/1296 1348/1348/1348 1297/1297/1297
f 1347/1347/1347 1348/1348/1348 1296/1296/1296
f 1297/1297/1297 1349/1349/1349 1298/1298/1298
f 1348/1348/1348 1349/1349/1349 1297/1297/1297
f 1298/1298/1298 1350/1350/1350 1299/1299/1299
f 1349/1349/1349 1350/1350/1350 1298/1298/1298
f 1299/1299/1299 1351/1351/1351 1300/1300/1300
f 1350/1350/1350 1351/1351/1351 1299/1299/1299
f 1300/1300/1300 1352/1352/1352 1301/1301/1301
f 1351/1351/1351 1352/1352/1352 1300/1300/1300
f 1301/1301/1301 1353/1353/1353 1302/1302/1302
f 1352/1352/1352 1353/1353/1353 1301/1301/1301
f 1302/1302/1302 1354/1354/1354 1303/1303/1303
f 1353/1353/1353 1354/1354/1354 1302/1302/1302
f 1355/1355/1355 1305/1305/1305 1303/1303/1303
f 1355/1355/1355 1303/1303/1303 1354/1354/1354
f 1356/1356/1356 1327/1327/1327 1304/1304/1304
f 1356/1356/1356 1304/1304/1304 1305/1305/1305
f 1357/1357/1357 1356/1356/1356 1305/1305/1305
f 1357/1357/1357 1305/1305/1305 1355/1355/1355
f 1306/1306/1306 1307/1307/1307 1358/1358/1358
f 1332/1332/1332 1306/1306/1306 1358/1358/1358
f 1307/1307/1307 1308/1308/1308 1359/1359/1359
f 1358/1358/1358 1307/1307/1307 1359/1359/1359
f 1308/1308/1308 1309/1309/1309 1360/1360/1360
f 1359/1359/1359 1308/1308/1308 1360/1360/1360
f 1309/1309/1309 1310/1310/1310 1361/1361/1361
f 1360/1360/1360 1309/1309/1309 1361/1361/1361
f 1310/1310/1310 1311/1311/1311 1362/1362/1362
f 1361/1361/1361 1310/1310/1310 1362/1362/1362
f 1311/1311/1311 1312/1312/1312 1363/1363/1363
f 1362/1362/1362 1311/1311/1311 1363/1363/1363
f 1312/1312/1312 1313/1313/1313 1364/1364/1364
f 1363/1363/1363 1312/1312/1312 1364/1364/1364
f 1313/1313/1313 1314/1314/1314 1365/1365/1365
f 1364/1364/1364 1313/1313/1313 1365/1365/1365
f 1314/1314/1314 1315/1315/1315 1366/1366/1366
f 1365/1365/1365 1314/1314/1314 1366/1366/1366
f 1315/1315/1315 1317/1317/1317 1367/1367/1367
f 1366/1366/1366 1315/1315/1315 1367/1367/1367
f 1316/1316/1316 1368/1368/1368 1317/1317/1317
f 1317/1317/1317 1368/1368/1368 1369/1369/1369
f 1367/1367/1367 1317/1317/1317 1369/1369/1369
f 1368/1368/1368 1316/1316/1316 1318/1318/1318
f 1370/1370/1370 1318/1318/1318 1319/1319/1319
f 1368/1368/1368 1318/1318/1318 1370/1370/1370
f 1371/1371/1371 1319/1319/1319 1320/1320/1320
f 1370/1370/1370 1319/1319/1319 1371/1371/1371
f 1372/1372/1372 1320/1320/1320 1321/1321/1321
f 1371/1371/1371 1320/1320/1320 1372/1372/1372
f 1373/1373/1373 1321/1321/1321 1322/1322/1322
f 1372/1372/1372 1321/1321/1321 1373/1373/1373
f 1374/1374/1374 1322/1322/1322 1323/1323/1323
f 1373/1373/1373 1322/1322/1322 1374/1374/1374
f 1375/1375/1375 1323/1323/1323 1324/1324/1324
f 1374/1374/1374 1323/1323/1323 1375/1375/1375
f 1376/1376/1376 1324/1324/1324 1325/1325/1325
f 1375/1375/1375 1324/1324/1324 1376/1376/1376
f 1377/1377/1377 1325/1325/1325 1326/1326/1326
f 1376/1376/1376 1325/1325/1325 1377/1377/1377
f 1378/1378/1378 1326/1326/1326 1327/1327/1327
f 1377/1377/1377 1326/1326/1326 1378/1378/1378
f 1378/1378/1378 1327/1327/1327 1356/1356/1356
f 1331/1331/1331 1379/1379/1379 1328/1328/1328
f 1328/1328/1328 1380/1380/1380 1329/1329/1329
f 1328/1328/1328 1379/1379/1379 1380/1380/1380
f 1329/1329/1329 1381/1381/1381 1330/1330/1330
f 1329/1329/1329 1380/1380/1380 1381/1381/1381
f 1330/1330/1330 1382/1382/1382 1333/1333/1333
f 1330/1330/1330 1381/1381/1381 1382/1382/1382
f 1331/1331/1331 1383/1383/1383 1379/1379/1379
f 1331/1331/1331 1384/1384/1384 1383/1383/1383
f 1331/1331/1331 1332/1332/1332 1384/1384/1384
f 1332/1332/1332 1358/1358/1358 1384/1384/1384
f 1333/1333/1333 1385/1385/1385 1334/1334/1334
f 1333/1333/1333 1382/1382/1382 1385/1385/1385
f 1334/1334/1334 1386/1386/1386 1335/1335/1335
f 1334/1334/1334 1385/1385/1385 1386/1386/1386
f 1335/1335/1335 1387/1387/1387 1336/1336/1336
f 1335/1335/1335 1386/1386/1386 1387/1387/1387
f 1336/1336/1336 1388/1388/1388 1337/1337/1337
f 1336/1336/1336 1387/1387/1387 1388/1388/1388
f 1337/1337/1337 1389/1389/1389 1338/1338/1338
f 1337/1337/1337 1388/1388/1388 1389/1389/1389
f 1338/1338/1338 1390/1390/1390 1339/1339/1339
f 1338/1338/1338 1389/1389/1389 1390/1390/1390
f 1339/1339/1339 1391/1391/1391 1340/1340/1340
f 1339/1339/1339 1390/1390/1390 1391/1391/1391
f 1340/1340/1340 1392/1392/1392 1341/1341/1341
f 1340/1340/1340 1391/1391/1391 1392/1392/1392
f 1341/1341/1341 1392/1392/1392 1393/1393/1393
f 1342/1342/1342 1341/1341/1341 1393/1393/1393
f 1342/1342/1342 1394/1394/1394 1343/1343/1343
f 1393/1393/1393 1394/1394/1394 1342/1342/1342
f 1343/1343/1343 1395/1395/1395 1344/1344/1344
f 1394/1394/1394 1395/1395/1395 1343/1343/1343
f 1344/1344/1344 1396/1396/1396 1345/1345/1345
f 1395/1395/1395 1396/1396/1396 1344/1344/1344
f 1345/1345/1345 1397/1397/1397 1346/1346/1346
f 1396/1396/1396 1397/1397/1397 1345/1345/1345
f 1346/1346/1346 1398/1398/1398 1347/1347/1347
f 1397/1397/1397 1398/1398/1398 1346/1346/1346
f 1347/1347/1347 1399/1399/1399 1348/1348/1348
f 1398/1398/1398 1399/1399/1399 1347/1347/1347
f 1348/1348/1348 1400/1400/1400 1349/1349/1349
f 1399/1399/1399 1400/1400/1400 1348/1348/1348
f 1349/1349/1349 1401/1401/1401 1350/1350/1350
f 1400/1400/1400 1401/1401/1401 1349/1349/1349
f 1350/1350/1350 1402/1402/1402 1351/1351/1351
f 1401/1401/1401 1402/1402/1402 1350/1350/1350
f 1351/1351/1351 1403/1403/1403 1352/1352/1352
f 1402/1402/1402 1403/1403/1403 1351/1351/1351
f 1352/1352/1352 1404/1404/1404 1353/1353/1353
f 1403/1403/1403 1404/1404/1404 1352/1352/1352
f 1353/1353/1353 1405/1405/1405 1354/1354/1354
f 1404/1404/1404 1405/1405/1405 1353/1353/1353
f 1406/1406/1406 1355/1355/1355 1354/1354/1354
f 1406/1406/1406 1354/1354/1354 1405/1405/1405
f 1407/1407/1407 1357/1357/1357 1355/1355/1355
f 1407/1407/1407 1355/1355/1355 1406/1406/1406
f 1408/1408/1408 1378/1378/1378 1356/1356/1356
f 1408/1408/1408 1356/1356/1356 1357/1357/1357
f 1409/1409/1409 1408/1408/1408 1357/1357/1357
f 1409/1409/1409 1357/1357/1357 1407/1407/1407
f 1358/1358/1358 1359/1359/1359 1410/1410/1410
f 1384/1384/1384 1358/1358/1358 1410/1410/1410
f 1359/1359/1359 1360/1360/1360 1411/1411/1411
f 1410/1410/1410 1359/1359/1359 1411/1411/1411
f 1360/1360/1360 1361/1361/1361 1412/1412/1412
f 1411/1411/1411 1360/1360/1360 1412/1412/1412
f 1361/1361/1361 1362/1362/1362 1413/1413/1413
f 1412/1412/1412 1361/1361/1361 1413/1413/1413
f 1362/1362/1362 1363/1363/1363 1414/1414/1414
f 1413/1413/1413 1362/1362/1362 1414/1414/1414
f 1363/1363/1363 1364/1364/1364 1415/1415/1415
f 1414/1414/1414 1363/1363/1363 1415/1415/1415
f 1364/1364/1364 1365/1365/1365 1416/1416/1416
f 1415/1415/1415 1364/1364/1364 1416/1416/1416
f 1365/1365/1365 1366/1366/1366 1417/1417/1417
f 1416/1416/1416 1365/1365/1365 1417/1417/1417
f 1366/1366/1366 1367/1367/1367 1418/1418/1418
f 1417/1417/1417 1366/1366/1366 1418/1418/1418
f 1367/1367/1367 1369/1369/1369 1419/1419/1419
f 1418/1418/1418 1367/1367/1367 1419/1419/1419
f 1368/1368/1368 1420/1420/1420 1369/1369/1369
f 1369/1369/1369 1420/1420/1420 1421/1421/1421
f 1419/1419/1419 1369/1369/1369 1421/1421/1421
f 1420/1420/1420 1368/1368/1368 1370/1370/1370
f 1422/1422/1422 1370/1370/1370 1371/1371/1371
f 1420/1420/1420 1370/1370/1370 1422/1422/1422
f 1423/1423/1423 1371/1371/1371 1372/1372/1372
f 1422/1422/1422 1371/1371/1371 1423/1423/1423
f 1424/1424/1424 1372/1372/1372 1373/1373/1373
f 1423/1423/1423 1372/1372/1372 1424/1424/1424
f 1425/1425/1425 1373/1373/1373 1374/1374/1374
f 1424/1424/1424 1373/1373/1373 1425/1425/1425
f 1426/1426/1426 1374/1374/1374 1375/1375/1375
f 1425/1425/1425 1374/1374/1374 1426/1426/1426
f 1427/1427/1427 1375/1375/1375 1376/1376/1376
f 1426/1426/1426 1375/1375/1375 1427/1427/1427
f 1428/1428/1428 1376/1376/1376 1377/1377/1377
f 1427/1427/1427 1376/1376/1376 1428/1428/1428
f 1429/1429/1429 1377/1377/1377 1378/1378/1378
f 1428/1428/1428 1377/1377/1377 1429/1429/1429
f 1429/1429/1429 1378/1378/1378 1408/1408/1408
f 1383/1383/1383 1430/1430/1430 1379/1379/1379
f 1379/1379/1379 1431/1431/1431 1380/1380/1380
f 1379/1379/1379 1430/1430/1430 1431/1431/1431
f 1380/1380/1380 1432/1432/1432 1381/1381/1381
f 1380/1380/1380 1431/1431/1431 1432/1432/1432
f 1381/1381/1381 1433/1433/1433 1382/1382/1382
f 1381/1381/1381 1432/1432/1432 1433/1433/1433
f 1382/1382/1382 1434/1434/1434 1385/1385/1385
f 1382/1382/1382 1433/1433/1433 1434/1434/1434
f 1383/1383/1383 1435/1435/1435 1430/1430/1430
f 1383/1383/1383 1436/1436/1436 1435/1435/1435
f 1383/1383/1383 1384/1384/1384 1436/1436/1436
f 1384/1384/1384 1410/1410/1410 1436/1436/1436
f 1385/1385/1385 1437/1437/1437 1386/1386/1386
f 1385/1385/1385 1434/1434/1434 1437/1437/1437
f 1386/1386/1386 1438/1438/1438 1387/1387/1387
f 1386/1386/1386 1437/1437/1437 1438/1438/1438
f 1387/1387/1387 1439/1439/1439 1388/1388/1388
f 1387/1387/1387 1438/1438/1438 1439/1439/1439
f 1388/1388/1388 1440/1440/1440 1389/1389/1389
f 1388/1388/1388 1439/1439/1439 1440/1440/1440
f 1389/1389/1389 1441/1441/1441 1390/1390/1390
f 1389/1389/1389 1440/1440/1440 1441/1441/1441
f 1390/1390/1390 1442/1442/1442 1391/1391/1391
f 1390/1390/1390 1441/1441/1441 1442/1442/1442
f 1391/1391/1391 1443/1443/1443 1392/1392/1392
f 1391/1391/1391 1442/1442/1442 1443/1443/1443
f 1392/1392/1392 1443/1443/1443 1444/1444/1444
f 1393/1393/1393 1392/1392/1392 1444/1444/1444
f 1393/1393/1393 1445/1445/1445 1394/1394/1394
f 1444/1444/1444 1445/1445/1445 1393/1393/1393
f 1394/1394/1394 1446/1446/1446 1395/1395/1395
f 1445/1445/1445 1446/1446/1446 1394/1394/1394
f 1395/1395/1395 1447/1447/1447 1396/1396/1396
f 1446/1446/1446 1447/1447/1447 1395/1395/1395
f 1396/1396/1396 1448/1448/1448 1397/1397/1397
f 1447/1447/1447 1448/1448/1448 1396/1396/1396
f 1397/1397/1397 1449/1449/1449 1398/1398/1398
f 1448/1448/1448 1449/1449/1449 1397/1397/1397
f 1398/1398/1398 1450/1450/1450 1399/1399/1399
f 1449/1449/1449 1450/1450/1450 1398/1398/1398
f 1399/1399/1399 1451/1451/1451 1400/1400/1400
f 1450/1450/1450 1451/1451/1451 1399/1399/1399
f 1400/1400/1400 1452/1452/1452 1401/1401/1401
f 1451/1451/1451 1452/1452/1452 1400/1400/1400
f 1401/1401/1401 1453/1453/1453 1402/1402/1402
f 1452/1452/1452 1453/1453/1453 1401/1401/1401
f 1402/1402/1402 1454/1454/1454 1403/1403/1403
f 1453/1453/1453 1454/1454/1454 1402/1402/1402
f 1403/1403/1403 1455/1455/1455 1404/1404/1404
f 1454/1454/1454 1455/1455/1455 1403/1403/1403
f 1456/1456/1456 1405/1405/1405 1404/1404/1404
f 1455/1455/1455 1456/1456/1456 1404/1404/1404
f 1457/1457/1457 1406/1406/1406 1405/1405/1405
f 1457/1457/1457 1405/1405/1405 1456/1456/1456
f 1458/1458/1458 1407/1407/1407 1406/1406/1406
f 1458/1458/1458 1406/1406/1406 1457/1457/1457
f 1459/1459/1459 1409/1409/1409 1407/1407/1407
f 1459/1459/1459 1407/1407/1407 1458/1458/1458
f 1460/1460/1460 1429/1429/1429 1408/1408/1408
f 1460/1460/1460 1408/1408/1408 1409/1409/1409
f 1461/1461/1461 1460/1460/1460 1409/1409/1409
f 1461/1461/1461 1409/1409/1409 1459/1459/1459
f 1410/1410/1410 1411/1411/1411 1462/1462/1462
f 1436/1436/1436 1410/1410/1410 1462/1462/1462
f 1411/1411/1411 1412/1412/1412 1463/1463/1463
f 1462/1462/1462 1411/1411/1411 1463/1463/1463
f 1412/1412/1412 1413/1413/1413 1464/1464/1464
f 1463/1463/1463 1412/1412/1412 1464/1464/1464
f 1413/1413/1413 1414/1414/1414 1465/1465/1465
f 1464/1464/1464 1413/1413/1413 1465/1465/1465
f 1414/1414/1414 1415/1415/1415 1466/1466/1466
f 1465/1465/1465 1414/1414/1414 1466/1466/1466
f 1415/1415/1415 1416/1416/1416 1467/1467/1467
f 1466/1466/1466 1415/1415/1415 1467/1467/1467
f 1416/1416/1416 1417/1417/1417 1468/1468/1468
f 1467/1467/1467 1416/1416/1416 1468/1468/1468
f 1417/1417/1417 1418/1418/1418 1469/1469/1469
f 1468/1468/1468 1417/1417/1417 1469/1469/1469
f 1418/1418/1418 1419/1419/1419 1470/1470/1470
f 1469/1469/1469 1418/1418/1418 1470/1470/1470
f 1419/1419/1419 1421/1421/1421 1471/1471/1471
f 1470/1470/1470 1419/1419/1419 1471/1471/1471
f 1420/1420/1420 1472/1472/1472 1421/1421/1421
f 1421/1421/1421 1472/1472/1472 1473/1473/1473
f 1471/1471/1471 1421/1421/1421 1473/1473/1473
f 1472/1472/1472 1420/1420/1420 1422/1422/1422
f 1474/1474/1474 1422/1422/1422 1423/1423/1423
f 1472/1472/1472 1422/1422/1422 1474/1474/1474
f 1475/1475/1475 1423/1423/1423 1424/1424/1424
f 1474/1474/1474 1423/1423/1423 1475/1475/1475
f 1476/1476/1476 1424/1424/1424 1425/1425/1425
f 1475/1475/1475 1424/1424/1424 1476/1476/1476
f 1477/1477/1477 1425/1425/1425 1426/1426/1426
f 1476/1476/1476 1425/1425/1425 1477/1477/1477
f 1478/1478/1478 1426/1426/1426 1427/1427/1427
f 1477/1477/1477 1426/1426/1426 1478/1478/1478
f 1479/1479/1479 1427/1427/1427 1428/1428/1428
f 1478/1478/1478 1427/1427/1427 1479/1479/1479
f 1480/1480/1480 1428/1428/1428 1429/1429/1429
f 1479/1479/1479 1428/1428/1428 1480/1480/1480
f 1480/1480/1480 1429/1429/1429 1460/1460/1460
f 1435/1435/1435 1481/1481/1481 1430/1430/1430
f 1430/1430/1430 1482/1482/1482 1431/1431/1431
f 1430/1430/1430 1481/1481/1481 1482/1482/1482
f 1431/1431/1431 1483/1483/1483 1432/1432/1432
f 1431/1431/1431 1482/1482/1482 1483/1483/1483
f 1432/1432/1432 1484/1484/1484 1433/1433/1433
f 1432/1432/1432 1483/1483/1483 1484/1484/1484
f 1433/1433/1433 1485/1485/1485 1434/1434/1434
f 1433/1433/1433 1484/1484/1484 1485/1485/1485
f 1434/1434/1434 1486/1486/1486 1437/1437/1437
f 1434/1434/1434 1485/1485/1485 1486/1486/1486
f 1435/1435/1435 1487/1487/1487 1481/1481/1481
f 1435/1435/1435 1488/1488/1488 1487/1487/1487
f 1436/1436/1436 1488/1488/1488 1435/1435/1435
f 1436/1436/1436 1462/1462/1462 1488/1488/1488
f 1437/1437/1437 1489/1489/1489 1438/1438/1438
f 1437/1437/1437 1486/1486/1486 1489/1489/1489
f 1438/1438/1438 1490/1490/1490 1439/1439/1439
f 1438/1438/1438 1489/1489/1489 1490/1490/1490
f 1439/1439/1439 1491/1491/1491 1440/1440/1440
f 1439/1439/1439 1490/1490/1490 1491/1491/1491
f 1440/1440/1440 1492/1492/1492 1441/1441/1441
f 1440/1440/1440 1491/1491/1491 1492/1492/1492
f 1441/1441/1441 1493/1493/1493 1442/1442/1442
f 1441/1441/1441 1492/1492/1492 1493/1493/1493
f 1442/1442/1442 1494/1494/1494 1443/1443/1443
f 1442/1442/1442 1493/1493/1493 1494/1494/1494
f 1443/1443/1443 1494/1494/1494 1495/1495/1495
f 1444/1444/1444 1443/1443/1443 1495/1495/1495
f 1444/1444/1444 1496/1496/1496 1445/1445/1445
f 1495/1495/1495 1496/1496/1496 1444/1444/1444
f 1445/1445/1445 1497/1497/1497 1446/1446/1446
f 1496/1496/1496 1497/1497/1497 1445/1445/1445
f 1446/1446/1446 1498/1498/1498 1447/1447/1447
f 1497/1497/1497 1498/1498/1498 1446/1446/1446
f 1447/1447/1447 1499/1499/1499 1448/1448/1448
f 1498/1498/1498 1499/1499/1499 1447/1447/1447
f 1448/1448/1448 1500/1500/1500 1449/1449/1449
f 1499/1499/1499 1500/1500/1500 1448/1448/1448
f 1449/1449/1449 1501/1501/1501 1450/1450/1450
f 1500/1500/1500 1501/1501/1501 1449/1449/1449
f 1450/1450/1450 1502/1502/1502 1451/1451/1451
f 1501/1501/1501 1502/1502/1502 1450/1450/1450
f 1451/1451/1451 1503/1503/1503 1452/1452/1452
f 1502/1502/1502 1503/1503/1503 1451/1451/1451
f 1452/1452/1452 1504/1504/1504 1453/1453/1453
f 1503/1503/1503 1504/1504/1504 1452/1452/1452
f 1453/1453/1453 1505/1505/1505 1454/1454/1454
f 1504/1504/1504 1505/1505/1505 1453/1453/1453
f 1454/1454/1454 1506/1506/1506 1455/1455/1455
f 1505/1505/1505 1506/1506/1506 1454/1454/1454
f 1507/1507/1507 1456/1456/1456 1455/1455/1455
f 1506/1506/1506 1507/1507/1507 1455/1455/1455
f 1508/1508/1508 1457/1457/1457 1456/1456/1456
f 1508/1508/1508 1456/1456/1456 1507/1507/1507
f 1509/1509/1509 1458/1458/1458 1457/1457/1457
f 1509/1509/1509 1457/1457/1457 1508/1508/1508
f 1510/1510/1510 1459/1459/1459 1458/1458/1458
f 1510/1510/1510 1458/1458/1458 1509/1509/1509
f 1511/1511/1511 1461/1461/1461 1459/1459/1459
f 1511/1511/1511 1459/1459/1459 1510/1510/1510
f 1512/1512/1512 1480/1480/1480 1460/1460/1460
f 1512/1512/1512 1460/1460/1460 1461/1461/1461
f 1513/1513/1513 1512/1512/1512 1461/1461/1461
f 1513/1513/1513 1461/1461/1461 1511/1511/1511
f 1462/1462/1462 1463/1463/1463 1514/1514/1514
f 1488/1488/1488 1462/1462/1462 1514/1514/1514
f 1463/1463/1463 1464/1464/1464 1515/1515/1515
f 1514/1514/1514 1463/1463/1463 1515/1515/1515
f 1464/1464/1464 1465/1465/1465 1516/1516/1516
f 1515/1515/1515 1464/1464/1464 1516/1516/1516
f 1465/1465/1465 1466/1466/1466 1517/1517/1517
f 1516/1516/1516 1465/1465/1465 1517/1517/1517
f 1466/1466/1466 1467/1467/1467 1518/1518/1518
f 1517/1517/1517 1466/1466/1466 1518/1518/1518
f 1467/1467/1467 1468/1468/1468 1519/1519/1519
f 1518/1518/1518 1467/1467/1467 1519/1519/1519
f 1468/1468/1468 1469/1469/1469 1520/1520/1520
f 1519/1519/1519 1468/1468/1468 1520/1520/1520
f 1469/1469/1469 1470/1470/1470 1521/1521/1521
f 1520/1520/1520 1469/1469/1469 1521/1521/1521
f 1470/1470/1470 1471/1471/1471 1522/1522/1522
f 1521/1521/1521 1470/1470/1470 1522/1522/1522
f 1471/1471/1471 1473/1473/1473 1523/1523/1523
f 1522/1522/1522 1471/1471/1471 1523/1523/1523
f 1472/1472/1472 1524/1524/1524 1473/1473/1473
f 1473/1473/1473 1524/1524/1524 1525/1525/1525
f 1523/1523/1523 1473/1473/1473 1525/1525/1525
f 1524/1524/1524 1472/1472/1472 1474/1474/1474
f 1526/1526/1526 1474/1474/1474 1475/1475/1475
f 1524/1524/1524 1474/1474/1474 1526/1526/1526
f 1527/1527/1527 1475/1475/1475 1476/1476/1476
f 1526/1526/1526 1475/1475/1475 1527/1527/1527
f 1528/1528/1528 1476/1476/1476 1477/1477/1477
f 1527/1527/1527 1476/1476/1476 1528/1528/1528
f 1529/1529/1529 1477/1477/1477 1478/1478/1478
f 1528/1528/1528 1477/1477/1477 1529/1529/1529
f 1530/1530/1530 1478/1478/1478 1479/1479/1479
f 1529/1529/1529 1478/1478/1478 1530/1530/1530
f 1531/1531/1531 1479/1479/1479 1480/1480/1480
f 1530/1530/1530 1479/1479/1479 1531/1531/1531
f 1531/1531/1531 1480/1480/1480 1512/1512/1512
f 1487/1487/1487 1532/1532/1532 1481/1481/1481
f 1481/1481/1481 1533/1533/1533 1482/1482/1482
f 1481/1481/1481 1532/1532/1532 1533/1533/1533
f 1482/1482/1482 1534/1534/1534 1483/1483/1483
f 1482/1482/1482 1533/1533/1533 1534/1534/1534
f 1483/1483/1483 1535/1535/1535 1484/1484/1484
f 1483/1483/1483 1534/1534/1534 1535/1535/1535
f 1484/1484/1484 1536/1536/1536 1485/1485/1485
f 1484/1484/1484 1535/1535/1535 1536/1536/1536
f 1485/1485/1485 1537/1537/1537 1486/1486/1486
f 1485/1485/1485 1536/1536/1536 1537/1537/1537
f 1486/1486/1486 1538/1538/1538 1489/1489/1489
f 1486/1486/1486 1537/1537/1537 1538/1538/1538
f 1487/1487/1487 1539/1539/1539 1532/1532/1532
f 1487/1487/1487 1540/1540/1540 1539/1539/1539
f 1488/1488/1488 1540/1540/1540 1487/1487/1487
f 1488/1488/1488 1514/1514/1514 1540/1540/1540
f 1489/1489/1489 1541/1541/1541 1490/1490/1490
f 1489/1489/1489 1538/1538/1538 1541/1541/1541
f 1490/1490/1490 1542/1542/1542 1491/1491/1491
f 1490/1490/1490 1541/1541/1541 1542/1542/1542
f 1491/1491/1491 1543/1543/1543 1492/1492/1492
f 1491/1491/1491 1542/1542/1542 1543/1543/1543
f 1492/1492/1492 1544/1544/1544 1493/1493/1493
f 1492/1492/1492 1543/1543/1543 1544/1544/1544
f 1493/1493/1493 1545/1545/1545 1494/1494/1494
f 1493/1493/1493 1544/1544/1544 1545/1545/1545
f 1494/1494/1494 1545/1545/1545 1546/1546/1546
f 1495/1495/1495 1494/1494/1494 1546/1546/1546
f 1495/1495/1495 1547/1547/1547 1496/1496/1496
f 1546/1546/1546 1547/1547/1547 1495/1495/1495
f 1496/1496/1496 1548/1548/1548 1497/1497/1497
f 1547/1547/1547 1548/1548/1548 1496/1496/1496
f 1497/1497/1497 1549/1549/1549 1498/1498/1498
f 1548/1548/1548 1549/1549/1549 1497/1497/1497
f 1498/1498/1498 1550/1550/1550 1499/1499/1499
f 1549/1549/1549 1550/1550/1550 1498/1498/1498
f 1499/1499/1499 1551/1551/1551 1500/1500/1500
f 1550/1550/1550 1551/1551/1551 1499/1499/1499
f 1500/1500/1500 1552/1552/1552 1501/1501/1501
f 1551/1551/1551 1552/1552/1552 1500/1500/1500
f 1501/1501/1501 1553/1553/1553 1502/1502/1502
f 1552/1552/1552 1553/1553/1553 1501/1501/1501
f 1502/1502/1502 1554/1554/1554 1503/1503/1503
f 1553/1553/1553 1554/1554/1554 1502/1502/1502
f 1503/1503/1503 1555/1555/1555 1504/1504/1504
f 1554/1554/1554 1555/1555/1555 1503/1503/1503
f 1504/1504/1504 1556/1556/1556 1505/1505/1505
f 1555/1555/1555 1556/1556/1556 1504/1504/1504
f 1505/1505/1505 1557/1557/1557 1506/1506/1506
f 1556/1556/1556 1557/1557/1557 1505/1505/1505
f 1558/1558/1558 1507/1507/1507 1506/1506/1506
f 1557/1557/1557 1558/1558/1558 1506/1506/1506
f 1559/1559/1559 1508/1508/1508 1507/1507/1507
f 1559/1559/1559 1507/1507/1507 1558/1558/1558
f 1560/1560/1560 1509/1509/1509 1508/1508/1508
f 1560/1560/1560 1508/1508/1508 1559/1559/1559
f 1561/1561/1561 1510/1510/1510 1509/1509/1509
f 1561/1561/1561 1509/1509/1509 1560/1560/1560
f 1562/1562/1562 1511/1511/1511 1510/1510/1510
f 1562/1562/1562 1510/1510/1510 1561/1561/1561
f 1563/1563/1563 1513/1513/1513 1511/1511/1511
f 1563/1563/1563 1511/1511/1511 1562/1562/1562
f 1564/1564/1564 1531/1531/1531 1512/1512/1512
f 1564/1564/1564 1512/1512/1512 1513/1513/1513
f 1565/1565/1565 1564/1564/1564 1513/1513/1513
f 1565/1565/1565 1513/1513/1513 1563/1563/1563
f 1514/1514/1514 1515/1515/1515 1566/1566/1566
f 1540/1540/1540 1514/1514/1514 1566/1566/1566
f 1515/1515/1515 1516/1516/1516 1567/1567/1567
f 1566/1566/1566 1515/1515/1515 1567/1567/1567
f 1516/1516/1516 1517/1517/1517 1568/1568/1568
f 1567/1567/1567 1516/1516/1516 1568/1568/1568
f 1517/1517/1517 1518/1518/1518 1569/1569/1569
f 1568/1568/1568 1517/1517/1517 1569/1569/1569
f 1518/1518/1518 1519/1519/1519 1570/1570/1570
f 1569/1569/1569 1518/1518/1518 1570/1570/1570
f 1519/1519/1519 1520/1520/1520 1571/1571/1571
f 1570/1570/1570 1519/1519/1519 1571/1571/1571
f 1520/1520/1520 1521/1521/1521 1572/1572/1572
f 1571/1571/1571 1520/1520/1520 1572/1572/1572
f 1521/1521/1521 1522/1522/1522 1573/1573/1573
f 1572/1572/1572 1521/1521/1521 1573/1573/1573
f 1522/1522/1522 1523/1523/1523 1574/1574/1574
f 1573/1573/1573 1522/1522/1522 1574/1574/1574
f 1523/1523/1523 1525/1525/1525 1575/1575/1575
f 1574/1574/1574 1523/1523/1523 1575/1575/1575
f 1524/1524/1524 1576/1576/1576 1525/1525/1525
f 1525/1525/1525 1576/1576/1576 1577/1577/1577
f 1575/1575/1575 1525/1525/1525 1577/1577/1577
f 1576/1576/1576 1524/1524/1524 1526/1526/1526
f 1578/1578/1578 1526/1526/1526 1527/1527/1527
f 1576/1576/1576 1526/1526/1526 1578/1578/1578
f 1579/1579/1579 1527/1527/1527 1528/1528/1528
f 1578/1578/1578 1527/1527/1527 1579/1579/1579
f 1580/1580/1580 1528/1528/1528 1529/1529/1529
f 1579/1579/1579 1528/1528/1528 1580/1580/1580
f 1581/1581/1581 1529/1529/1529 1530/1530/1530
f 1580/1580/1580 1529/1529/1529 1581/1581/1581
f 1582/1582/1582 1530/1530/1530 1531/1531/1531
f 1581/1581/1581 1530/1530/1530 1582/1582/1582
f 1582/1582/1582 1531/1531/1531 1564/1564/1564
f 1539/1539/1539 1583/1583/1583 1532/1532/1532
f 1532/1532/1532 1584/1584/1584 1533/1533/1533
f 1532/1532/1532 1583/1583/1583 1584/1584/1584
f 1533/1533/1533 1585/1585/1585 1534/1534/1534
f 1533/1533/1533 1584/1584/1584 1585/1585/1585
f 1534/1534/1534 1586/1586/1586 1535/1535/1535
f 1534/1534/1534 1585/1585/1585 1586/1586/1586
f 1535/1535/1535 1587/1587/1587 1536/1536/1536
f 1535/1535/1535 1586/1586/1586 1587/1587/1587
f 1536/1536/1536 1588/1588/1588 1537/1537/1537
f 1536/1536/1536 1587/1587/1587 1588/1588/1588
f 1537/1537/1537 1589/1589/1589 1538/1538/1538
f 1537/1537/1537 1588/1588/1588 1589/1589/1589
f 1538/1538/1538 1590/1590/1590 1541/1541/1541
f 1538/1538/1538 1589/1589/1589 1590/1590/1590
f 1539/1539/1539 1591/1591/1591 1583/1583/1583
f 1539/1539/1539 1592/1592/1592 1591/1591/1591
f 1540/1540/1540 1592/1592/1592 1539/1539/1539
f 1540/1540/1540 1566/1566/1566 1592/1592/1592
f 1541/1541/1541 1593/1593/1593 1542/1542/1542
f 1541/1541/1541 1590/1590/1590 1593/1593/1593
f 1542/1542/1542 1594/1594/1594 1543/1543/1543
f 1542/1542/1542 1593/1593/1593 1594/1594/1594
f 1543/1543/1543 1595/1595/1595 1544/1544/1544
f 1543/1543/1543 1594/1594/1594 1595/1595/1595
f 1544/1544/1544 1596/1596/1596 1545/1545/1545
f 1544/1544/1544 1595/1595/1595 1596/1596/1596
f 1545/1545/1545 1596/1596/1596 1597/1597/1597
f 1546/1546/1546 1545/1545/1545 1597/1597/1597
f 1546/1546/1546 1598/1598/1598 1547/1547/1547
f 1597/1597/1597 1598/1598/1598 1546/1546/1546
f 1547/1547/1547 1599/1599/1599 1548/1548/1548
f 1598/1598/1598 1599/1599/1599 1547/1547/1547
f 1548/1548/1548 1600/1600/1600 1549/1549/1549
f 1599/1599/1599 1600/1600/1600 1548/1548/1548
f 1549/1549/1549 1601/1601/1601 1550/1550/1550
f 1600/1600/1600 1601/1601/1601 1549/1549/1549
f 1550/1550/1550 1602/1602/1602 1551/1551/1551
f 1601/1601/1601 1602/1602/1602 1550/1550/1550
f 1551/1551/1551 1603/1603/1603 1552/1552/1552
f 1602/1602/1602 1603/1603/1603 1551/1551/1551
f 1552/1552/1552 1604/1604/1604 1553/1553/1553
f 1603/1603/1603 1604/1604/1604 1552/1552/1552
f 1553/1553/1553 1605/1605/1605 1554/1554/1554
f 1604/1604/1604 1605/1605/1605 1553/1553/1553
f 1554/1554/1554 1606/1606/1606 1555/1555/1555
f 1605/1605/1605 1606/1606/1606 1554/1554/1554
f 1555/1555/1555 1607/1607/1607 1556/1556/1556
f 1606/1606/1606 1607/1607/1607 1555/1555/1555
f 1556/1556/1556 1608/1608/1608 1557/1557/1557
f 1607/1607/1607 1608/1608/1608 1556/1556/1556
f 1609/1609/1609 1558/1558/1558 1557/1557/1557
f 1608/1608/1608 1609/1609/1609 1557/1557/1557
f 1610/1610/1610 1559/1559/1559 1558/1558/1558
f 1610/1610/1610 1558/1558/1558 1609/1609/1609
f 1611/1611/1611 1560/1560/1560 1559/1559/1559
f 1611/1611/1611 1559/1559/1559 1610/1610/1610
f 1612/1612/1612 1561/1561/1561 1560/1560/1560
f 1612/1612/1612 1560/1560/1560 1611/1611/1611
f 1613/1613/1613 1562/1562/1562 1561/1561/1561
f 1613/1613/1613 1561/1561/1561 1612/1612/1612
f 1614/1614/1614 1563/1563/1563 1562/1562/1562
f 1614/1614/1614 1562/1562/1562 1613/1613/1613
f 1615/1615/1615 1565/1565/1565 1563/1563/1563
f 1615/1615/1615 1563/1563/1563 1614/1614/1614
f 1616/1616/1616 1582/1582/1582 1564/1564/1564
f 1616/1616/1616 1564/1564/1564 1565/1565/1565
f 1617/1617/1617 1616/1616/1616 1565/1565/1565
f 1617/1617/1617 1565/1565/1565 1615/1615/1615
f 1566/1566/1566 1567/1567/1567 1618/1618/1618
f 1592/1592/1592 1566/1566/1566 1618/1618/1618
f 1567/1567/1567 1568/1568/1568 1619/1619/1619
f 1618/1618/1618 1567/1567/1567 1619/1619/1619
f 1568/1568/1568 1569/1569/1569 1620/1620/1620
f 1619/1619/1619 1568/1568/1568 1620/1620/1620
f 1569/1569/1569 1570/1570/1570 1621/1621/1621
f 1620/1620/1620 1569/1569/1569 1621/1621/1621
f 1570/1570/1570 1571/1571/1571 1622/1622/1622
f 1621/1621/1621 1570/1570/1570 1622/1622/1622
f 1571/1571/1571 1572/1572/1572 1623/1623/1623
f 1622/1622/1622 1571/1571/1571 1623/1623/1623
f 1572/1572/1572 1573/1573/1573 1624/1624/1624
f 1623/1623/1623 1572/1572/1572 1624/1624/1624
f 1573/1573/1573 1574/1574/1574 1625/1625/1625
f 1624/1624/1624 1573/1573/1573 1625/1625/1625
f 1574/1574/1574 1575/1575/1575 1626/1626/1626
f 1625/1625/1625 1574/1574/1574 1626/1626/1626
f 1575/1575/1575 1577/1577/1577 1627/1627/1627
f 1626/1626/1626 1575/1575/1575 1627/1627/1627
f 1576/1576/1576 1628/1628/1628 1577/1577/1577
f 1577/1577/1577 1628/1628/1628 1629/1629/1629
f 1627/1627/1627 1577/1577/1577 1629/1629/1629
f 1628/1628/1628 1576/1576/1576 1578/1578/1578
f 1630/1630/1630 1578/1578/1578 1579/1579/1579
f 1628/1628/1628 1578/1578/1578 1630/1630/1630
f 1631/1631/1631 1579/1579/1579 1580/1580/1580
f 1630/1630/1630 1579/1579/1579 1631/1631/1631
f 1632/1632/1632 1580/1580/1580 1581/1581/1581
f 1631/1631/1631 1580/1580/1580 1632/1632/1632
f 1633/1633/1633 1581/1581/1581 1582/1582/1582
f 1632/1632/1632 1581/1581/1581 1633/1633/1633
f 1633/1633/1633 1582/1582/1582 1616/1616/1616
f 1591/1591/1591 1634/1634/1634 1583/1583/1583
f 1583/1583/1583 1635/1635/1635 1584/1584/1584
f 1583/1583/1583 1634/1634/1634 1635/1635/1635
f 1584/1584/1584 1636/1636/1636 1585/1585/1585
f 1584/1584/1584 1635/1635/1635 1636/1636/1636
f 1585/1585/1585 1637/1637/1637 1586/1586/1586
f 1585/1585/1585 1636/1636/1636 1637/1637/1637
f 1586/1586/1586 1638/1638/1638 1587/1587/1587
f 1586/1586/1586 1637/1637/1637 1638/1638/1638
f 1587/1587/1587 1639/1639/1639 1588/1588/1588
f 1587/1587/1587 1638/1638/1638 1639/1639/1639
f 1588/1588/1588 1640/1640/1640 1589/1589/1589
f 1588/1588/1588 1639/1639/1639 1640/1640/1640
f 1589/1589/1589 1641/1641/1641 1590/1590/1590
f 1589/1589/1589 1640/1640/1640 1641/1641/1641
f 1590/1590/1590 1642/1642/1642 1593/1593/1593
f 1590/1590/1590 1641/1641/1641 1642/1642/1642
f 1591/1591/1591 1643/1643/1643 1634/1634/1634
f 1591/1591/1591 1644/1644/1644 1643/1643/1643
f 1592/1592/1592 1644/1644/1644 1591/1591/1591
f 1592/1592/1592 1618/1618/1618 1644/1644/1644
f 1593/1593/1593 1645/1645/1645 1594/1594/1594
f 1593/1593/1593 1642/1642/1642 1645/1645/1645
f 1594/1594/1594 1646/1646/1646 1595/1595/1595
f 1594/1594/1594 1645/1645/1645 1646/1646/1646
f 1595/1595/1595 1647/1647/1647 1596/1596/1596
f 1595/1595/1595 1646/1646/1646 1647/1647/1647
f 1647/1647/1647 1648/1648/1648 1596/1596/1596
f 1596/1596/1596 1648/1648/1648 1597/1597/1597
f 1597/1597/1597 1649/1649/1649 1598/1598/1598
f 1648/1648/1648 1649/1649/1649 1597/1597/1597
f 1598/1598/1598 1650/1650/1650 1599/1599/1599
f 1649/1649/1649 1650/1650/1650 1598/1598/1598
f 1599/1599/1599 1651/1651/1651 1600/1600/1600
f 1650/1650/1650 1651/1651/1651 1599/1599/1599
f 1600/1600/1600 1652/1652/1652 1601/1601/1601
f 1651/1651/1651 1652/1652/1652 1600/1600/1600
f 1601/1601/1601 1653/1653/1653 1602/1602/1602
f 1652/1652/1652 1653/1653/1653 1601/1601/1601
f 1602/1602/1602 1654/1654/1654 1603/1603/1603
f 1653/1653/1653 1654/1654/1654 1602/1602/1602
f 1603/1603/1603 1655/1655/1655 1604/1604/1604
f 1654/1654/1654 1655/1655/1655 1603/1603/1603
f 1604/1604/1604 1656/1656/1656 1605/1605/1605
f 1655/1655/1655 1656/1656/1656 1604/1604/1604
f 1605/1605/1605 1657/1657/1657 1606/1606/1606
f 1656/1656/1656 1657/1657/1657 1605/1605/1605
f 1606/1606/1606 1658/1658/1658 1607/1607/1607
f 1657/1657/1657 1658/1658/1658 1606/1606/1606
f 1607/1607/1607 1659/1659/1659 1608/1608/1608
f 1658/1658/1658 1659/1659/1659 1607/1607/1607
f 1660/1660/1660 1609/1609/1609 1608/1608/1608
f 1659/1659/1659 1660/1660/1660 1608/1608/1608
f 1661/1661/1661 1610/1610/1610 1609/1609/1609
f 1661/1661/1661 1609/1609/1609 1660/1660/1660
f 1662/1662/1662 1611/1611/1611 1610/1610/1610
f 1662/1662/1662 1610/1610/1610 1661/1661/1661
f 1663/1663/1663 1612/1612/1612 1611/1611/1611
f 1663/1663/1663 1611/1611/1611 1662/1662/1662
f 1664/1664/1664 1613/1613/1613 1612/1612/1612
f 1664/1664/1664 1612/1612/1612 1663/1663/1663
f 1665/1665/1665 1614/1614/1614 1613/1613/1613
f 1665/1665/1665 1613/1613/1613 1664/1664/1664
f 1666/1666/1666 1615/1615/1615 1614/1614/1614
f 1666/1666/1666 1614/1614/1614 1665/1665/1665
f 1667/1667/1667 1617/1617/1617 1615/1615/1615
f 1667/1667/1667 1615/1615/1615 1666/1666/1666
f 1668/1668/1668 1633/1633/1633 1616/1616/1616
f 1668/1668/1668 1616/1616/1616 1617/1617/1617
f 1669/1669/1669 1668/1668/1668 1617/1617/1617
f 1669/1669/1669 1617/1617/1617 1667/1667/1667
f 1618/1618/1618 1619/1619/1619 1670/1670/1670
f 1644/1644/1644 1618/1618/1618 1670/1670/1670
f 1619/1619/1619 1620/1620/1620 1671/1671/1671
f 1670/1670/1670 1619/1619/1619 1671/1671/1671
f 1620/1620/1620 1621/1621/1621 1672/1672/1672
f 1671/1671/1671 1620/1620/1620 1672/1672/1672
f 1621/1621/1621 1622/1622/1622 1673/1673/1673
f 1672/1672/1672 1621/1621/1621 1673/1673/1673
f 1622/1622/1622 1623/1623/1623 1674/1674/1674
f 1673/1673/1673 1622/1622/1622 1674/1674/1674
f 1623/1623/1623 1624/1624/1624 1675/1675/1675
f 1674/1674/1674 1623/1623/1623 1675/1675/1675
f 1624/1624/1624 1625/1625/1625 1676/1676/1676
f 1675/1675/1675 1624/1624/1624 1676/1676/1676
f 1625/1625/1625 1626/1626/1626 1677/1677/1677
f 1676/1676/1676 1625/1625/1625 1677/1677/1677
f 1626/1626/1626 1627/1627/1627 1678/1678/1678
f 1677/1677/1677 1626/1626/1626 1678/1678/1678
f 1627/1627/1627 1629/1629/1629 1679/1679/1679
f 1678/1678/1678 1627/1627/1627 1679/1679/1679
f 1628/1628/1628 1680/1680/1680 1629/1629/1629
f 1629/1629/1629 1680/1680/1680 1681/1681/1681
f 1679/1679/1679 1629/1629/1629 1681/1681/1681
f 1680/1680/1680 1628/1628/1628 1630/1630/1630
f 1682/1682/1682 1630/1630/1630 1631/1631/1631
f 1680/1680/1680 1630/1630/1630 1682/1682/1682
f 1683/1683/1683 1631/1631/1631 1632/1632/1632
f 1682/1682/1682 1631/1631/1631 1683/1683/1683
f 1684/1684/1684 1632/1632/1632 1633/1633/1633
f 1683/1683/1683 1632/1632/1632 1684/1684/1684
f 1684/1684/1684 1633/1633/1633 1668/1668/1668
f 1643/1643/1643 1685/1685/1685 1634/1634/1634
f 1634/1634/1634 1686/1686/1686 1635/1635/1635
f 1634/1634/1634 1685/1685/1685 1686/1686/1686
f 1635/1635/1635 1687/1687/1687 1636/1636/1636
f 1635/1635/1635 1686/1686/1686 1687/1687/1687
f 1636/1636/1636 1688/1688/1688 1637/1637/1637
f 1636/1636/1636 1687/1687/1687 1688/1688/1688
f 1637/1637/1637 1689/1689/1689 1638/1638/1638
f 1637/1637/1637 1688/1688/1688 1689/1689/1689
f 1638/1638/1638 1690/1690/1690 1639/1639/1639
f 1638/1638/1638 1689/1689/1689 1690/1690/1690
f 1639/1639/1639 1691/1691/1691 1640/1640/1640
f 1639/1639/1639 1690/1690/1690 1691/1691/1691
f 1640/1640/1640 1692/1692/1692 1641/1641/1641
f 1640/1640/1640 1691/1691/1691 1692/1692/1692
f 1641/1641/1641 1693/1693/1693 1642/1642/1642
f 1641/1641/1641 1692/1692/1692 1693/1693/1693
f 1642/1642/1642 1694/1694/1694 1645/1645/1645
f 1642/1642/1642 1693/1693/1693 1694/1694/1694
f 1643/1643/1643 1695/1695/1695 1685/1685/1685
f 1643/1643/1643 1696/1696/1696 1695/1695/1695
f 1644/1644/1644 1696/1696/1696 1643/1643/1643
f 1644/1644/1644 1670/1670/1670 1696/1696/1696
f 1645/1645/1645 1697/1697/1697 1646/1646/1646
f 1645/1645/1645 1694/1694/1694 1697/1697/1697
f 1646/1646/1646 1698/1698/1698 1647/1647/1647
f 1646/1646/1646 1697/1697/1697 1698/1698/1698
f 1698/1698/1698 1699/1699/1699 1647/1647/1647
f 1647/1647/1647 1699/1699/1699 1648/1648/1648
f 1648/1648/1648 1700/1700/1700 1649/1649/1649
f 1699/1699/1699 1700/1700/1700 1648/1648/1648
f 1649/1649/1649 1701/1701/1701 1650/1650/1650
f 1700/1700/1700 1701/1701/1701 1649/1649/1649
f 1650/1650/1650 1702/1702/1702 1651/1651/1651
f 1701/1701/1701 1702/1702/1702 1650/1650/1650
f 1651/1651/1651 1703/1703/1703 1652/1652/1652
f 1702/1702/1702 1703/1703/1703 1651/1651/1651
f 1652/1652/1652 1704/1704/1704 1653/1653/1653
f 1703/1703/1703 1704/1704/1704 1652/1652/1652
f 1653/1653/1653 1705/1705/1705 1654/1654/1654
f 1704/1704/1704 1705/1705/1705 1653/1653/1653
f 1654/1654/1654 1706/1706/1706 1655/1655/1655
f 1705/1705/1705 1706/1706/1706 1654/1654/1654
f 1655/1655/1655 1707/1707/1707 1656/1656/1656
f 1706/1706/1706 1707/1707/1707 1655/1655/1655
f 1656/1656/1656 1708/1708/1708 1657/1657/1657
f 1707/1707/1707 1708/1708/1708 1656/1656/1656
f 1657/1657/1657 1709/1709/1709 1658/1658/1658
f 1708/1708/1708 1709/1709/1709 1657/1657/1657
f 1710/1710/1710 1659/1659/1659 1658/1658/1658
f 1709/1709/1709 1710/1710/1710 1658/1658/1658
f 1711/1711/1711 1660/1660/1660 1659/1659/1659
f 1710/1710/1710 1711/1711/1711 1659/1659/1659
f 1712/1712/1712 1661/1661/1661 1660/1660/1660
f 1712/1712/1712 1660/1660/1660 1711/1711/1711
f 1713/1713/1713 1662/1662/1662 1661/1661/1661
f 1713/1713/1713 1661/1661/1661 1712/1712/1712
f 1714/1714/1714 1663/1663/1663 1662/1662/1662
f 1714/1714/1714 1662/1662/1662 1713/1713/1713
f 1715/1715/1715 1664/1664/1664 1663/1663/1663
f 1715/1715/1715 1663/1663/1663 1714/1714/1714
f 1716/1716/1716 1665/1665/1665 1664/1664/1664
f 1716/1716/1716 1664/1664/1664 1715/1715/1715
f 1717/1717/1717 1666/1666/1666 1665/1665/1665
f 1717/1717/1717 1665/1665/1665 1716/1716/1716
f 1718/1718/1718 1667/1667/1667 1666/1666/1666
f 1718/1718/1718 1666/1666/1666 1717/1717/1717
f 1719/1719/1719 1669/1669/1669 1667/1667/1667
f 1719/1719/1719 1667/1667/1667 1718/1718/1718
f 1720/1720/1720 1684/1684/1684 1668/1668/1668
f 1720/1720/1720 1668/1668/1668 1669/1669/1669
f 1721/1721/1721 1720/1720/1720 1669/1669/1669
f 1721/1721/1721 1669/1669/1669 1719/1719/1719
f 1670/1670/1670 1671/1671/1671 1722/1722/1722
f 1696/1696/1696 1670/1670/1670 1722/1722/1722
f 1671/1671/1671 1672/1672/1672 1723/1723/1723
f 1722/1722/1722 1671/1671/1671 1723/1723/1723
f 1672/1672/1672 1673/1673/1673 1724/1724/1724
f 1723/1723/1723 1672/1672/1672 1724/1724/1724
f 1673/1673/1673 1674/1674/1674 1725/1725/1725
f 1724/1724/1724 1673/1673/1673 1725/1725/1725
f 1674/1674/1674 1675/1675/1675 1726/1726/1726
f 1725/1725/1725 1674/1674/1674 1726/1726/1726
f 1675/1675/1675 1676/1676/1676 1727/1727/1727
f 1726/1726/1726 1675/1675/1675 1727/1727/1727
f 1676/1676/1676 1677/1677/1677 1728/1728/1728
f 1727/1727/1727 1676/1676/1676 1728/1728/1728
f 1677/1677/1677 1678/1678/1678 1729/1729/1729
f 1728/1728/1728 1677/1677/1677 1729/1729/1729
f 1678/1678/1678 1679/1679/1679 1730/1730/1730
f 1729/1729/1729 1678/1678/1678 1730/1730/1730
f 1679/1679/1679 1681/1681/1681 1731/1731/1731
f 1730/1730/1730 1679/1679/1679 1731/1731/1731
f 1680/1680/1680 1732/1732/1732 1681/1681/1681
f 1681/1681/1681 1732/1732/1732 1733/1733/1733
f 1731/1731/1731 1681/1681/1681 1733/1733/1733
f 1732/1732/1732 1680/1680/1680 1682/1682/1682
f 1734/1734/1734 1682/1682/1682 1683/1683/1683
f 1732/1732/1732 1682/1682/1682 1734/1734/1734
f 1735/1735/1735 1683/1683/1683 1684/1684/1684
f 1734/1734/1734 1683/1683/1683 1735/1735/1735
f 1735/1735/1735 1684/1684/1684 1720/1720/1720
f 1695/1695/1695 1736/1736/1736 1685/1685/1685
f 1685/1685/1685 1737/1737/1737 1686/1686/1686
f 1685/1685/1685 1736/1736/1736 1737/1737/1737
f 1686/1686/1686 1738/1738/1738 1687/1687/1687
f 1686/1686/1686 1737/1737/1737 1738/1738/1738
f 1687/1687/1687 1739/1739/1739 1688/1688/1688
f 1687/1687/1687 1738/1738/1738 1739/1739/1739
f 1688/1688/1688 1740/1740/1740 1689/1689/1689
f 1688/1688/1688 1739/1739/1739 1740/1740/1740
f 1689/1689/1689 1741/1741/1741 1690/1690/1690
f 1689/1689/1689 1740/1740/1740 1741/1741/1741
f 1690/1690/1690 1742/1742/1742 1691/1691/1691
f 1690/1690/1690 1741/1741/1741 1742/1742/1742
f 1691/1691/1691 1743/1743/1743 1692/1692/1692
f 1691/1691/1691 1742/1742/1742 1743/1743/1743
f 1692/1692/1692 1744/1744/1744 1693/1693/1693
f 1692/1692/1692 1743/1743/1743 1744/1744/1744
f 1693/1693/1693 1745/1745/1745 1694/1694/1694
f 1693/1693/1693 1744/1744/1744 1745/1745/1745
f 1694/1694/1694 1746/1746/1746 1697/1697/1697
f 1694/1694/1694 1745/1745/1745 1746/1746/1746
f 1695/1695/1695 1747/1747/1747 1736/1736/1736
f 1695/1695/1695 1748/1748/1748 1747/1747/1747
f 1696/1696/1696 1748/1748/1748 1695/1695/1695
f 1696/1696/1696 1722/1722/1722 1748/1748/1748
f 1697/1697/1697 1749/1749/1749 1698/1698/1698
f 1697/1697/1697 1746/1746/1746 1749/1749/1749
f 1749/1749/1749 1750/1750/1750 1698/1698/1698
f 1698/1698/1698 1750/1750/1750 1699/1699/1699
f 1699/1699/1699 1751/1751/1751 1700/1700/1700
f 1750/1750/1750 1751/1751/1751 1699/1699/1699
f 1700/1700/1700 1752/1752/1752 1701/1701/1701
f 1751/1751/1751 1752/1752/1752 1700/1700/1700
f 1701/1701/1701 1753/1753/1753 1702/1702/1702
f 1752/1752/1752 1753/1753/1753 1701/1701/1701
f 1702/1702/1702 1754/1754/1754 1703/1703/1703
f 1753/1753/1753 1754/1754/1754 1702/1702/1702
f 1703/1703/1703 1755/1755/1755 1704/1704/1704
f 1754/1754/1754 1755/1755/1755 1703/1703/1703
f 1704/1704/1704 1756/1756/1756 1705/1705/1705
f 1755/1755/1755 1756/1756/1756 1704/1704/1704
f 1705/1705/1705 1757/1757/1757 1706/1706/1706
f 1756/1756/1756 1757/1757/1757 1705/1705/1705
f 1706/1706/1706 1758/1758/1758 1707/1707/1707
f 1757/1757/1757 1758/1758/1758 1706/1706/1706
f 1707/1707/1707 1759/1759/1759 1708/1708/1708
f 1758/1758/1758 1759/1759/1759 1707/1707/1707
f 1708/1708/1708 1760/1760/1760 1709/1709/1709
f 1759/1759/1759 1760/1760/1760 1708/1708/1708
f 1709/1709/1709 1761/1761/1761 1710/1710/1710
f 1760/1760/1760 1761/1761/1761 1709/1709/1709
f 1762/1762/1762 1711/1711/1711 1710/1710/1710
f 1761/1761/1761 1762/1762/1762 1710/1710/1710
f 1763/1763/1763 1712/1712/1712 1711/1711/1711
f 1763/1763/1763 1711/1711/1711 1762/1762/1762
f 1764/1764/1764 1713/1713/1713 1712/1712/1712
f 1764/1764/1764 1712/1712/1712 1763/1763/1763
f 1765/1765/1765 1714/1714/1714 1713/1713/1713
f 1765/1765/1765 1713/1713/1713 1764/1764/1764
f 1766/1766/1766 1715/1715/1715 1714/1714/1714
f 1766/1766/1766 1714/1714/1714 1765/1765/1765
f 1767/1767/1767 1716/1716/1716 1715/1715/1715
f 1767/1767/1767 1715/1715/1715 1766/1766/1766
f 1768/1768/1768 1717/1717/1717 1716/1716/1716
f 1768/1768/1768 1716/1716/1716 1767/1767/1767
f 1769/1769/1769 1718/1718/1718 1717/1717/1717
f 1769/1769/1769 1717/1717/1717 1768/1768/1768
f 1770/1770/1770 1719/1719/1719 1718/1718/1718
f 1770/1770/1770 1718/1718/1718 1769/1769/1769
f 1771/1771/1771 1721/1721/1721 1719/1719/1719
f 1771/1771/1771 1719/1719/1719 1770/1770/1770
f 1772/1772/1772 1735/1735/1735 1720/1720/1720
f 1772/1772/1772 1720/1720/1720 1721/1721/1721
f 1773/1773/1773 1772/1772/1772 1721/1721/1721
f 1773/1773/1773 1721/1721/1721 1771/1771/1771
f 1722/1722/1722 1723/1723/1723 1774/1774/1774
f 1722/1722/1722 1774/1774/1774 1748/1748/1748
f 1723/1723/1723 1724/1724/1724 1775/1775/1775
f 1774/1774/1774 1723/1723/1723 1775/1775/1775
f 1724/1724/1724 1725/1725/1725 1776/1776/1776
f 1775/1775/1775 1724/1724/1724 1776/1776/1776
f 1725/1725/1725 1726/1726/1726 1777/1777/1777
f 1776/1776/1776 1725/1725/1725 1777/1777/1777
f 1726/1726/1726 1727/1727/1727 1778/1778/1778
f 1777/1777/1777 1726/1726/1726 1778/1778/1778
f 1727/1727/1727 1728/1728/1728 1779/1779/1779
f 1778/1778/1778 1727/1727/1727 1779/1779/1779
f 1728/1728/1728 1729/1729/1729 1780/1780/1780
f 1779/1779/1779 1728/1728/1728 1780/1780/1780
f 1729/1729/1729 1730/1730/1730 1781/1781/1781
f 1780/1780/1780 1729/1729/1729 1781/1781/1781
f 1730/1730/1730 1731/1731/1731 1782/1782/1782
f 1781/1781/1781 1730/1730/1730 1782/1782/1782
f 1731/1731/1731 1733/1733/1733 1783/1783/1783
f 1782/1782/1782 1731/1731/1731 1783/1783/1783
f 1732/1732/1732 1784/1784/1784 1733/1733/1733
f 1733/1733/1733 1784/1784/1784 1785/1785/1785
f 1783/1783/1783 1733/1733/1733 1785/1785/1785
f 1784/1784/1784 1732/1732/1732 1734/1734/1734
f 1786/1786/1786 1734/1734/1734 1735/1735/1735
f 1784/1784/1784 1734/1734/1734 1786/1786/1786
f 1786/1786/1786 1735/1735/1735 1772/1772/1772
f 1747/1747/1747 1787/1787/1787 1736/1736/1736
f 1736/1736/1736 1788/1788/1788 1737/1737/1737
f 1736/1736/1736 1787/1787/1787 1788/1788/1788
f 1737/1737/1737 1789/1789/1789 1738/1738/1738
f 1737/1737/1737 1788/1788/1788 1789/1789/1789
f 1738/1738/1738 1790/1790/1790 1739/1739/1739
f 1738/1738/1738 1789/1789/1789 1790/1790/1790
f 1739/1739/1739 1791/1791/1791 1740/1740/1740
f 1739/1739/1739 1790/1790/1790 1791/1791/1791
f 1740/1740/1740 1792/1792/1792 1741/1741/1741
f 1740/1740/1740 1791/1791/1791 1792/1792/1792
f 1741/1741/1741 1793/1793/1793 1742/1742/1742
f 1741/1741/1741 1792/1792/1792 1793/1793/1793
f 1742/1742/1742 1794/1794/1794 1743/1743/1743
f 1742/1742/1742 1793/1793/1793 1794/1794/1794
f 1743/1743/1743 1795/1795/1795 1744/1744/1744
f 1743/1743/1743 1794/1794/1794 1795/1795/1795
f 1744/1744/1744 1796/1796/1796 1745/1745/1745
f 1744/1744/1744 1795/1795/1795 1796/1796/1796
f 1745/1745/1745 1797/1797/1797 1746/1746/1746
f 1745/1745/1745 1796/1796/1796 1797/1797/1797
f 1746/1746/1746 1798/1798/1798 1749/1749/1749
f 1746/1746/1746 1797/1797/1797 1798/1798/1798
f 1747/1747/1747 1799/1799/1799 1787/1787/1787
f 1747/1747/1747 1800/1800/1800 1799/1799/1799
f 1748/1748/1748 1800/1800/1800 1747/1747/1747
f 1748/1748/1748 1774/1774/1774 1800/1800/1800
f 1798/1798/1798 1801/1801/1801 1749/1749/1749
f 1749/1749/1749 1801/1801/1801 1750/1750/1750
f 1750/1750/1750 1802/1802/1802 1751/1751/1751
f 1801/1801/1801 1802/1802/1802 1750/1750/1750
f 1751/1751/1751 1803/1803/1803 1752/1752/1752
f 1802/1802/1802 1803/1803/1803 1751/1751/1751
f 1752/1752/1752 1804/1804/1804 1753/1753/1753
f 1803/1803/1803 1804/1804/1804 1752/1752/1752
f 1753/1753/1753 1805/1805/1805 1754/1754/1754
f 1804/1804/1804 1805/1805/1805 1753/1753/1753
f 1754/1754/1754 1806/1806/1806 1755/1755/1755
f 1805/1805/1805 1806/1806/1806 1754/1754/1754
f 1755/1755/1755 1807/1807/1807 1756/1756/1756
f 1806/1806/1806 1807/1807/1807 1755/1755/1755
f 1756/1756/1756 1808/1808/1808 1757/1757/1757
f 1807/1807/1807 1808/1808/1808 1756/1756/1756
f 1757/1757/1757 1809/1809/1809 1758/1758/1758
f 1808/1808/1808 1809/1809/1809 1757/1757/1757
f 1758/1758/1758 1810/1810/1810 1759/1759/1759
f 1809/1809/1809 1810/1810/1810 1758/1758/1758
f 1759/1759/1759 1811/1811/1811 1760/1760/1760
f 1810/1810/1810 1811/1811/1811 1759/1759/1759
f 1760/1760/1760 1812/1812/1812 1761/1761/1761
f 1811/1811/1811 1812/1812/1812 1760/1760/1760
f 1761/1761/1761 1813/1813/1813 1762/1762/1762
f 1812/1812/1812 1813/1813/1813 1761/1761/1761
f 1814/1814/1814 1763/1763/1763 1762/1762/1762
f 1814/1814/1814 1762/1762/1762 1813/1813/1813
f 1815/1815/1815 1764/1764/1764 1763/1763/1763
f 1815/1815/1815 1763/1763/1763 1814/1814/1814
f 1816/1816/1816 1765/1765/1765 1764/1764/1764
f 1816/1816/1816 1764/1764/1764 1815/1815/1815
f 1817/1817/1817 1766/1766/1766 1765/1765/1765
f 1817/1817/1817 1765/1765/1765 1816/1816/1816
f 1818/1818/1818 1767/1767/1767 1766/1766/1766
f 1818/1818/1818 1766/1766/1766 1817/1817/1817
f 1819/1819/1819 1768/1768/1768 1767/1767/1767
f 1819/1819/1819 1767/1767/1767 1818/1818/1818
f 1820/1820/1820 1769/1769/1769 1768/1768/1768
f 1820/1820/1820 1768/1768/1768 1819/1819/1819
f 1821/1821/1821 1770/1770/1770 1769/1769/1769
f 1821/1821/1821 1769/1769/1769 1820/1820/1820
f 1822/1822/1822 1771/1771/1771 1770/1770/1770
f 1822/1822/1822 1770/1770/1770 1821/1821/1821
f 1823/1823/1823 1773/1773/1773 1771/1771/1771
f 1823/1823/1823 1771/1771/1771 1822/1822/1822
f 1824/1824/1824 1786/1786/1786 1772/1772/1772
f 1824/1824/1824 1772/1772/1772 1773/1773/1773
f 1825/1825/1825 1824/1824/1824 1773/1773/1773
f 1825/1825/1825 1773/1773/1773 1823/1823/1823
f 1774/1774/1774 1775/1775/1775 1826/1826/1826
f 1800/1800/1800 1774/1774/1774 1826/1826/1826
f 1775/1775/1775 1776/1776/1776 1827/1827/1827
f 1826/1826/1826 1775/1775/1775 1827/1827/1827
f 1776/1776/1776 1777/1777/1777 1828/1828/1828
f 1827/1827/1827 1776/1776/1776 1828/1828/1828
f 1777/1777/1777 1778/1778/1778 1829/1829/1829
f 1828/1828/1828 1777/1777/1777 1829/1829/1829
f 1778/1778/1778 1779/1779/1779 1830/1830/1830
f 1829/1829/1829 1778/1778/1778 1830/1830/1830
f 1779/1779/1779 1780/1780/1780 1831/1831/1831
f 1830/1830/1830 1779/1779/1779 1831/1831/1831
f 1780/1780/1780 1781/1781/1781 1832/1832/1832
f 1831/1831/1831 1780/1780/1780 1832/1832/1832
f 1781/1781/1781 1782/1782/1782 1833/1833/1833
f 1832/1832/1832 1781/1781/1781 1833/1833/1833
f 1782/1782/1782 1783/1783/1783 1834/1834/1834
f 1833/1833/1833 1782/1782/1782 1834/1834/1834
f 1783/1783/1783 1785/1785/1785 1835/1835/1835
f 1834/1834/1834 1783/1783/1783 1835/1835/1835
f 1784/1784/1784 1836/1836/1836 1785/1785/1785
f 1785/1785/1785 1836/1836/1836 1837/1837/1837
f 1835/1835/1835 1785/1785/1785 1837/1837/1837
f 1836/1836/1836 1784/1784/1784 1786/1786/1786
f 1836/1836/1836 1786/1786/1786 1824/1824/1824
f 1799/1799/1799 1838/1838/1838 1787/1787/1787
f 1787/1787/1787 1839/1839/1839 1788/1788/1788
f 1787/1787/1787 1838/1838/1838 1839/1839/1839
f 1788/1788/1788 1840/1840/1840 1789/1789/1789
f 1788/1788/1788 1839/1839/1839 1840/1840/1840
f 1789/1789/1789 1841/1841/1841 1790/1790/1790
f 1789/1789/1789 1840/1840/1840 1841/1841/1841
f 1790/1790/1790 1842/1842/1842 1791/1791/1791
f 1790/1790/1790 1841/1841/1841 1842/1842/1842
f 1791/1791/1791 1843/1843/1843 1792/1792/1792
f 1791/1791/1791 1842/1842/1842 1843/1843/1843
f 1792/1792/1792 1844/1844/1844 1793/1793/1793
f 1792/1792/1792 1843/1843/1843 1844/1844/1844
f 1793/1793/1793 1845/1845/1845 1794/1794/1794
f 1793/1793/1793 1844/1844/1844 1845/1845/1845
f 1794/1794/1794 1846/1846/1846 1795/1795/1795
f 1794/1794/1794 1845/1845/1845 1846/1846/1846
f 1795/1795/1795 1847/1847/1847 1796/1796/1796
f 1795/1795/1795 1846/1846/1846 1847/1847/1847
f 1796/1796/1796 1848/1848/1848 1797/1797/1797
f 1796/1796/1796 1847/1847/1847 1848/1848/1848
f 1797/1797/1797 1849/1849/1849 1798/1798/1798
f 1797/1797/1797 1848/1848/1848 1849/1849/1849
f 1849/1849/1849 1850/1850/1850 1798/1798/1798
f 1798/1798/1798 1850/1850/1850 1801/1801/1801
f 1799/1799/1799 1851/1851/1851 1838/1838/1838
f 1799/1799/1799 1852/1852/1852 1851/1851/1851
f 1799/1799/1799 1800/1800/1800 1852/1852/1852
f 1800/1800/1800 1826/1826/1826 1852/1852/1852
f 1801/1801/1801 1853/1853/1853 1802/1802/1802
f 1850/1850/1850 1853/1853/1853 1801/1801/1801
f 1802/1802/1802 1854/1854/1854 1803/1803/1803
f 1853/1853/1853 1854/1854/1854 1802/1802/1802
f 1803/1803/1803 1855/1855/1855 1804/1804/1804
f 1854/1854/1854 1855/1855/1855 1803/1803/1803
f 1804/1804/1804 1856/1856/1856 1805/1805/1805
f 1855/1855/1855 1856/1856/1856 1804/1804/1804
f 1805/1805/1805 1857/1857/1857 1806/1806/1806
f 1856/1856/1856 1857/1857/1857 1805/1805/1805
f 1806/1806/1806 1858/1858/1858 1807/1807/1807
f 1857/1857/1857 1858/1858/1858 1806/1806/1806
f 1807/1807/1807 1859/1859/1859 1808/1808/1808
f 1858/1858/1858 1859/1859/1859 1807/1807/1807
f 1808/1808/1808 1860/1860/1860 1809/1809/1809
f 1859/1859/1859 1860/1860/1860 1808/1808/1808
f 1809/1809/1809 1861/1861/1861 1810/1810/1810
f 1860/1860/1860 1861/1861/1861 1809/1809/1809
f 1810/1810/1810 1862/1862/1862 1811/1811/1811
f 1861/1861/1861 1862/1862/1862 1810/1810/1810
f 1811/1811/1811 1863/1863/1863 1812/1812/1812
f 1862/1862/1862 1863/1863/1863 1811/1811/1811
f 1864/1864/1864 1813/1813/1813 1812/1812/1812
f 1863/1863/1863 1864/1864/1864 1812/1812/1812
f 1865/1865/1865 1814/1814/1814 1813/1813/1813
f 1865/1865/1865 1813/1813/1813 1864/1864/1864
f 1866/1866/1866 1815/1815/1815 1814/1814/1814
f 1866/1866/1866 1814/1814/1814 1865/1865/1865
f 1867/1867/1867 1816/1816/1816 1815/1815/1815
f 1867/1867/1867 1815/1815/1815 1866/1866/1866
f 1868/1868/1868 1817/1817/1817 1816/1816/1816
f 1868/1868/1868 1816/1816/1816 1867/1867/1867
f 1869/1869/1869 1818/1818/1818 1817/1817/1817
f 1869/1869/1869 1817/1817/1817 1868/1868/1868
f 1870/1870/1870 1819/1819/1819 1818/1818/1818
f 1870/1870/1870 1818/1818/1818 1869/1869/1869
f 1871/1871/1871 1820/1820/1820 1819/1819/1819
f 1871/1871/1871 1819/1819/1819 1870/1870/1870
f 1872/1872/1872 1821/1821/1821 1820/1820/1820
f 1872/1872/1872 1820/1820/1820 1871/1871/1871
f 1873/1873/1873 1822/1822/1822 1821/1821/1821
f 1873/1873/1873 1821/1821/1821 1872/1872/1872
f 1874/1874/1874 1823/1823/1823 1822/1822/1822
f 1874/1874/1874 1822/1822/1822 1873/1873/1873
f 1875/1875/1875 1825/1825/1825 1823/1823/1823
f 1875/1875/1875 1823/1823/1823 1874/1874/1874
f 1876/1876/1876 1836/1836/1836 1824/1824/1824
f 1876/1876/1876 1824/1824/1824 1825/1825/1825
f 1877/1877/1877 1876/1876/1876 1825/1825/1825
f 1877/1877/1877 1825/1825/1825 1875/1875/1875
f 1826/1826/1826 1827/1827/1827 1878/1878/1878
f 1852/1852/1852 1826/1826/1826 1878/1878/1878
f 1827/1827/1827 1828/1828/1828 1879/1879/1879
f 1878/1878/1878 1827/1827/1827 1879/1879/1879
f 1828/1828/1828 1829/1829/1829 1880/1880/1880
f 1879/1879/1879 1828/1828/1828 1880/1880/1880
f 1829/1829/1829 1830/1830/1830 1881/1881/1881
f 1880/1880/1880 1829/1829/1829 1881/1881/1881
f 1830/1830/1830 1831/1831/1831 1882/1882/1882
f 1881/1881/1881 1830/1830/1830 1882/1882/1882
f 1831/1831/1831 1832/1832/1832 1883/1883/1883
f 1882/1882/1882 1831/1831/1831 1883/1883/1883
f 1832/1832/1832 1833/1833/1833 1884/1884/1884
f 1883/1883/1883 1832/1832/1832 1884/1884/1884
f 1833/1833/1833 1834/1834/1834 1885/1885/1885
f 1884/1884/1884 1833/1833/1833 1885/1885/1885
f 1834/1834/1834 1835/1835/1835 1886/1886/1886
f 1885/1885/1885 1834/1834/1834 1886/1886/1886
f 1835/1835/1835 1837/1837/1837 1887/1887/1887
f 1886/1886/1886 1835/1835/1835 1887/1887/1887
f 1836/1836/1836 1876/1876/1876 1837/1837/1837
f 1837/1837/1837 1876/1876/1876 1888/1888/1888
f 1887/1887/1887 1837/1837/1837 1888/1888/1888
f 1851/1851/1851 1889/1889/1889 1838/1838/1838
f 1838/1838/1838 1890/1890/1890 1839/1839/1839
f 1838/1838/1838 1889/1889/1889 1890/1890/1890
f 1839/1839/1839 1891/1891/1891 1840/1840/1840
f 1839/1839/1839 1890/1890/1890 1891/1891/1891
f 1840/1840/1840 1892/1892/1892 1841/1841/1841
f 1840/1840/1840 1891/1891/1891 1892/1892/1892
f 1841/1841/1841 1893/1893/1893 1842/1842/1842
f 1841/1841/1841 1892/1892/1892 1893/1893/1893
f 1842/1842/1842 1894/1894/1894 1843/1843/1843
f 1842/1842/1842 1893/1893/1893 1894/1894/1894
f 1843/1843/1843 1895/1895/1895 1844/1844/1844
f 1843/1843/1843 1894/1894/1894 1895/1895/1895
f 1844/1844/1844 1896/1896/1896 1845/1845/1845
f 1844/1844/1844 1895/1895/1895 1896/1896/1896
f 1845/1845/1845 1897/1897/1897 1846/1846/1846
f 1845/1845/1845 1896/1896/1896 1897/1897/1897
f 1846/1846/1846 1898/1898/1898 1847/1847/1847
f 1846/1846/1846 1897/1897/1897 1898/1898/1898
f 1847/1847/1847 1899/1899/1899 1848/1848/1848
f 1847/1847/1847 1898/1898/1898 1899/1899/1899
f 1848/1848/1848 1900/1900/1900 1849/1849/1849
f 1848/1848/1848 1899/1899/1899 1900/1900/1900
f 1900/1900/1900 1901/1901/1901 1849/1849/1849
f 1849/1849/1849 1901/1901/1901 1850/1850/1850
f 1850/1850/1850 1902/1902/1902 1853/1853/1853
f 1901/1901/1901 1902/1902/1902 1850/1850/1850
f 1851/1851/1851 1903/1903/1903 1889/1889/1889
f 1851/1851/1851 1904/1904/1904 1903/1903/1903
f 1852/1852/1852 1904/1904/1904 1851/1851/1851
f 1852/1852/1852 1878/1878/1878 1904/1904/1904
f 1853/1853/1853 1905/1905/1905 1854/1854/1854
f 1902/1902/1902 1905/1905/1905 1853/1853/1853
f 1854/1854/1854 1906/1906/1906 1855/1855/1855
f 1905/1905/1905 1906/1906/1906 1854/1854/1854
f 1855/1855/1855 1907/1907/1907 1856/1856/1856
f 1906/1906/1906 1907/1907/1907 1855/1855/1855
f 1856/1856/1856 1908/1908/1908 1857/1857/1857
f 1907/1907/1907 1908/1908/1908 1856/1856/1856
f 1857/1857/1857 1909/1909/1909 1858/1858/1858
f 1908/1908/1908 1909/1909/1909 1857/1857/1857
f 1858/1858/1858 1910/1910/1910 1859/1859/1859
f 1909/1909/1909 1910/1910/1910 1858/1858/1858
f 1859/1859/1859 1911/1911/1911 1860/1860/1860
f 1910/1910/1910 1911/1911/1911 1859/1859/1859
f 1860/1860/1860 1912/1912/1912 1861/1861/1861
f 1911/1911/1911 1912/1912/1912 1860/1860/1860
f 1861/1861/1861 1913/1913/1913 1862/1862/1862
f 1912/1912/1912 1913/1913/1913 1861/1861/1861
f 1862/1862/1862 1914/1914/1914 1863/1863/1863
f 1913/1913/1913 1914/1914/1914 1862/1862/1862
f 1915/1915/1915 1864/1864/1864 1863/1863/1863
f 1914/1914/1914 1915/1915/1915 1863/1863/1863
f 1916/1916/1916 1865/1865/1865 1864/1864/1864
f 1916/1916/1916 1864/1864/1864 1915/1915/1915
f 1917/1917/1917 1866/1866/1866 1865/1865/1865
f 1917/1917/1917 1865/1865/1865 1916/1916/1916
f 1918/1918/1918 1867/1867/1867 1866/1866/1866
f 1918/1918/1918 1866/1866/1866 1917/1917/1917
f 1919/1919/1919 1868/1868/1868 1867/1867/1867
f 1919/1919/1919 1867/1867/1867 1918/1918/1918
f 1920/1920/1920 1869/1869/1869 1868/1868/1868
f 1920/1920/1920 1868/1868/1868 1919/1919/1919
f 1921/1921/1921 1870/1870/1870 1869/1869/1869
f 1921/1921/1921 1869/1869/1869 1920/1920/1920
f 1922/1922/1922 1871/1871/1871 1870/1870/1870
f 1922/1922/1922 1870/1870/1870 1921/1921/1921
f 1923/1923/1923 1872/1872/1872 1871/1871/1871
f 1923/1923/1923 1871/1871/1871 1922/1922/1922
f 1924/1924/1924 1873/1873/1873 1872/1872/1872
f 1924/1924/1924 1872/1872/1872 1923/1923/1923
f 1925/1925/1925 1874/1874/1874 1873/1873/1873
f 1925/1925/1925 1873/1873/1873 1924/1924/1924
f 1926/1926/1926 1875/1875/1875 1874/1874/1874
f 1926/1926/1926 1874/1874/1874 1925/1925/1925
f 1927/1927/1927 1877/1877/1877 1875/1875/1875
f 1927/1927/1927 1875/1875/1875 1926/1926/1926
f 1876/1876/1876 1877/1877/1877 1888/1888/1888
f 1888/1888/1888 1877/1877/1877 1928/1928/1928
f 1877/1877/1877 1927/1927/1927 1928/1928/1928
f 1928/1928/1928 1927/1927/1927 1929/1929/1929
f 1878/1878/1878 1879/1879/1879 1930/1930/1930
f 1904/1904/1904 1878/1878/1878 1930/1930/1930
f 1879/1879/1879 1880/1880/1880 1931/1931/1931
f 1930/1930/1930 1879/1879/1879 1931/1931/1931
f 1880/1880/1880 1881/1881/1881 1932/1932/1932
f 1931/1931/1931 1880/1880/1880 1932/1932/1932
f 1881/1881/1881 1882/1882/1882 1933/1933/1933
f 1932/1932/1932 1881/1881/1881 1933/1933/1933
f 1882/1882/1882 1883/1883/1883 1934/1934/1934
f 1933/1933/1933 1882/1882/1882 1934/1934/1934
f 1883/1883/1883 1884/1884/1884 1935/1935/1935
f 1934/1934/1934 1883/1883/1883 1935/1935/1935
f 1884/1884/1884 1885/1885/1885 1936/1936/1936
f 1935/1935/1935 1884/1884/1884 1936/1936/1936
f 1885/1885/1885 1886/1886/1886 1937/1937/1937
f 1936/1936/1936 1885/1885/1885 1937/1937/1937
f 1886/1886/1886 1887/1887/1887 1938/1938/1938
f 1937/1937/1937 1886/1886/1886 1938/1938/1938
f 1887/1887/1887 1888/1888/1888 1939/1939/1939
f 1938/1938/1938 1887/1887/1887 1939/1939/1939
f 1939/1939/1939 1888/1888/1888 1928/1928/1928
f 1903/1903/1903 1940/1940/1940 1889/1889/1889
f 1889/1889/1889 1941/1941/1941 1890/1890/1890
f 1889/1889/1889 1940/1940/1940 1941/1941/1941
f 1890/1890/1890 1942/1942/1942 1891/1891/1891
f 1890/1890/1890 1941/1941/1941 1942/1942/1942
f 1891/1891/1891 1943/1943/1943 1892/1892/1892
f 1891/1891/1891 1942/1942/1942 1943/1943/1943
f 1892/1892/1892 1944/1944/1944 1893/1893/1893
f 1892/1892/1892 1943/1943/1943 1944/1944/1944
f 1893/1893/1893 1945/1945/1945 1894/1894/1894
f 1893/1893/1893 1944/1944/1944 1945/1945/1945
f 1894/1894/1894 1946/1946/1946 1895/1895/1895
f 1894/1894/1894 1945/1945/1945 1946/1946/1946
f 1895/1895/1895 1947/1947/1947 1896/1896/1896
f 1895/1895/1895 1946/1946/1946 1947/1947/1947
f 1896/1896/1896 1948/1948/1948 1897/1897/1897
f 1896/1896/1896 1947/1947/1947 1948/1948/1948
f 1897/1897/1897 1949/1949/1949 1898/1898/1898
f 1897/1897/1897 1948/1948/1948 1949/1949/1949
f 1898/1898/1898 1950/1950/1950 1899/1899/1899
f 1898/1898/1898 1949/1949/1949 1950/1950/1950
f 1899/1899/1899 1951/1951/1951 1900/1900/1900
f 1899/1899/1899 1950/1950/1950 1951/1951/1951
f 1951/1951/1951 1952/1952/1952 1900/1900/1900
f 1900/1900/1900 1952/1952/1952 1901/1901/1901
f 1901/1901/1901 1953/1953/1953 1902/1902/1902
f 1952/1952/1952 1953/1953/1953 1901/1901/1901
f 1902/1902/1902 1954/1954/1954 1905/1905/1905
f 1953/1953/1953 1954/1954/1954 1902/1902/1902
f 1903/1903/1903 1955/1955/1955 1940/1940/1940
f 1903/1903/1903 1956/1956/1956 1955/1955/1955
f 1904/1904/1904 1956/1956/1956 1903/1903/1903
f 1904/1904/1904 1930/1930/1930 1956/1956/1956
f 1905/1905/1905 1957/1957/1957 1906/1906/1906
f 1954/1954/1954 1957/1957/1957 1905/1905/1905
f 1906/1906/1906 1958/1958/1958 1907/1907/1907
f 1957/1957/1957 1958/1958/1958 1906/1906/1906
f 1907/1907/1907 1959/1959/1959 1908/1908/1908
f 1958/1958/1958 1959/1959/1959 1907/1907/1907
f 1908/1908/1908 1960/1960/1960 1909/1909/1909
f 1959/1959/1959 1960/1960/1960 1908/1908/1908
f 1909/1909/1909 1961/1961/1961 1910/1910/1910
f 1960/1960/1960 1961/1961/1961 1909/1909/1909
f 1910/1910/1910 1962/1962/1962 1911/1911/1911
f 1961/1961/1961 1962/1962/1962 1910/1910/1910
f 1911/1911/1911 1963/1963/1963 1912/1912/1912
f 1962/1962/1962 1963/1963/1963 1911/1911/1911
f 1912/1912/1912 1964/1964/1964 1913/1913/1913
f 1963/1963/1963 1964/1964/1964 1912/1912/1912
f 1913/1913/1913 1965/1965/1965 1914/1914/1914
f 1964/1964/1964 1965/1965/1965 1913/1913/1913
f 1966/1966/1966 1915/1915/1915 1914/1914/1914
f 1965/1965/1965 1966/1966/1966 1914/1914/1914
f 1967/1967/1967 1916/1916/1916 1915/1915/1915
f 1967/1967/1967 1915/1915/1915 1966/1966/1966
f 1968/1968/1968 1917/1917/1917 1916/1916/1916
f 1968/1968/1968 1916/1916/1916 1967/1967/1967
f 1969/1969/1969 1918/1918/1918 1917/1917/1917
f 1969/1969/1969 1917/1917/1917 1968/1968/1968
f 1970/1970/1970 1919/1919/1919 1918/1918/1918
f 1970/1970/1970 1918/1918/1918 1969/1969/1969
f 1971/1971/1971 1920/1920/1920 1919/1919/1919
f 1971/1971/1971 1919/1919/1919 1970/1970/1970
f 1972/1972/1972 1921/1921/1921 1920/1920/1920
f 1972/1972/1972 1920/1920/1920 1971/1971/1971
f 1973/1973/1973 1922/1922/1922 1921/1921/1921
f 1973/1973/1973 1921/1921/1921 1972/1972/1972
f 1974/1974/1974 1923/1923/1923 1922/1922/1922
f 1974/1974/1974 1922/1922/1922 1973/1973/1973
f 1975/1975/1975 1924/1924/1924 1923/1923/1923
f 1975/1975/1975 1923/1923/1923 1974/1974/1974
f 1976/1976/1976 1925/1925/1925 1924/1924/1924
f 1976/1976/1976 1924/1924/1924 1975/1975/1975
f 1977/1977/1977 1926/1926/1926 1925/1925/1925
f 1977/1977/1977 1925/1925/1925 1976/1976/1976
f 1978/1978/1978 1927/1927/1927 1926/1926/1926
f 1978/1978/1978 1926/1926/1926 1977/1977/1977
f 1927/1927/1927 1978/1978/1978 1929/1929/1929
f 1929/1929/1929 1978/1978/1978 1979/1979/1979
f 1939/1939/1939 1928/1928/1928 1980/1980/1980
f 1980/1980/1980 1928/1928/1928 1929/1929/1929
f 1980/1980/1980 1929/1929/1929 1981/1981/1981
f 1981/1981/1981 1929/1929/1929 1979/1979/1979
f 1930/1930/1930 1931/1931/1931 1982/1982/1982
f 1956/1956/1956 1930/1930/1930 1982/1982/1982
f 1931/1931/1931 1932/1932/1932 1983/1983/1983
f 1982/1982/1982 1931/1931/1931 1983/1983/1983
f 1932/1932/1932 1933/1933/1933 1984/1984/1984
f 1983/1983/1983 1932/1932/1932 1984/1984/1984
f 1933/1933/1933 1934/1934/1934 1985/1985/1985
f 1984/1984/1984 1933/1933/1933 1985/1985/1985
f 1934/1934/1934 1935/1935/1935 1986/1986/1986
f 1985/1985/1985 1934/1934/1934 1986/1986/1986
f 1935/1935/1935 1936/1936/1936 1987/1987/1987
f 1986/1986/1986 1935/1935/1935 1987/1987/1987
f 1936/1936/1936 1937/1937/1937 1988/1988/1988
f 1987/1987/1987 1936/1936/1936 1988/1988/1988
f 1937/1937/1937 1938/1938/1938 1989/1989/1989
f 1988/1988/1988 1937/1937/1937 1989/1989/1989
f 1938/1938/1938 1939/1939/1939 1990/1990/1990
f 1989/1989/1989 1938/1938/1938 1990/1990/1990
f 1990/1990/1990 1939/1939/1939 1980/1980/1980
f 1955/1955/1955 1991/1991/1991 1940/1940/1940
f 1940/1940/1940 1992/1992/1992 1941/1941/1941
f 1940/1940/1940 1991/1991/1991 1992/1992/1992
f 1941/1941/1941 1993/1993/1993 1942/1942/1942
f 1941/1941/1941 1992/1992/1992 1993/1993/1993
f 1942/1942/1942 1994/1994/1994 1943/1943/1943
f 1942/1942/1942 1993/1993/1993 1994/1994/1994
f 1943/1943/1943 1995/1995/1995 1944/1944/1944
f 1943/1943/1943 1994/1994/1994 1995/1995/1995
f 1944/1944/1944 1996/1996/1996 1945/1945/1945
f 1944/1944/1944 1995/1995/1995 1996/1996/1996
f 1945/1945/1945 1997/1997/1997 1946/1946/1946
f 1945/1945/1945 1996/1996/1996 1997/1997/1997
f 1946/1946/1946 1998/1998/1998 1947/1947/1947
f 1946/1946/1946 1997/1997/1997 1998/1998/1998
f 1947/1947/1947 1999/1999/1999 1948/1948/1948
f 1947/1947/1947 1998/1998/1998 1999/1999/1999
f 1948/1948/1948 2000/2000/2000 1949/1949/1949
f 1948/1948/1948 1999/1999/1999 2000/2000/2000
f 1949/1949/1949 2001/2001/2001 1950/1950/1950
f 1949/1949/1949 2000/2000/2000 2001/2001/2001
f 1950/1950/1950 2002/2002/2002 1951/1951/1951
f 1950/1950/1950 2001/2001/2001 2002/2002/2002
f 2002/2002/2002 2003/2003/2003 1951/1951/1951
f 1951/1951/1951 2003/2003/2003 1952/1952/1952
f 1952/1952/1952 2004/2004/2004 1953/1953/1953
f 2003/2003/2003 2004/2004/2004 1952/1952/1952
f 1953/1953/1953 2005/2005/2005 1954/1954/1954
f 2004/2004/2004 2005/2005/2005 1953/1953/1953
f 1954/1954/1954 2006/2006/2006 1957/1957/1957
f 2005/2005/2005 2006/2006/2006 1954/1954/1954
f 1955/1955/1955 2007/2007/2007 1991/1991/1991
f 1955/1955/1955 2008/2008/2008 2007/2007/2007
f 1956/1956/1956 2008/2008/2008 1955/1955/1955
f 1956/1956/1956 1982/1982/1982 2008/2008/2008
f 1957/1957/1957 2009/2009/2009 1958/1958/1958
f 2006/2006/2006 2009/2009/2009 1957/1957/1957
f 1958/1958/1958 2010/2010/2010 1959/1959/1959
f 2009/2009/2009 2010/2010/2010 1958/1958/1958
f 1959/1959/1959 2011/2011/2011 1960/1960/1960
f 2010/2010/2010 2011/2011/2011 1959/1959/1959
f 1960/1960/1960 2012/2012/2012 1961/1961/1961
f 2011/2011/2011 2012/2012/2012 1960/1960/1960
f 1961/1961/1961 2013/2013/2013 1962/1962/1962
f 2012/2012/2012 2013/2013/2013 1961/1961/1961
f 1962/1962/1962 2014/2014/2014 1963/1963/1963
f 2013/2013/2013 2014/2014/2014 1962/1962/1962
f 1963/1963/1963 2015/2015/2015 1964/1964/1964
f 2014/2014/2014 2015/2015/2015 1963/1963/1963
f 1964/1964/1964 2016/2016/2016 1965/1965/1965
f 2015/2015/2015 2016/2016/2016 1964/1964/1964
f 2017/2017/2017 1966/1966/1966 1965/1965/1965
f 2016/2016/2016 2017/2017/2017 1965/1965/1965
f 2018/2018/2018 1967/1967/1967 1966/1966/1966
f 2018/2018/2018 1966/1966/1966 2017/2017/2017
f 2019/2019/2019 1968/1968/1968 1967/1967/1967
f 2019/2019/2019 1967/1967/1967 2018/2018/2018
f 2020/2020/2020 1969/1969/1969 1968/1968/1968
f 2020/2020/2020 1968/1968/1968 2019/2019/2019
f 2021/2021/2021 1970/1970/1970 1969/1969/1969
f 2021/2021/2021 1969/1969/1969 2020/2020/2020
f 2022/2022/2022 1971/1971/1971 1970/1970/1970
f 2022/2022/2022 1970/1970/1970 2021/2021/2021
f 2023/2023/2023 1972/1972/1972 1971/1971/1971
f 2023/2023/2023 1971/1971/1971 2022/2022/2022
f 2024/2024/2024 1973/1973/1973 1972/1972/1972
f 2024/2024/2024 1972/1972/1972 2023/2023/2023
f 2025/2025/2025 1974/1974/1974 1973/1973/1973
f 2025/2025/2025 1973/1973/1973 2024/2024/2024
f 2026/2026/2026 1975/1975/1975 1974/1974/1974
f 2026/2026/2026 1974/1974/1974 2025/2025/2025
f 2027/2027/2027 1976/1976/1976 1975/1975/1975
f 2027/2027/2027 1975/1975/1975 2026/2026/2026
f 2028/2028/2028 1977/1977/1977 1976/1976/1976
f 2028/2028/2028 1976/1976/1976 2027/2027/2027
f 2029/2029/2029 1978/1978/1978 1977/1977/1977
f 2029/2029/2029 1977/1977/1977 2028/2028/2028
f 1978/1978/1978 2029/2029/2029 1979/1979/1979
f 1979/1979/1979 2029/2029/2029 2030/2030/2030
f 1981/1981/1981 1979/1979/1979 2031/2031/2031
f 2031/2031/2031 1979/1979/1979 2030/2030/2030
f 1990/1990/1990 1980/1980/1980 2032/2032/2032
f 2032/2032/2032 1980/1980/1980 1981/1981/1981
f 2032/2032/2032 1981/1981/1981 2033/2033/2033
f 2033/2033/2033 1981/1981/1981 2031/2031/2031
f 1982/1982/1982 1983/1983/1983 2034/2034/2034
f 2008/2008/2008 1982/1982/1982 2034/2034/2034
f 1983/1983/1983 1984/1984/1984 2035/2035/2035
f 2034/2034/2034 1983/1983/1983 2035/2035/2035
f 1984/1984/1984 1985/1985/1985 2036/2036/2036
f 2035/2035/2035 1984/1984/1984 2036/2036/2036
f 1985/1985/1985 1986/1986/1986 2037/2037/2037
f 2036/2036/2036 1985/1985/1985 2037/2037/2037
f 1986/1986/1986 1987/1987/1987 2038/2038/2038
f 2037/2037/2037 1986/1986/1986 2038/2038/2038
f 1987/1987/1987 1988/1988/1988 2039/2039/2039
f 2038/2038/2038 1987/1987/1987 2039/2039/2039
f 1988/1988/1988 1989/1989/1989 2040/2040/2040
f 2039/2039/2039 1988/1988/1988 2040/2040/2040
f 1989/1989/1989 1990/1990/1990 2041/2041/2041
f 2040/2040/2040 1989/1989/1989 2041/2041/2041
f 2041/2041/2041 1990/1990/1990 2032/2032/2032
f 2042/2042/2042 2043/2043/2043 2007/2007/2007
f 2007/2007/2007 2043/2043/2043 2044/2044/2044
f 2007/2007/2007 2044/2044/2044 2045/2045/2045
f 2007/2007/2007 2045/2045/2045 2046/2046/2046
f 2007/2007/2007 2046/2046/2046 2047/2047/2047
f 2007/2007/2007 2047/2047/2047 2048/2048/2048
f 2007/2007/2007 2048/2048/2048 2049/2049/2049
f 2007/2007/2007 2049/2049/2049 2050/2050/2050
f 2007/2007/2007 2050/2050/2050 2033/2033/2033
f 2007/2007/2007 2033/2033/2033 2031/2031/2031
f 2007/2007/2007 2031/2031/2031 2030/2030/2030
f 2007/2007/2007 2030/2030/2030 2029/2029/2029
f 2007/2007/2007 2029/2029/2029 2028/2028/2028
f 2007/2007/2007 2028/2028/2028 2027/2027/2027
f 2007/2007/2007 2027/2027/2027 2026/2026/2026
f 2007/2007/2007 2026/2026/2026 2025/2025/2025
f 2007/2007/2007 2025/2025/2025 2024/2024/2024
f 2007/2007/2007 2024/2024/2024 2023/2023/2023
f 2007/2007/2007 2023/2023/2023 2022/2022/2022
f 2007/2007/2007 2022/2022/2022 2021/2021/2021
f 2007/2007/2007 2021/2021/2021 2020/2020/2020
f 2007/2007/2007 2020/2020/2020 2019/2019/2019
f 2007/2007/2007 2019/2019/2019 2018/2018/2018
f 2007/2007/2007 2018/2018/2018 2017/2017/2017
f 2007/2007/2007 2017/2017/2017 2016/2016/2016
f 2007/2007/2007 2016/2016/2016 2015/2015/2015
f 2007/2007/2007 2015/2015/2015 2014/2014/2014
f 2007/2007/2007 2014/2014/2014 2013/2013/2013
f 2007/2007/2007 2013/2013/2013 2012/2012/2012
f 2007/2007/2007 2012/2012/2012 2011/2011/2011
f 2007/2007/2007 2011/2011/2011 2010/2010/2010
f 2007/2007/2007 2010/2010/2010 2009/2009/2009
f 2007/2007/2007 2009/2009/2009 2006/2006/2006
f 2007/2007/2007 2006/2006/2006 2005/2005/2005
f 2007/2007/2007 2005/2005/2005 2004/2004/2004
f 2007/2007/2007 2004/2004/2004 2003/2003/2003
f 2007/2007/2007 2003/2003/2003 2002/2002/2002
f 2007/2007/2007 2002/2002/2002 2001/2001/2001
f 2007/2007/2007 2001/2001/2001 2000/2000/2000
f 2007/2007/2007 2000/2000/2000 1999/1999/1999
f 2007/2007/2007 1999/1999/1999 1998/1998/1998
f 2007/2007/2007 1998/1998/1998 1997/1997/1997
f 2007/2007/2007 1997/1997/1997 1996/1996/1996
f 2007/2007/2007 1996/1996/1996 1995/1995/1995
f 2007/2007/2007 1995/1995/1995 1994/1994/1994
f 2007/2007/2007 1994/1994/1994 1993/1993/1993
f 2007/2007/2007 1993/1993/1993 1992/1992/1992
f 2007/2007/2007 1992/1992/1992 1991/1991/1991
f 2008/2008/2008 2042/2042/2042 2007/2007/2007
f 2008/2008/2008 2034/2034/2034 2042/2042/2042
f 2041/2041/2041 2032/2032/2032 2050/2050/2050
f 2050/2050/2050 2032/2032/2032 2033/2033/2033
f 2034/2034/2034 2035/2035/2035 2043/2043/2043
f 2042/2042/2042 2034/2034/2034 2043/2043/2043
f 2035/2035/2035 2036/2036/2036 2044/2044/2044
f 2043/2043/2043 2035/2035/2035 2044/2044/2044
f 2036/2036/2036 2037/2037/2037 2045/2045/2045
f 2044/2044/2044 2036/2036/2036 2045/2045/2045
f 2037/2037/2037 2038/2038/2038 2046/2046/2046
f 2045/2045/2045 2037/2037/2037 2046/2046/2046
f 2038/2038/2038 2039/2039/2039 2047/2047/2047
f 2046/2046/2046 2038/2038/2038 2047/2047/2047
f 2039/2039/2039 2040/2040/2040 2048/2048/2048
f 2047/2047/2047 2039/2039/2039 2048/2048/2048
f 2040/2040/2040 2041/2041/2041 2049/2049/2049
f 2048/2048/2048 2040/2040/2040 2049/2049/2049
f 2049/2049/2049 2041/2041/2041 2050/2050/2050
