# Go Stone Model - Generated with guaranteed correct UVs
# 2112 vertices, 4096 faces

v 0.000000 5.346000 0.000000
v 0.000000 5.346000 0.000000
v 0.000000 5.346000 0.000000
v 0.000000 5.346000 0.000000
v 0.000000 5.346000 0.000000
v 0.000000 5.346000 0.000000
v 0.000000 5.346000 0.000000
v 0.000000 5.346000 0.000000
v 0.000000 5.346000 0.000000
v 0.000000 5.346000 0.000000
v 0.000000 5.346000 0.000000
v 0.000000 5.346000 0.000000
v 0.000000 5.346000 0.000000
v 0.000000 5.346000 0.000000
v 0.000000 5.346000 0.000000
v 0.000000 5.346000 0.000000
v 0.000000 5.346000 0.000000
v -0.000000 5.346000 0.000000
v -0.000000 5.346000 0.000000
v -0.000000 5.346000 0.000000
v -0.000000 5.346000 0.000000
v -0.000000 5.346000 0.000000
v -0.000000 5.346000 0.000000
v -0.000000 5.346000 0.000000
v -0.000000 5.346000 0.000000
v -0.000000 5.346000 0.000000
v -0.000000 5.346000 0.000000
v -0.000000 5.346000 0.000000
v -0.000000 5.346000 0.000000
v -0.000000 5.346000 0.000000
v -0.000000 5.346000 0.000000
v -0.000000 5.346000 0.000000
v -0.000000 5.346000 0.000000
v -0.000000 5.346000 -0.000000
v -0.000000 5.346000 -0.000000
v -0.000000 5.346000 -0.000000
v -0.000000 5.346000 -0.000000
v -0.000000 5.346000 -0.000000
v -0.000000 5.346000 -0.000000
v -0.000000 5.346000 -0.000000
v -0.000000 5.346000 -0.000000
v -0.000000 5.346000 -0.000000
v -0.000000 5.346000 -0.000000
v -0.000000 5.346000 -0.000000
v -0.000000 5.346000 -0.000000
v -0.000000 5.346000 -0.000000
v -0.000000 5.346000 -0.000000
v -0.000000 5.346000 -0.000000
v -0.000000 5.346000 -0.000000
v 0.000000 5.346000 -0.000000
v 0.000000 5.346000 -0.000000
v 0.000000 5.346000 -0.000000
v 0.000000 5.346000 -0.000000
v 0.000000 5.346000 -0.000000
v 0.000000 5.346000 -0.000000
v 0.000000 5.346000 -0.000000
v 0.000000 5.346000 -0.000000
v 0.000000 5.346000 -0.000000
v 0.000000 5.346000 -0.000000
v 0.000000 5.346000 -0.000000
v 0.000000 5.346000 -0.000000
v 0.000000 5.346000 -0.000000
v 0.000000 5.346000 -0.000000
v 0.000000 5.346000 -0.000000
v 3.827838 5.011875 0.000000
v 3.809406 5.011875 0.375194
v 3.754287 5.011875 0.746774
v 3.663013 5.011875 1.111163
v 3.536461 5.011875 1.464850
v 3.375852 5.011875 1.804430
v 3.182731 5.011875 2.126633
v 2.958959 5.011875 2.428355
v 2.706690 5.011875 2.706690
v 2.428355 5.011875 2.958959
v 2.126633 5.011875 3.182731
v 1.804430 5.011875 3.375852
v 1.464850 5.011875 3.536461
v 1.111163 5.011875 3.663013
v 0.746774 5.011875 3.754287
v 0.375194 5.011875 3.809406
v 0.000000 5.011875 3.827838
v -0.375194 5.011875 3.809406
v -0.746774 5.011875 3.754287
v -1.111163 5.011875 3.663013
v -1.464850 5.011875 3.536461
v -1.804430 5.011875 3.375852
v -2.126633 5.011875 3.182731
v -2.428355 5.011875 2.958959
v -2.706690 5.011875 2.706690
v -2.958959 5.011875 2.428355
v -3.182731 5.011875 2.126633
v -3.375852 5.011875 1.804430
v -3.536461 5.011875 1.464850
v -3.663013 5.011875 1.111163
v -3.754287 5.011875 0.746774
v -3.809406 5.011875 0.375194
v -3.827838 5.011875 0.000000
v -3.809406 5.011875 -0.375194
v -3.754287 5.011875 -0.746774
v -3.663013 5.011875 -1.111163
v -3.536461 5.011875 -1.464850
v -3.375852 5.011875 -1.804430
v -3.182731 5.011875 -2.126633
v -2.958959 5.011875 -2.428355
v -2.706690 5.011875 -2.706690
v -2.428355 5.011875 -2.958959
v -2.126633 5.011875 -3.182731
v -1.804430 5.011875 -3.375852
v -1.464850 5.011875 -3.536461
v -1.111163 5.011875 -3.663013
v -0.746774 5.011875 -3.754287
v -0.375194 5.011875 -3.809406
v -0.000000 5.011875 -3.827838
v 0.375194 5.011875 -3.809406
v 0.746774 5.011875 -3.754287
v 1.111163 5.011875 -3.663013
v 1.464850 5.011875 -3.536461
v 1.804430 5.011875 -3.375852
v 2.126633 5.011875 -3.182731
v 2.428355 5.011875 -2.958959
v 2.706690 5.011875 -2.706690
v 2.958959 5.011875 -2.428355
v 3.182731 5.011875 -2.126633
v 3.375852 5.011875 -1.804430
v 3.536461 5.011875 -1.464850
v 3.663013 5.011875 -1.111163
v 3.754287 5.011875 -0.746774
v 3.809406 5.011875 -0.375194
v 5.325352 4.677750 0.000000
v 5.299709 4.677750 0.521976
v 5.223027 4.677750 1.038925
v 5.096044 4.677750 1.545868
v 4.919984 4.677750 2.037924
v 4.696541 4.677750 2.510354
v 4.427868 4.677750 2.958607
v 4.116553 4.677750 3.378368
v 3.765593 4.677750 3.765593
v 3.378368 4.677750 4.116553
v 2.958607 4.677750 4.427868
v 2.510354 4.677750 4.696541
v 2.037924 4.677750 4.919984
v 1.545868 4.677750 5.096044
v 1.038925 4.677750 5.223027
v 0.521976 4.677750 5.299709
v 0.000000 4.677750 5.325352
v -0.521976 4.677750 5.299709
v -1.038925 4.677750 5.223027
v -1.545868 4.677750 5.096044
v -2.037924 4.677750 4.919984
v -2.510354 4.677750 4.696541
v -2.958607 4.677750 4.427868
v -3.378368 4.677750 4.116553
v -3.765593 4.677750 3.765593
v -4.116553 4.677750 3.378368
v -4.427868 4.677750 2.958607
v -4.696541 4.677750 2.510354
v -4.919984 4.677750 2.037924
v -5.096044 4.677750 1.545868
v -5.223027 4.677750 1.038925
v -5.299709 4.677750 0.521976
v -5.325352 4.677750 0.000000
v -5.299709 4.677750 -0.521976
v -5.223027 4.677750 -1.038925
v -5.096044 4.677750 -1.545868
v -4.919984 4.677750 -2.037924
v -4.696541 4.677750 -2.510354
v -4.427868 4.677750 -2.958607
v -4.116553 4.677750 -3.378368
v -3.765593 4.677750 -3.765593
v -3.378368 4.677750 -4.116553
v -2.958607 4.677750 -4.427868
v -2.510354 4.677750 -4.696541
v -2.037924 4.677750 -4.919984
v -1.545868 4.677750 -5.096044
v -1.038925 4.677750 -5.223027
v -0.521976 4.677750 -5.299709
v -0.000000 4.677750 -5.325352
v 0.521976 4.677750 -5.299709
v 1.038925 4.677750 -5.223027
v 1.545868 4.677750 -5.096044
v 2.037924 4.677750 -4.919984
v 2.510354 4.677750 -4.696541
v 2.958607 4.677750 -4.427868
v 3.378368 4.677750 -4.116553
v 3.765593 4.677750 -3.765593
v 4.116553 4.677750 -3.378368
v 4.427868 4.677750 -2.958607
v 4.696541 4.677750 -2.510354
v 4.919984 4.677750 -2.037924
v 5.096044 4.677750 -1.545868
v 5.223027 4.677750 -1.038925
v 5.299709 4.677750 -0.521976
v 6.412573 4.343625 0.000000
v 6.381695 4.343625 0.628542
v 6.289357 4.343625 1.251031
v 6.136450 4.343625 1.861472
v 5.924445 4.343625 2.453985
v 5.655385 4.343625 3.022866
v 5.331860 4.343625 3.562635
v 4.956986 4.343625 4.068093
v 4.534374 4.343625 4.534374
v 4.068093 4.343625 4.956986
v 3.562635 4.343625 5.331860
v 3.022866 4.343625 5.655385
v 2.453985 4.343625 5.924445
v 1.861472 4.343625 6.136450
v 1.251031 4.343625 6.289357
v 0.628542 4.343625 6.381695
v 0.000000 4.343625 6.412573
v -0.628542 4.343625 6.381695
v -1.251031 4.343625 6.289357
v -1.861472 4.343625 6.136450
v -2.453985 4.343625 5.924445
v -3.022866 4.343625 5.655385
v -3.562635 4.343625 5.331860
v -4.068093 4.343625 4.956986
v -4.534374 4.343625 4.534374
v -4.956986 4.343625 4.068093
v -5.331860 4.343625 3.562635
v -5.655385 4.343625 3.022866
v -5.924445 4.343625 2.453985
v -6.136450 4.343625 1.861472
v -6.289357 4.343625 1.251031
v -6.381695 4.343625 0.628542
v -6.412573 4.343625 0.000000
v -6.381695 4.343625 -0.628542
v -6.289357 4.343625 -1.251031
v -6.136450 4.343625 -1.861472
v -5.924445 4.343625 -2.453985
v -5.655385 4.343625 -3.022866
v -5.331860 4.343625 -3.562635
v -4.956986 4.343625 -4.068093
v -4.534374 4.343625 -4.534374
v -4.068093 4.343625 -4.956986
v -3.562635 4.343625 -5.331860
v -3.022866 4.343625 -5.655385
v -2.453985 4.343625 -5.924445
v -1.861472 4.343625 -6.136450
v -1.251031 4.343625 -6.289357
v -0.628542 4.343625 -6.381695
v -0.000000 4.343625 -6.412573
v 0.628542 4.343625 -6.381695
v 1.251031 4.343625 -6.289357
v 1.861472 4.343625 -6.136450
v 2.453985 4.343625 -5.924445
v 3.022866 4.343625 -5.655385
v 3.562635 4.343625 -5.331860
v 4.068093 4.343625 -4.956986
v 4.534374 4.343625 -4.534374
v 4.956986 4.343625 -4.068093
v 5.331860 4.343625 -3.562635
v 5.655385 4.343625 -3.022866
v 5.924445 4.343625 -2.453985
v 6.136450 4.343625 -1.861472
v 6.289357 4.343625 -1.251031
v 6.381695 4.343625 -0.628542
v 7.275816 4.009500 0.000000
v 7.240781 4.009500 0.713155
v 7.136013 4.009500 1.419441
v 6.962522 4.009500 2.112058
v 6.721978 4.009500 2.784334
v 6.416697 4.009500 3.429796
v 6.049620 4.009500 4.042227
v 5.624282 4.009500 4.615729
v 5.144779 4.009500 5.144779
v 4.615729 4.009500 5.624282
v 4.042227 4.009500 6.049620
v 3.429796 4.009500 6.416697
v 2.784334 4.009500 6.721978
v 2.112058 4.009500 6.962522
v 1.419441 4.009500 7.136013
v 0.713155 4.009500 7.240781
v 0.000000 4.009500 7.275816
v -0.713155 4.009500 7.240781
v -1.419441 4.009500 7.136013
v -2.112058 4.009500 6.962522
v -2.784334 4.009500 6.721978
v -3.429796 4.009500 6.416697
v -4.042227 4.009500 6.049620
v -4.615729 4.009500 5.624282
v -5.144779 4.009500 5.144779
v -5.624282 4.009500 4.615729
v -6.049620 4.009500 4.042227
v -6.416697 4.009500 3.429796
v -6.721978 4.009500 2.784334
v -6.962522 4.009500 2.112058
v -7.136013 4.009500 1.419441
v -7.240781 4.009500 0.713155
v -7.275816 4.009500 0.000000
v -7.240781 4.009500 -0.713155
v -7.136013 4.009500 -1.419441
v -6.962522 4.009500 -2.112058
v -6.721978 4.009500 -2.784334
v -6.416697 4.009500 -3.429796
v -6.049620 4.009500 -4.042227
v -5.624282 4.009500 -4.615729
v -5.144779 4.009500 -5.144779
v -4.615729 4.009500 -5.624282
v -4.042227 4.009500 -6.049620
v -3.429796 4.009500 -6.416697
v -2.784334 4.009500 -6.721978
v -2.112058 4.009500 -6.962522
v -1.419441 4.009500 -7.136013
v -0.713155 4.009500 -7.240781
v -0.000000 4.009500 -7.275816
v 0.713155 4.009500 -7.240781
v 1.419441 4.009500 -7.136013
v 2.112058 4.009500 -6.962522
v 2.784334 4.009500 -6.721978
v 3.429796 4.009500 -6.416697
v 4.042227 4.009500 -6.049620
v 4.615729 4.009500 -5.624282
v 5.144779 4.009500 -5.144779
v 5.624282 4.009500 -4.615729
v 6.049620 4.009500 -4.042227
v 6.416697 4.009500 -3.429796
v 6.721978 4.009500 -2.784334
v 6.962522 4.009500 -2.112058
v 7.136013 4.009500 -1.419441
v 7.240781 4.009500 -0.713155
v 7.988028 3.675375 0.000000
v 7.949564 3.675375 0.782964
v 7.834540 3.675375 1.558387
v 7.644066 3.675375 2.318802
v 7.379976 3.675375 3.056886
v 7.044812 3.675375 3.765530
v 6.641803 3.675375 4.437911
v 6.174829 3.675375 5.067551
v 5.648389 3.675375 5.648389
v 5.067551 3.675375 6.174829
v 4.437911 3.675375 6.641803
v 3.765530 3.675375 7.044812
v 3.056886 3.675375 7.379976
v 2.318802 3.675375 7.644066
v 1.558387 3.675375 7.834540
v 0.782964 3.675375 7.949564
v 0.000000 3.675375 7.988028
v -0.782964 3.675375 7.949564
v -1.558387 3.675375 7.834540
v -2.318802 3.675375 7.644066
v -3.056886 3.675375 7.379976
v -3.765530 3.675375 7.044812
v -4.437911 3.675375 6.641803
v -5.067551 3.675375 6.174829
v -5.648389 3.675375 5.648389
v -6.174829 3.675375 5.067551
v -6.641803 3.675375 4.437911
v -7.044812 3.675375 3.765530
v -7.379976 3.675375 3.056886
v -7.644066 3.675375 2.318802
v -7.834540 3.675375 1.558387
v -7.949564 3.675375 0.782964
v -7.988028 3.675375 0.000000
v -7.949564 3.675375 -0.782964
v -7.834540 3.675375 -1.558387
v -7.644066 3.675375 -2.318802
v -7.379976 3.675375 -3.056886
v -7.044812 3.675375 -3.765530
v -6.641803 3.675375 -4.437911
v -6.174829 3.675375 -5.067551
v -5.648389 3.675375 -5.648389
v -5.067551 3.675375 -6.174829
v -4.437911 3.675375 -6.641803
v -3.765530 3.675375 -7.044812
v -3.056886 3.675375 -7.379976
v -2.318802 3.675375 -7.644066
v -1.558387 3.675375 -7.834540
v -0.782964 3.675375 -7.949564
v -0.000000 3.675375 -7.988028
v 0.782964 3.675375 -7.949564
v 1.558387 3.675375 -7.834540
v 2.318802 3.675375 -7.644066
v 3.056886 3.675375 -7.379976
v 3.765530 3.675375 -7.044812
v 4.437911 3.675375 -6.641803
v 5.067551 3.675375 -6.174829
v 5.648389 3.675375 -5.648389
v 6.174829 3.675375 -5.067551
v 6.641803 3.675375 -4.437911
v 7.044812 3.675375 -3.765530
v 7.379976 3.675375 -3.056886
v 7.644066 3.675375 -2.318802
v 7.834540 3.675375 -1.558387
v 7.949564 3.675375 -0.782964
v 8.586872 3.341250 0.000000
v 8.545524 3.341250 0.841661
v 8.421878 3.341250 1.675216
v 8.217124 3.341250 2.492637
v 7.933236 3.341250 3.286054
v 7.572945 3.341250 4.047824
v 7.139723 3.341250 4.770611
v 6.637742 3.341250 5.447454
v 6.071836 3.341250 6.071836
v 5.447454 3.341250 6.637742
v 4.770611 3.341250 7.139723
v 4.047824 3.341250 7.572945
v 3.286054 3.341250 7.933236
v 2.492637 3.341250 8.217124
v 1.675216 3.341250 8.421878
v 0.841661 3.341250 8.545524
v 0.000000 3.341250 8.586872
v -0.841661 3.341250 8.545524
v -1.675216 3.341250 8.421878
v -2.492637 3.341250 8.217124
v -3.286054 3.341250 7.933236
v -4.047824 3.341250 7.572945
v -4.770611 3.341250 7.139723
v -5.447454 3.341250 6.637742
v -6.071836 3.341250 6.071836
v -6.637742 3.341250 5.447454
v -7.139723 3.341250 4.770611
v -7.572945 3.341250 4.047824
v -7.933236 3.341250 3.286054
v -8.217124 3.341250 2.492637
v -8.421878 3.341250 1.675216
v -8.545524 3.341250 0.841661
v -8.586872 3.341250 0.000000
v -8.545524 3.341250 -0.841661
v -8.421878 3.341250 -1.675216
v -8.217124 3.341250 -2.492637
v -7.933236 3.341250 -3.286054
v -7.572945 3.341250 -4.047824
v -7.139723 3.341250 -4.770611
v -6.637742 3.341250 -5.447454
v -6.071836 3.341250 -6.071836
v -5.447454 3.341250 -6.637742
v -4.770611 3.341250 -7.139723
v -4.047824 3.341250 -7.572945
v -3.286054 3.341250 -7.933236
v -2.492637 3.341250 -8.217124
v -1.675216 3.341250 -8.421878
v -0.841661 3.341250 -8.545524
v -0.000000 3.341250 -8.586872
v 0.841661 3.341250 -8.545524
v 1.675216 3.341250 -8.421878
v 2.492637 3.341250 -8.217124
v 3.286054 3.341250 -7.933236
v 4.047824 3.341250 -7.572945
v 4.770611 3.341250 -7.139723
v 5.447454 3.341250 -6.637742
v 6.071836 3.341250 -6.071836
v 6.637742 3.341250 -5.447454
v 7.139723 3.341250 -4.770611
v 7.572945 3.341250 -4.047824
v 7.933236 3.341250 -3.286054
v 8.217124 3.341250 -2.492637
v 8.421878 3.341250 -1.675216
v 8.545524 3.341250 -0.841661
v 9.094770 3.007125 0.000000
v 9.050976 3.007125 0.891443
v 8.920017 3.007125 1.774302
v 8.703152 3.007125 2.640072
v 8.402472 3.007125 3.480418
v 8.020871 3.007125 4.287245
v 7.562025 3.007125 5.052784
v 7.030352 3.007125 5.769661
v 6.430974 3.007125 6.430974
v 5.769661 3.007125 7.030352
v 5.052784 3.007125 7.562025
v 4.287245 3.007125 8.020871
v 3.480418 3.007125 8.402472
v 2.640072 3.007125 8.703152
v 1.774302 3.007125 8.920017
v 0.891443 3.007125 9.050976
v 0.000000 3.007125 9.094770
v -0.891443 3.007125 9.050976
v -1.774302 3.007125 8.920017
v -2.640072 3.007125 8.703152
v -3.480418 3.007125 8.402472
v -4.287245 3.007125 8.020871
v -5.052784 3.007125 7.562025
v -5.769661 3.007125 7.030352
v -6.430974 3.007125 6.430974
v -7.030352 3.007125 5.769661
v -7.562025 3.007125 5.052784
v -8.020871 3.007125 4.287245
v -8.402472 3.007125 3.480418
v -8.703152 3.007125 2.640072
v -8.920017 3.007125 1.774302
v -9.050976 3.007125 0.891443
v -9.094770 3.007125 0.000000
v -9.050976 3.007125 -0.891443
v -8.920017 3.007125 -1.774302
v -8.703152 3.007125 -2.640072
v -8.402472 3.007125 -3.480418
v -8.020871 3.007125 -4.287245
v -7.562025 3.007125 -5.052784
v -7.030352 3.007125 -5.769661
v -6.430974 3.007125 -6.430974
v -5.769661 3.007125 -7.030352
v -5.052784 3.007125 -7.562025
v -4.287245 3.007125 -8.020871
v -3.480418 3.007125 -8.402472
v -2.640072 3.007125 -8.703152
v -1.774302 3.007125 -8.920017
v -0.891443 3.007125 -9.050976
v -0.000000 3.007125 -9.094770
v 0.891443 3.007125 -9.050976
v 1.774302 3.007125 -8.920017
v 2.640072 3.007125 -8.703152
v 3.480418 3.007125 -8.402472
v 4.287245 3.007125 -8.020871
v 5.052784 3.007125 -7.562025
v 5.769661 3.007125 -7.030352
v 6.430974 3.007125 -6.430974
v 7.030352 3.007125 -5.769661
v 7.562025 3.007125 -5.052784
v 8.020871 3.007125 -4.287245
v 8.402472 3.007125 -3.480418
v 8.703152 3.007125 -2.640072
v 8.920017 3.007125 -1.774302
v 9.050976 3.007125 -0.891443
v 9.526279 2.673000 0.000000
v 9.480408 2.673000 0.933739
v 9.343235 2.673000 1.858485
v 9.116081 2.673000 2.765333
v 8.801135 2.673000 3.645549
v 8.401428 2.673000 4.490657
v 7.920812 2.673000 5.292517
v 7.363914 2.673000 6.043408
v 6.736097 2.673000 6.736097
v 6.043408 2.673000 7.363914
v 5.292517 2.673000 7.920812
v 4.490657 2.673000 8.401428
v 3.645549 2.673000 8.801135
v 2.765333 2.673000 9.116081
v 1.858485 2.673000 9.343235
v 0.933739 2.673000 9.480408
v 0.000000 2.673000 9.526279
v -0.933739 2.673000 9.480408
v -1.858485 2.673000 9.343235
v -2.765333 2.673000 9.116081
v -3.645549 2.673000 8.801135
v -4.490657 2.673000 8.401428
v -5.292517 2.673000 7.920812
v -6.043408 2.673000 7.363914
v -6.736097 2.673000 6.736097
v -7.363914 2.673000 6.043408
v -7.920812 2.673000 5.292517
v -8.401428 2.673000 4.490657
v -8.801135 2.673000 3.645549
v -9.116081 2.673000 2.765333
v -9.343235 2.673000 1.858485
v -9.480408 2.673000 0.933739
v -9.526279 2.673000 0.000000
v -9.480408 2.673000 -0.933739
v -9.343235 2.673000 -1.858485
v -9.116081 2.673000 -2.765333
v -8.801135 2.673000 -3.645549
v -8.401428 2.673000 -4.490657
v -7.920812 2.673000 -5.292517
v -7.363914 2.673000 -6.043408
v -6.736097 2.673000 -6.736097
v -6.043408 2.673000 -7.363914
v -5.292517 2.673000 -7.920812
v -4.490657 2.673000 -8.401428
v -3.645549 2.673000 -8.801135
v -2.765333 2.673000 -9.116081
v -1.858485 2.673000 -9.343235
v -0.933739 2.673000 -9.480408
v -0.000000 2.673000 -9.526279
v 0.933739 2.673000 -9.480408
v 1.858485 2.673000 -9.343235
v 2.765333 2.673000 -9.116081
v 3.645549 2.673000 -8.801135
v 4.490657 2.673000 -8.401428
v 5.292517 2.673000 -7.920812
v 6.043408 2.673000 -7.363914
v 6.736097 2.673000 -6.736097
v 7.363914 2.673000 -6.043408
v 7.920812 2.673000 -5.292517
v 8.401428 2.673000 -4.490657
v 8.801135 2.673000 -3.645549
v 9.116081 2.673000 -2.765333
v 9.343235 2.673000 -1.858485
v 9.480408 2.673000 -0.933739
v 9.891403 2.338875 0.000000
v 9.843773 2.338875 0.969527
v 9.701342 2.338875 1.929717
v 9.465482 2.338875 2.871323
v 9.138464 2.338875 3.785276
v 8.723438 2.338875 4.662775
v 8.224401 2.338875 5.495369
v 7.646158 2.338875 6.275039
v 6.994278 2.338875 6.994278
v 6.275039 2.338875 7.646158
v 5.495369 2.338875 8.224401
v 4.662775 2.338875 8.723438
v 3.785276 2.338875 9.138464
v 2.871323 2.338875 9.465482
v 1.929717 2.338875 9.701342
v 0.969527 2.338875 9.843773
v 0.000000 2.338875 9.891403
v -0.969527 2.338875 9.843773
v -1.929717 2.338875 9.701342
v -2.871323 2.338875 9.465482
v -3.785276 2.338875 9.138464
v -4.662775 2.338875 8.723438
v -5.495369 2.338875 8.224401
v -6.275039 2.338875 7.646158
v -6.994278 2.338875 6.994278
v -7.646158 2.338875 6.275039
v -8.224401 2.338875 5.495369
v -8.723438 2.338875 4.662775
v -9.138464 2.338875 3.785276
v -9.465482 2.338875 2.871323
v -9.701342 2.338875 1.929717
v -9.843773 2.338875 0.969527
v -9.891403 2.338875 0.000000
v -9.843773 2.338875 -0.969527
v -9.701342 2.338875 -1.929717
v -9.465482 2.338875 -2.871323
v -9.138464 2.338875 -3.785276
v -8.723438 2.338875 -4.662775
v -8.224401 2.338875 -5.495369
v -7.646158 2.338875 -6.275039
v -6.994278 2.338875 -6.994278
v -6.275039 2.338875 -7.646158
v -5.495369 2.338875 -8.224401
v -4.662775 2.338875 -8.723438
v -3.785276 2.338875 -9.138464
v -2.871323 2.338875 -9.465482
v -1.929717 2.338875 -9.701342
v -0.969527 2.338875 -9.843773
v -0.000000 2.338875 -9.891403
v 0.969527 2.338875 -9.843773
v 1.929717 2.338875 -9.701342
v 2.871323 2.338875 -9.465482
v 3.785276 2.338875 -9.138464
v 4.662775 2.338875 -8.723438
v 5.495369 2.338875 -8.224401
v 6.275039 2.338875 -7.646158
v 6.994278 2.338875 -6.994278
v 7.646158 2.338875 -6.275039
v 8.224401 2.338875 -5.495369
v 8.723438 2.338875 -4.662775
v 9.138464 2.338875 -3.785276
v 9.465482 2.338875 -2.871323
v 9.701342 2.338875 -1.929717
v 9.843773 2.338875 -0.969527
v 10.197273 2.004750 0.000000
v 10.148170 2.004750 0.999508
v 10.001335 2.004750 1.989389
v 9.758182 2.004750 2.960112
v 9.421052 2.004750 3.902327
v 8.993192 2.004750 4.806961
v 8.478723 2.004750 5.665301
v 7.882599 2.004750 6.469081
v 7.210561 2.004750 7.210561
v 6.469081 2.004750 7.882599
v 5.665301 2.004750 8.478723
v 4.806961 2.004750 8.993192
v 3.902327 2.004750 9.421052
v 2.960112 2.004750 9.758182
v 1.989389 2.004750 10.001335
v 0.999508 2.004750 10.148170
v 0.000000 2.004750 10.197273
v -0.999508 2.004750 10.148170
v -1.989389 2.004750 10.001335
v -2.960112 2.004750 9.758182
v -3.902327 2.004750 9.421052
v -4.806961 2.004750 8.993192
v -5.665301 2.004750 8.478723
v -6.469081 2.004750 7.882599
v -7.210561 2.004750 7.210561
v -7.882599 2.004750 6.469081
v -8.478723 2.004750 5.665301
v -8.993192 2.004750 4.806961
v -9.421052 2.004750 3.902327
v -9.758182 2.004750 2.960112
v -10.001335 2.004750 1.989389
v -10.148170 2.004750 0.999508
v -10.197273 2.004750 0.000000
v -10.148170 2.004750 -0.999508
v -10.001335 2.004750 -1.989389
v -9.758182 2.004750 -2.960112
v -9.421052 2.004750 -3.902327
v -8.993192 2.004750 -4.806961
v -8.478723 2.004750 -5.665301
v -7.882599 2.004750 -6.469081
v -7.210561 2.004750 -7.210561
v -6.469081 2.004750 -7.882599
v -5.665301 2.004750 -8.478723
v -4.806961 2.004750 -8.993192
v -3.902327 2.004750 -9.421052
v -2.960112 2.004750 -9.758182
v -1.989389 2.004750 -10.001335
v -0.999508 2.004750 -10.148170
v -0.000000 2.004750 -10.197273
v 0.999508 2.004750 -10.148170
v 1.989389 2.004750 -10.001335
v 2.960112 2.004750 -9.758182
v 3.902327 2.004750 -9.421052
v 4.806961 2.004750 -8.993192
v 5.665301 2.004750 -8.478723
v 6.469081 2.004750 -7.882599
v 7.210561 2.004750 -7.210561
v 7.882599 2.004750 -6.469081
v 8.478723 2.004750 -5.665301
v 8.993192 2.004750 -4.806961
v 9.421052 2.004750 -3.902327
v 9.758182 2.004750 -2.960112
v 10.001335 2.004750 -1.989389
v 10.148170 2.004750 -0.999508
v 10.449095 1.670625 0.000000
v 10.398780 1.670625 1.024190
v 10.248319 1.670625 2.038517
v 9.999161 1.670625 3.033212
v 9.653705 1.670625 3.998696
v 9.215279 1.670625 4.925669
v 8.688105 1.670625 5.805206
v 8.077260 1.670625 6.628836
v 7.388626 1.670625 7.388626
v 6.628836 1.670625 8.077260
v 5.805206 1.670625 8.688105
v 4.925669 1.670625 9.215279
v 3.998696 1.670625 9.653705
v 3.033212 1.670625 9.999161
v 2.038517 1.670625 10.248319
v 1.024190 1.670625 10.398780
v 0.000000 1.670625 10.449095
v -1.024190 1.670625 10.398780
v -2.038517 1.670625 10.248319
v -3.033212 1.670625 9.999161
v -3.998696 1.670625 9.653705
v -4.925669 1.670625 9.215279
v -5.805206 1.670625 8.688105
v -6.628836 1.670625 8.077260
v -7.388626 1.670625 7.388626
v -8.077260 1.670625 6.628836
v -8.688105 1.670625 5.805206
v -9.215279 1.670625 4.925669
v -9.653705 1.670625 3.998696
v -9.999161 1.670625 3.033212
v -10.248319 1.670625 2.038517
v -10.398780 1.670625 1.024190
v -10.449095 1.670625 0.000000
v -10.398780 1.670625 -1.024190
v -10.248319 1.670625 -2.038517
v -9.999161 1.670625 -3.033212
v -9.653705 1.670625 -3.998696
v -9.215279 1.670625 -4.925669
v -8.688105 1.670625 -5.805206
v -8.077260 1.670625 -6.628836
v -7.388626 1.670625 -7.388626
v -6.628836 1.670625 -8.077260
v -5.805206 1.670625 -8.688105
v -4.925669 1.670625 -9.215279
v -3.998696 1.670625 -9.653705
v -3.033212 1.670625 -9.999161
v -2.038517 1.670625 -10.248319
v -1.024190 1.670625 -10.398780
v -0.000000 1.670625 -10.449095
v 1.024190 1.670625 -10.398780
v 2.038517 1.670625 -10.248319
v 3.033212 1.670625 -9.999161
v 3.998696 1.670625 -9.653705
v 4.925669 1.670625 -9.215279
v 5.805206 1.670625 -8.688105
v 6.628836 1.670625 -8.077260
v 7.388626 1.670625 -7.388626
v 8.077260 1.670625 -6.628836
v 8.688105 1.670625 -5.805206
v 9.215279 1.670625 -4.925669
v 9.653705 1.670625 -3.998696
v 9.999161 1.670625 -3.033212
v 10.248319 1.670625 -2.038517
v 10.398780 1.670625 -1.024190
v 10.650704 1.336500 0.000000
v 10.599418 1.336500 1.043952
v 10.446054 1.336500 2.077849
v 10.192088 1.336500 3.091736
v 9.839968 1.336500 4.075848
v 9.393083 1.336500 5.020707
v 8.855737 1.336500 5.917214
v 8.233106 1.336500 6.756735
v 7.531185 1.336500 7.531185
v 6.756735 1.336500 8.233106
v 5.917214 1.336500 8.855737
v 5.020707 1.336500 9.393083
v 4.075848 1.336500 9.839968
v 3.091736 1.336500 10.192088
v 2.077849 1.336500 10.446054
v 1.043952 1.336500 10.599418
v 0.000000 1.336500 10.650704
v -1.043952 1.336500 10.599418
v -2.077849 1.336500 10.446054
v -3.091736 1.336500 10.192088
v -4.075848 1.336500 9.839968
v -5.020707 1.336500 9.393083
v -5.917214 1.336500 8.855737
v -6.756735 1.336500 8.233106
v -7.531185 1.336500 7.531185
v -8.233106 1.336500 6.756735
v -8.855737 1.336500 5.917214
v -9.393083 1.336500 5.020707
v -9.839968 1.336500 4.075848
v -10.192088 1.336500 3.091736
v -10.446054 1.336500 2.077849
v -10.599418 1.336500 1.043952
v -10.650704 1.336500 0.000000
v -10.599418 1.336500 -1.043952
v -10.446054 1.336500 -2.077849
v -10.192088 1.336500 -3.091736
v -9.839968 1.336500 -4.075848
v -9.393083 1.336500 -5.020707
v -8.855737 1.336500 -5.917214
v -8.233106 1.336500 -6.756735
v -7.531185 1.336500 -7.531185
v -6.756735 1.336500 -8.233106
v -5.917214 1.336500 -8.855737
v -5.020707 1.336500 -9.393083
v -4.075848 1.336500 -9.839968
v -3.091736 1.336500 -10.192088
v -2.077849 1.336500 -10.446054
v -1.043952 1.336500 -10.599418
v -0.000000 1.336500 -10.650704
v 1.043952 1.336500 -10.599418
v 2.077849 1.336500 -10.446054
v 3.091736 1.336500 -10.192088
v 4.075848 1.336500 -9.839968
v 5.020707 1.336500 -9.393083
v 5.917214 1.336500 -8.855737
v 6.756735 1.336500 -8.233106
v 7.531185 1.336500 -7.531185
v 8.233106 1.336500 -6.756735
v 8.855737 1.336500 -5.917214
v 9.393083 1.336500 -5.020707
v 9.839968 1.336500 -4.075848
v 10.192088 1.336500 -3.091736
v 10.446054 1.336500 -2.077849
v 10.599418 1.336500 -1.043952
v 10.804911 1.002375 0.000000
v 10.752882 1.002375 1.059066
v 10.597297 1.002375 2.107933
v 10.339655 1.002375 3.136500
v 9.982436 1.002375 4.134860
v 9.529080 1.002375 5.093400
v 8.983955 1.002375 6.002887
v 8.352309 1.002375 6.854563
v 7.640226 1.002375 7.640226
v 6.854563 1.002375 8.352309
v 6.002887 1.002375 8.983955
v 5.093400 1.002375 9.529080
v 4.134860 1.002375 9.982436
v 3.136500 1.002375 10.339655
v 2.107933 1.002375 10.597297
v 1.059066 1.002375 10.752882
v 0.000000 1.002375 10.804911
v -1.059066 1.002375 10.752882
v -2.107933 1.002375 10.597297
v -3.136500 1.002375 10.339655
v -4.134860 1.002375 9.982436
v -5.093400 1.002375 9.529080
v -6.002887 1.002375 8.983955
v -6.854563 1.002375 8.352309
v -7.640226 1.002375 7.640226
v -8.352309 1.002375 6.854563
v -8.983955 1.002375 6.002887
v -9.529080 1.002375 5.093400
v -9.982436 1.002375 4.134860
v -10.339655 1.002375 3.136500
v -10.597297 1.002375 2.107933
v -10.752882 1.002375 1.059066
v -10.804911 1.002375 0.000000
v -10.752882 1.002375 -1.059066
v -10.597297 1.002375 -2.107933
v -10.339655 1.002375 -3.136500
v -9.982436 1.002375 -4.134860
v -9.529080 1.002375 -5.093400
v -8.983955 1.002375 -6.002887
v -8.352309 1.002375 -6.854563
v -7.640226 1.002375 -7.640226
v -6.854563 1.002375 -8.352309
v -6.002887 1.002375 -8.983955
v -5.093400 1.002375 -9.529080
v -4.134860 1.002375 -9.982436
v -3.136500 1.002375 -10.339655
v -2.107933 1.002375 -10.597297
v -1.059066 1.002375 -10.752882
v -0.000000 1.002375 -10.804911
v 1.059066 1.002375 -10.752882
v 2.107933 1.002375 -10.597297
v 3.136500 1.002375 -10.339655
v 4.134860 1.002375 -9.982436
v 5.093400 1.002375 -9.529080
v 6.002887 1.002375 -8.983955
v 6.854563 1.002375 -8.352309
v 7.640226 1.002375 -7.640226
v 8.352309 1.002375 -6.854563
v 8.983955 1.002375 -6.002887
v 9.529080 1.002375 -5.093400
v 9.982436 1.002375 -4.134860
v 10.339655 1.002375 -3.136500
v 10.597297 1.002375 -2.107933
v 10.752882 1.002375 -1.059066
v 10.913724 0.668250 0.000000
v 10.861172 0.668250 1.069732
v 10.704020 0.668250 2.129162
v 10.443783 0.668250 3.168087
v 10.082966 0.668250 4.176501
v 9.625045 0.668250 5.144694
v 9.074430 0.668250 6.063340
v 8.436423 0.668250 6.923593
v 7.717168 0.668250 7.717168
v 6.923593 0.668250 8.436423
v 6.063340 0.668250 9.074430
v 5.144694 0.668250 9.625045
v 4.176501 0.668250 10.082966
v 3.168087 0.668250 10.443783
v 2.129162 0.668250 10.704020
v 1.069732 0.668250 10.861172
v 0.000000 0.668250 10.913724
v -1.069732 0.668250 10.861172
v -2.129162 0.668250 10.704020
v -3.168087 0.668250 10.443783
v -4.176501 0.668250 10.082966
v -5.144694 0.668250 9.625045
v -6.063340 0.668250 9.074430
v -6.923593 0.668250 8.436423
v -7.717168 0.668250 7.717168
v -8.436423 0.668250 6.923593
v -9.074430 0.668250 6.063340
v -9.625045 0.668250 5.144694
v -10.082966 0.668250 4.176501
v -10.443783 0.668250 3.168087
v -10.704020 0.668250 2.129162
v -10.861172 0.668250 1.069732
v -10.913724 0.668250 0.000000
v -10.861172 0.668250 -1.069732
v -10.704020 0.668250 -2.129162
v -10.443783 0.668250 -3.168087
v -10.082966 0.668250 -4.176501
v -9.625045 0.668250 -5.144694
v -9.074430 0.668250 -6.063340
v -8.436423 0.668250 -6.923593
v -7.717168 0.668250 -7.717168
v -6.923593 0.668250 -8.436423
v -6.063340 0.668250 -9.074430
v -5.144694 0.668250 -9.625045
v -4.176501 0.668250 -10.082966
v -3.168087 0.668250 -10.443783
v -2.129162 0.668250 -10.704020
v -1.069732 0.668250 -10.861172
v -0.000000 0.668250 -10.913724
v 1.069732 0.668250 -10.861172
v 2.129162 0.668250 -10.704020
v 3.168087 0.668250 -10.443783
v 4.176501 0.668250 -10.082966
v 5.144694 0.668250 -9.625045
v 6.063340 0.668250 -9.074430
v 6.923593 0.668250 -8.436423
v 7.717168 0.668250 -7.717168
v 8.436423 0.668250 -6.923593
v 9.074430 0.668250 -6.063340
v 9.625045 0.668250 -5.144694
v 10.082966 0.668250 -4.176501
v 10.443783 0.668250 -3.168087
v 10.704020 0.668250 -2.129162
v 10.861172 0.668250 -1.069732
v 10.978495 0.334125 0.000000
v 10.925630 0.334125 1.076081
v 10.767546 0.334125 2.141798
v 10.505764 0.334125 3.186889
v 10.142806 0.334125 4.201288
v 9.682168 0.334125 5.175227
v 9.128285 0.334125 6.099325
v 8.486491 0.334125 6.964683
v 7.762968 0.334125 7.762968
v 6.964683 0.334125 8.486491
v 6.099325 0.334125 9.128285
v 5.175227 0.334125 9.682168
v 4.201288 0.334125 10.142806
v 3.186889 0.334125 10.505764
v 2.141798 0.334125 10.767546
v 1.076081 0.334125 10.925630
v 0.000000 0.334125 10.978495
v -1.076081 0.334125 10.925630
v -2.141798 0.334125 10.767546
v -3.186889 0.334125 10.505764
v -4.201288 0.334125 10.142806
v -5.175227 0.334125 9.682168
v -6.099325 0.334125 9.128285
v -6.964683 0.334125 8.486491
v -7.762968 0.334125 7.762968
v -8.486491 0.334125 6.964683
v -9.128285 0.334125 6.099325
v -9.682168 0.334125 5.175227
v -10.142806 0.334125 4.201288
v -10.505764 0.334125 3.186889
v -10.767546 0.334125 2.141798
v -10.925630 0.334125 1.076081
v -10.978495 0.334125 0.000000
v -10.925630 0.334125 -1.076081
v -10.767546 0.334125 -2.141798
v -10.505764 0.334125 -3.186889
v -10.142806 0.334125 -4.201288
v -9.682168 0.334125 -5.175227
v -9.128285 0.334125 -6.099325
v -8.486491 0.334125 -6.964683
v -7.762968 0.334125 -7.762968
v -6.964683 0.334125 -8.486491
v -6.099325 0.334125 -9.128285
v -5.175227 0.334125 -9.682168
v -4.201288 0.334125 -10.142806
v -3.186889 0.334125 -10.505764
v -2.141798 0.334125 -10.767546
v -1.076081 0.334125 -10.925630
v -0.000000 0.334125 -10.978495
v 1.076081 0.334125 -10.925630
v 2.141798 0.334125 -10.767546
v 3.186889 0.334125 -10.505764
v 4.201288 0.334125 -10.142806
v 5.175227 0.334125 -9.682168
v 6.099325 0.334125 -9.128285
v 6.964683 0.334125 -8.486491
v 7.762968 0.334125 -7.762968
v 8.486491 0.334125 -6.964683
v 9.128285 0.334125 -6.099325
v 9.682168 0.334125 -5.175227
v 10.142806 0.334125 -4.201288
v 10.505764 0.334125 -3.186889
v 10.767546 0.334125 -2.141798
v 10.925630 0.334125 -1.076081
v 11.000000 0.000000 0.000000
v 10.947032 0.000000 1.078189
v 10.788638 0.000000 2.145994
v 10.526344 0.000000 3.193131
v 10.162675 0.000000 4.209518
v 9.701134 0.000000 5.185364
v 9.146166 0.000000 6.111273
v 8.503115 0.000000 6.978326
v 7.778175 0.000000 7.778175
v 6.978326 0.000000 8.503115
v 6.111273 0.000000 9.146166
v 5.185364 0.000000 9.701134
v 4.209518 0.000000 10.162675
v 3.193131 0.000000 10.526344
v 2.145994 0.000000 10.788638
v 1.078189 0.000000 10.947032
v 0.000000 0.000000 11.000000
v -1.078189 0.000000 10.947032
v -2.145994 0.000000 10.788638
v -3.193131 0.000000 10.526344
v -4.209518 0.000000 10.162675
v -5.185364 0.000000 9.701134
v -6.111273 0.000000 9.146166
v -6.978326 0.000000 8.503115
v -7.778175 0.000000 7.778175
v -8.503115 0.000000 6.978326
v -9.146166 0.000000 6.111273
v -9.701134 0.000000 5.185364
v -10.162675 0.000000 4.209518
v -10.526344 0.000000 3.193131
v -10.788638 0.000000 2.145994
v -10.947032 0.000000 1.078189
v -11.000000 0.000000 0.000000
v -10.947032 0.000000 -1.078189
v -10.788638 0.000000 -2.145994
v -10.526344 0.000000 -3.193131
v -10.162675 0.000000 -4.209518
v -9.701134 0.000000 -5.185364
v -9.146166 0.000000 -6.111273
v -8.503115 0.000000 -6.978326
v -7.778175 0.000000 -7.778175
v -6.978326 0.000000 -8.503115
v -6.111273 0.000000 -9.146166
v -5.185364 0.000000 -9.701134
v -4.209518 0.000000 -10.162675
v -3.193131 0.000000 -10.526344
v -2.145994 0.000000 -10.788638
v -1.078189 0.000000 -10.947032
v -0.000000 0.000000 -11.000000
v 1.078189 0.000000 -10.947032
v 2.145994 0.000000 -10.788638
v 3.193131 0.000000 -10.526344
v 4.209518 0.000000 -10.162675
v 5.185364 0.000000 -9.701134
v 6.111273 0.000000 -9.146166
v 6.978326 0.000000 -8.503115
v 7.778175 0.000000 -7.778175
v 8.503115 0.000000 -6.978326
v 9.146166 0.000000 -6.111273
v 9.701134 0.000000 -5.185364
v 10.162675 0.000000 -4.209518
v 10.526344 0.000000 -3.193131
v 10.788638 0.000000 -2.145994
v 10.947032 0.000000 -1.078189
v 10.978495 -0.334125 0.000000
v 10.925630 -0.334125 1.076081
v 10.767546 -0.334125 2.141798
v 10.505764 -0.334125 3.186889
v 10.142806 -0.334125 4.201288
v 9.682168 -0.334125 5.175227
v 9.128285 -0.334125 6.099325
v 8.486491 -0.334125 6.964683
v 7.762968 -0.334125 7.762968
v 6.964683 -0.334125 8.486491
v 6.099325 -0.334125 9.128285
v 5.175227 -0.334125 9.682168
v 4.201288 -0.334125 10.142806
v 3.186889 -0.334125 10.505764
v 2.141798 -0.334125 10.767546
v 1.076081 -0.334125 10.925630
v 0.000000 -0.334125 10.978495
v -1.076081 -0.334125 10.925630
v -2.141798 -0.334125 10.767546
v -3.186889 -0.334125 10.505764
v -4.201288 -0.334125 10.142806
v -5.175227 -0.334125 9.682168
v -6.099325 -0.334125 9.128285
v -6.964683 -0.334125 8.486491
v -7.762968 -0.334125 7.762968
v -8.486491 -0.334125 6.964683
v -9.128285 -0.334125 6.099325
v -9.682168 -0.334125 5.175227
v -10.142806 -0.334125 4.201288
v -10.505764 -0.334125 3.186889
v -10.767546 -0.334125 2.141798
v -10.925630 -0.334125 1.076081
v -10.978495 -0.334125 0.000000
v -10.925630 -0.334125 -1.076081
v -10.767546 -0.334125 -2.141798
v -10.505764 -0.334125 -3.186889
v -10.142806 -0.334125 -4.201288
v -9.682168 -0.334125 -5.175227
v -9.128285 -0.334125 -6.099325
v -8.486491 -0.334125 -6.964683
v -7.762968 -0.334125 -7.762968
v -6.964683 -0.334125 -8.486491
v -6.099325 -0.334125 -9.128285
v -5.175227 -0.334125 -9.682168
v -4.201288 -0.334125 -10.142806
v -3.186889 -0.334125 -10.505764
v -2.141798 -0.334125 -10.767546
v -1.076081 -0.334125 -10.925630
v -0.000000 -0.334125 -10.978495
v 1.076081 -0.334125 -10.925630
v 2.141798 -0.334125 -10.767546
v 3.186889 -0.334125 -10.505764
v 4.201288 -0.334125 -10.142806
v 5.175227 -0.334125 -9.682168
v 6.099325 -0.334125 -9.128285
v 6.964683 -0.334125 -8.486491
v 7.762968 -0.334125 -7.762968
v 8.486491 -0.334125 -6.964683
v 9.128285 -0.334125 -6.099325
v 9.682168 -0.334125 -5.175227
v 10.142806 -0.334125 -4.201288
v 10.505764 -0.334125 -3.186889
v 10.767546 -0.334125 -2.141798
v 10.925630 -0.334125 -1.076081
v 10.913724 -0.668250 0.000000
v 10.861172 -0.668250 1.069732
v 10.704020 -0.668250 2.129162
v 10.443783 -0.668250 3.168087
v 10.082966 -0.668250 4.176501
v 9.625045 -0.668250 5.144694
v 9.074430 -0.668250 6.063340
v 8.436423 -0.668250 6.923593
v 7.717168 -0.668250 7.717168
v 6.923593 -0.668250 8.436423
v 6.063340 -0.668250 9.074430
v 5.144694 -0.668250 9.625045
v 4.176501 -0.668250 10.082966
v 3.168087 -0.668250 10.443783
v 2.129162 -0.668250 10.704020
v 1.069732 -0.668250 10.861172
v 0.000000 -0.668250 10.913724
v -1.069732 -0.668250 10.861172
v -2.129162 -0.668250 10.704020
v -3.168087 -0.668250 10.443783
v -4.176501 -0.668250 10.082966
v -5.144694 -0.668250 9.625045
v -6.063340 -0.668250 9.074430
v -6.923593 -0.668250 8.436423
v -7.717168 -0.668250 7.717168
v -8.436423 -0.668250 6.923593
v -9.074430 -0.668250 6.063340
v -9.625045 -0.668250 5.144694
v -10.082966 -0.668250 4.176501
v -10.443783 -0.668250 3.168087
v -10.704020 -0.668250 2.129162
v -10.861172 -0.668250 1.069732
v -10.913724 -0.668250 0.000000
v -10.861172 -0.668250 -1.069732
v -10.704020 -0.668250 -2.129162
v -10.443783 -0.668250 -3.168087
v -10.082966 -0.668250 -4.176501
v -9.625045 -0.668250 -5.144694
v -9.074430 -0.668250 -6.063340
v -8.436423 -0.668250 -6.923593
v -7.717168 -0.668250 -7.717168
v -6.923593 -0.668250 -8.436423
v -6.063340 -0.668250 -9.074430
v -5.144694 -0.668250 -9.625045
v -4.176501 -0.668250 -10.082966
v -3.168087 -0.668250 -10.443783
v -2.129162 -0.668250 -10.704020
v -1.069732 -0.668250 -10.861172
v -0.000000 -0.668250 -10.913724
v 1.069732 -0.668250 -10.861172
v 2.129162 -0.668250 -10.704020
v 3.168087 -0.668250 -10.443783
v 4.176501 -0.668250 -10.082966
v 5.144694 -0.668250 -9.625045
v 6.063340 -0.668250 -9.074430
v 6.923593 -0.668250 -8.436423
v 7.717168 -0.668250 -7.717168
v 8.436423 -0.668250 -6.923593
v 9.074430 -0.668250 -6.063340
v 9.625045 -0.668250 -5.144694
v 10.082966 -0.668250 -4.176501
v 10.443783 -0.668250 -3.168087
v 10.704020 -0.668250 -2.129162
v 10.861172 -0.668250 -1.069732
v 10.804911 -1.002375 0.000000
v 10.752882 -1.002375 1.059066
v 10.597297 -1.002375 2.107933
v 10.339655 -1.002375 3.136500
v 9.982436 -1.002375 4.134860
v 9.529080 -1.002375 5.093400
v 8.983955 -1.002375 6.002887
v 8.352309 -1.002375 6.854563
v 7.640226 -1.002375 7.640226
v 6.854563 -1.002375 8.352309
v 6.002887 -1.002375 8.983955
v 5.093400 -1.002375 9.529080
v 4.134860 -1.002375 9.982436
v 3.136500 -1.002375 10.339655
v 2.107933 -1.002375 10.597297
v 1.059066 -1.002375 10.752882
v 0.000000 -1.002375 10.804911
v -1.059066 -1.002375 10.752882
v -2.107933 -1.002375 10.597297
v -3.136500 -1.002375 10.339655
v -4.134860 -1.002375 9.982436
v -5.093400 -1.002375 9.529080
v -6.002887 -1.002375 8.983955
v -6.854563 -1.002375 8.352309
v -7.640226 -1.002375 7.640226
v -8.352309 -1.002375 6.854563
v -8.983955 -1.002375 6.002887
v -9.529080 -1.002375 5.093400
v -9.982436 -1.002375 4.134860
v -10.339655 -1.002375 3.136500
v -10.597297 -1.002375 2.107933
v -10.752882 -1.002375 1.059066
v -10.804911 -1.002375 0.000000
v -10.752882 -1.002375 -1.059066
v -10.597297 -1.002375 -2.107933
v -10.339655 -1.002375 -3.136500
v -9.982436 -1.002375 -4.134860
v -9.529080 -1.002375 -5.093400
v -8.983955 -1.002375 -6.002887
v -8.352309 -1.002375 -6.854563
v -7.640226 -1.002375 -7.640226
v -6.854563 -1.002375 -8.352309
v -6.002887 -1.002375 -8.983955
v -5.093400 -1.002375 -9.529080
v -4.134860 -1.002375 -9.982436
v -3.136500 -1.002375 -10.339655
v -2.107933 -1.002375 -10.597297
v -1.059066 -1.002375 -10.752882
v -0.000000 -1.002375 -10.804911
v 1.059066 -1.002375 -10.752882
v 2.107933 -1.002375 -10.597297
v 3.136500 -1.002375 -10.339655
v 4.134860 -1.002375 -9.982436
v 5.093400 -1.002375 -9.529080
v 6.002887 -1.002375 -8.983955
v 6.854563 -1.002375 -8.352309
v 7.640226 -1.002375 -7.640226
v 8.352309 -1.002375 -6.854563
v 8.983955 -1.002375 -6.002887
v 9.529080 -1.002375 -5.093400
v 9.982436 -1.002375 -4.134860
v 10.339655 -1.002375 -3.136500
v 10.597297 -1.002375 -2.107933
v 10.752882 -1.002375 -1.059066
v 10.650704 -1.336500 0.000000
v 10.599418 -1.336500 1.043952
v 10.446054 -1.336500 2.077849
v 10.192088 -1.336500 3.091736
v 9.839968 -1.336500 4.075848
v 9.393083 -1.336500 5.020707
v 8.855737 -1.336500 5.917214
v 8.233106 -1.336500 6.756735
v 7.531185 -1.336500 7.531185
v 6.756735 -1.336500 8.233106
v 5.917214 -1.336500 8.855737
v 5.020707 -1.336500 9.393083
v 4.075848 -1.336500 9.839968
v 3.091736 -1.336500 10.192088
v 2.077849 -1.336500 10.446054
v 1.043952 -1.336500 10.599418
v 0.000000 -1.336500 10.650704
v -1.043952 -1.336500 10.599418
v -2.077849 -1.336500 10.446054
v -3.091736 -1.336500 10.192088
v -4.075848 -1.336500 9.839968
v -5.020707 -1.336500 9.393083
v -5.917214 -1.336500 8.855737
v -6.756735 -1.336500 8.233106
v -7.531185 -1.336500 7.531185
v -8.233106 -1.336500 6.756735
v -8.855737 -1.336500 5.917214
v -9.393083 -1.336500 5.020707
v -9.839968 -1.336500 4.075848
v -10.192088 -1.336500 3.091736
v -10.446054 -1.336500 2.077849
v -10.599418 -1.336500 1.043952
v -10.650704 -1.336500 0.000000
v -10.599418 -1.336500 -1.043952
v -10.446054 -1.336500 -2.077849
v -10.192088 -1.336500 -3.091736
v -9.839968 -1.336500 -4.075848
v -9.393083 -1.336500 -5.020707
v -8.855737 -1.336500 -5.917214
v -8.233106 -1.336500 -6.756735
v -7.531185 -1.336500 -7.531185
v -6.756735 -1.336500 -8.233106
v -5.917214 -1.336500 -8.855737
v -5.020707 -1.336500 -9.393083
v -4.075848 -1.336500 -9.839968
v -3.091736 -1.336500 -10.192088
v -2.077849 -1.336500 -10.446054
v -1.043952 -1.336500 -10.599418
v -0.000000 -1.336500 -10.650704
v 1.043952 -1.336500 -10.599418
v 2.077849 -1.336500 -10.446054
v 3.091736 -1.336500 -10.192088
v 4.075848 -1.336500 -9.839968
v 5.020707 -1.336500 -9.393083
v 5.917214 -1.336500 -8.855737
v 6.756735 -1.336500 -8.233106
v 7.531185 -1.336500 -7.531185
v 8.233106 -1.336500 -6.756735
v 8.855737 -1.336500 -5.917214
v 9.393083 -1.336500 -5.020707
v 9.839968 -1.336500 -4.075848
v 10.192088 -1.336500 -3.091736
v 10.446054 -1.336500 -2.077849
v 10.599418 -1.336500 -1.043952
v 10.449095 -1.670625 0.000000
v 10.398780 -1.670625 1.024190
v 10.248319 -1.670625 2.038517
v 9.999161 -1.670625 3.033212
v 9.653705 -1.670625 3.998696
v 9.215279 -1.670625 4.925669
v 8.688105 -1.670625 5.805206
v 8.077260 -1.670625 6.628836
v 7.388626 -1.670625 7.388626
v 6.628836 -1.670625 8.077260
v 5.805206 -1.670625 8.688105
v 4.925669 -1.670625 9.215279
v 3.998696 -1.670625 9.653705
v 3.033212 -1.670625 9.999161
v 2.038517 -1.670625 10.248319
v 1.024190 -1.670625 10.398780
v 0.000000 -1.670625 10.449095
v -1.024190 -1.670625 10.398780
v -2.038517 -1.670625 10.248319
v -3.033212 -1.670625 9.999161
v -3.998696 -1.670625 9.653705
v -4.925669 -1.670625 9.215279
v -5.805206 -1.670625 8.688105
v -6.628836 -1.670625 8.077260
v -7.388626 -1.670625 7.388626
v -8.077260 -1.670625 6.628836
v -8.688105 -1.670625 5.805206
v -9.215279 -1.670625 4.925669
v -9.653705 -1.670625 3.998696
v -9.999161 -1.670625 3.033212
v -10.248319 -1.670625 2.038517
v -10.398780 -1.670625 1.024190
v -10.449095 -1.670625 0.000000
v -10.398780 -1.670625 -1.024190
v -10.248319 -1.670625 -2.038517
v -9.999161 -1.670625 -3.033212
v -9.653705 -1.670625 -3.998696
v -9.215279 -1.670625 -4.925669
v -8.688105 -1.670625 -5.805206
v -8.077260 -1.670625 -6.628836
v -7.388626 -1.670625 -7.388626
v -6.628836 -1.670625 -8.077260
v -5.805206 -1.670625 -8.688105
v -4.925669 -1.670625 -9.215279
v -3.998696 -1.670625 -9.653705
v -3.033212 -1.670625 -9.999161
v -2.038517 -1.670625 -10.248319
v -1.024190 -1.670625 -10.398780
v -0.000000 -1.670625 -10.449095
v 1.024190 -1.670625 -10.398780
v 2.038517 -1.670625 -10.248319
v 3.033212 -1.670625 -9.999161
v 3.998696 -1.670625 -9.653705
v 4.925669 -1.670625 -9.215279
v 5.805206 -1.670625 -8.688105
v 6.628836 -1.670625 -8.077260
v 7.388626 -1.670625 -7.388626
v 8.077260 -1.670625 -6.628836
v 8.688105 -1.670625 -5.805206
v 9.215279 -1.670625 -4.925669
v 9.653705 -1.670625 -3.998696
v 9.999161 -1.670625 -3.033212
v 10.248319 -1.670625 -2.038517
v 10.398780 -1.670625 -1.024190
v 10.197273 -2.004750 0.000000
v 10.148170 -2.004750 0.999508
v 10.001335 -2.004750 1.989389
v 9.758182 -2.004750 2.960112
v 9.421052 -2.004750 3.902327
v 8.993192 -2.004750 4.806961
v 8.478723 -2.004750 5.665301
v 7.882599 -2.004750 6.469081
v 7.210561 -2.004750 7.210561
v 6.469081 -2.004750 7.882599
v 5.665301 -2.004750 8.478723
v 4.806961 -2.004750 8.993192
v 3.902327 -2.004750 9.421052
v 2.960112 -2.004750 9.758182
v 1.989389 -2.004750 10.001335
v 0.999508 -2.004750 10.148170
v 0.000000 -2.004750 10.197273
v -0.999508 -2.004750 10.148170
v -1.989389 -2.004750 10.001335
v -2.960112 -2.004750 9.758182
v -3.902327 -2.004750 9.421052
v -4.806961 -2.004750 8.993192
v -5.665301 -2.004750 8.478723
v -6.469081 -2.004750 7.882599
v -7.210561 -2.004750 7.210561
v -7.882599 -2.004750 6.469081
v -8.478723 -2.004750 5.665301
v -8.993192 -2.004750 4.806961
v -9.421052 -2.004750 3.902327
v -9.758182 -2.004750 2.960112
v -10.001335 -2.004750 1.989389
v -10.148170 -2.004750 0.999508
v -10.197273 -2.004750 0.000000
v -10.148170 -2.004750 -0.999508
v -10.001335 -2.004750 -1.989389
v -9.758182 -2.004750 -2.960112
v -9.421052 -2.004750 -3.902327
v -8.993192 -2.004750 -4.806961
v -8.478723 -2.004750 -5.665301
v -7.882599 -2.004750 -6.469081
v -7.210561 -2.004750 -7.210561
v -6.469081 -2.004750 -7.882599
v -5.665301 -2.004750 -8.478723
v -4.806961 -2.004750 -8.993192
v -3.902327 -2.004750 -9.421052
v -2.960112 -2.004750 -9.758182
v -1.989389 -2.004750 -10.001335
v -0.999508 -2.004750 -10.148170
v -0.000000 -2.004750 -10.197273
v 0.999508 -2.004750 -10.148170
v 1.989389 -2.004750 -10.001335
v 2.960112 -2.004750 -9.758182
v 3.902327 -2.004750 -9.421052
v 4.806961 -2.004750 -8.993192
v 5.665301 -2.004750 -8.478723
v 6.469081 -2.004750 -7.882599
v 7.210561 -2.004750 -7.210561
v 7.882599 -2.004750 -6.469081
v 8.478723 -2.004750 -5.665301
v 8.993192 -2.004750 -4.806961
v 9.421052 -2.004750 -3.902327
v 9.758182 -2.004750 -2.960112
v 10.001335 -2.004750 -1.989389
v 10.148170 -2.004750 -0.999508
v 9.891403 -2.338875 0.000000
v 9.843773 -2.338875 0.969527
v 9.701342 -2.338875 1.929717
v 9.465482 -2.338875 2.871323
v 9.138464 -2.338875 3.785276
v 8.723438 -2.338875 4.662775
v 8.224401 -2.338875 5.495369
v 7.646158 -2.338875 6.275039
v 6.994278 -2.338875 6.994278
v 6.275039 -2.338875 7.646158
v 5.495369 -2.338875 8.224401
v 4.662775 -2.338875 8.723438
v 3.785276 -2.338875 9.138464
v 2.871323 -2.338875 9.465482
v 1.929717 -2.338875 9.701342
v 0.969527 -2.338875 9.843773
v 0.000000 -2.338875 9.891403
v -0.969527 -2.338875 9.843773
v -1.929717 -2.338875 9.701342
v -2.871323 -2.338875 9.465482
v -3.785276 -2.338875 9.138464
v -4.662775 -2.338875 8.723438
v -5.495369 -2.338875 8.224401
v -6.275039 -2.338875 7.646158
v -6.994278 -2.338875 6.994278
v -7.646158 -2.338875 6.275039
v -8.224401 -2.338875 5.495369
v -8.723438 -2.338875 4.662775
v -9.138464 -2.338875 3.785276
v -9.465482 -2.338875 2.871323
v -9.701342 -2.338875 1.929717
v -9.843773 -2.338875 0.969527
v -9.891403 -2.338875 0.000000
v -9.843773 -2.338875 -0.969527
v -9.701342 -2.338875 -1.929717
v -9.465482 -2.338875 -2.871323
v -9.138464 -2.338875 -3.785276
v -8.723438 -2.338875 -4.662775
v -8.224401 -2.338875 -5.495369
v -7.646158 -2.338875 -6.275039
v -6.994278 -2.338875 -6.994278
v -6.275039 -2.338875 -7.646158
v -5.495369 -2.338875 -8.224401
v -4.662775 -2.338875 -8.723438
v -3.785276 -2.338875 -9.138464
v -2.871323 -2.338875 -9.465482
v -1.929717 -2.338875 -9.701342
v -0.969527 -2.338875 -9.843773
v -0.000000 -2.338875 -9.891403
v 0.969527 -2.338875 -9.843773
v 1.929717 -2.338875 -9.701342
v 2.871323 -2.338875 -9.465482
v 3.785276 -2.338875 -9.138464
v 4.662775 -2.338875 -8.723438
v 5.495369 -2.338875 -8.224401
v 6.275039 -2.338875 -7.646158
v 6.994278 -2.338875 -6.994278
v 7.646158 -2.338875 -6.275039
v 8.224401 -2.338875 -5.495369
v 8.723438 -2.338875 -4.662775
v 9.138464 -2.338875 -3.785276
v 9.465482 -2.338875 -2.871323
v 9.701342 -2.338875 -1.929717
v 9.843773 -2.338875 -0.969527
v 9.526279 -2.673000 0.000000
v 9.480408 -2.673000 0.933739
v 9.343235 -2.673000 1.858485
v 9.116081 -2.673000 2.765333
v 8.801135 -2.673000 3.645549
v 8.401428 -2.673000 4.490657
v 7.920812 -2.673000 5.292517
v 7.363914 -2.673000 6.043408
v 6.736097 -2.673000 6.736097
v 6.043408 -2.673000 7.363914
v 5.292517 -2.673000 7.920812
v 4.490657 -2.673000 8.401428
v 3.645549 -2.673000 8.801135
v 2.765333 -2.673000 9.116081
v 1.858485 -2.673000 9.343235
v 0.933739 -2.673000 9.480408
v 0.000000 -2.673000 9.526279
v -0.933739 -2.673000 9.480408
v -1.858485 -2.673000 9.343235
v -2.765333 -2.673000 9.116081
v -3.645549 -2.673000 8.801135
v -4.490657 -2.673000 8.401428
v -5.292517 -2.673000 7.920812
v -6.043408 -2.673000 7.363914
v -6.736097 -2.673000 6.736097
v -7.363914 -2.673000 6.043408
v -7.920812 -2.673000 5.292517
v -8.401428 -2.673000 4.490657
v -8.801135 -2.673000 3.645549
v -9.116081 -2.673000 2.765333
v -9.343235 -2.673000 1.858485
v -9.480408 -2.673000 0.933739
v -9.526279 -2.673000 0.000000
v -9.480408 -2.673000 -0.933739
v -9.343235 -2.673000 -1.858485
v -9.116081 -2.673000 -2.765333
v -8.801135 -2.673000 -3.645549
v -8.401428 -2.673000 -4.490657
v -7.920812 -2.673000 -5.292517
v -7.363914 -2.673000 -6.043408
v -6.736097 -2.673000 -6.736097
v -6.043408 -2.673000 -7.363914
v -5.292517 -2.673000 -7.920812
v -4.490657 -2.673000 -8.401428
v -3.645549 -2.673000 -8.801135
v -2.765333 -2.673000 -9.116081
v -1.858485 -2.673000 -9.343235
v -0.933739 -2.673000 -9.480408
v -0.000000 -2.673000 -9.526279
v 0.933739 -2.673000 -9.480408
v 1.858485 -2.673000 -9.343235
v 2.765333 -2.673000 -9.116081
v 3.645549 -2.673000 -8.801135
v 4.490657 -2.673000 -8.401428
v 5.292517 -2.673000 -7.920812
v 6.043408 -2.673000 -7.363914
v 6.736097 -2.673000 -6.736097
v 7.363914 -2.673000 -6.043408
v 7.920812 -2.673000 -5.292517
v 8.401428 -2.673000 -4.490657
v 8.801135 -2.673000 -3.645549
v 9.116081 -2.673000 -2.765333
v 9.343235 -2.673000 -1.858485
v 9.480408 -2.673000 -0.933739
v 9.094770 -3.007125 0.000000
v 9.050976 -3.007125 0.891443
v 8.920017 -3.007125 1.774302
v 8.703152 -3.007125 2.640072
v 8.402472 -3.007125 3.480418
v 8.020871 -3.007125 4.287245
v 7.562025 -3.007125 5.052784
v 7.030352 -3.007125 5.769661
v 6.430974 -3.007125 6.430974
v 5.769661 -3.007125 7.030352
v 5.052784 -3.007125 7.562025
v 4.287245 -3.007125 8.020871
v 3.480418 -3.007125 8.402472
v 2.640072 -3.007125 8.703152
v 1.774302 -3.007125 8.920017
v 0.891443 -3.007125 9.050976
v 0.000000 -3.007125 9.094770
v -0.891443 -3.007125 9.050976
v -1.774302 -3.007125 8.920017
v -2.640072 -3.007125 8.703152
v -3.480418 -3.007125 8.402472
v -4.287245 -3.007125 8.020871
v -5.052784 -3.007125 7.562025
v -5.769661 -3.007125 7.030352
v -6.430974 -3.007125 6.430974
v -7.030352 -3.007125 5.769661
v -7.562025 -3.007125 5.052784
v -8.020871 -3.007125 4.287245
v -8.402472 -3.007125 3.480418
v -8.703152 -3.007125 2.640072
v -8.920017 -3.007125 1.774302
v -9.050976 -3.007125 0.891443
v -9.094770 -3.007125 0.000000
v -9.050976 -3.007125 -0.891443
v -8.920017 -3.007125 -1.774302
v -8.703152 -3.007125 -2.640072
v -8.402472 -3.007125 -3.480418
v -8.020871 -3.007125 -4.287245
v -7.562025 -3.007125 -5.052784
v -7.030352 -3.007125 -5.769661
v -6.430974 -3.007125 -6.430974
v -5.769661 -3.007125 -7.030352
v -5.052784 -3.007125 -7.562025
v -4.287245 -3.007125 -8.020871
v -3.480418 -3.007125 -8.402472
v -2.640072 -3.007125 -8.703152
v -1.774302 -3.007125 -8.920017
v -0.891443 -3.007125 -9.050976
v -0.000000 -3.007125 -9.094770
v 0.891443 -3.007125 -9.050976
v 1.774302 -3.007125 -8.920017
v 2.640072 -3.007125 -8.703152
v 3.480418 -3.007125 -8.402472
v 4.287245 -3.007125 -8.020871
v 5.052784 -3.007125 -7.562025
v 5.769661 -3.007125 -7.030352
v 6.430974 -3.007125 -6.430974
v 7.030352 -3.007125 -5.769661
v 7.562025 -3.007125 -5.052784
v 8.020871 -3.007125 -4.287245
v 8.402472 -3.007125 -3.480418
v 8.703152 -3.007125 -2.640072
v 8.920017 -3.007125 -1.774302
v 9.050976 -3.007125 -0.891443
v 8.586872 -3.341250 0.000000
v 8.545524 -3.341250 0.841661
v 8.421878 -3.341250 1.675216
v 8.217124 -3.341250 2.492637
v 7.933236 -3.341250 3.286054
v 7.572945 -3.341250 4.047824
v 7.139723 -3.341250 4.770611
v 6.637742 -3.341250 5.447454
v 6.071836 -3.341250 6.071836
v 5.447454 -3.341250 6.637742
v 4.770611 -3.341250 7.139723
v 4.047824 -3.341250 7.572945
v 3.286054 -3.341250 7.933236
v 2.492637 -3.341250 8.217124
v 1.675216 -3.341250 8.421878
v 0.841661 -3.341250 8.545524
v 0.000000 -3.341250 8.586872
v -0.841661 -3.341250 8.545524
v -1.675216 -3.341250 8.421878
v -2.492637 -3.341250 8.217124
v -3.286054 -3.341250 7.933236
v -4.047824 -3.341250 7.572945
v -4.770611 -3.341250 7.139723
v -5.447454 -3.341250 6.637742
v -6.071836 -3.341250 6.071836
v -6.637742 -3.341250 5.447454
v -7.139723 -3.341250 4.770611
v -7.572945 -3.341250 4.047824
v -7.933236 -3.341250 3.286054
v -8.217124 -3.341250 2.492637
v -8.421878 -3.341250 1.675216
v -8.545524 -3.341250 0.841661
v -8.586872 -3.341250 0.000000
v -8.545524 -3.341250 -0.841661
v -8.421878 -3.341250 -1.675216
v -8.217124 -3.341250 -2.492637
v -7.933236 -3.341250 -3.286054
v -7.572945 -3.341250 -4.047824
v -7.139723 -3.341250 -4.770611
v -6.637742 -3.341250 -5.447454
v -6.071836 -3.341250 -6.071836
v -5.447454 -3.341250 -6.637742
v -4.770611 -3.341250 -7.139723
v -4.047824 -3.341250 -7.572945
v -3.286054 -3.341250 -7.933236
v -2.492637 -3.341250 -8.217124
v -1.675216 -3.341250 -8.421878
v -0.841661 -3.341250 -8.545524
v -0.000000 -3.341250 -8.586872
v 0.841661 -3.341250 -8.545524
v 1.675216 -3.341250 -8.421878
v 2.492637 -3.341250 -8.217124
v 3.286054 -3.341250 -7.933236
v 4.047824 -3.341250 -7.572945
v 4.770611 -3.341250 -7.139723
v 5.447454 -3.341250 -6.637742
v 6.071836 -3.341250 -6.071836
v 6.637742 -3.341250 -5.447454
v 7.139723 -3.341250 -4.770611
v 7.572945 -3.341250 -4.047824
v 7.933236 -3.341250 -3.286054
v 8.217124 -3.341250 -2.492637
v 8.421878 -3.341250 -1.675216
v 8.545524 -3.341250 -0.841661
v 7.988028 -3.675375 0.000000
v 7.949564 -3.675375 0.782964
v 7.834540 -3.675375 1.558387
v 7.644066 -3.675375 2.318802
v 7.379976 -3.675375 3.056886
v 7.044812 -3.675375 3.765530
v 6.641803 -3.675375 4.437911
v 6.174829 -3.675375 5.067551
v 5.648389 -3.675375 5.648389
v 5.067551 -3.675375 6.174829
v 4.437911 -3.675375 6.641803
v 3.765530 -3.675375 7.044812
v 3.056886 -3.675375 7.379976
v 2.318802 -3.675375 7.644066
v 1.558387 -3.675375 7.834540
v 0.782964 -3.675375 7.949564
v 0.000000 -3.675375 7.988028
v -0.782964 -3.675375 7.949564
v -1.558387 -3.675375 7.834540
v -2.318802 -3.675375 7.644066
v -3.056886 -3.675375 7.379976
v -3.765530 -3.675375 7.044812
v -4.437911 -3.675375 6.641803
v -5.067551 -3.675375 6.174829
v -5.648389 -3.675375 5.648389
v -6.174829 -3.675375 5.067551
v -6.641803 -3.675375 4.437911
v -7.044812 -3.675375 3.765530
v -7.379976 -3.675375 3.056886
v -7.644066 -3.675375 2.318802
v -7.834540 -3.675375 1.558387
v -7.949564 -3.675375 0.782964
v -7.988028 -3.675375 0.000000
v -7.949564 -3.675375 -0.782964
v -7.834540 -3.675375 -1.558387
v -7.644066 -3.675375 -2.318802
v -7.379976 -3.675375 -3.056886
v -7.044812 -3.675375 -3.765530
v -6.641803 -3.675375 -4.437911
v -6.174829 -3.675375 -5.067551
v -5.648389 -3.675375 -5.648389
v -5.067551 -3.675375 -6.174829
v -4.437911 -3.675375 -6.641803
v -3.765530 -3.675375 -7.044812
v -3.056886 -3.675375 -7.379976
v -2.318802 -3.675375 -7.644066
v -1.558387 -3.675375 -7.834540
v -0.782964 -3.675375 -7.949564
v -0.000000 -3.675375 -7.988028
v 0.782964 -3.675375 -7.949564
v 1.558387 -3.675375 -7.834540
v 2.318802 -3.675375 -7.644066
v 3.056886 -3.675375 -7.379976
v 3.765530 -3.675375 -7.044812
v 4.437911 -3.675375 -6.641803
v 5.067551 -3.675375 -6.174829
v 5.648389 -3.675375 -5.648389
v 6.174829 -3.675375 -5.067551
v 6.641803 -3.675375 -4.437911
v 7.044812 -3.675375 -3.765530
v 7.379976 -3.675375 -3.056886
v 7.644066 -3.675375 -2.318802
v 7.834540 -3.675375 -1.558387
v 7.949564 -3.675375 -0.782964
v 7.275816 -4.009500 0.000000
v 7.240781 -4.009500 0.713155
v 7.136013 -4.009500 1.419441
v 6.962522 -4.009500 2.112058
v 6.721978 -4.009500 2.784334
v 6.416697 -4.009500 3.429796
v 6.049620 -4.009500 4.042227
v 5.624282 -4.009500 4.615729
v 5.144779 -4.009500 5.144779
v 4.615729 -4.009500 5.624282
v 4.042227 -4.009500 6.049620
v 3.429796 -4.009500 6.416697
v 2.784334 -4.009500 6.721978
v 2.112058 -4.009500 6.962522
v 1.419441 -4.009500 7.136013
v 0.713155 -4.009500 7.240781
v 0.000000 -4.009500 7.275816
v -0.713155 -4.009500 7.240781
v -1.419441 -4.009500 7.136013
v -2.112058 -4.009500 6.962522
v -2.784334 -4.009500 6.721978
v -3.429796 -4.009500 6.416697
v -4.042227 -4.009500 6.049620
v -4.615729 -4.009500 5.624282
v -5.144779 -4.009500 5.144779
v -5.624282 -4.009500 4.615729
v -6.049620 -4.009500 4.042227
v -6.416697 -4.009500 3.429796
v -6.721978 -4.009500 2.784334
v -6.962522 -4.009500 2.112058
v -7.136013 -4.009500 1.419441
v -7.240781 -4.009500 0.713155
v -7.275816 -4.009500 0.000000
v -7.240781 -4.009500 -0.713155
v -7.136013 -4.009500 -1.419441
v -6.962522 -4.009500 -2.112058
v -6.721978 -4.009500 -2.784334
v -6.416697 -4.009500 -3.429796
v -6.049620 -4.009500 -4.042227
v -5.624282 -4.009500 -4.615729
v -5.144779 -4.009500 -5.144779
v -4.615729 -4.009500 -5.624282
v -4.042227 -4.009500 -6.049620
v -3.429796 -4.009500 -6.416697
v -2.784334 -4.009500 -6.721978
v -2.112058 -4.009500 -6.962522
v -1.419441 -4.009500 -7.136013
v -0.713155 -4.009500 -7.240781
v -0.000000 -4.009500 -7.275816
v 0.713155 -4.009500 -7.240781
v 1.419441 -4.009500 -7.136013
v 2.112058 -4.009500 -6.962522
v 2.784334 -4.009500 -6.721978
v 3.429796 -4.009500 -6.416697
v 4.042227 -4.009500 -6.049620
v 4.615729 -4.009500 -5.624282
v 5.144779 -4.009500 -5.144779
v 5.624282 -4.009500 -4.615729
v 6.049620 -4.009500 -4.042227
v 6.416697 -4.009500 -3.429796
v 6.721978 -4.009500 -2.784334
v 6.962522 -4.009500 -2.112058
v 7.136013 -4.009500 -1.419441
v 7.240781 -4.009500 -0.713155
v 6.412573 -4.343625 0.000000
v 6.381695 -4.343625 0.628542
v 6.289357 -4.343625 1.251031
v 6.136450 -4.343625 1.861472
v 5.924445 -4.343625 2.453985
v 5.655385 -4.343625 3.022866
v 5.331860 -4.343625 3.562635
v 4.956986 -4.343625 4.068093
v 4.534374 -4.343625 4.534374
v 4.068093 -4.343625 4.956986
v 3.562635 -4.343625 5.331860
v 3.022866 -4.343625 5.655385
v 2.453985 -4.343625 5.924445
v 1.861472 -4.343625 6.136450
v 1.251031 -4.343625 6.289357
v 0.628542 -4.343625 6.381695
v 0.000000 -4.343625 6.412573
v -0.628542 -4.343625 6.381695
v -1.251031 -4.343625 6.289357
v -1.861472 -4.343625 6.136450
v -2.453985 -4.343625 5.924445
v -3.022866 -4.343625 5.655385
v -3.562635 -4.343625 5.331860
v -4.068093 -4.343625 4.956986
v -4.534374 -4.343625 4.534374
v -4.956986 -4.343625 4.068093
v -5.331860 -4.343625 3.562635
v -5.655385 -4.343625 3.022866
v -5.924445 -4.343625 2.453985
v -6.136450 -4.343625 1.861472
v -6.289357 -4.343625 1.251031
v -6.381695 -4.343625 0.628542
v -6.412573 -4.343625 0.000000
v -6.381695 -4.343625 -0.628542
v -6.289357 -4.343625 -1.251031
v -6.136450 -4.343625 -1.861472
v -5.924445 -4.343625 -2.453985
v -5.655385 -4.343625 -3.022866
v -5.331860 -4.343625 -3.562635
v -4.956986 -4.343625 -4.068093
v -4.534374 -4.343625 -4.534374
v -4.068093 -4.343625 -4.956986
v -3.562635 -4.343625 -5.331860
v -3.022866 -4.343625 -5.655385
v -2.453985 -4.343625 -5.924445
v -1.861472 -4.343625 -6.136450
v -1.251031 -4.343625 -6.289357
v -0.628542 -4.343625 -6.381695
v -0.000000 -4.343625 -6.412573
v 0.628542 -4.343625 -6.381695
v 1.251031 -4.343625 -6.289357
v 1.861472 -4.343625 -6.136450
v 2.453985 -4.343625 -5.924445
v 3.022866 -4.343625 -5.655385
v 3.562635 -4.343625 -5.331860
v 4.068093 -4.343625 -4.956986
v 4.534374 -4.343625 -4.534374
v 4.956986 -4.343625 -4.068093
v 5.331860 -4.343625 -3.562635
v 5.655385 -4.343625 -3.022866
v 5.924445 -4.343625 -2.453985
v 6.136450 -4.343625 -1.861472
v 6.289357 -4.343625 -1.251031
v 6.381695 -4.343625 -0.628542
v 5.325352 -4.677750 0.000000
v 5.299709 -4.677750 0.521976
v 5.223027 -4.677750 1.038925
v 5.096044 -4.677750 1.545868
v 4.919984 -4.677750 2.037924
v 4.696541 -4.677750 2.510354
v 4.427868 -4.677750 2.958607
v 4.116553 -4.677750 3.378368
v 3.765593 -4.677750 3.765593
v 3.378368 -4.677750 4.116553
v 2.958607 -4.677750 4.427868
v 2.510354 -4.677750 4.696541
v 2.037924 -4.677750 4.919984
v 1.545868 -4.677750 5.096044
v 1.038925 -4.677750 5.223027
v 0.521976 -4.677750 5.299709
v 0.000000 -4.677750 5.325352
v -0.521976 -4.677750 5.299709
v -1.038925 -4.677750 5.223027
v -1.545868 -4.677750 5.096044
v -2.037924 -4.677750 4.919984
v -2.510354 -4.677750 4.696541
v -2.958607 -4.677750 4.427868
v -3.378368 -4.677750 4.116553
v -3.765593 -4.677750 3.765593
v -4.116553 -4.677750 3.378368
v -4.427868 -4.677750 2.958607
v -4.696541 -4.677750 2.510354
v -4.919984 -4.677750 2.037924
v -5.096044 -4.677750 1.545868
v -5.223027 -4.677750 1.038925
v -5.299709 -4.677750 0.521976
v -5.325352 -4.677750 0.000000
v -5.299709 -4.677750 -0.521976
v -5.223027 -4.677750 -1.038925
v -5.096044 -4.677750 -1.545868
v -4.919984 -4.677750 -2.037924
v -4.696541 -4.677750 -2.510354
v -4.427868 -4.677750 -2.958607
v -4.116553 -4.677750 -3.378368
v -3.765593 -4.677750 -3.765593
v -3.378368 -4.677750 -4.116553
v -2.958607 -4.677750 -4.427868
v -2.510354 -4.677750 -4.696541
v -2.037924 -4.677750 -4.919984
v -1.545868 -4.677750 -5.096044
v -1.038925 -4.677750 -5.223027
v -0.521976 -4.677750 -5.299709
v -0.000000 -4.677750 -5.325352
v 0.521976 -4.677750 -5.299709
v 1.038925 -4.677750 -5.223027
v 1.545868 -4.677750 -5.096044
v 2.037924 -4.677750 -4.919984
v 2.510354 -4.677750 -4.696541
v 2.958607 -4.677750 -4.427868
v 3.378368 -4.677750 -4.116553
v 3.765593 -4.677750 -3.765593
v 4.116553 -4.677750 -3.378368
v 4.427868 -4.677750 -2.958607
v 4.696541 -4.677750 -2.510354
v 4.919984 -4.677750 -2.037924
v 5.096044 -4.677750 -1.545868
v 5.223027 -4.677750 -1.038925
v 5.299709 -4.677750 -0.521976
v 3.827838 -5.011875 0.000000
v 3.809406 -5.011875 0.375194
v 3.754287 -5.011875 0.746774
v 3.663013 -5.011875 1.111163
v 3.536461 -5.011875 1.464850
v 3.375852 -5.011875 1.804430
v 3.182731 -5.011875 2.126633
v 2.958959 -5.011875 2.428355
v 2.706690 -5.011875 2.706690
v 2.428355 -5.011875 2.958959
v 2.126633 -5.011875 3.182731
v 1.804430 -5.011875 3.375852
v 1.464850 -5.011875 3.536461
v 1.111163 -5.011875 3.663013
v 0.746774 -5.011875 3.754287
v 0.375194 -5.011875 3.809406
v 0.000000 -5.011875 3.827838
v -0.375194 -5.011875 3.809406
v -0.746774 -5.011875 3.754287
v -1.111163 -5.011875 3.663013
v -1.464850 -5.011875 3.536461
v -1.804430 -5.011875 3.375852
v -2.126633 -5.011875 3.182731
v -2.428355 -5.011875 2.958959
v -2.706690 -5.011875 2.706690
v -2.958959 -5.011875 2.428355
v -3.182731 -5.011875 2.126633
v -3.375852 -5.011875 1.804430
v -3.536461 -5.011875 1.464850
v -3.663013 -5.011875 1.111163
v -3.754287 -5.011875 0.746774
v -3.809406 -5.011875 0.375194
v -3.827838 -5.011875 0.000000
v -3.809406 -5.011875 -0.375194
v -3.754287 -5.011875 -0.746774
v -3.663013 -5.011875 -1.111163
v -3.536461 -5.011875 -1.464850
v -3.375852 -5.011875 -1.804430
v -3.182731 -5.011875 -2.126633
v -2.958959 -5.011875 -2.428355
v -2.706690 -5.011875 -2.706690
v -2.428355 -5.011875 -2.958959
v -2.126633 -5.011875 -3.182731
v -1.804430 -5.011875 -3.375852
v -1.464850 -5.011875 -3.536461
v -1.111163 -5.011875 -3.663013
v -0.746774 -5.011875 -3.754287
v -0.375194 -5.011875 -3.809406
v -0.000000 -5.011875 -3.827838
v 0.375194 -5.011875 -3.809406
v 0.746774 -5.011875 -3.754287
v 1.111163 -5.011875 -3.663013
v 1.464850 -5.011875 -3.536461
v 1.804430 -5.011875 -3.375852
v 2.126633 -5.011875 -3.182731
v 2.428355 -5.011875 -2.958959
v 2.706690 -5.011875 -2.706690
v 2.958959 -5.011875 -2.428355
v 3.182731 -5.011875 -2.126633
v 3.375852 -5.011875 -1.804430
v 3.536461 -5.011875 -1.464850
v 3.663013 -5.011875 -1.111163
v 3.754287 -5.011875 -0.746774
v 3.809406 -5.011875 -0.375194
v 0.000000 -5.346000 0.000000
v 0.000000 -5.346000 0.000000
v 0.000000 -5.346000 0.000000
v 0.000000 -5.346000 0.000000
v 0.000000 -5.346000 0.000000
v 0.000000 -5.346000 0.000000
v 0.000000 -5.346000 0.000000
v 0.000000 -5.346000 0.000000
v 0.000000 -5.346000 0.000000
v 0.000000 -5.346000 0.000000
v 0.000000 -5.346000 0.000000
v 0.000000 -5.346000 0.000000
v 0.000000 -5.346000 0.000000
v 0.000000 -5.346000 0.000000
v 0.000000 -5.346000 0.000000
v 0.000000 -5.346000 0.000000
v 0.000000 -5.346000 0.000000
v -0.000000 -5.346000 0.000000
v -0.000000 -5.346000 0.000000
v -0.000000 -5.346000 0.000000
v -0.000000 -5.346000 0.000000
v -0.000000 -5.346000 0.000000
v -0.000000 -5.346000 0.000000
v -0.000000 -5.346000 0.000000
v -0.000000 -5.346000 0.000000
v -0.000000 -5.346000 0.000000
v -0.000000 -5.346000 0.000000
v -0.000000 -5.346000 0.000000
v -0.000000 -5.346000 0.000000
v -0.000000 -5.346000 0.000000
v -0.000000 -5.346000 0.000000
v -0.000000 -5.346000 0.000000
v -0.000000 -5.346000 0.000000
v -0.000000 -5.346000 -0.000000
v -0.000000 -5.346000 -0.000000
v -0.000000 -5.346000 -0.000000
v -0.000000 -5.346000 -0.000000
v -0.000000 -5.346000 -0.000000
v -0.000000 -5.346000 -0.000000
v -0.000000 -5.346000 -0.000000
v -0.000000 -5.346000 -0.000000
v -0.000000 -5.346000 -0.000000
v -0.000000 -5.346000 -0.000000
v -0.000000 -5.346000 -0.000000
v -0.000000 -5.346000 -0.000000
v -0.000000 -5.346000 -0.000000
v -0.000000 -5.346000 -0.000000
v -0.000000 -5.346000 -0.000000
v -0.000000 -5.346000 -0.000000
v 0.000000 -5.346000 -0.000000
v 0.000000 -5.346000 -0.000000
v 0.000000 -5.346000 -0.000000
v 0.000000 -5.346000 -0.000000
v 0.000000 -5.346000 -0.000000
v 0.000000 -5.346000 -0.000000
v 0.000000 -5.346000 -0.000000
v 0.000000 -5.346000 -0.000000
v 0.000000 -5.346000 -0.000000
v 0.000000 -5.346000 -0.000000
v 0.000000 -5.346000 -0.000000
v 0.000000 -5.346000 -0.000000
v 0.000000 -5.346000 -0.000000
v 0.000000 -5.346000 -0.000000
v 0.000000 -5.346000 -0.000000

vt 0.500000 0.500000
vt 0.500000 0.500000
vt 0.500000 0.500000
vt 0.500000 0.500000
vt 0.500000 0.500000
vt 0.500000 0.500000
vt 0.500000 0.500000
vt 0.500000 0.500000
vt 0.500000 0.500000
vt 0.500000 0.500000
vt 0.500000 0.500000
vt 0.500000 0.500000
vt 0.500000 0.500000
vt 0.500000 0.500000
vt 0.500000 0.500000
vt 0.500000 0.500000
vt 0.500000 0.500000
vt 0.500000 0.500000
vt 0.500000 0.500000
vt 0.500000 0.500000
vt 0.500000 0.500000
vt 0.500000 0.500000
vt 0.500000 0.500000
vt 0.500000 0.500000
vt 0.500000 0.500000
vt 0.500000 0.500000
vt 0.500000 0.500000
vt 0.500000 0.500000
vt 0.500000 0.500000
vt 0.500000 0.500000
vt 0.500000 0.500000
vt 0.500000 0.500000
vt 0.500000 0.500000
vt 0.500000 0.500000
vt 0.500000 0.500000
vt 0.500000 0.500000
vt 0.500000 0.500000
vt 0.500000 0.500000
vt 0.500000 0.500000
vt 0.500000 0.500000
vt 0.500000 0.500000
vt 0.500000 0.500000
vt 0.500000 0.500000
vt 0.500000 0.500000
vt 0.500000 0.500000
vt 0.500000 0.500000
vt 0.500000 0.500000
vt 0.500000 0.500000
vt 0.500000 0.500000
vt 0.500000 0.500000
vt 0.500000 0.500000
vt 0.500000 0.500000
vt 0.500000 0.500000
vt 0.500000 0.500000
vt 0.500000 0.500000
vt 0.500000 0.500000
vt 0.500000 0.500000
vt 0.500000 0.500000
vt 0.500000 0.500000
vt 0.500000 0.500000
vt 0.500000 0.500000
vt 0.500000 0.500000
vt 0.500000 0.500000
vt 0.500000 0.500000
vt 0.673993 0.500000
vt 0.673155 0.517054
vt 0.670649 0.533944
vt 0.666501 0.550507
vt 0.660748 0.566584
vt 0.653448 0.582020
vt 0.644670 0.596665
vt 0.634498 0.610380
vt 0.623031 0.623031
vt 0.610380 0.634498
vt 0.596665 0.644670
vt 0.582020 0.653448
vt 0.566584 0.660748
vt 0.550507 0.666501
vt 0.533944 0.670649
vt 0.517054 0.673155
vt 0.500000 0.673993
vt 0.482946 0.673155
vt 0.466056 0.670649
vt 0.449493 0.666501
vt 0.433416 0.660748
vt 0.417980 0.653448
vt 0.403335 0.644670
vt 0.389620 0.634498
vt 0.376969 0.623031
vt 0.365502 0.610380
vt 0.355330 0.596665
vt 0.346552 0.582020
vt 0.339252 0.566584
vt 0.333499 0.550507
vt 0.329351 0.533944
vt 0.326845 0.517054
vt 0.326007 0.500000
vt 0.326845 0.482946
vt 0.329351 0.466056
vt 0.333499 0.449493
vt 0.339252 0.433416
vt 0.346552 0.417980
vt 0.355330 0.403335
vt 0.365502 0.389620
vt 0.376969 0.376969
vt 0.389620 0.365502
vt 0.403335 0.355330
vt 0.417980 0.346552
vt 0.433416 0.339252
vt 0.449493 0.333499
vt 0.466056 0.329351
vt 0.482946 0.326845
vt 0.500000 0.326007
vt 0.517054 0.326845
vt 0.533944 0.329351
vt 0.550507 0.333499
vt 0.566584 0.339252
vt 0.582020 0.346552
vt 0.596665 0.355330
vt 0.610380 0.365502
vt 0.623031 0.376969
vt 0.634498 0.389620
vt 0.644670 0.403335
vt 0.653448 0.417980
vt 0.660748 0.433416
vt 0.666501 0.449493
vt 0.670649 0.466056
vt 0.673155 0.482946
vt 0.742061 0.500000
vt 0.740896 0.523726
vt 0.737410 0.547224
vt 0.731638 0.570267
vt 0.723636 0.592633
vt 0.713479 0.614107
vt 0.701267 0.634482
vt 0.687116 0.653562
vt 0.671163 0.671163
vt 0.653562 0.687116
vt 0.634482 0.701267
vt 0.614107 0.713479
vt 0.592633 0.723636
vt 0.570267 0.731638
vt 0.547224 0.737410
vt 0.523726 0.740896
vt 0.500000 0.742061
vt 0.476274 0.740896
vt 0.452776 0.737410
vt 0.429733 0.731638
vt 0.407367 0.723636
vt 0.385893 0.713479
vt 0.365518 0.701267
vt 0.346438 0.687116
vt 0.328837 0.671163
vt 0.312884 0.653562
vt 0.298733 0.634482
vt 0.286521 0.614107
vt 0.276364 0.592633
vt 0.268362 0.570267
vt 0.262590 0.547224
vt 0.259104 0.523726
vt 0.257939 0.500000
vt 0.259104 0.476274
vt 0.262590 0.452776
vt 0.268362 0.429733
vt 0.276364 0.407367
vt 0.286521 0.385893
vt 0.298733 0.365518
vt 0.312884 0.346438
vt 0.328837 0.328837
vt 0.346438 0.312884
vt 0.365518 0.298733
vt 0.385893 0.286521
vt 0.407367 0.276364
vt 0.429733 0.268362
vt 0.452776 0.262590
vt 0.476274 0.259104
vt 0.500000 0.257939
vt 0.523726 0.259104
vt 0.547224 0.262590
vt 0.570267 0.268362
vt 0.592633 0.276364
vt 0.614107 0.286521
vt 0.634482 0.298733
vt 0.653562 0.312884
vt 0.671163 0.328837
vt 0.687116 0.346438
vt 0.701267 0.365518
vt 0.713479 0.385893
vt 0.723636 0.407367
vt 0.731638 0.429733
vt 0.737410 0.452776
vt 0.740896 0.476274
vt 0.791481 0.500000
vt 0.790077 0.528570
vt 0.785880 0.556865
vt 0.778930 0.584612
vt 0.769293 0.611545
vt 0.757063 0.637403
vt 0.742357 0.661938
vt 0.725318 0.684913
vt 0.706108 0.706108
vt 0.684913 0.725318
vt 0.661938 0.742357
vt 0.637403 0.757063
vt 0.611545 0.769293
vt 0.584612 0.778930
vt 0.556865 0.785880
vt 0.528570 0.790077
vt 0.500000 0.791481
vt 0.471430 0.790077
vt 0.443135 0.785880
vt 0.415388 0.778930
vt 0.388455 0.769293
vt 0.362597 0.757063
vt 0.338062 0.742357
vt 0.315087 0.725318
vt 0.293892 0.706108
vt 0.274682 0.684913
vt 0.257643 0.661938
vt 0.242937 0.637403
vt 0.230707 0.611545
vt 0.221070 0.584612
vt 0.214120 0.556865
vt 0.209923 0.528570
vt 0.208519 0.500000
vt 0.209923 0.471430
vt 0.214120 0.443135
vt 0.221070 0.415388
vt 0.230707 0.388455
vt 0.242937 0.362597
vt 0.257643 0.338062
vt 0.274682 0.315087
vt 0.293892 0.293892
vt 0.315087 0.274682
vt 0.338062 0.257643
vt 0.362597 0.242937
vt 0.388455 0.230707
vt 0.415388 0.221070
vt 0.443135 0.214120
vt 0.471430 0.209923
vt 0.500000 0.208519
vt 0.528570 0.209923
vt 0.556865 0.214120
vt 0.584612 0.221070
vt 0.611545 0.230707
vt 0.637403 0.242937
vt 0.661938 0.257643
vt 0.684913 0.274682
vt 0.706108 0.293892
vt 0.725318 0.315087
vt 0.742357 0.338062
vt 0.757063 0.362597
vt 0.769293 0.388455
vt 0.778930 0.415388
vt 0.785880 0.443135
vt 0.790077 0.471430
vt 0.830719 0.500000
vt 0.829126 0.532416
vt 0.824364 0.564520
vt 0.816478 0.596003
vt 0.805544 0.626561
vt 0.791668 0.655900
vt 0.774983 0.683738
vt 0.755649 0.709806
vt 0.733854 0.733854
vt 0.709806 0.755649
vt 0.683738 0.774983
vt 0.655900 0.791668
vt 0.626561 0.805544
vt 0.596003 0.816478
vt 0.564520 0.824364
vt 0.532416 0.829126
vt 0.500000 0.830719
vt 0.467584 0.829126
vt 0.435480 0.824364
vt 0.403997 0.816478
vt 0.373439 0.805544
vt 0.344100 0.791668
vt 0.316262 0.774983
vt 0.290194 0.755649
vt 0.266146 0.733854
vt 0.244351 0.709806
vt 0.225017 0.683738
vt 0.208332 0.655900
vt 0.194456 0.626561
vt 0.183522 0.596003
vt 0.175636 0.564520
vt 0.170874 0.532416
vt 0.169281 0.500000
vt 0.170874 0.467584
vt 0.175636 0.435480
vt 0.183522 0.403997
vt 0.194456 0.373439
vt 0.208332 0.344100
vt 0.225017 0.316262
vt 0.244351 0.290194
vt 0.266146 0.266146
vt 0.290194 0.244351
vt 0.316262 0.225017
vt 0.344100 0.208332
vt 0.373439 0.194456
vt 0.403997 0.183522
vt 0.435480 0.175636
vt 0.467584 0.170874
vt 0.500000 0.169281
vt 0.532416 0.170874
vt 0.564520 0.175636
vt 0.596003 0.183522
vt 0.626561 0.194456
vt 0.655900 0.208332
vt 0.683738 0.225017
vt 0.709806 0.244351
vt 0.733854 0.266146
vt 0.755649 0.290194
vt 0.774983 0.316262
vt 0.791668 0.344100
vt 0.805544 0.373439
vt 0.816478 0.403997
vt 0.824364 0.435480
vt 0.829126 0.467584
vt 0.863092 0.500000
vt 0.861344 0.535589
vt 0.856115 0.570836
vt 0.847458 0.605400
vt 0.835453 0.638949
vt 0.820219 0.671160
vt 0.801900 0.701723
vt 0.780674 0.730343
vt 0.756745 0.756745
vt 0.730343 0.780674
vt 0.701723 0.801900
vt 0.671160 0.820219
vt 0.638949 0.835453
vt 0.605400 0.847458
vt 0.570836 0.856115
vt 0.535589 0.861344
vt 0.500000 0.863092
vt 0.464411 0.861344
vt 0.429164 0.856115
vt 0.394600 0.847458
vt 0.361051 0.835453
vt 0.328840 0.820219
vt 0.298277 0.801900
vt 0.269657 0.780674
vt 0.243255 0.756745
vt 0.219326 0.730343
vt 0.198100 0.701723
vt 0.179781 0.671160
vt 0.164547 0.638949
vt 0.152542 0.605400
vt 0.143885 0.570836
vt 0.138656 0.535589
vt 0.136908 0.500000
vt 0.138656 0.464411
vt 0.143885 0.429164
vt 0.152542 0.394600
vt 0.164547 0.361051
vt 0.179781 0.328840
vt 0.198100 0.298277
vt 0.219326 0.269657
vt 0.243255 0.243255
vt 0.269657 0.219326
vt 0.298277 0.198100
vt 0.328840 0.179781
vt 0.361051 0.164547
vt 0.394600 0.152542
vt 0.429164 0.143885
vt 0.464411 0.138656
vt 0.500000 0.136908
vt 0.535589 0.138656
vt 0.570836 0.143885
vt 0.605400 0.152542
vt 0.638949 0.164547
vt 0.671160 0.179781
vt 0.701723 0.198100
vt 0.730343 0.219326
vt 0.756745 0.243255
vt 0.780674 0.269657
vt 0.801900 0.298277
vt 0.820219 0.328840
vt 0.835453 0.361051
vt 0.847458 0.394600
vt 0.856115 0.429164
vt 0.861344 0.464411
vt 0.890312 0.500000
vt 0.888433 0.538257
vt 0.882813 0.576146
vt 0.873506 0.613302
vt 0.860602 0.649366
vt 0.844225 0.683992
vt 0.824533 0.716846
vt 0.801716 0.747612
vt 0.775993 0.775993
vt 0.747612 0.801716
vt 0.716846 0.824533
vt 0.683992 0.844225
vt 0.649366 0.860602
vt 0.613302 0.873506
vt 0.576146 0.882813
vt 0.538257 0.888433
vt 0.500000 0.890312
vt 0.461743 0.888433
vt 0.423854 0.882813
vt 0.386698 0.873506
vt 0.350634 0.860602
vt 0.316008 0.844225
vt 0.283154 0.824533
vt 0.252388 0.801716
vt 0.224007 0.775993
vt 0.198284 0.747612
vt 0.175467 0.716846
vt 0.155775 0.683992
vt 0.139398 0.649366
vt 0.126494 0.613302
vt 0.117187 0.576146
vt 0.111567 0.538257
vt 0.109688 0.500000
vt 0.111567 0.461743
vt 0.117187 0.423854
vt 0.126494 0.386698
vt 0.139398 0.350634
vt 0.155775 0.316008
vt 0.175467 0.283154
vt 0.198284 0.252388
vt 0.224007 0.224007
vt 0.252388 0.198284
vt 0.283154 0.175467
vt 0.316008 0.155775
vt 0.350634 0.139398
vt 0.386698 0.126494
vt 0.423854 0.117187
vt 0.461743 0.111567
vt 0.500000 0.109688
vt 0.538257 0.111567
vt 0.576146 0.117187
vt 0.613302 0.126494
vt 0.649366 0.139398
vt 0.683992 0.155775
vt 0.716846 0.175467
vt 0.747612 0.198284
vt 0.775993 0.224007
vt 0.801716 0.252388
vt 0.824533 0.283154
vt 0.844225 0.316008
vt 0.860602 0.350634
vt 0.873506 0.386698
vt 0.882813 0.423854
vt 0.888433 0.461743
vt 0.913399 0.500000
vt 0.911408 0.540520
vt 0.905455 0.580650
vt 0.895598 0.620003
vt 0.881931 0.658201
vt 0.864585 0.694875
vt 0.843728 0.729672
vt 0.819561 0.762257
vt 0.792317 0.792317
vt 0.762257 0.819561
vt 0.729672 0.843728
vt 0.694875 0.864585
vt 0.658201 0.881931
vt 0.620003 0.895598
vt 0.580650 0.905455
vt 0.540520 0.911408
vt 0.500000 0.913399
vt 0.459480 0.911408
vt 0.419350 0.905455
vt 0.379997 0.895598
vt 0.341799 0.881931
vt 0.305125 0.864585
vt 0.270328 0.843728
vt 0.237743 0.819561
vt 0.207683 0.792317
vt 0.180439 0.762257
vt 0.156272 0.729672
vt 0.135415 0.694875
vt 0.118069 0.658201
vt 0.104402 0.620003
vt 0.094545 0.580650
vt 0.088592 0.540520
vt 0.086601 0.500000
vt 0.088592 0.459480
vt 0.094545 0.419350
vt 0.104402 0.379997
vt 0.118069 0.341799
vt 0.135415 0.305125
vt 0.156272 0.270328
vt 0.180439 0.237743
vt 0.207683 0.207683
vt 0.237743 0.180439
vt 0.270328 0.156272
vt 0.305125 0.135415
vt 0.341799 0.118069
vt 0.379997 0.104402
vt 0.419350 0.094545
vt 0.459480 0.088592
vt 0.500000 0.086601
vt 0.540520 0.088592
vt 0.580650 0.094545
vt 0.620003 0.104402
vt 0.658201 0.118069
vt 0.694875 0.135415
vt 0.729672 0.156272
vt 0.762257 0.180439
vt 0.792317 0.207683
vt 0.819561 0.237743
vt 0.843728 0.270328
vt 0.864585 0.305125
vt 0.881931 0.341799
vt 0.895598 0.379997
vt 0.905455 0.419350
vt 0.911408 0.459480
vt 0.933013 0.500000
vt 0.930928 0.542443
vt 0.924692 0.584477
vt 0.914367 0.625697
vt 0.900052 0.665707
vt 0.881883 0.704121
vt 0.860037 0.740569
vt 0.834723 0.774700
vt 0.806186 0.806186
vt 0.774700 0.834723
vt 0.740569 0.860037
vt 0.704121 0.881883
vt 0.665707 0.900052
vt 0.625697 0.914367
vt 0.584477 0.924692
vt 0.542443 0.930928
vt 0.500000 0.933013
vt 0.457557 0.930928
vt 0.415523 0.924692
vt 0.374303 0.914367
vt 0.334293 0.900052
vt 0.295879 0.881883
vt 0.259431 0.860037
vt 0.225300 0.834723
vt 0.193814 0.806186
vt 0.165277 0.774700
vt 0.139963 0.740569
vt 0.118117 0.704121
vt 0.099948 0.665707
vt 0.085633 0.625697
vt 0.075308 0.584477
vt 0.069072 0.542443
vt 0.066987 0.500000
vt 0.069072 0.457557
vt 0.075308 0.415523
vt 0.085633 0.374303
vt 0.099948 0.334293
vt 0.118117 0.295879
vt 0.139963 0.259431
vt 0.165277 0.225300
vt 0.193814 0.193814
vt 0.225300 0.165277
vt 0.259431 0.139963
vt 0.295879 0.118117
vt 0.334293 0.099948
vt 0.374303 0.085633
vt 0.415523 0.075308
vt 0.457557 0.069072
vt 0.500000 0.066987
vt 0.542443 0.069072
vt 0.584477 0.075308
vt 0.625697 0.085633
vt 0.665707 0.099948
vt 0.704121 0.118117
vt 0.740569 0.139963
vt 0.774700 0.165277
vt 0.806186 0.193814
vt 0.834723 0.225300
vt 0.860037 0.259431
vt 0.881883 0.295879
vt 0.900052 0.334293
vt 0.914367 0.374303
vt 0.924692 0.415523
vt 0.930928 0.457557
vt 0.949609 0.500000
vt 0.947444 0.544069
vt 0.940970 0.587714
vt 0.930249 0.630515
vt 0.915385 0.672058
vt 0.896520 0.711944
vt 0.873836 0.749789
vt 0.847553 0.785229
vt 0.817922 0.817922
vt 0.785229 0.847553
vt 0.749789 0.873836
vt 0.711944 0.896520
vt 0.672058 0.915385
vt 0.630515 0.930249
vt 0.587714 0.940970
vt 0.544069 0.947444
vt 0.500000 0.949609
vt 0.455931 0.947444
vt 0.412286 0.940970
vt 0.369485 0.930249
vt 0.327942 0.915385
vt 0.288056 0.896520
vt 0.250211 0.873836
vt 0.214771 0.847553
vt 0.182078 0.817922
vt 0.152447 0.785229
vt 0.126164 0.749789
vt 0.103480 0.711944
vt 0.084615 0.672058
vt 0.069751 0.630515
vt 0.059030 0.587714
vt 0.052556 0.544069
vt 0.050391 0.500000
vt 0.052556 0.455931
vt 0.059030 0.412286
vt 0.069751 0.369485
vt 0.084615 0.327942
vt 0.103480 0.288056
vt 0.126164 0.250211
vt 0.152447 0.214771
vt 0.182078 0.182078
vt 0.214771 0.152447
vt 0.250211 0.126164
vt 0.288056 0.103480
vt 0.327942 0.084615
vt 0.369485 0.069751
vt 0.412286 0.059030
vt 0.455931 0.052556
vt 0.500000 0.050391
vt 0.544069 0.052556
vt 0.587714 0.059030
vt 0.630515 0.069751
vt 0.672058 0.084615
vt 0.711944 0.103480
vt 0.749789 0.126164
vt 0.785229 0.152447
vt 0.817922 0.182078
vt 0.847553 0.214771
vt 0.873836 0.250211
vt 0.896520 0.288056
vt 0.915385 0.327942
vt 0.930249 0.369485
vt 0.940970 0.412286
vt 0.947444 0.455931
vt 0.963512 0.500000
vt 0.961280 0.545432
vt 0.954606 0.590427
vt 0.943554 0.634551
vt 0.928230 0.677379
vt 0.908781 0.718498
vt 0.885396 0.757514
vt 0.858300 0.794049
vt 0.827753 0.827753
vt 0.794049 0.858300
vt 0.757514 0.885396
vt 0.718498 0.908781
vt 0.677379 0.928230
vt 0.634551 0.943554
vt 0.590427 0.954606
vt 0.545432 0.961280
vt 0.500000 0.963512
vt 0.454568 0.961280
vt 0.409573 0.954606
vt 0.365449 0.943554
vt 0.322621 0.928230
vt 0.281502 0.908781
vt 0.242486 0.885396
vt 0.205951 0.858300
vt 0.172247 0.827753
vt 0.141700 0.794049
vt 0.114604 0.757514
vt 0.091219 0.718498
vt 0.071770 0.677379
vt 0.056446 0.634551
vt 0.045394 0.590427
vt 0.038720 0.545432
vt 0.036488 0.500000
vt 0.038720 0.454568
vt 0.045394 0.409573
vt 0.056446 0.365449
vt 0.071770 0.322621
vt 0.091219 0.281502
vt 0.114604 0.242486
vt 0.141700 0.205951
vt 0.172247 0.172247
vt 0.205951 0.141700
vt 0.242486 0.114604
vt 0.281502 0.091219
vt 0.322621 0.071770
vt 0.365449 0.056446
vt 0.409573 0.045394
vt 0.454568 0.038720
vt 0.500000 0.036488
vt 0.545432 0.038720
vt 0.590427 0.045394
vt 0.634551 0.056446
vt 0.677379 0.071770
vt 0.718498 0.091219
vt 0.757514 0.114604
vt 0.794049 0.141700
vt 0.827753 0.172247
vt 0.858300 0.205951
vt 0.885396 0.242486
vt 0.908781 0.281502
vt 0.928230 0.322621
vt 0.943554 0.365449
vt 0.954606 0.409573
vt 0.961280 0.454568
vt 0.974959 0.500000
vt 0.972672 0.546554
vt 0.965833 0.592660
vt 0.954507 0.637873
vt 0.938805 0.681759
vt 0.918876 0.723894
vt 0.894914 0.763873
vt 0.867148 0.801311
vt 0.835847 0.835847
vt 0.801311 0.867148
vt 0.763873 0.894914
vt 0.723894 0.918876
vt 0.681759 0.938805
vt 0.637873 0.954507
vt 0.592660 0.965833
vt 0.546554 0.972672
vt 0.500000 0.974959
vt 0.453446 0.972672
vt 0.407340 0.965833
vt 0.362127 0.954507
vt 0.318241 0.938805
vt 0.276106 0.918876
vt 0.236127 0.894914
vt 0.198689 0.867148
vt 0.164153 0.835847
vt 0.132852 0.801311
vt 0.105086 0.763873
vt 0.081124 0.723894
vt 0.061195 0.681759
vt 0.045493 0.637873
vt 0.034167 0.592660
vt 0.027328 0.546554
vt 0.025041 0.500000
vt 0.027328 0.453446
vt 0.034167 0.407340
vt 0.045493 0.362127
vt 0.061195 0.318241
vt 0.081124 0.276106
vt 0.105086 0.236127
vt 0.132852 0.198689
vt 0.164153 0.164153
vt 0.198689 0.132852
vt 0.236127 0.105086
vt 0.276106 0.081124
vt 0.318241 0.061195
vt 0.362127 0.045493
vt 0.407340 0.034167
vt 0.453446 0.027328
vt 0.500000 0.025041
vt 0.546554 0.027328
vt 0.592660 0.034167
vt 0.637873 0.045493
vt 0.681759 0.061195
vt 0.723894 0.081124
vt 0.763873 0.105086
vt 0.801311 0.132852
vt 0.835847 0.164153
vt 0.867148 0.198689
vt 0.894914 0.236127
vt 0.918876 0.276106
vt 0.938805 0.318241
vt 0.954507 0.362127
vt 0.965833 0.407340
vt 0.972672 0.453446
vt 0.984123 0.500000
vt 0.981792 0.547452
vt 0.974821 0.594448
vt 0.963277 0.640533
vt 0.947271 0.685266
vt 0.926958 0.728214
vt 0.902533 0.768964
vt 0.874232 0.807124
vt 0.842327 0.842327
vt 0.807124 0.874232
vt 0.768964 0.902533
vt 0.728214 0.926958
vt 0.685266 0.947271
vt 0.640533 0.963277
vt 0.594448 0.974821
vt 0.547452 0.981792
vt 0.500000 0.984123
vt 0.452548 0.981792
vt 0.405552 0.974821
vt 0.359467 0.963277
vt 0.314734 0.947271
vt 0.271786 0.926958
vt 0.231036 0.902533
vt 0.192876 0.874232
vt 0.157673 0.842327
vt 0.125768 0.807124
vt 0.097467 0.768964
vt 0.073042 0.728214
vt 0.052729 0.685266
vt 0.036723 0.640533
vt 0.025179 0.594448
vt 0.018208 0.547452
vt 0.015877 0.500000
vt 0.018208 0.452548
vt 0.025179 0.405552
vt 0.036723 0.359467
vt 0.052729 0.314734
vt 0.073042 0.271786
vt 0.097467 0.231036
vt 0.125768 0.192876
vt 0.157673 0.157673
vt 0.192876 0.125768
vt 0.231036 0.097467
vt 0.271786 0.073042
vt 0.314734 0.052729
vt 0.359467 0.036723
vt 0.405552 0.025179
vt 0.452548 0.018208
vt 0.500000 0.015877
vt 0.547452 0.018208
vt 0.594448 0.025179
vt 0.640533 0.036723
vt 0.685266 0.052729
vt 0.728214 0.073042
vt 0.768964 0.097467
vt 0.807124 0.125768
vt 0.842327 0.157673
vt 0.874232 0.192876
vt 0.902533 0.231036
vt 0.926958 0.271786
vt 0.947271 0.314734
vt 0.963277 0.359467
vt 0.974821 0.405552
vt 0.981792 0.452548
vt 0.991132 0.500000
vt 0.988767 0.548139
vt 0.981695 0.595815
vt 0.969984 0.642568
vt 0.953747 0.687948
vt 0.933140 0.731518
vt 0.908362 0.772858
vt 0.879650 0.811571
vt 0.847283 0.847283
vt 0.811571 0.879650
vt 0.772858 0.908362
vt 0.731518 0.933140
vt 0.687948 0.953747
vt 0.642568 0.969984
vt 0.595815 0.981695
vt 0.548139 0.988767
vt 0.500000 0.991132
vt 0.451861 0.988767
vt 0.404185 0.981695
vt 0.357432 0.969984
vt 0.312052 0.953747
vt 0.268482 0.933140
vt 0.227142 0.908362
vt 0.188429 0.879650
vt 0.152717 0.847283
vt 0.120350 0.811571
vt 0.091638 0.772858
vt 0.066860 0.731518
vt 0.046253 0.687948
vt 0.030016 0.642568
vt 0.018305 0.595815
vt 0.011233 0.548139
vt 0.008868 0.500000
vt 0.011233 0.451861
vt 0.018305 0.404185
vt 0.030016 0.357432
vt 0.046253 0.312052
vt 0.066860 0.268482
vt 0.091638 0.227142
vt 0.120350 0.188429
vt 0.152717 0.152717
vt 0.188429 0.120350
vt 0.227142 0.091638
vt 0.268482 0.066860
vt 0.312052 0.046253
vt 0.357432 0.030016
vt 0.404185 0.018305
vt 0.451861 0.011233
vt 0.500000 0.008868
vt 0.548139 0.011233
vt 0.595815 0.018305
vt 0.642568 0.030016
vt 0.687948 0.046253
vt 0.731518 0.066860
vt 0.772858 0.091638
vt 0.811571 0.120350
vt 0.847283 0.152717
vt 0.879650 0.188429
vt 0.908362 0.227142
vt 0.933140 0.268482
vt 0.953747 0.312052
vt 0.969984 0.357432
vt 0.981695 0.404185
vt 0.988767 0.451861
vt 0.996078 0.500000
vt 0.993690 0.548624
vt 0.986546 0.596780
vt 0.974717 0.644004
vt 0.958317 0.689841
vt 0.937502 0.733850
vt 0.912474 0.775606
vt 0.883474 0.814709
vt 0.850780 0.850780
vt 0.814709 0.883474
vt 0.775606 0.912474
vt 0.733850 0.937502
vt 0.689841 0.958317
vt 0.644004 0.974717
vt 0.596780 0.986546
vt 0.548624 0.993690
vt 0.500000 0.996078
vt 0.451376 0.993690
vt 0.403220 0.986546
vt 0.355996 0.974717
vt 0.310159 0.958317
vt 0.266150 0.937502
vt 0.224394 0.912474
vt 0.185291 0.883474
vt 0.149220 0.850780
vt 0.116526 0.814709
vt 0.087526 0.775606
vt 0.062498 0.733850
vt 0.041683 0.689841
vt 0.025283 0.644004
vt 0.013454 0.596780
vt 0.006310 0.548624
vt 0.003922 0.500000
vt 0.006310 0.451376
vt 0.013454 0.403220
vt 0.025283 0.355996
vt 0.041683 0.310159
vt 0.062498 0.266150
vt 0.087526 0.224394
vt 0.116526 0.185291
vt 0.149220 0.149220
vt 0.185291 0.116526
vt 0.224394 0.087526
vt 0.266150 0.062498
vt 0.310159 0.041683
vt 0.355996 0.025283
vt 0.403220 0.013454
vt 0.451376 0.006310
vt 0.500000 0.003922
vt 0.548624 0.006310
vt 0.596780 0.013454
vt 0.644004 0.025283
vt 0.689841 0.041683
vt 0.733850 0.062498
vt 0.775606 0.087526
vt 0.814709 0.116526
vt 0.850780 0.149220
vt 0.883474 0.185291
vt 0.912474 0.224394
vt 0.937502 0.266150
vt 0.958317 0.310159
vt 0.974717 0.355996
vt 0.986546 0.403220
vt 0.993690 0.451376
vt 0.999022 0.500000
vt 0.996620 0.548913
vt 0.989434 0.597354
vt 0.977535 0.644859
vt 0.961037 0.690968
vt 0.940099 0.735238
vt 0.914922 0.777242
vt 0.885750 0.816577
vt 0.852862 0.852862
vt 0.816577 0.885750
vt 0.777242 0.914922
vt 0.735238 0.940099
vt 0.690968 0.961037
vt 0.644859 0.977535
vt 0.597354 0.989434
vt 0.548913 0.996620
vt 0.500000 0.999022
vt 0.451087 0.996620
vt 0.402646 0.989434
vt 0.355141 0.977535
vt 0.309032 0.961037
vt 0.264762 0.940099
vt 0.222758 0.914922
vt 0.183423 0.885750
vt 0.147138 0.852862
vt 0.114250 0.816577
vt 0.085078 0.777242
vt 0.059901 0.735238
vt 0.038963 0.690968
vt 0.022465 0.644859
vt 0.010566 0.597354
vt 0.003380 0.548913
vt 0.000978 0.500000
vt 0.003380 0.451087
vt 0.010566 0.402646
vt 0.022465 0.355141
vt 0.038963 0.309032
vt 0.059901 0.264762
vt 0.085078 0.222758
vt 0.114250 0.183423
vt 0.147138 0.147138
vt 0.183423 0.114250
vt 0.222758 0.085078
vt 0.264762 0.059901
vt 0.309032 0.038963
vt 0.355141 0.022465
vt 0.402646 0.010566
vt 0.451087 0.003380
vt 0.500000 0.000978
vt 0.548913 0.003380
vt 0.597354 0.010566
vt 0.644859 0.022465
vt 0.690968 0.038963
vt 0.735238 0.059901
vt 0.777242 0.085078
vt 0.816577 0.114250
vt 0.852862 0.147138
vt 0.885750 0.183423
vt 0.914922 0.222758
vt 0.940099 0.264762
vt 0.961037 0.309032
vt 0.977535 0.355141
vt 0.989434 0.402646
vt 0.996620 0.451087
vt 1.000000 0.500000
vt 0.997592 0.549009
vt 0.990393 0.597545
vt 0.978470 0.645142
vt 0.961940 0.691342
vt 0.940961 0.735698
vt 0.915735 0.777785
vt 0.886505 0.817197
vt 0.853553 0.853553
vt 0.817197 0.886505
vt 0.777785 0.915735
vt 0.735698 0.940961
vt 0.691342 0.961940
vt 0.645142 0.978470
vt 0.597545 0.990393
vt 0.549009 0.997592
vt 0.500000 1.000000
vt 0.450991 0.997592
vt 0.402455 0.990393
vt 0.354858 0.978470
vt 0.308658 0.961940
vt 0.264302 0.940961
vt 0.222215 0.915735
vt 0.182803 0.886505
vt 0.146447 0.853553
vt 0.113495 0.817197
vt 0.084265 0.777785
vt 0.059039 0.735698
vt 0.038060 0.691342
vt 0.021530 0.645142
vt 0.009607 0.597545
vt 0.002408 0.549009
vt 0.000000 0.500000
vt 0.002408 0.450991
vt 0.009607 0.402455
vt 0.021530 0.354858
vt 0.038060 0.308658
vt 0.059039 0.264302
vt 0.084265 0.222215
vt 0.113495 0.182803
vt 0.146447 0.146447
vt 0.182803 0.113495
vt 0.222215 0.084265
vt 0.264302 0.059039
vt 0.308658 0.038060
vt 0.354858 0.021530
vt 0.402455 0.009607
vt 0.450991 0.002408
vt 0.500000 0.000000
vt 0.549009 0.002408
vt 0.597545 0.009607
vt 0.645142 0.021530
vt 0.691342 0.038060
vt 0.735698 0.059039
vt 0.777785 0.084265
vt 0.817197 0.113495
vt 0.853553 0.146447
vt 0.886505 0.182803
vt 0.915735 0.222215
vt 0.940961 0.264302
vt 0.961940 0.308658
vt 0.978470 0.354858
vt 0.990393 0.402455
vt 0.997592 0.450991
vt 0.999022 0.500000
vt 0.996620 0.548913
vt 0.989434 0.597354
vt 0.977535 0.644859
vt 0.961037 0.690968
vt 0.940099 0.735238
vt 0.914922 0.777242
vt 0.885750 0.816577
vt 0.852862 0.852862
vt 0.816577 0.885750
vt 0.777242 0.914922
vt 0.735238 0.940099
vt 0.690968 0.961037
vt 0.644859 0.977535
vt 0.597354 0.989434
vt 0.548913 0.996620
vt 0.500000 0.999022
vt 0.451087 0.996620
vt 0.402646 0.989434
vt 0.355141 0.977535
vt 0.309032 0.961037
vt 0.264762 0.940099
vt 0.222758 0.914922
vt 0.183423 0.885750
vt 0.147138 0.852862
vt 0.114250 0.816577
vt 0.085078 0.777242
vt 0.059901 0.735238
vt 0.038963 0.690968
vt 0.022465 0.644859
vt 0.010566 0.597354
vt 0.003380 0.548913
vt 0.000978 0.500000
vt 0.003380 0.451087
vt 0.010566 0.402646
vt 0.022465 0.355141
vt 0.038963 0.309032
vt 0.059901 0.264762
vt 0.085078 0.222758
vt 0.114250 0.183423
vt 0.147138 0.147138
vt 0.183423 0.114250
vt 0.222758 0.085078
vt 0.264762 0.059901
vt 0.309032 0.038963
vt 0.355141 0.022465
vt 0.402646 0.010566
vt 0.451087 0.003380
vt 0.500000 0.000978
vt 0.548913 0.003380
vt 0.597354 0.010566
vt 0.644859 0.022465
vt 0.690968 0.038963
vt 0.735238 0.059901
vt 0.777242 0.085078
vt 0.816577 0.114250
vt 0.852862 0.147138
vt 0.885750 0.183423
vt 0.914922 0.222758
vt 0.940099 0.264762
vt 0.961037 0.309032
vt 0.977535 0.355141
vt 0.989434 0.402646
vt 0.996620 0.451087
vt 0.996078 0.500000
vt 0.993690 0.548624
vt 0.986546 0.596780
vt 0.974717 0.644004
vt 0.958317 0.689841
vt 0.937502 0.733850
vt 0.912474 0.775606
vt 0.883474 0.814709
vt 0.850780 0.850780
vt 0.814709 0.883474
vt 0.775606 0.912474
vt 0.733850 0.937502
vt 0.689841 0.958317
vt 0.644004 0.974717
vt 0.596780 0.986546
vt 0.548624 0.993690
vt 0.500000 0.996078
vt 0.451376 0.993690
vt 0.403220 0.986546
vt 0.355996 0.974717
vt 0.310159 0.958317
vt 0.266150 0.937502
vt 0.224394 0.912474
vt 0.185291 0.883474
vt 0.149220 0.850780
vt 0.116526 0.814709
vt 0.087526 0.775606
vt 0.062498 0.733850
vt 0.041683 0.689841
vt 0.025283 0.644004
vt 0.013454 0.596780
vt 0.006310 0.548624
vt 0.003922 0.500000
vt 0.006310 0.451376
vt 0.013454 0.403220
vt 0.025283 0.355996
vt 0.041683 0.310159
vt 0.062498 0.266150
vt 0.087526 0.224394
vt 0.116526 0.185291
vt 0.149220 0.149220
vt 0.185291 0.116526
vt 0.224394 0.087526
vt 0.266150 0.062498
vt 0.310159 0.041683
vt 0.355996 0.025283
vt 0.403220 0.013454
vt 0.451376 0.006310
vt 0.500000 0.003922
vt 0.548624 0.006310
vt 0.596780 0.013454
vt 0.644004 0.025283
vt 0.689841 0.041683
vt 0.733850 0.062498
vt 0.775606 0.087526
vt 0.814709 0.116526
vt 0.850780 0.149220
vt 0.883474 0.185291
vt 0.912474 0.224394
vt 0.937502 0.266150
vt 0.958317 0.310159
vt 0.974717 0.355996
vt 0.986546 0.403220
vt 0.993690 0.451376
vt 0.991132 0.500000
vt 0.988767 0.548139
vt 0.981695 0.595815
vt 0.969984 0.642568
vt 0.953747 0.687948
vt 0.933140 0.731518
vt 0.908362 0.772858
vt 0.879650 0.811571
vt 0.847283 0.847283
vt 0.811571 0.879650
vt 0.772858 0.908362
vt 0.731518 0.933140
vt 0.687948 0.953747
vt 0.642568 0.969984
vt 0.595815 0.981695
vt 0.548139 0.988767
vt 0.500000 0.991132
vt 0.451861 0.988767
vt 0.404185 0.981695
vt 0.357432 0.969984
vt 0.312052 0.953747
vt 0.268482 0.933140
vt 0.227142 0.908362
vt 0.188429 0.879650
vt 0.152717 0.847283
vt 0.120350 0.811571
vt 0.091638 0.772858
vt 0.066860 0.731518
vt 0.046253 0.687948
vt 0.030016 0.642568
vt 0.018305 0.595815
vt 0.011233 0.548139
vt 0.008868 0.500000
vt 0.011233 0.451861
vt 0.018305 0.404185
vt 0.030016 0.357432
vt 0.046253 0.312052
vt 0.066860 0.268482
vt 0.091638 0.227142
vt 0.120350 0.188429
vt 0.152717 0.152717
vt 0.188429 0.120350
vt 0.227142 0.091638
vt 0.268482 0.066860
vt 0.312052 0.046253
vt 0.357432 0.030016
vt 0.404185 0.018305
vt 0.451861 0.011233
vt 0.500000 0.008868
vt 0.548139 0.011233
vt 0.595815 0.018305
vt 0.642568 0.030016
vt 0.687948 0.046253
vt 0.731518 0.066860
vt 0.772858 0.091638
vt 0.811571 0.120350
vt 0.847283 0.152717
vt 0.879650 0.188429
vt 0.908362 0.227142
vt 0.933140 0.268482
vt 0.953747 0.312052
vt 0.969984 0.357432
vt 0.981695 0.404185
vt 0.988767 0.451861
vt 0.984123 0.500000
vt 0.981792 0.547452
vt 0.974821 0.594448
vt 0.963277 0.640533
vt 0.947271 0.685266
vt 0.926958 0.728214
vt 0.902533 0.768964
vt 0.874232 0.807124
vt 0.842327 0.842327
vt 0.807124 0.874232
vt 0.768964 0.902533
vt 0.728214 0.926958
vt 0.685266 0.947271
vt 0.640533 0.963277
vt 0.594448 0.974821
vt 0.547452 0.981792
vt 0.500000 0.984123
vt 0.452548 0.981792
vt 0.405552 0.974821
vt 0.359467 0.963277
vt 0.314734 0.947271
vt 0.271786 0.926958
vt 0.231036 0.902533
vt 0.192876 0.874232
vt 0.157673 0.842327
vt 0.125768 0.807124
vt 0.097467 0.768964
vt 0.073042 0.728214
vt 0.052729 0.685266
vt 0.036723 0.640533
vt 0.025179 0.594448
vt 0.018208 0.547452
vt 0.015877 0.500000
vt 0.018208 0.452548
vt 0.025179 0.405552
vt 0.036723 0.359467
vt 0.052729 0.314734
vt 0.073042 0.271786
vt 0.097467 0.231036
vt 0.125768 0.192876
vt 0.157673 0.157673
vt 0.192876 0.125768
vt 0.231036 0.097467
vt 0.271786 0.073042
vt 0.314734 0.052729
vt 0.359467 0.036723
vt 0.405552 0.025179
vt 0.452548 0.018208
vt 0.500000 0.015877
vt 0.547452 0.018208
vt 0.594448 0.025179
vt 0.640533 0.036723
vt 0.685266 0.052729
vt 0.728214 0.073042
vt 0.768964 0.097467
vt 0.807124 0.125768
vt 0.842327 0.157673
vt 0.874232 0.192876
vt 0.902533 0.231036
vt 0.926958 0.271786
vt 0.947271 0.314734
vt 0.963277 0.359467
vt 0.974821 0.405552
vt 0.981792 0.452548
vt 0.974959 0.500000
vt 0.972672 0.546554
vt 0.965833 0.592660
vt 0.954507 0.637873
vt 0.938805 0.681759
vt 0.918876 0.723894
vt 0.894914 0.763873
vt 0.867148 0.801311
vt 0.835847 0.835847
vt 0.801311 0.867148
vt 0.763873 0.894914
vt 0.723894 0.918876
vt 0.681759 0.938805
vt 0.637873 0.954507
vt 0.592660 0.965833
vt 0.546554 0.972672
vt 0.500000 0.974959
vt 0.453446 0.972672
vt 0.407340 0.965833
vt 0.362127 0.954507
vt 0.318241 0.938805
vt 0.276106 0.918876
vt 0.236127 0.894914
vt 0.198689 0.867148
vt 0.164153 0.835847
vt 0.132852 0.801311
vt 0.105086 0.763873
vt 0.081124 0.723894
vt 0.061195 0.681759
vt 0.045493 0.637873
vt 0.034167 0.592660
vt 0.027328 0.546554
vt 0.025041 0.500000
vt 0.027328 0.453446
vt 0.034167 0.407340
vt 0.045493 0.362127
vt 0.061195 0.318241
vt 0.081124 0.276106
vt 0.105086 0.236127
vt 0.132852 0.198689
vt 0.164153 0.164153
vt 0.198689 0.132852
vt 0.236127 0.105086
vt 0.276106 0.081124
vt 0.318241 0.061195
vt 0.362127 0.045493
vt 0.407340 0.034167
vt 0.453446 0.027328
vt 0.500000 0.025041
vt 0.546554 0.027328
vt 0.592660 0.034167
vt 0.637873 0.045493
vt 0.681759 0.061195
vt 0.723894 0.081124
vt 0.763873 0.105086
vt 0.801311 0.132852
vt 0.835847 0.164153
vt 0.867148 0.198689
vt 0.894914 0.236127
vt 0.918876 0.276106
vt 0.938805 0.318241
vt 0.954507 0.362127
vt 0.965833 0.407340
vt 0.972672 0.453446
vt 0.963512 0.500000
vt 0.961280 0.545432
vt 0.954606 0.590427
vt 0.943554 0.634551
vt 0.928230 0.677379
vt 0.908781 0.718498
vt 0.885396 0.757514
vt 0.858300 0.794049
vt 0.827753 0.827753
vt 0.794049 0.858300
vt 0.757514 0.885396
vt 0.718498 0.908781
vt 0.677379 0.928230
vt 0.634551 0.943554
vt 0.590427 0.954606
vt 0.545432 0.961280
vt 0.500000 0.963512
vt 0.454568 0.961280
vt 0.409573 0.954606
vt 0.365449 0.943554
vt 0.322621 0.928230
vt 0.281502 0.908781
vt 0.242486 0.885396
vt 0.205951 0.858300
vt 0.172247 0.827753
vt 0.141700 0.794049
vt 0.114604 0.757514
vt 0.091219 0.718498
vt 0.071770 0.677379
vt 0.056446 0.634551
vt 0.045394 0.590427
vt 0.038720 0.545432
vt 0.036488 0.500000
vt 0.038720 0.454568
vt 0.045394 0.409573
vt 0.056446 0.365449
vt 0.071770 0.322621
vt 0.091219 0.281502
vt 0.114604 0.242486
vt 0.141700 0.205951
vt 0.172247 0.172247
vt 0.205951 0.141700
vt 0.242486 0.114604
vt 0.281502 0.091219
vt 0.322621 0.071770
vt 0.365449 0.056446
vt 0.409573 0.045394
vt 0.454568 0.038720
vt 0.500000 0.036488
vt 0.545432 0.038720
vt 0.590427 0.045394
vt 0.634551 0.056446
vt 0.677379 0.071770
vt 0.718498 0.091219
vt 0.757514 0.114604
vt 0.794049 0.141700
vt 0.827753 0.172247
vt 0.858300 0.205951
vt 0.885396 0.242486
vt 0.908781 0.281502
vt 0.928230 0.322621
vt 0.943554 0.365449
vt 0.954606 0.409573
vt 0.961280 0.454568
vt 0.949609 0.500000
vt 0.947444 0.544069
vt 0.940970 0.587714
vt 0.930249 0.630515
vt 0.915385 0.672058
vt 0.896520 0.711944
vt 0.873836 0.749789
vt 0.847553 0.785229
vt 0.817922 0.817922
vt 0.785229 0.847553
vt 0.749789 0.873836
vt 0.711944 0.896520
vt 0.672058 0.915385
vt 0.630515 0.930249
vt 0.587714 0.940970
vt 0.544069 0.947444
vt 0.500000 0.949609
vt 0.455931 0.947444
vt 0.412286 0.940970
vt 0.369485 0.930249
vt 0.327942 0.915385
vt 0.288056 0.896520
vt 0.250211 0.873836
vt 0.214771 0.847553
vt 0.182078 0.817922
vt 0.152447 0.785229
vt 0.126164 0.749789
vt 0.103480 0.711944
vt 0.084615 0.672058
vt 0.069751 0.630515
vt 0.059030 0.587714
vt 0.052556 0.544069
vt 0.050391 0.500000
vt 0.052556 0.455931
vt 0.059030 0.412286
vt 0.069751 0.369485
vt 0.084615 0.327942
vt 0.103480 0.288056
vt 0.126164 0.250211
vt 0.152447 0.214771
vt 0.182078 0.182078
vt 0.214771 0.152447
vt 0.250211 0.126164
vt 0.288056 0.103480
vt 0.327942 0.084615
vt 0.369485 0.069751
vt 0.412286 0.059030
vt 0.455931 0.052556
vt 0.500000 0.050391
vt 0.544069 0.052556
vt 0.587714 0.059030
vt 0.630515 0.069751
vt 0.672058 0.084615
vt 0.711944 0.103480
vt 0.749789 0.126164
vt 0.785229 0.152447
vt 0.817922 0.182078
vt 0.847553 0.214771
vt 0.873836 0.250211
vt 0.896520 0.288056
vt 0.915385 0.327942
vt 0.930249 0.369485
vt 0.940970 0.412286
vt 0.947444 0.455931
vt 0.933013 0.500000
vt 0.930928 0.542443
vt 0.924692 0.584477
vt 0.914367 0.625697
vt 0.900052 0.665707
vt 0.881883 0.704121
vt 0.860037 0.740569
vt 0.834723 0.774700
vt 0.806186 0.806186
vt 0.774700 0.834723
vt 0.740569 0.860037
vt 0.704121 0.881883
vt 0.665707 0.900052
vt 0.625697 0.914367
vt 0.584477 0.924692
vt 0.542443 0.930928
vt 0.500000 0.933013
vt 0.457557 0.930928
vt 0.415523 0.924692
vt 0.374303 0.914367
vt 0.334293 0.900052
vt 0.295879 0.881883
vt 0.259431 0.860037
vt 0.225300 0.834723
vt 0.193814 0.806186
vt 0.165277 0.774700
vt 0.139963 0.740569
vt 0.118117 0.704121
vt 0.099948 0.665707
vt 0.085633 0.625697
vt 0.075308 0.584477
vt 0.069072 0.542443
vt 0.066987 0.500000
vt 0.069072 0.457557
vt 0.075308 0.415523
vt 0.085633 0.374303
vt 0.099948 0.334293
vt 0.118117 0.295879
vt 0.139963 0.259431
vt 0.165277 0.225300
vt 0.193814 0.193814
vt 0.225300 0.165277
vt 0.259431 0.139963
vt 0.295879 0.118117
vt 0.334293 0.099948
vt 0.374303 0.085633
vt 0.415523 0.075308
vt 0.457557 0.069072
vt 0.500000 0.066987
vt 0.542443 0.069072
vt 0.584477 0.075308
vt 0.625697 0.085633
vt 0.665707 0.099948
vt 0.704121 0.118117
vt 0.740569 0.139963
vt 0.774700 0.165277
vt 0.806186 0.193814
vt 0.834723 0.225300
vt 0.860037 0.259431
vt 0.881883 0.295879
vt 0.900052 0.334293
vt 0.914367 0.374303
vt 0.924692 0.415523
vt 0.930928 0.457557
vt 0.913399 0.500000
vt 0.911408 0.540520
vt 0.905455 0.580650
vt 0.895598 0.620003
vt 0.881931 0.658201
vt 0.864585 0.694875
vt 0.843728 0.729672
vt 0.819561 0.762257
vt 0.792317 0.792317
vt 0.762257 0.819561
vt 0.729672 0.843728
vt 0.694875 0.864585
vt 0.658201 0.881931
vt 0.620003 0.895598
vt 0.580650 0.905455
vt 0.540520 0.911408
vt 0.500000 0.913399
vt 0.459480 0.911408
vt 0.419350 0.905455
vt 0.379997 0.895598
vt 0.341799 0.881931
vt 0.305125 0.864585
vt 0.270328 0.843728
vt 0.237743 0.819561
vt 0.207683 0.792317
vt 0.180439 0.762257
vt 0.156272 0.729672
vt 0.135415 0.694875
vt 0.118069 0.658201
vt 0.104402 0.620003
vt 0.094545 0.580650
vt 0.088592 0.540520
vt 0.086601 0.500000
vt 0.088592 0.459480
vt 0.094545 0.419350
vt 0.104402 0.379997
vt 0.118069 0.341799
vt 0.135415 0.305125
vt 0.156272 0.270328
vt 0.180439 0.237743
vt 0.207683 0.207683
vt 0.237743 0.180439
vt 0.270328 0.156272
vt 0.305125 0.135415
vt 0.341799 0.118069
vt 0.379997 0.104402
vt 0.419350 0.094545
vt 0.459480 0.088592
vt 0.500000 0.086601
vt 0.540520 0.088592
vt 0.580650 0.094545
vt 0.620003 0.104402
vt 0.658201 0.118069
vt 0.694875 0.135415
vt 0.729672 0.156272
vt 0.762257 0.180439
vt 0.792317 0.207683
vt 0.819561 0.237743
vt 0.843728 0.270328
vt 0.864585 0.305125
vt 0.881931 0.341799
vt 0.895598 0.379997
vt 0.905455 0.419350
vt 0.911408 0.459480
vt 0.890312 0.500000
vt 0.888433 0.538257
vt 0.882813 0.576146
vt 0.873506 0.613302
vt 0.860602 0.649366
vt 0.844225 0.683992
vt 0.824533 0.716846
vt 0.801716 0.747612
vt 0.775993 0.775993
vt 0.747612 0.801716
vt 0.716846 0.824533
vt 0.683992 0.844225
vt 0.649366 0.860602
vt 0.613302 0.873506
vt 0.576146 0.882813
vt 0.538257 0.888433
vt 0.500000 0.890312
vt 0.461743 0.888433
vt 0.423854 0.882813
vt 0.386698 0.873506
vt 0.350634 0.860602
vt 0.316008 0.844225
vt 0.283154 0.824533
vt 0.252388 0.801716
vt 0.224007 0.775993
vt 0.198284 0.747612
vt 0.175467 0.716846
vt 0.155775 0.683992
vt 0.139398 0.649366
vt 0.126494 0.613302
vt 0.117187 0.576146
vt 0.111567 0.538257
vt 0.109688 0.500000
vt 0.111567 0.461743
vt 0.117187 0.423854
vt 0.126494 0.386698
vt 0.139398 0.350634
vt 0.155775 0.316008
vt 0.175467 0.283154
vt 0.198284 0.252388
vt 0.224007 0.224007
vt 0.252388 0.198284
vt 0.283154 0.175467
vt 0.316008 0.155775
vt 0.350634 0.139398
vt 0.386698 0.126494
vt 0.423854 0.117187
vt 0.461743 0.111567
vt 0.500000 0.109688
vt 0.538257 0.111567
vt 0.576146 0.117187
vt 0.613302 0.126494
vt 0.649366 0.139398
vt 0.683992 0.155775
vt 0.716846 0.175467
vt 0.747612 0.198284
vt 0.775993 0.224007
vt 0.801716 0.252388
vt 0.824533 0.283154
vt 0.844225 0.316008
vt 0.860602 0.350634
vt 0.873506 0.386698
vt 0.882813 0.423854
vt 0.888433 0.461743
vt 0.863092 0.500000
vt 0.861344 0.535589
vt 0.856115 0.570836
vt 0.847458 0.605400
vt 0.835453 0.638949
vt 0.820219 0.671160
vt 0.801900 0.701723
vt 0.780674 0.730343
vt 0.756745 0.756745
vt 0.730343 0.780674
vt 0.701723 0.801900
vt 0.671160 0.820219
vt 0.638949 0.835453
vt 0.605400 0.847458
vt 0.570836 0.856115
vt 0.535589 0.861344
vt 0.500000 0.863092
vt 0.464411 0.861344
vt 0.429164 0.856115
vt 0.394600 0.847458
vt 0.361051 0.835453
vt 0.328840 0.820219
vt 0.298277 0.801900
vt 0.269657 0.780674
vt 0.243255 0.756745
vt 0.219326 0.730343
vt 0.198100 0.701723
vt 0.179781 0.671160
vt 0.164547 0.638949
vt 0.152542 0.605400
vt 0.143885 0.570836
vt 0.138656 0.535589
vt 0.136908 0.500000
vt 0.138656 0.464411
vt 0.143885 0.429164
vt 0.152542 0.394600
vt 0.164547 0.361051
vt 0.179781 0.328840
vt 0.198100 0.298277
vt 0.219326 0.269657
vt 0.243255 0.243255
vt 0.269657 0.219326
vt 0.298277 0.198100
vt 0.328840 0.179781
vt 0.361051 0.164547
vt 0.394600 0.152542
vt 0.429164 0.143885
vt 0.464411 0.138656
vt 0.500000 0.136908
vt 0.535589 0.138656
vt 0.570836 0.143885
vt 0.605400 0.152542
vt 0.638949 0.164547
vt 0.671160 0.179781
vt 0.701723 0.198100
vt 0.730343 0.219326
vt 0.756745 0.243255
vt 0.780674 0.269657
vt 0.801900 0.298277
vt 0.820219 0.328840
vt 0.835453 0.361051
vt 0.847458 0.394600
vt 0.856115 0.429164
vt 0.861344 0.464411
vt 0.830719 0.500000
vt 0.829126 0.532416
vt 0.824364 0.564520
vt 0.816478 0.596003
vt 0.805544 0.626561
vt 0.791668 0.655900
vt 0.774983 0.683738
vt 0.755649 0.709806
vt 0.733854 0.733854
vt 0.709806 0.755649
vt 0.683738 0.774983
vt 0.655900 0.791668
vt 0.626561 0.805544
vt 0.596003 0.816478
vt 0.564520 0.824364
vt 0.532416 0.829126
vt 0.500000 0.830719
vt 0.467584 0.829126
vt 0.435480 0.824364
vt 0.403997 0.816478
vt 0.373439 0.805544
vt 0.344100 0.791668
vt 0.316262 0.774983
vt 0.290194 0.755649
vt 0.266146 0.733854
vt 0.244351 0.709806
vt 0.225017 0.683738
vt 0.208332 0.655900
vt 0.194456 0.626561
vt 0.183522 0.596003
vt 0.175636 0.564520
vt 0.170874 0.532416
vt 0.169281 0.500000
vt 0.170874 0.467584
vt 0.175636 0.435480
vt 0.183522 0.403997
vt 0.194456 0.373439
vt 0.208332 0.344100
vt 0.225017 0.316262
vt 0.244351 0.290194
vt 0.266146 0.266146
vt 0.290194 0.244351
vt 0.316262 0.225017
vt 0.344100 0.208332
vt 0.373439 0.194456
vt 0.403997 0.183522
vt 0.435480 0.175636
vt 0.467584 0.170874
vt 0.500000 0.169281
vt 0.532416 0.170874
vt 0.564520 0.175636
vt 0.596003 0.183522
vt 0.626561 0.194456
vt 0.655900 0.208332
vt 0.683738 0.225017
vt 0.709806 0.244351
vt 0.733854 0.266146
vt 0.755649 0.290194
vt 0.774983 0.316262
vt 0.791668 0.344100
vt 0.805544 0.373439
vt 0.816478 0.403997
vt 0.824364 0.435480
vt 0.829126 0.467584
vt 0.791481 0.500000
vt 0.790077 0.528570
vt 0.785880 0.556865
vt 0.778930 0.584612
vt 0.769293 0.611545
vt 0.757063 0.637403
vt 0.742357 0.661938
vt 0.725318 0.684913
vt 0.706108 0.706108
vt 0.684913 0.725318
vt 0.661938 0.742357
vt 0.637403 0.757063
vt 0.611545 0.769293
vt 0.584612 0.778930
vt 0.556865 0.785880
vt 0.528570 0.790077
vt 0.500000 0.791481
vt 0.471430 0.790077
vt 0.443135 0.785880
vt 0.415388 0.778930
vt 0.388455 0.769293
vt 0.362597 0.757063
vt 0.338062 0.742357
vt 0.315087 0.725318
vt 0.293892 0.706108
vt 0.274682 0.684913
vt 0.257643 0.661938
vt 0.242937 0.637403
vt 0.230707 0.611545
vt 0.221070 0.584612
vt 0.214120 0.556865
vt 0.209923 0.528570
vt 0.208519 0.500000
vt 0.209923 0.471430
vt 0.214120 0.443135
vt 0.221070 0.415388
vt 0.230707 0.388455
vt 0.242937 0.362597
vt 0.257643 0.338062
vt 0.274682 0.315087
vt 0.293892 0.293892
vt 0.315087 0.274682
vt 0.338062 0.257643
vt 0.362597 0.242937
vt 0.388455 0.230707
vt 0.415388 0.221070
vt 0.443135 0.214120
vt 0.471430 0.209923
vt 0.500000 0.208519
vt 0.528570 0.209923
vt 0.556865 0.214120
vt 0.584612 0.221070
vt 0.611545 0.230707
vt 0.637403 0.242937
vt 0.661938 0.257643
vt 0.684913 0.274682
vt 0.706108 0.293892
vt 0.725318 0.315087
vt 0.742357 0.338062
vt 0.757063 0.362597
vt 0.769293 0.388455
vt 0.778930 0.415388
vt 0.785880 0.443135
vt 0.790077 0.471430
vt 0.742061 0.500000
vt 0.740896 0.523726
vt 0.737410 0.547224
vt 0.731638 0.570267
vt 0.723636 0.592633
vt 0.713479 0.614107
vt 0.701267 0.634482
vt 0.687116 0.653562
vt 0.671163 0.671163
vt 0.653562 0.687116
vt 0.634482 0.701267
vt 0.614107 0.713479
vt 0.592633 0.723636
vt 0.570267 0.731638
vt 0.547224 0.737410
vt 0.523726 0.740896
vt 0.500000 0.742061
vt 0.476274 0.740896
vt 0.452776 0.737410
vt 0.429733 0.731638
vt 0.407367 0.723636
vt 0.385893 0.713479
vt 0.365518 0.701267
vt 0.346438 0.687116
vt 0.328837 0.671163
vt 0.312884 0.653562
vt 0.298733 0.634482
vt 0.286521 0.614107
vt 0.276364 0.592633
vt 0.268362 0.570267
vt 0.262590 0.547224
vt 0.259104 0.523726
vt 0.257939 0.500000
vt 0.259104 0.476274
vt 0.262590 0.452776
vt 0.268362 0.429733
vt 0.276364 0.407367
vt 0.286521 0.385893
vt 0.298733 0.365518
vt 0.312884 0.346438
vt 0.328837 0.328837
vt 0.346438 0.312884
vt 0.365518 0.298733
vt 0.385893 0.286521
vt 0.407367 0.276364
vt 0.429733 0.268362
vt 0.452776 0.262590
vt 0.476274 0.259104
vt 0.500000 0.257939
vt 0.523726 0.259104
vt 0.547224 0.262590
vt 0.570267 0.268362
vt 0.592633 0.276364
vt 0.614107 0.286521
vt 0.634482 0.298733
vt 0.653562 0.312884
vt 0.671163 0.328837
vt 0.687116 0.346438
vt 0.701267 0.365518
vt 0.713479 0.385893
vt 0.723636 0.407367
vt 0.731638 0.429733
vt 0.737410 0.452776
vt 0.740896 0.476274
vt 0.673993 0.500000
vt 0.673155 0.517054
vt 0.670649 0.533944
vt 0.666501 0.550507
vt 0.660748 0.566584
vt 0.653448 0.582020
vt 0.644670 0.596665
vt 0.634498 0.610380
vt 0.623031 0.623031
vt 0.610380 0.634498
vt 0.596665 0.644670
vt 0.582020 0.653448
vt 0.566584 0.660748
vt 0.550507 0.666501
vt 0.533944 0.670649
vt 0.517054 0.673155
vt 0.500000 0.673993
vt 0.482946 0.673155
vt 0.466056 0.670649
vt 0.449493 0.666501
vt 0.433416 0.660748
vt 0.417980 0.653448
vt 0.403335 0.644670
vt 0.389620 0.634498
vt 0.376969 0.623031
vt 0.365502 0.610380
vt 0.355330 0.596665
vt 0.346552 0.582020
vt 0.339252 0.566584
vt 0.333499 0.550507
vt 0.329351 0.533944
vt 0.326845 0.517054
vt 0.326007 0.500000
vt 0.326845 0.482946
vt 0.329351 0.466056
vt 0.333499 0.449493
vt 0.339252 0.433416
vt 0.346552 0.417980
vt 0.355330 0.403335
vt 0.365502 0.389620
vt 0.376969 0.376969
vt 0.389620 0.365502
vt 0.403335 0.355330
vt 0.417980 0.346552
vt 0.433416 0.339252
vt 0.449493 0.333499
vt 0.466056 0.329351
vt 0.482946 0.326845
vt 0.500000 0.326007
vt 0.517054 0.326845
vt 0.533944 0.329351
vt 0.550507 0.333499
vt 0.566584 0.339252
vt 0.582020 0.346552
vt 0.596665 0.355330
vt 0.610380 0.365502
vt 0.623031 0.376969
vt 0.634498 0.389620
vt 0.644670 0.403335
vt 0.653448 0.417980
vt 0.660748 0.433416
vt 0.666501 0.449493
vt 0.670649 0.466056
vt 0.673155 0.482946
vt 0.500000 0.500000
vt 0.500000 0.500000
vt 0.500000 0.500000
vt 0.500000 0.500000
vt 0.500000 0.500000
vt 0.500000 0.500000
vt 0.500000 0.500000
vt 0.500000 0.500000
vt 0.500000 0.500000
vt 0.500000 0.500000
vt 0.500000 0.500000
vt 0.500000 0.500000
vt 0.500000 0.500000
vt 0.500000 0.500000
vt 0.500000 0.500000
vt 0.500000 0.500000
vt 0.500000 0.500000
vt 0.500000 0.500000
vt 0.500000 0.500000
vt 0.500000 0.500000
vt 0.500000 0.500000
vt 0.500000 0.500000
vt 0.500000 0.500000
vt 0.500000 0.500000
vt 0.500000 0.500000
vt 0.500000 0.500000
vt 0.500000 0.500000
vt 0.500000 0.500000
vt 0.500000 0.500000
vt 0.500000 0.500000
vt 0.500000 0.500000
vt 0.500000 0.500000
vt 0.500000 0.500000
vt 0.500000 0.500000
vt 0.500000 0.500000
vt 0.500000 0.500000
vt 0.500000 0.500000
vt 0.500000 0.500000
vt 0.500000 0.500000
vt 0.500000 0.500000
vt 0.500000 0.500000
vt 0.500000 0.500000
vt 0.500000 0.500000
vt 0.500000 0.500000
vt 0.500000 0.500000
vt 0.500000 0.500000
vt 0.500000 0.500000
vt 0.500000 0.500000
vt 0.500000 0.500000
vt 0.500000 0.500000
vt 0.500000 0.500000
vt 0.500000 0.500000
vt 0.500000 0.500000
vt 0.500000 0.500000
vt 0.500000 0.500000
vt 0.500000 0.500000
vt 0.500000 0.500000
vt 0.500000 0.500000
vt 0.500000 0.500000
vt 0.500000 0.500000
vt 0.500000 0.500000
vt 0.500000 0.500000
vt 0.500000 0.500000
vt 0.500000 0.500000

vn 0.229871 0.973221 0.000000
vn 0.228764 0.973221 0.022531
vn 0.225454 0.973221 0.044846
vn 0.219973 0.973221 0.066728
vn 0.212373 0.973221 0.087968
vn 0.202728 0.973221 0.108360
vn 0.191131 0.973221 0.127709
vn 0.177693 0.973221 0.145829
vn 0.162543 0.973221 0.162543
vn 0.145829 0.973221 0.177693
vn 0.127709 0.973221 0.191131
vn 0.108360 0.973221 0.202728
vn 0.087968 0.973221 0.212373
vn 0.066728 0.973221 0.219973
vn 0.044846 0.973221 0.225454
vn 0.022531 0.973221 0.228764
vn 0.000000 0.973221 0.229871
vn -0.022531 0.973221 0.228764
vn -0.044846 0.973221 0.225454
vn -0.066728 0.973221 0.219973
vn -0.087968 0.973221 0.212373
vn -0.108360 0.973221 0.202728
vn -0.127709 0.973221 0.191131
vn -0.145829 0.973221 0.177693
vn -0.162543 0.973221 0.162543
vn -0.177693 0.973221 0.145829
vn -0.191131 0.973221 0.127709
vn -0.202728 0.973221 0.108360
vn -0.212373 0.973221 0.087968
vn -0.219973 0.973221 0.066728
vn -0.225454 0.973221 0.044846
vn -0.228764 0.973221 0.022531
vn -0.229871 0.973221 0.000000
vn -0.228764 0.973221 -0.022531
vn -0.225454 0.973221 -0.044846
vn -0.219973 0.973221 -0.066728
vn -0.212373 0.973221 -0.087968
vn -0.202728 0.973221 -0.108360
vn -0.191131 0.973221 -0.127709
vn -0.177693 0.973221 -0.145829
vn -0.162543 0.973221 -0.162543
vn -0.145829 0.973221 -0.177693
vn -0.127709 0.973221 -0.191131
vn -0.108360 0.973221 -0.202728
vn -0.087968 0.973221 -0.212373
vn -0.066728 0.973221 -0.219973
vn -0.044846 0.973221 -0.225454
vn -0.022531 0.973221 -0.228764
vn -0.000000 0.973221 -0.229871
vn 0.022531 0.973221 -0.228764
vn 0.044846 0.973221 -0.225454
vn 0.066728 0.973221 -0.219973
vn 0.087968 0.973221 -0.212373
vn 0.108360 0.973221 -0.202728
vn 0.127709 0.973221 -0.191131
vn 0.145829 0.973221 -0.177693
vn 0.162543 0.973221 -0.162543
vn 0.177693 0.973221 -0.145829
vn 0.191131 0.973221 -0.127709
vn 0.202728 0.973221 -0.108360
vn 0.212373 0.973221 -0.087968
vn 0.219973 0.973221 -0.066728
vn 0.225454 0.973221 -0.044846
vn 0.228764 0.973221 -0.022531
vn 0.244308 0.969698 0.000000
vn 0.243132 0.969698 0.023946
vn 0.239614 0.969698 0.047662
vn 0.233788 0.969698 0.070919
vn 0.225711 0.969698 0.093493
vn 0.215460 0.969698 0.115166
vn 0.203135 0.969698 0.135730
vn 0.188853 0.969698 0.154987
vn 0.172752 0.969698 0.172752
vn 0.154987 0.969698 0.188853
vn 0.135730 0.969698 0.203135
vn 0.115166 0.969698 0.215460
vn 0.093493 0.969698 0.225711
vn 0.070919 0.969698 0.233788
vn 0.047662 0.969698 0.239614
vn 0.023946 0.969698 0.243132
vn 0.000000 0.969698 0.244308
vn -0.023946 0.969698 0.243132
vn -0.047662 0.969698 0.239614
vn -0.070919 0.969698 0.233788
vn -0.093493 0.969698 0.225711
vn -0.115166 0.969698 0.215460
vn -0.135730 0.969698 0.203135
vn -0.154987 0.969698 0.188853
vn -0.172752 0.969698 0.172752
vn -0.188853 0.969698 0.154987
vn -0.203135 0.969698 0.135730
vn -0.215460 0.969698 0.115166
vn -0.225711 0.969698 0.093493
vn -0.233788 0.969698 0.070919
vn -0.239614 0.969698 0.047662
vn -0.243132 0.969698 0.023946
vn -0.244308 0.969698 0.000000
vn -0.243132 0.969698 -0.023946
vn -0.239614 0.969698 -0.047662
vn -0.233788 0.969698 -0.070919
vn -0.225711 0.969698 -0.093493
vn -0.215460 0.969698 -0.115166
vn -0.203135 0.969698 -0.135730
vn -0.188853 0.969698 -0.154987
vn -0.172752 0.969698 -0.172752
vn -0.154987 0.969698 -0.188853
vn -0.135730 0.969698 -0.203135
vn -0.115166 0.969698 -0.215460
vn -0.093493 0.969698 -0.225711
vn -0.070919 0.969698 -0.233788
vn -0.047662 0.969698 -0.239614
vn -0.023946 0.969698 -0.243132
vn -0.000000 0.969698 -0.244308
vn 0.023946 0.969698 -0.243132
vn 0.047662 0.969698 -0.239614
vn 0.070919 0.969698 -0.233788
vn 0.093493 0.969698 -0.225711
vn 0.115166 0.969698 -0.215460
vn 0.135730 0.969698 -0.203135
vn 0.154987 0.969698 -0.188853
vn 0.172752 0.969698 -0.172752
vn 0.188853 0.969698 -0.154987
vn 0.203135 0.969698 -0.135730
vn 0.215460 0.969698 -0.115166
vn 0.225711 0.969698 -0.093493
vn 0.233788 0.969698 -0.070919
vn 0.239614 0.969698 -0.047662
vn 0.243132 0.969698 -0.023946
vn 0.260610 0.965444 0.000000
vn 0.259355 0.965444 0.025544
vn 0.255603 0.965444 0.050843
vn 0.249389 0.965444 0.075651
vn 0.240773 0.965444 0.099731
vn 0.229838 0.965444 0.122851
vn 0.216690 0.965444 0.144787
vn 0.201455 0.965444 0.165329
vn 0.184279 0.965444 0.184279
vn 0.165329 0.965444 0.201455
vn 0.144787 0.965444 0.216690
vn 0.122851 0.965444 0.229838
vn 0.099731 0.965444 0.240773
vn 0.075651 0.965444 0.249389
vn 0.050843 0.965444 0.255603
vn 0.025544 0.965444 0.259355
vn 0.000000 0.965444 0.260610
vn -0.025544 0.965444 0.259355
vn -0.050843 0.965444 0.255603
vn -0.075651 0.965444 0.249389
vn -0.099731 0.965444 0.240773
vn -0.122851 0.965444 0.229838
vn -0.144787 0.965444 0.216690
vn -0.165329 0.965444 0.201455
vn -0.184279 0.965444 0.184279
vn -0.201455 0.965444 0.165329
vn -0.216690 0.965444 0.144787
vn -0.229838 0.965444 0.122851
vn -0.240773 0.965444 0.099731
vn -0.249389 0.965444 0.075651
vn -0.255603 0.965444 0.050843
vn -0.259355 0.965444 0.025544
vn -0.260610 0.965444 0.000000
vn -0.259355 0.965444 -0.025544
vn -0.255603 0.965444 -0.050843
vn -0.249389 0.965444 -0.075651
vn -0.240773 0.965444 -0.099731
vn -0.229838 0.965444 -0.122851
vn -0.216690 0.965444 -0.144787
vn -0.201455 0.965444 -0.165329
vn -0.184279 0.965444 -0.184279
vn -0.165329 0.965444 -0.201455
vn -0.144787 0.965444 -0.216690
vn -0.122851 0.965444 -0.229838
vn -0.099731 0.965444 -0.240773
vn -0.075651 0.965444 -0.249389
vn -0.050843 0.965444 -0.255603
vn -0.025544 0.965444 -0.259355
vn -0.000000 0.965444 -0.260610
vn 0.025544 0.965444 -0.259355
vn 0.050843 0.965444 -0.255603
vn 0.075651 0.965444 -0.249389
vn 0.099731 0.965444 -0.240773
vn 0.122851 0.965444 -0.229838
vn 0.144787 0.965444 -0.216690
vn 0.165329 0.965444 -0.201455
vn 0.184279 0.965444 -0.184279
vn 0.201455 0.965444 -0.165329
vn 0.216690 0.965444 -0.144787
vn 0.229838 0.965444 -0.122851
vn 0.240773 0.965444 -0.099731
vn 0.249389 0.965444 -0.075651
vn 0.255603 0.965444 -0.050843
vn 0.259355 0.965444 -0.025544
vn 0.279147 0.960248 0.000000
vn 0.277803 0.960248 0.027361
vn 0.273783 0.960248 0.054459
vn 0.267127 0.960248 0.081032
vn 0.257898 0.960248 0.106825
vn 0.246186 0.960248 0.131589
vn 0.232102 0.960248 0.155086
vn 0.215783 0.960248 0.177089
vn 0.197387 0.960248 0.197387
vn 0.177089 0.960248 0.215783
vn 0.155086 0.960248 0.232102
vn 0.131589 0.960248 0.246186
vn 0.106825 0.960248 0.257898
vn 0.081032 0.960248 0.267127
vn 0.054459 0.960248 0.273783
vn 0.027361 0.960248 0.277803
vn 0.000000 0.960248 0.279147
vn -0.027361 0.960248 0.277803
vn -0.054459 0.960248 0.273783
vn -0.081032 0.960248 0.267127
vn -0.106825 0.960248 0.257898
vn -0.131589 0.960248 0.246186
vn -0.155086 0.960248 0.232102
vn -0.177089 0.960248 0.215783
vn -0.197387 0.960248 0.197387
vn -0.215783 0.960248 0.177089
vn -0.232102 0.960248 0.155086
vn -0.246186 0.960248 0.131589
vn -0.257898 0.960248 0.106825
vn -0.267127 0.960248 0.081032
vn -0.273783 0.960248 0.054459
vn -0.277803 0.960248 0.027361
vn -0.279147 0.960248 0.000000
vn -0.277803 0.960248 -0.027361
vn -0.273783 0.960248 -0.054459
vn -0.267127 0.960248 -0.081032
vn -0.257898 0.960248 -0.106825
vn -0.246186 0.960248 -0.131589
vn -0.232102 0.960248 -0.155086
vn -0.215783 0.960248 -0.177089
vn -0.197387 0.960248 -0.197387
vn -0.177089 0.960248 -0.215783
vn -0.155086 0.960248 -0.232102
vn -0.131589 0.960248 -0.246186
vn -0.106825 0.960248 -0.257898
vn -0.081032 0.960248 -0.267127
vn -0.054459 0.960248 -0.273783
vn -0.027361 0.960248 -0.277803
vn -0.000000 0.960248 -0.279147
vn 0.027361 0.960248 -0.277803
vn 0.054459 0.960248 -0.273783
vn 0.081032 0.960248 -0.267127
vn 0.106825 0.960248 -0.257898
vn 0.131589 0.960248 -0.246186
vn 0.155086 0.960248 -0.232102
vn 0.177089 0.960248 -0.215783
vn 0.197387 0.960248 -0.197387
vn 0.215783 0.960248 -0.177089
vn 0.232102 0.960248 -0.155086
vn 0.246186 0.960248 -0.131589
vn 0.257898 0.960248 -0.106825
vn 0.267127 0.960248 -0.081032
vn 0.273783 0.960248 -0.054459
vn 0.277803 0.960248 -0.027361
vn 0.300384 0.953818 0.000000
vn 0.298938 0.953818 0.029443
vn 0.294612 0.953818 0.058602
vn 0.287450 0.953818 0.087197
vn 0.277519 0.953818 0.114952
vn 0.264915 0.953818 0.141600
vn 0.249760 0.953818 0.166884
vn 0.232200 0.953818 0.190562
vn 0.212404 0.953818 0.212404
vn 0.190562 0.953818 0.232200
vn 0.166884 0.953818 0.249760
vn 0.141600 0.953818 0.264915
vn 0.114952 0.953818 0.277519
vn 0.087197 0.953818 0.287450
vn 0.058602 0.953818 0.294612
vn 0.029443 0.953818 0.298938
vn 0.000000 0.953818 0.300384
vn -0.029443 0.953818 0.298938
vn -0.058602 0.953818 0.294612
vn -0.087197 0.953818 0.287450
vn -0.114952 0.953818 0.277519
vn -0.141600 0.953818 0.264915
vn -0.166884 0.953818 0.249760
vn -0.190562 0.953818 0.232200
vn -0.212404 0.953818 0.212404
vn -0.232200 0.953818 0.190562
vn -0.249760 0.953818 0.166884
vn -0.264915 0.953818 0.141600
vn -0.277519 0.953818 0.114952
vn -0.287450 0.953818 0.087197
vn -0.294612 0.953818 0.058602
vn -0.298938 0.953818 0.029443
vn -0.300384 0.953818 0.000000
vn -0.298938 0.953818 -0.029443
vn -0.294612 0.953818 -0.058602
vn -0.287450 0.953818 -0.087197
vn -0.277519 0.953818 -0.114952
vn -0.264915 0.953818 -0.141600
vn -0.249760 0.953818 -0.166884
vn -0.232200 0.953818 -0.190562
vn -0.212404 0.953818 -0.212404
vn -0.190562 0.953818 -0.232200
vn -0.166884 0.953818 -0.249760
vn -0.141600 0.953818 -0.264915
vn -0.114952 0.953818 -0.277519
vn -0.087197 0.953818 -0.287450
vn -0.058602 0.953818 -0.294612
vn -0.029443 0.953818 -0.298938
vn -0.000000 0.953818 -0.300384
vn 0.029443 0.953818 -0.298938
vn 0.058602 0.953818 -0.294612
vn 0.087197 0.953818 -0.287450
vn 0.114952 0.953818 -0.277519
vn 0.141600 0.953818 -0.264915
vn 0.166884 0.953818 -0.249760
vn 0.190562 0.953818 -0.232200
vn 0.212404 0.953818 -0.212404
vn 0.232200 0.953818 -0.190562
vn 0.249760 0.953818 -0.166884
vn 0.264915 0.953818 -0.141600
vn 0.277519 0.953818 -0.114952
vn 0.287450 0.953818 -0.087197
vn 0.294612 0.953818 -0.058602
vn 0.298938 0.953818 -0.029443
vn 0.324917 0.945742 0.000000
vn 0.323353 0.945742 0.031847
vn 0.318674 0.945742 0.063388
vn 0.310926 0.945742 0.094318
vn 0.300184 0.945742 0.124340
vn 0.286551 0.945742 0.153165
vn 0.270159 0.945742 0.180514
vn 0.251164 0.945742 0.206125
vn 0.229751 0.945742 0.229751
vn 0.206125 0.945742 0.251164
vn 0.180514 0.945742 0.270159
vn 0.153165 0.945742 0.286551
vn 0.124340 0.945742 0.300184
vn 0.094318 0.945742 0.310926
vn 0.063388 0.945742 0.318674
vn 0.031847 0.945742 0.323353
vn 0.000000 0.945742 0.324917
vn -0.031847 0.945742 0.323353
vn -0.063388 0.945742 0.318674
vn -0.094318 0.945742 0.310926
vn -0.124340 0.945742 0.300184
vn -0.153165 0.945742 0.286551
vn -0.180514 0.945742 0.270159
vn -0.206125 0.945742 0.251164
vn -0.229751 0.945742 0.229751
vn -0.251164 0.945742 0.206125
vn -0.270159 0.945742 0.180514
vn -0.286551 0.945742 0.153165
vn -0.300184 0.945742 0.124340
vn -0.310926 0.945742 0.094318
vn -0.318674 0.945742 0.063388
vn -0.323353 0.945742 0.031847
vn -0.324917 0.945742 0.000000
vn -0.323353 0.945742 -0.031847
vn -0.318674 0.945742 -0.063388
vn -0.310926 0.945742 -0.094318
vn -0.300184 0.945742 -0.124340
vn -0.286551 0.945742 -0.153165
vn -0.270159 0.945742 -0.180514
vn -0.251164 0.945742 -0.206125
vn -0.229751 0.945742 -0.229751
vn -0.206125 0.945742 -0.251164
vn -0.180514 0.945742 -0.270159
vn -0.153165 0.945742 -0.286551
vn -0.124340 0.945742 -0.300184
vn -0.094318 0.945742 -0.310926
vn -0.063388 0.945742 -0.318674
vn -0.031847 0.945742 -0.323353
vn -0.000000 0.945742 -0.324917
vn 0.031847 0.945742 -0.323353
vn 0.063388 0.945742 -0.318674
vn 0.094318 0.945742 -0.310926
vn 0.124340 0.945742 -0.300184
vn 0.153165 0.945742 -0.286551
vn 0.180514 0.945742 -0.270159
vn 0.206125 0.945742 -0.251164
vn 0.229751 0.945742 -0.229751
vn 0.251164 0.945742 -0.206125
vn 0.270159 0.945742 -0.180514
vn 0.286551 0.945742 -0.153165
vn 0.300184 0.945742 -0.124340
vn 0.310926 0.945742 -0.094318
vn 0.318674 0.945742 -0.063388
vn 0.323353 0.945742 -0.031847
vn 0.353512 0.935430 0.000000
vn 0.351809 0.935430 0.034650
vn 0.346719 0.935430 0.068967
vn 0.338290 0.935430 0.102619
vn 0.326602 0.935430 0.135283
vn 0.311770 0.935430 0.166644
vn 0.293934 0.935430 0.196401
vn 0.273268 0.935430 0.224265
vn 0.249971 0.935430 0.249971
vn 0.224265 0.935430 0.273268
vn 0.196401 0.935430 0.293934
vn 0.166644 0.935430 0.311770
vn 0.135283 0.935430 0.326602
vn 0.102619 0.935430 0.338290
vn 0.068967 0.935430 0.346719
vn 0.034650 0.935430 0.351809
vn 0.000000 0.935430 0.353512
vn -0.034650 0.935430 0.351809
vn -0.068967 0.935430 0.346719
vn -0.102619 0.935430 0.338290
vn -0.135283 0.935430 0.326602
vn -0.166644 0.935430 0.311770
vn -0.196401 0.935430 0.293934
vn -0.224265 0.935430 0.273268
vn -0.249971 0.935430 0.249971
vn -0.273268 0.935430 0.224265
vn -0.293934 0.935430 0.196401
vn -0.311770 0.935430 0.166644
vn -0.326602 0.935430 0.135283
vn -0.338290 0.935430 0.102619
vn -0.346719 0.935430 0.068967
vn -0.351809 0.935430 0.034650
vn -0.353512 0.935430 0.000000
vn -0.351809 0.935430 -0.034650
vn -0.346719 0.935430 -0.068967
vn -0.338290 0.935430 -0.102619
vn -0.326602 0.935430 -0.135283
vn -0.311770 0.935430 -0.166644
vn -0.293934 0.935430 -0.196401
vn -0.273268 0.935430 -0.224265
vn -0.249971 0.935430 -0.249971
vn -0.224265 0.935430 -0.273268
vn -0.196401 0.935430 -0.293934
vn -0.166644 0.935430 -0.311770
vn -0.135283 0.935430 -0.326602
vn -0.102619 0.935430 -0.338290
vn -0.068967 0.935430 -0.346719
vn -0.034650 0.935430 -0.351809
vn -0.000000 0.935430 -0.353512
vn 0.034650 0.935430 -0.351809
vn 0.068967 0.935430 -0.346719
vn 0.102619 0.935430 -0.338290
vn 0.135283 0.935430 -0.326602
vn 0.166644 0.935430 -0.311770
vn 0.196401 0.935430 -0.293934
vn 0.224265 0.935430 -0.273268
vn 0.249971 0.935430 -0.249971
vn 0.273268 0.935430 -0.224265
vn 0.293934 0.935430 -0.196401
vn 0.311770 0.935430 -0.166644
vn 0.326602 0.935430 -0.135283
vn 0.338290 0.935430 -0.102619
vn 0.346719 0.935430 -0.068967
vn 0.351809 0.935430 -0.034650
vn 0.387157 0.922014 0.000000
vn 0.385293 0.922014 0.037948
vn 0.379718 0.922014 0.075531
vn 0.370486 0.922014 0.112386
vn 0.357687 0.922014 0.148159
vn 0.341442 0.922014 0.182505
vn 0.321909 0.922014 0.215093
vn 0.299277 0.922014 0.245610
vn 0.273762 0.922014 0.273762
vn 0.245610 0.922014 0.299277
vn 0.215093 0.922014 0.321909
vn 0.182505 0.922014 0.341442
vn 0.148159 0.922014 0.357687
vn 0.112386 0.922014 0.370486
vn 0.075531 0.922014 0.379718
vn 0.037948 0.922014 0.385293
vn 0.000000 0.922014 0.387157
vn -0.037948 0.922014 0.385293
vn -0.075531 0.922014 0.379718
vn -0.112386 0.922014 0.370486
vn -0.148159 0.922014 0.357687
vn -0.182505 0.922014 0.341442
vn -0.215093 0.922014 0.321909
vn -0.245610 0.922014 0.299277
vn -0.273762 0.922014 0.273762
vn -0.299277 0.922014 0.245610
vn -0.321909 0.922014 0.215093
vn -0.341442 0.922014 0.182505
vn -0.357687 0.922014 0.148159
vn -0.370486 0.922014 0.112386
vn -0.379718 0.922014 0.075531
vn -0.385293 0.922014 0.037948
vn -0.387157 0.922014 0.000000
vn -0.385293 0.922014 -0.037948
vn -0.379718 0.922014 -0.075531
vn -0.370486 0.922014 -0.112386
vn -0.357687 0.922014 -0.148159
vn -0.341442 0.922014 -0.182505
vn -0.321909 0.922014 -0.215093
vn -0.299277 0.922014 -0.245610
vn -0.273762 0.922014 -0.273762
vn -0.245610 0.922014 -0.299277
vn -0.215093 0.922014 -0.321909
vn -0.182505 0.922014 -0.341442
vn -0.148159 0.922014 -0.357687
vn -0.112386 0.922014 -0.370486
vn -0.075531 0.922014 -0.379718
vn -0.037948 0.922014 -0.385293
vn -0.000000 0.922014 -0.387157
vn 0.037948 0.922014 -0.385293
vn 0.075531 0.922014 -0.379718
vn 0.112386 0.922014 -0.370486
vn 0.148159 0.922014 -0.357687
vn 0.182505 0.922014 -0.341442
vn 0.215093 0.922014 -0.321909
vn 0.245610 0.922014 -0.299277
vn 0.273762 0.922014 -0.273762
vn 0.299277 0.922014 -0.245610
vn 0.321909 0.922014 -0.215093
vn 0.341442 0.922014 -0.182505
vn 0.357687 0.922014 -0.148159
vn 0.370486 0.922014 -0.112386
vn 0.379718 0.922014 -0.075531
vn 0.385293 0.922014 -0.037948
vn 0.427132 0.904189 0.000000
vn 0.425075 0.904189 0.041866
vn 0.418925 0.904189 0.083329
vn 0.408740 0.904189 0.123990
vn 0.394618 0.904189 0.163456
vn 0.376697 0.904189 0.201349
vn 0.355147 0.904189 0.237302
vn 0.330177 0.904189 0.270970
vn 0.302028 0.904189 0.302028
vn 0.270970 0.904189 0.330177
vn 0.237302 0.904189 0.355147
vn 0.201349 0.904189 0.376697
vn 0.163456 0.904189 0.394618
vn 0.123990 0.904189 0.408740
vn 0.083329 0.904189 0.418925
vn 0.041866 0.904189 0.425075
vn 0.000000 0.904189 0.427132
vn -0.041866 0.904189 0.425075
vn -0.083329 0.904189 0.418925
vn -0.123990 0.904189 0.408740
vn -0.163456 0.904189 0.394618
vn -0.201349 0.904189 0.376697
vn -0.237302 0.904189 0.355147
vn -0.270970 0.904189 0.330177
vn -0.302028 0.904189 0.302028
vn -0.330177 0.904189 0.270970
vn -0.355147 0.904189 0.237302
vn -0.376697 0.904189 0.201349
vn -0.394618 0.904189 0.163456
vn -0.408740 0.904189 0.123990
vn -0.418925 0.904189 0.083329
vn -0.425075 0.904189 0.041866
vn -0.427132 0.904189 0.000000
vn -0.425075 0.904189 -0.041866
vn -0.418925 0.904189 -0.083329
vn -0.408740 0.904189 -0.123990
vn -0.394618 0.904189 -0.163456
vn -0.376697 0.904189 -0.201349
vn -0.355147 0.904189 -0.237302
vn -0.330177 0.904189 -0.270970
vn -0.302028 0.904189 -0.302028
vn -0.270970 0.904189 -0.330177
vn -0.237302 0.904189 -0.355147
vn -0.201349 0.904189 -0.376697
vn -0.163456 0.904189 -0.394618
vn -0.123990 0.904189 -0.408740
vn -0.083329 0.904189 -0.418925
vn -0.041866 0.904189 -0.425075
vn -0.000000 0.904189 -0.427132
vn 0.041866 0.904189 -0.425075
vn 0.083329 0.904189 -0.418925
vn 0.123990 0.904189 -0.408740
vn 0.163456 0.904189 -0.394618
vn 0.201349 0.904189 -0.376697
vn 0.237302 0.904189 -0.355147
vn 0.270970 0.904189 -0.330177
vn 0.302028 0.904189 -0.302028
vn 0.330177 0.904189 -0.270970
vn 0.355147 0.904189 -0.237302
vn 0.376697 0.904189 -0.201349
vn 0.394618 0.904189 -0.163456
vn 0.408740 0.904189 -0.123990
vn 0.418925 0.904189 -0.083329
vn 0.425075 0.904189 -0.041866
vn 0.475065 0.879951 0.000000
vn 0.472777 0.879951 0.046564
vn 0.465937 0.879951 0.092681
vn 0.454609 0.879951 0.137904
vn 0.438903 0.879951 0.181799
vn 0.418970 0.879951 0.223944
vn 0.395002 0.879951 0.263932
vn 0.367230 0.879951 0.301378
vn 0.335922 0.879951 0.335922
vn 0.301378 0.879951 0.367230
vn 0.263932 0.879951 0.395002
vn 0.223944 0.879951 0.418970
vn 0.181799 0.879951 0.438903
vn 0.137904 0.879951 0.454609
vn 0.092681 0.879951 0.465937
vn 0.046564 0.879951 0.472777
vn 0.000000 0.879951 0.475065
vn -0.046564 0.879951 0.472777
vn -0.092681 0.879951 0.465937
vn -0.137904 0.879951 0.454609
vn -0.181799 0.879951 0.438903
vn -0.223944 0.879951 0.418970
vn -0.263932 0.879951 0.395002
vn -0.301378 0.879951 0.367230
vn -0.335922 0.879951 0.335922
vn -0.367230 0.879951 0.301378
vn -0.395002 0.879951 0.263932
vn -0.418970 0.879951 0.223944
vn -0.438903 0.879951 0.181799
vn -0.454609 0.879951 0.137904
vn -0.465937 0.879951 0.092681
vn -0.472777 0.879951 0.046564
vn -0.475065 0.879951 0.000000
vn -0.472777 0.879951 -0.046564
vn -0.465937 0.879951 -0.092681
vn -0.454609 0.879951 -0.137904
vn -0.438903 0.879951 -0.181799
vn -0.418970 0.879951 -0.223944
vn -0.395002 0.879951 -0.263932
vn -0.367230 0.879951 -0.301378
vn -0.335922 0.879951 -0.335922
vn -0.301378 0.879951 -0.367230
vn -0.263932 0.879951 -0.395002
vn -0.223944 0.879951 -0.418970
vn -0.181799 0.879951 -0.438903
vn -0.137904 0.879951 -0.454609
vn -0.092681 0.879951 -0.465937
vn -0.046564 0.879951 -0.472777
vn -0.000000 0.879951 -0.475065
vn 0.046564 0.879951 -0.472777
vn 0.092681 0.879951 -0.465937
vn 0.137904 0.879951 -0.454609
vn 0.181799 0.879951 -0.438903
vn 0.223944 0.879951 -0.418970
vn 0.263932 0.879951 -0.395002
vn 0.301378 0.879951 -0.367230
vn 0.335922 0.879951 -0.335922
vn 0.367230 0.879951 -0.301378
vn 0.395002 0.879951 -0.263932
vn 0.418970 0.879951 -0.223944
vn 0.438903 0.879951 -0.181799
vn 0.454609 0.879951 -0.137904
vn 0.465937 0.879951 -0.092681
vn 0.472777 0.879951 -0.046564
vn 0.532950 0.846146 0.000000
vn 0.530384 0.846146 0.052238
vn 0.522710 0.846146 0.103973
vn 0.510002 0.846146 0.154707
vn 0.492382 0.846146 0.203951
vn 0.470020 0.846146 0.251231
vn 0.443132 0.846146 0.296091
vn 0.411976 0.846146 0.338100
vn 0.376853 0.846146 0.376853
vn 0.338100 0.846146 0.411976
vn 0.296091 0.846146 0.443132
vn 0.251231 0.846146 0.470020
vn 0.203951 0.846146 0.492382
vn 0.154707 0.846146 0.510002
vn 0.103973 0.846146 0.522710
vn 0.052238 0.846146 0.530384
vn 0.000000 0.846146 0.532950
vn -0.052238 0.846146 0.530384
vn -0.103973 0.846146 0.522710
vn -0.154707 0.846146 0.510002
vn -0.203951 0.846146 0.492382
vn -0.251231 0.846146 0.470020
vn -0.296091 0.846146 0.443132
vn -0.338100 0.846146 0.411976
vn -0.376853 0.846146 0.376853
vn -0.411976 0.846146 0.338100
vn -0.443132 0.846146 0.296091
vn -0.470020 0.846146 0.251231
vn -0.492382 0.846146 0.203951
vn -0.510002 0.846146 0.154707
vn -0.522710 0.846146 0.103973
vn -0.530384 0.846146 0.052238
vn -0.532950 0.846146 0.000000
vn -0.530384 0.846146 -0.052238
vn -0.522710 0.846146 -0.103973
vn -0.510002 0.846146 -0.154707
vn -0.492382 0.846146 -0.203951
vn -0.470020 0.846146 -0.251231
vn -0.443132 0.846146 -0.296091
vn -0.411976 0.846146 -0.338100
vn -0.376853 0.846146 -0.376853
vn -0.338100 0.846146 -0.411976
vn -0.296091 0.846146 -0.443132
vn -0.251231 0.846146 -0.470020
vn -0.203951 0.846146 -0.492382
vn -0.154707 0.846146 -0.510002
vn -0.103973 0.846146 -0.522710
vn -0.052238 0.846146 -0.530384
vn -0.000000 0.846146 -0.532950
vn 0.052238 0.846146 -0.530384
vn 0.103973 0.846146 -0.522710
vn 0.154707 0.846146 -0.510002
vn 0.203951 0.846146 -0.492382
vn 0.251231 0.846146 -0.470020
vn 0.296091 0.846146 -0.443132
vn 0.338100 0.846146 -0.411976
vn 0.376853 0.846146 -0.376853
vn 0.411976 0.846146 -0.338100
vn 0.443132 0.846146 -0.296091
vn 0.470020 0.846146 -0.251231
vn 0.492382 0.846146 -0.203951
vn 0.510002 0.846146 -0.154707
vn 0.522710 0.846146 -0.103973
vn 0.530384 0.846146 -0.052238
vn 0.602971 0.797763 0.000000
vn 0.600068 0.797763 0.059101
vn 0.591385 0.797763 0.117634
vn 0.577007 0.797763 0.175033
vn 0.557073 0.797763 0.230747
vn 0.531773 0.797763 0.284239
vn 0.501352 0.797763 0.334993
vn 0.466103 0.797763 0.382521
vn 0.426365 0.797763 0.426365
vn 0.382521 0.797763 0.466103
vn 0.334993 0.797763 0.501352
vn 0.284239 0.797763 0.531773
vn 0.230747 0.797763 0.557073
vn 0.175033 0.797763 0.577007
vn 0.117634 0.797763 0.591385
vn 0.059101 0.797763 0.600068
vn 0.000000 0.797763 0.602971
vn -0.059101 0.797763 0.600068
vn -0.117634 0.797763 0.591385
vn -0.175033 0.797763 0.577007
vn -0.230747 0.797763 0.557073
vn -0.284239 0.797763 0.531773
vn -0.334993 0.797763 0.501352
vn -0.382521 0.797763 0.466103
vn -0.426365 0.797763 0.426365
vn -0.466103 0.797763 0.382521
vn -0.501352 0.797763 0.334993
vn -0.531773 0.797763 0.284239
vn -0.557073 0.797763 0.230747
vn -0.577007 0.797763 0.175033
vn -0.591385 0.797763 0.117634
vn -0.600068 0.797763 0.059101
vn -0.602971 0.797763 0.000000
vn -0.600068 0.797763 -0.059101
vn -0.591385 0.797763 -0.117634
vn -0.577007 0.797763 -0.175033
vn -0.557073 0.797763 -0.230747
vn -0.531773 0.797763 -0.284239
vn -0.501352 0.797763 -0.334993
vn -0.466103 0.797763 -0.382521
vn -0.426365 0.797763 -0.426365
vn -0.382521 0.797763 -0.466103
vn -0.334993 0.797763 -0.501352
vn -0.284239 0.797763 -0.531773
vn -0.230747 0.797763 -0.557073
vn -0.175033 0.797763 -0.577007
vn -0.117634 0.797763 -0.591385
vn -0.059101 0.797763 -0.600068
vn -0.000000 0.797763 -0.602971
vn 0.059101 0.797763 -0.600068
vn 0.117634 0.797763 -0.591385
vn 0.175033 0.797763 -0.577007
vn 0.230747 0.797763 -0.557073
vn 0.284239 0.797763 -0.531773
vn 0.334993 0.797763 -0.501352
vn 0.382521 0.797763 -0.466103
vn 0.426365 0.797763 -0.426365
vn 0.466103 0.797763 -0.382521
vn 0.501352 0.797763 -0.334993
vn 0.531773 0.797763 -0.284239
vn 0.557073 0.797763 -0.230747
vn 0.577007 0.797763 -0.175033
vn 0.591385 0.797763 -0.117634
vn 0.600068 0.797763 -0.059101
vn 0.686754 0.726890 0.000000
vn 0.683447 0.726890 0.067314
vn 0.673558 0.726890 0.133979
vn 0.657183 0.726890 0.199354
vn 0.634478 0.726890 0.262809
vn 0.605663 0.726890 0.323734
vn 0.571015 0.726890 0.381540
vn 0.530868 0.726890 0.435672
vn 0.485608 0.726890 0.485608
vn 0.435672 0.726890 0.530868
vn 0.381540 0.726890 0.571015
vn 0.323734 0.726890 0.605663
vn 0.262809 0.726890 0.634478
vn 0.199354 0.726890 0.657183
vn 0.133979 0.726890 0.673558
vn 0.067314 0.726890 0.683447
vn 0.000000 0.726890 0.686754
vn -0.067314 0.726890 0.683447
vn -0.133979 0.726890 0.673558
vn -0.199354 0.726890 0.657183
vn -0.262809 0.726890 0.634478
vn -0.323734 0.726890 0.605663
vn -0.381540 0.726890 0.571015
vn -0.435672 0.726890 0.530868
vn -0.485608 0.726890 0.485608
vn -0.530868 0.726890 0.435672
vn -0.571015 0.726890 0.381540
vn -0.605663 0.726890 0.323734
vn -0.634478 0.726890 0.262809
vn -0.657183 0.726890 0.199354
vn -0.673558 0.726890 0.133979
vn -0.683447 0.726890 0.067314
vn -0.686754 0.726890 0.000000
vn -0.683447 0.726890 -0.067314
vn -0.673558 0.726890 -0.133979
vn -0.657183 0.726890 -0.199354
vn -0.634478 0.726890 -0.262809
vn -0.605663 0.726890 -0.323734
vn -0.571015 0.726890 -0.381540
vn -0.530868 0.726890 -0.435672
vn -0.485608 0.726890 -0.485608
vn -0.435672 0.726890 -0.530868
vn -0.381540 0.726890 -0.571015
vn -0.323734 0.726890 -0.605663
vn -0.262809 0.726890 -0.634478
vn -0.199354 0.726890 -0.657183
vn -0.133979 0.726890 -0.673558
vn -0.067314 0.726890 -0.683447
vn -0.000000 0.726890 -0.686754
vn 0.067314 0.726890 -0.683447
vn 0.133979 0.726890 -0.673558
vn 0.199354 0.726890 -0.657183
vn 0.262809 0.726890 -0.634478
vn 0.323734 0.726890 -0.605663
vn 0.381540 0.726890 -0.571015
vn 0.435672 0.726890 -0.530868
vn 0.485608 0.726890 -0.485608
vn 0.530868 0.726890 -0.435672
vn 0.571015 0.726890 -0.381540
vn 0.605663 0.726890 -0.323734
vn 0.634478 0.726890 -0.262809
vn 0.657183 0.726890 -0.199354
vn 0.673558 0.726890 -0.133979
vn 0.683447 0.726890 -0.067314
vn 0.783220 0.621745 0.000000
vn 0.779448 0.621745 0.076769
vn 0.768170 0.621745 0.152799
vn 0.749495 0.621745 0.227357
vn 0.723601 0.621745 0.299725
vn 0.690738 0.621745 0.369207
vn 0.651223 0.621745 0.435134
vn 0.605437 0.621745 0.496869
vn 0.553820 0.621745 0.553820
vn 0.496869 0.621745 0.605437
vn 0.435134 0.621745 0.651223
vn 0.369207 0.621745 0.690738
vn 0.299725 0.621745 0.723601
vn 0.227357 0.621745 0.749495
vn 0.152799 0.621745 0.768170
vn 0.076769 0.621745 0.779448
vn 0.000000 0.621745 0.783220
vn -0.076769 0.621745 0.779448
vn -0.152799 0.621745 0.768170
vn -0.227357 0.621745 0.749495
vn -0.299725 0.621745 0.723601
vn -0.369207 0.621745 0.690738
vn -0.435134 0.621745 0.651223
vn -0.496869 0.621745 0.605437
vn -0.553820 0.621745 0.553820
vn -0.605437 0.621745 0.496869
vn -0.651223 0.621745 0.435134
vn -0.690738 0.621745 0.369207
vn -0.723601 0.621745 0.299725
vn -0.749495 0.621745 0.227357
vn -0.768170 0.621745 0.152799
vn -0.779448 0.621745 0.076769
vn -0.783220 0.621745 0.000000
vn -0.779448 0.621745 -0.076769
vn -0.768170 0.621745 -0.152799
vn -0.749495 0.621745 -0.227357
vn -0.723601 0.621745 -0.299725
vn -0.690738 0.621745 -0.369207
vn -0.651223 0.621745 -0.435134
vn -0.605437 0.621745 -0.496869
vn -0.553820 0.621745 -0.553820
vn -0.496869 0.621745 -0.605437
vn -0.435134 0.621745 -0.651223
vn -0.369207 0.621745 -0.690738
vn -0.299725 0.621745 -0.723601
vn -0.227357 0.621745 -0.749495
vn -0.152799 0.621745 -0.768170
vn -0.076769 0.621745 -0.779448
vn -0.000000 0.621745 -0.783220
vn 0.076769 0.621745 -0.779448
vn 0.152799 0.621745 -0.768170
vn 0.227357 0.621745 -0.749495
vn 0.299725 0.621745 -0.723601
vn 0.369207 0.621745 -0.690738
vn 0.435134 0.621745 -0.651223
vn 0.496869 0.621745 -0.605437
vn 0.553820 0.621745 -0.553820
vn 0.605437 0.621745 -0.496869
vn 0.651223 0.621745 -0.435134
vn 0.690738 0.621745 -0.369207
vn 0.723601 0.621745 -0.299725
vn 0.749495 0.621745 -0.227357
vn 0.768170 0.621745 -0.152799
vn 0.779448 0.621745 -0.076769
vn 0.883857 0.467756 0.000000
vn 0.879601 0.467756 0.086633
vn 0.866874 0.467756 0.172432
vn 0.845799 0.467756 0.256570
vn 0.816578 0.467756 0.338238
vn 0.779493 0.467756 0.416648
vn 0.734901 0.467756 0.491045
vn 0.683231 0.467756 0.560713
vn 0.624982 0.467756 0.624982
vn 0.560713 0.467756 0.683231
vn 0.491045 0.467756 0.734901
vn 0.416648 0.467756 0.779493
vn 0.338238 0.467756 0.816578
vn 0.256570 0.467756 0.845799
vn 0.172432 0.467756 0.866874
vn 0.086633 0.467756 0.879601
vn 0.000000 0.467756 0.883857
vn -0.086633 0.467756 0.879601
vn -0.172432 0.467756 0.866874
vn -0.256570 0.467756 0.845799
vn -0.338238 0.467756 0.816578
vn -0.416648 0.467756 0.779493
vn -0.491045 0.467756 0.734901
vn -0.560713 0.467756 0.683231
vn -0.624982 0.467756 0.624982
vn -0.683231 0.467756 0.560713
vn -0.734901 0.467756 0.491045
vn -0.779493 0.467756 0.416648
vn -0.816578 0.467756 0.338238
vn -0.845799 0.467756 0.256570
vn -0.866874 0.467756 0.172432
vn -0.879601 0.467756 0.086633
vn -0.883857 0.467756 0.000000
vn -0.879601 0.467756 -0.086633
vn -0.866874 0.467756 -0.172432
vn -0.845799 0.467756 -0.256570
vn -0.816578 0.467756 -0.338238
vn -0.779493 0.467756 -0.416648
vn -0.734901 0.467756 -0.491045
vn -0.683231 0.467756 -0.560713
vn -0.624982 0.467756 -0.624982
vn -0.560713 0.467756 -0.683231
vn -0.491045 0.467756 -0.734901
vn -0.416648 0.467756 -0.779493
vn -0.338238 0.467756 -0.816578
vn -0.256570 0.467756 -0.845799
vn -0.172432 0.467756 -0.866874
vn -0.086633 0.467756 -0.879601
vn -0.000000 0.467756 -0.883857
vn 0.086633 0.467756 -0.879601
vn 0.172432 0.467756 -0.866874
vn 0.256570 0.467756 -0.845799
vn 0.338238 0.467756 -0.816578
vn 0.416648 0.467756 -0.779493
vn 0.491045 0.467756 -0.734901
vn 0.560713 0.467756 -0.683231
vn 0.624982 0.467756 -0.624982
vn 0.683231 0.467756 -0.560713
vn 0.734901 0.467756 -0.491045
vn 0.779493 0.467756 -0.416648
vn 0.816578 0.467756 -0.338238
vn 0.845799 0.467756 -0.256570
vn 0.866874 0.467756 -0.172432
vn 0.879601 0.467756 -0.086633
vn 0.966728 0.255807 0.000000
vn 0.962073 0.255807 0.094756
vn 0.948153 0.255807 0.188599
vn 0.925101 0.255807 0.280626
vn 0.893140 0.255807 0.369951
vn 0.852578 0.255807 0.455712
vn 0.803805 0.255807 0.537085
vn 0.747291 0.255807 0.613286
vn 0.683580 0.255807 0.683580
vn 0.613286 0.255807 0.747291
vn 0.537085 0.255807 0.803805
vn 0.455712 0.255807 0.852578
vn 0.369951 0.255807 0.893140
vn 0.280626 0.255807 0.925101
vn 0.188599 0.255807 0.948153
vn 0.094756 0.255807 0.962073
vn 0.000000 0.255807 0.966728
vn -0.094756 0.255807 0.962073
vn -0.188599 0.255807 0.948153
vn -0.280626 0.255807 0.925101
vn -0.369951 0.255807 0.893140
vn -0.455712 0.255807 0.852578
vn -0.537085 0.255807 0.803805
vn -0.613286 0.255807 0.747291
vn -0.683580 0.255807 0.683580
vn -0.747291 0.255807 0.613286
vn -0.803805 0.255807 0.537085
vn -0.852578 0.255807 0.455712
vn -0.893140 0.255807 0.369951
vn -0.925101 0.255807 0.280626
vn -0.948153 0.255807 0.188599
vn -0.962073 0.255807 0.094756
vn -0.966728 0.255807 0.000000
vn -0.962073 0.255807 -0.094756
vn -0.948153 0.255807 -0.188599
vn -0.925101 0.255807 -0.280626
vn -0.893140 0.255807 -0.369951
vn -0.852578 0.255807 -0.455712
vn -0.803805 0.255807 -0.537085
vn -0.747291 0.255807 -0.613286
vn -0.683580 0.255807 -0.683580
vn -0.613286 0.255807 -0.747291
vn -0.537085 0.255807 -0.803805
vn -0.455712 0.255807 -0.852578
vn -0.369951 0.255807 -0.893140
vn -0.280626 0.255807 -0.925101
vn -0.188599 0.255807 -0.948153
vn -0.094756 0.255807 -0.962073
vn -0.000000 0.255807 -0.966728
vn 0.094756 0.255807 -0.962073
vn 0.188599 0.255807 -0.948153
vn 0.280626 0.255807 -0.925101
vn 0.369951 0.255807 -0.893140
vn 0.455712 0.255807 -0.852578
vn 0.537085 0.255807 -0.803805
vn 0.613286 0.255807 -0.747291
vn 0.683580 0.255807 -0.683580
vn 0.747291 0.255807 -0.613286
vn 0.803805 0.255807 -0.537085
vn 0.852578 0.255807 -0.455712
vn 0.893140 0.255807 -0.369951
vn 0.925101 0.255807 -0.280626
vn 0.948153 0.255807 -0.188599
vn 0.962073 0.255807 -0.094756
vn 1.000000 0.000000 0.000000
vn 0.995185 0.000000 0.098017
vn 0.980785 0.000000 0.195090
vn 0.956940 0.000000 0.290285
vn 0.923880 0.000000 0.382683
vn 0.881921 0.000000 0.471397
vn 0.831470 0.000000 0.555570
vn 0.773010 0.000000 0.634393
vn 0.707107 0.000000 0.707107
vn 0.634393 0.000000 0.773010
vn 0.555570 0.000000 0.831470
vn 0.471397 0.000000 0.881921
vn 0.382683 0.000000 0.923880
vn 0.290285 0.000000 0.956940
vn 0.195090 0.000000 0.980785
vn 0.098017 0.000000 0.995185
vn 0.000000 0.000000 1.000000
vn -0.098017 0.000000 0.995185
vn -0.195090 0.000000 0.980785
vn -0.290285 0.000000 0.956940
vn -0.382683 0.000000 0.923880
vn -0.471397 0.000000 0.881921
vn -0.555570 0.000000 0.831470
vn -0.634393 0.000000 0.773010
vn -0.707107 0.000000 0.707107
vn -0.773010 0.000000 0.634393
vn -0.831470 0.000000 0.555570
vn -0.881921 0.000000 0.471397
vn -0.923880 0.000000 0.382683
vn -0.956940 0.000000 0.290285
vn -0.980785 0.000000 0.195090
vn -0.995185 0.000000 0.098017
vn -1.000000 0.000000 0.000000
vn -0.995185 0.000000 -0.098017
vn -0.980785 0.000000 -0.195090
vn -0.956940 0.000000 -0.290285
vn -0.923880 0.000000 -0.382683
vn -0.881921 0.000000 -0.471397
vn -0.831470 0.000000 -0.555570
vn -0.773010 0.000000 -0.634393
vn -0.707107 0.000000 -0.707107
vn -0.634393 0.000000 -0.773010
vn -0.555570 0.000000 -0.831470
vn -0.471397 0.000000 -0.881921
vn -0.382683 0.000000 -0.923880
vn -0.290285 0.000000 -0.956940
vn -0.195090 0.000000 -0.980785
vn -0.098017 0.000000 -0.995185
vn -0.000000 0.000000 -1.000000
vn 0.098017 0.000000 -0.995185
vn 0.195090 0.000000 -0.980785
vn 0.290285 0.000000 -0.956940
vn 0.382683 0.000000 -0.923880
vn 0.471397 0.000000 -0.881921
vn 0.555570 0.000000 -0.831470
vn 0.634393 0.000000 -0.773010
vn 0.707107 0.000000 -0.707107
vn 0.773010 0.000000 -0.634393
vn 0.831470 0.000000 -0.555570
vn 0.881921 0.000000 -0.471397
vn 0.923880 0.000000 -0.382683
vn 0.956940 0.000000 -0.290285
vn 0.980785 0.000000 -0.195090
vn 0.995185 0.000000 -0.098017
vn 0.966728 -0.255807 0.000000
vn 0.962073 -0.255807 0.094756
vn 0.948153 -0.255807 0.188599
vn 0.925101 -0.255807 0.280626
vn 0.893140 -0.255807 0.369951
vn 0.852578 -0.255807 0.455712
vn 0.803805 -0.255807 0.537085
vn 0.747291 -0.255807 0.613286
vn 0.683580 -0.255807 0.683580
vn 0.613286 -0.255807 0.747291
vn 0.537085 -0.255807 0.803805
vn 0.455712 -0.255807 0.852578
vn 0.369951 -0.255807 0.893140
vn 0.280626 -0.255807 0.925101
vn 0.188599 -0.255807 0.948153
vn 0.094756 -0.255807 0.962073
vn 0.000000 -0.255807 0.966728
vn -0.094756 -0.255807 0.962073
vn -0.188599 -0.255807 0.948153
vn -0.280626 -0.255807 0.925101
vn -0.369951 -0.255807 0.893140
vn -0.455712 -0.255807 0.852578
vn -0.537085 -0.255807 0.803805
vn -0.613286 -0.255807 0.747291
vn -0.683580 -0.255807 0.683580
vn -0.747291 -0.255807 0.613286
vn -0.803805 -0.255807 0.537085
vn -0.852578 -0.255807 0.455712
vn -0.893140 -0.255807 0.369951
vn -0.925101 -0.255807 0.280626
vn -0.948153 -0.255807 0.188599
vn -0.962073 -0.255807 0.094756
vn -0.966728 -0.255807 0.000000
vn -0.962073 -0.255807 -0.094756
vn -0.948153 -0.255807 -0.188599
vn -0.925101 -0.255807 -0.280626
vn -0.893140 -0.255807 -0.369951
vn -0.852578 -0.255807 -0.455712
vn -0.803805 -0.255807 -0.537085
vn -0.747291 -0.255807 -0.613286
vn -0.683580 -0.255807 -0.683580
vn -0.613286 -0.255807 -0.747291
vn -0.537085 -0.255807 -0.803805
vn -0.455712 -0.255807 -0.852578
vn -0.369951 -0.255807 -0.893140
vn -0.280626 -0.255807 -0.925101
vn -0.188599 -0.255807 -0.948153
vn -0.094756 -0.255807 -0.962073
vn -0.000000 -0.255807 -0.966728
vn 0.094756 -0.255807 -0.962073
vn 0.188599 -0.255807 -0.948153
vn 0.280626 -0.255807 -0.925101
vn 0.369951 -0.255807 -0.893140
vn 0.455712 -0.255807 -0.852578
vn 0.537085 -0.255807 -0.803805
vn 0.613286 -0.255807 -0.747291
vn 0.683580 -0.255807 -0.683580
vn 0.747291 -0.255807 -0.613286
vn 0.803805 -0.255807 -0.537085
vn 0.852578 -0.255807 -0.455712
vn 0.893140 -0.255807 -0.369951
vn 0.925101 -0.255807 -0.280626
vn 0.948153 -0.255807 -0.188599
vn 0.962073 -0.255807 -0.094756
vn 0.883857 -0.467756 0.000000
vn 0.879601 -0.467756 0.086633
vn 0.866874 -0.467756 0.172432
vn 0.845799 -0.467756 0.256570
vn 0.816578 -0.467756 0.338238
vn 0.779493 -0.467756 0.416648
vn 0.734901 -0.467756 0.491045
vn 0.683231 -0.467756 0.560713
vn 0.624982 -0.467756 0.624982
vn 0.560713 -0.467756 0.683231
vn 0.491045 -0.467756 0.734901
vn 0.416648 -0.467756 0.779493
vn 0.338238 -0.467756 0.816578
vn 0.256570 -0.467756 0.845799
vn 0.172432 -0.467756 0.866874
vn 0.086633 -0.467756 0.879601
vn 0.000000 -0.467756 0.883857
vn -0.086633 -0.467756 0.879601
vn -0.172432 -0.467756 0.866874
vn -0.256570 -0.467756 0.845799
vn -0.338238 -0.467756 0.816578
vn -0.416648 -0.467756 0.779493
vn -0.491045 -0.467756 0.734901
vn -0.560713 -0.467756 0.683231
vn -0.624982 -0.467756 0.624982
vn -0.683231 -0.467756 0.560713
vn -0.734901 -0.467756 0.491045
vn -0.779493 -0.467756 0.416648
vn -0.816578 -0.467756 0.338238
vn -0.845799 -0.467756 0.256570
vn -0.866874 -0.467756 0.172432
vn -0.879601 -0.467756 0.086633
vn -0.883857 -0.467756 0.000000
vn -0.879601 -0.467756 -0.086633
vn -0.866874 -0.467756 -0.172432
vn -0.845799 -0.467756 -0.256570
vn -0.816578 -0.467756 -0.338238
vn -0.779493 -0.467756 -0.416648
vn -0.734901 -0.467756 -0.491045
vn -0.683231 -0.467756 -0.560713
vn -0.624982 -0.467756 -0.624982
vn -0.560713 -0.467756 -0.683231
vn -0.491045 -0.467756 -0.734901
vn -0.416648 -0.467756 -0.779493
vn -0.338238 -0.467756 -0.816578
vn -0.256570 -0.467756 -0.845799
vn -0.172432 -0.467756 -0.866874
vn -0.086633 -0.467756 -0.879601
vn -0.000000 -0.467756 -0.883857
vn 0.086633 -0.467756 -0.879601
vn 0.172432 -0.467756 -0.866874
vn 0.256570 -0.467756 -0.845799
vn 0.338238 -0.467756 -0.816578
vn 0.416648 -0.467756 -0.779493
vn 0.491045 -0.467756 -0.734901
vn 0.560713 -0.467756 -0.683231
vn 0.624982 -0.467756 -0.624982
vn 0.683231 -0.467756 -0.560713
vn 0.734901 -0.467756 -0.491045
vn 0.779493 -0.467756 -0.416648
vn 0.816578 -0.467756 -0.338238
vn 0.845799 -0.467756 -0.256570
vn 0.866874 -0.467756 -0.172432
vn 0.879601 -0.467756 -0.086633
vn 0.783220 -0.621745 0.000000
vn 0.779448 -0.621745 0.076769
vn 0.768170 -0.621745 0.152799
vn 0.749495 -0.621745 0.227357
vn 0.723601 -0.621745 0.299725
vn 0.690738 -0.621745 0.369207
vn 0.651223 -0.621745 0.435134
vn 0.605437 -0.621745 0.496869
vn 0.553820 -0.621745 0.553820
vn 0.496869 -0.621745 0.605437
vn 0.435134 -0.621745 0.651223
vn 0.369207 -0.621745 0.690738
vn 0.299725 -0.621745 0.723601
vn 0.227357 -0.621745 0.749495
vn 0.152799 -0.621745 0.768170
vn 0.076769 -0.621745 0.779448
vn 0.000000 -0.621745 0.783220
vn -0.076769 -0.621745 0.779448
vn -0.152799 -0.621745 0.768170
vn -0.227357 -0.621745 0.749495
vn -0.299725 -0.621745 0.723601
vn -0.369207 -0.621745 0.690738
vn -0.435134 -0.621745 0.651223
vn -0.496869 -0.621745 0.605437
vn -0.553820 -0.621745 0.553820
vn -0.605437 -0.621745 0.496869
vn -0.651223 -0.621745 0.435134
vn -0.690738 -0.621745 0.369207
vn -0.723601 -0.621745 0.299725
vn -0.749495 -0.621745 0.227357
vn -0.768170 -0.621745 0.152799
vn -0.779448 -0.621745 0.076769
vn -0.783220 -0.621745 0.000000
vn -0.779448 -0.621745 -0.076769
vn -0.768170 -0.621745 -0.152799
vn -0.749495 -0.621745 -0.227357
vn -0.723601 -0.621745 -0.299725
vn -0.690738 -0.621745 -0.369207
vn -0.651223 -0.621745 -0.435134
vn -0.605437 -0.621745 -0.496869
vn -0.553820 -0.621745 -0.553820
vn -0.496869 -0.621745 -0.605437
vn -0.435134 -0.621745 -0.651223
vn -0.369207 -0.621745 -0.690738
vn -0.299725 -0.621745 -0.723601
vn -0.227357 -0.621745 -0.749495
vn -0.152799 -0.621745 -0.768170
vn -0.076769 -0.621745 -0.779448
vn -0.000000 -0.621745 -0.783220
vn 0.076769 -0.621745 -0.779448
vn 0.152799 -0.621745 -0.768170
vn 0.227357 -0.621745 -0.749495
vn 0.299725 -0.621745 -0.723601
vn 0.369207 -0.621745 -0.690738
vn 0.435134 -0.621745 -0.651223
vn 0.496869 -0.621745 -0.605437
vn 0.553820 -0.621745 -0.553820
vn 0.605437 -0.621745 -0.496869
vn 0.651223 -0.621745 -0.435134
vn 0.690738 -0.621745 -0.369207
vn 0.723601 -0.621745 -0.299725
vn 0.749495 -0.621745 -0.227357
vn 0.768170 -0.621745 -0.152799
vn 0.779448 -0.621745 -0.076769
vn 0.686754 -0.726890 0.000000
vn 0.683447 -0.726890 0.067314
vn 0.673558 -0.726890 0.133979
vn 0.657183 -0.726890 0.199354
vn 0.634478 -0.726890 0.262809
vn 0.605663 -0.726890 0.323734
vn 0.571015 -0.726890 0.381540
vn 0.530868 -0.726890 0.435672
vn 0.485608 -0.726890 0.485608
vn 0.435672 -0.726890 0.530868
vn 0.381540 -0.726890 0.571015
vn 0.323734 -0.726890 0.605663
vn 0.262809 -0.726890 0.634478
vn 0.199354 -0.726890 0.657183
vn 0.133979 -0.726890 0.673558
vn 0.067314 -0.726890 0.683447
vn 0.000000 -0.726890 0.686754
vn -0.067314 -0.726890 0.683447
vn -0.133979 -0.726890 0.673558
vn -0.199354 -0.726890 0.657183
vn -0.262809 -0.726890 0.634478
vn -0.323734 -0.726890 0.605663
vn -0.381540 -0.726890 0.571015
vn -0.435672 -0.726890 0.530868
vn -0.485608 -0.726890 0.485608
vn -0.530868 -0.726890 0.435672
vn -0.571015 -0.726890 0.381540
vn -0.605663 -0.726890 0.323734
vn -0.634478 -0.726890 0.262809
vn -0.657183 -0.726890 0.199354
vn -0.673558 -0.726890 0.133979
vn -0.683447 -0.726890 0.067314
vn -0.686754 -0.726890 0.000000
vn -0.683447 -0.726890 -0.067314
vn -0.673558 -0.726890 -0.133979
vn -0.657183 -0.726890 -0.199354
vn -0.634478 -0.726890 -0.262809
vn -0.605663 -0.726890 -0.323734
vn -0.571015 -0.726890 -0.381540
vn -0.530868 -0.726890 -0.435672
vn -0.485608 -0.726890 -0.485608
vn -0.435672 -0.726890 -0.530868
vn -0.381540 -0.726890 -0.571015
vn -0.323734 -0.726890 -0.605663
vn -0.262809 -0.726890 -0.634478
vn -0.199354 -0.726890 -0.657183
vn -0.133979 -0.726890 -0.673558
vn -0.067314 -0.726890 -0.683447
vn -0.000000 -0.726890 -0.686754
vn 0.067314 -0.726890 -0.683447
vn 0.133979 -0.726890 -0.673558
vn 0.199354 -0.726890 -0.657183
vn 0.262809 -0.726890 -0.634478
vn 0.323734 -0.726890 -0.605663
vn 0.381540 -0.726890 -0.571015
vn 0.435672 -0.726890 -0.530868
vn 0.485608 -0.726890 -0.485608
vn 0.530868 -0.726890 -0.435672
vn 0.571015 -0.726890 -0.381540
vn 0.605663 -0.726890 -0.323734
vn 0.634478 -0.726890 -0.262809
vn 0.657183 -0.726890 -0.199354
vn 0.673558 -0.726890 -0.133979
vn 0.683447 -0.726890 -0.067314
vn 0.602971 -0.797763 0.000000
vn 0.600068 -0.797763 0.059101
vn 0.591385 -0.797763 0.117634
vn 0.577007 -0.797763 0.175033
vn 0.557073 -0.797763 0.230747
vn 0.531773 -0.797763 0.284239
vn 0.501352 -0.797763 0.334993
vn 0.466103 -0.797763 0.382521
vn 0.426365 -0.797763 0.426365
vn 0.382521 -0.797763 0.466103
vn 0.334993 -0.797763 0.501352
vn 0.284239 -0.797763 0.531773
vn 0.230747 -0.797763 0.557073
vn 0.175033 -0.797763 0.577007
vn 0.117634 -0.797763 0.591385
vn 0.059101 -0.797763 0.600068
vn 0.000000 -0.797763 0.602971
vn -0.059101 -0.797763 0.600068
vn -0.117634 -0.797763 0.591385
vn -0.175033 -0.797763 0.577007
vn -0.230747 -0.797763 0.557073
vn -0.284239 -0.797763 0.531773
vn -0.334993 -0.797763 0.501352
vn -0.382521 -0.797763 0.466103
vn -0.426365 -0.797763 0.426365
vn -0.466103 -0.797763 0.382521
vn -0.501352 -0.797763 0.334993
vn -0.531773 -0.797763 0.284239
vn -0.557073 -0.797763 0.230747
vn -0.577007 -0.797763 0.175033
vn -0.591385 -0.797763 0.117634
vn -0.600068 -0.797763 0.059101
vn -0.602971 -0.797763 0.000000
vn -0.600068 -0.797763 -0.059101
vn -0.591385 -0.797763 -0.117634
vn -0.577007 -0.797763 -0.175033
vn -0.557073 -0.797763 -0.230747
vn -0.531773 -0.797763 -0.284239
vn -0.501352 -0.797763 -0.334993
vn -0.466103 -0.797763 -0.382521
vn -0.426365 -0.797763 -0.426365
vn -0.382521 -0.797763 -0.466103
vn -0.334993 -0.797763 -0.501352
vn -0.284239 -0.797763 -0.531773
vn -0.230747 -0.797763 -0.557073
vn -0.175033 -0.797763 -0.577007
vn -0.117634 -0.797763 -0.591385
vn -0.059101 -0.797763 -0.600068
vn -0.000000 -0.797763 -0.602971
vn 0.059101 -0.797763 -0.600068
vn 0.117634 -0.797763 -0.591385
vn 0.175033 -0.797763 -0.577007
vn 0.230747 -0.797763 -0.557073
vn 0.284239 -0.797763 -0.531773
vn 0.334993 -0.797763 -0.501352
vn 0.382521 -0.797763 -0.466103
vn 0.426365 -0.797763 -0.426365
vn 0.466103 -0.797763 -0.382521
vn 0.501352 -0.797763 -0.334993
vn 0.531773 -0.797763 -0.284239
vn 0.557073 -0.797763 -0.230747
vn 0.577007 -0.797763 -0.175033
vn 0.591385 -0.797763 -0.117634
vn 0.600068 -0.797763 -0.059101
vn 0.532950 -0.846146 0.000000
vn 0.530384 -0.846146 0.052238
vn 0.522710 -0.846146 0.103973
vn 0.510002 -0.846146 0.154707
vn 0.492382 -0.846146 0.203951
vn 0.470020 -0.846146 0.251231
vn 0.443132 -0.846146 0.296091
vn 0.411976 -0.846146 0.338100
vn 0.376853 -0.846146 0.376853
vn 0.338100 -0.846146 0.411976
vn 0.296091 -0.846146 0.443132
vn 0.251231 -0.846146 0.470020
vn 0.203951 -0.846146 0.492382
vn 0.154707 -0.846146 0.510002
vn 0.103973 -0.846146 0.522710
vn 0.052238 -0.846146 0.530384
vn 0.000000 -0.846146 0.532950
vn -0.052238 -0.846146 0.530384
vn -0.103973 -0.846146 0.522710
vn -0.154707 -0.846146 0.510002
vn -0.203951 -0.846146 0.492382
vn -0.251231 -0.846146 0.470020
vn -0.296091 -0.846146 0.443132
vn -0.338100 -0.846146 0.411976
vn -0.376853 -0.846146 0.376853
vn -0.411976 -0.846146 0.338100
vn -0.443132 -0.846146 0.296091
vn -0.470020 -0.846146 0.251231
vn -0.492382 -0.846146 0.203951
vn -0.510002 -0.846146 0.154707
vn -0.522710 -0.846146 0.103973
vn -0.530384 -0.846146 0.052238
vn -0.532950 -0.846146 0.000000
vn -0.530384 -0.846146 -0.052238
vn -0.522710 -0.846146 -0.103973
vn -0.510002 -0.846146 -0.154707
vn -0.492382 -0.846146 -0.203951
vn -0.470020 -0.846146 -0.251231
vn -0.443132 -0.846146 -0.296091
vn -0.411976 -0.846146 -0.338100
vn -0.376853 -0.846146 -0.376853
vn -0.338100 -0.846146 -0.411976
vn -0.296091 -0.846146 -0.443132
vn -0.251231 -0.846146 -0.470020
vn -0.203951 -0.846146 -0.492382
vn -0.154707 -0.846146 -0.510002
vn -0.103973 -0.846146 -0.522710
vn -0.052238 -0.846146 -0.530384
vn -0.000000 -0.846146 -0.532950
vn 0.052238 -0.846146 -0.530384
vn 0.103973 -0.846146 -0.522710
vn 0.154707 -0.846146 -0.510002
vn 0.203951 -0.846146 -0.492382
vn 0.251231 -0.846146 -0.470020
vn 0.296091 -0.846146 -0.443132
vn 0.338100 -0.846146 -0.411976
vn 0.376853 -0.846146 -0.376853
vn 0.411976 -0.846146 -0.338100
vn 0.443132 -0.846146 -0.296091
vn 0.470020 -0.846146 -0.251231
vn 0.492382 -0.846146 -0.203951
vn 0.510002 -0.846146 -0.154707
vn 0.522710 -0.846146 -0.103973
vn 0.530384 -0.846146 -0.052238
vn 0.475065 -0.879951 0.000000
vn 0.472777 -0.879951 0.046564
vn 0.465937 -0.879951 0.092681
vn 0.454609 -0.879951 0.137904
vn 0.438903 -0.879951 0.181799
vn 0.418970 -0.879951 0.223944
vn 0.395002 -0.879951 0.263932
vn 0.367230 -0.879951 0.301378
vn 0.335922 -0.879951 0.335922
vn 0.301378 -0.879951 0.367230
vn 0.263932 -0.879951 0.395002
vn 0.223944 -0.879951 0.418970
vn 0.181799 -0.879951 0.438903
vn 0.137904 -0.879951 0.454609
vn 0.092681 -0.879951 0.465937
vn 0.046564 -0.879951 0.472777
vn 0.000000 -0.879951 0.475065
vn -0.046564 -0.879951 0.472777
vn -0.092681 -0.879951 0.465937
vn -0.137904 -0.879951 0.454609
vn -0.181799 -0.879951 0.438903
vn -0.223944 -0.879951 0.418970
vn -0.263932 -0.879951 0.395002
vn -0.301378 -0.879951 0.367230
vn -0.335922 -0.879951 0.335922
vn -0.367230 -0.879951 0.301378
vn -0.395002 -0.879951 0.263932
vn -0.418970 -0.879951 0.223944
vn -0.438903 -0.879951 0.181799
vn -0.454609 -0.879951 0.137904
vn -0.465937 -0.879951 0.092681
vn -0.472777 -0.879951 0.046564
vn -0.475065 -0.879951 0.000000
vn -0.472777 -0.879951 -0.046564
vn -0.465937 -0.879951 -0.092681
vn -0.454609 -0.879951 -0.137904
vn -0.438903 -0.879951 -0.181799
vn -0.418970 -0.879951 -0.223944
vn -0.395002 -0.879951 -0.263932
vn -0.367230 -0.879951 -0.301378
vn -0.335922 -0.879951 -0.335922
vn -0.301378 -0.879951 -0.367230
vn -0.263932 -0.879951 -0.395002
vn -0.223944 -0.879951 -0.418970
vn -0.181799 -0.879951 -0.438903
vn -0.137904 -0.879951 -0.454609
vn -0.092681 -0.879951 -0.465937
vn -0.046564 -0.879951 -0.472777
vn -0.000000 -0.879951 -0.475065
vn 0.046564 -0.879951 -0.472777
vn 0.092681 -0.879951 -0.465937
vn 0.137904 -0.879951 -0.454609
vn 0.181799 -0.879951 -0.438903
vn 0.223944 -0.879951 -0.418970
vn 0.263932 -0.879951 -0.395002
vn 0.301378 -0.879951 -0.367230
vn 0.335922 -0.879951 -0.335922
vn 0.367230 -0.879951 -0.301378
vn 0.395002 -0.879951 -0.263932
vn 0.418970 -0.879951 -0.223944
vn 0.438903 -0.879951 -0.181799
vn 0.454609 -0.879951 -0.137904
vn 0.465937 -0.879951 -0.092681
vn 0.472777 -0.879951 -0.046564
vn 0.427132 -0.904189 0.000000
vn 0.425075 -0.904189 0.041866
vn 0.418925 -0.904189 0.083329
vn 0.408740 -0.904189 0.123990
vn 0.394618 -0.904189 0.163456
vn 0.376697 -0.904189 0.201349
vn 0.355147 -0.904189 0.237302
vn 0.330177 -0.904189 0.270970
vn 0.302028 -0.904189 0.302028
vn 0.270970 -0.904189 0.330177
vn 0.237302 -0.904189 0.355147
vn 0.201349 -0.904189 0.376697
vn 0.163456 -0.904189 0.394618
vn 0.123990 -0.904189 0.408740
vn 0.083329 -0.904189 0.418925
vn 0.041866 -0.904189 0.425075
vn 0.000000 -0.904189 0.427132
vn -0.041866 -0.904189 0.425075
vn -0.083329 -0.904189 0.418925
vn -0.123990 -0.904189 0.408740
vn -0.163456 -0.904189 0.394618
vn -0.201349 -0.904189 0.376697
vn -0.237302 -0.904189 0.355147
vn -0.270970 -0.904189 0.330177
vn -0.302028 -0.904189 0.302028
vn -0.330177 -0.904189 0.270970
vn -0.355147 -0.904189 0.237302
vn -0.376697 -0.904189 0.201349
vn -0.394618 -0.904189 0.163456
vn -0.408740 -0.904189 0.123990
vn -0.418925 -0.904189 0.083329
vn -0.425075 -0.904189 0.041866
vn -0.427132 -0.904189 0.000000
vn -0.425075 -0.904189 -0.041866
vn -0.418925 -0.904189 -0.083329
vn -0.408740 -0.904189 -0.123990
vn -0.394618 -0.904189 -0.163456
vn -0.376697 -0.904189 -0.201349
vn -0.355147 -0.904189 -0.237302
vn -0.330177 -0.904189 -0.270970
vn -0.302028 -0.904189 -0.302028
vn -0.270970 -0.904189 -0.330177
vn -0.237302 -0.904189 -0.355147
vn -0.201349 -0.904189 -0.376697
vn -0.163456 -0.904189 -0.394618
vn -0.123990 -0.904189 -0.408740
vn -0.083329 -0.904189 -0.418925
vn -0.041866 -0.904189 -0.425075
vn -0.000000 -0.904189 -0.427132
vn 0.041866 -0.904189 -0.425075
vn 0.083329 -0.904189 -0.418925
vn 0.123990 -0.904189 -0.408740
vn 0.163456 -0.904189 -0.394618
vn 0.201349 -0.904189 -0.376697
vn 0.237302 -0.904189 -0.355147
vn 0.270970 -0.904189 -0.330177
vn 0.302028 -0.904189 -0.302028
vn 0.330177 -0.904189 -0.270970
vn 0.355147 -0.904189 -0.237302
vn 0.376697 -0.904189 -0.201349
vn 0.394618 -0.904189 -0.163456
vn 0.408740 -0.904189 -0.123990
vn 0.418925 -0.904189 -0.083329
vn 0.425075 -0.904189 -0.041866
vn 0.387157 -0.922014 0.000000
vn 0.385293 -0.922014 0.037948
vn 0.379718 -0.922014 0.075531
vn 0.370486 -0.922014 0.112386
vn 0.357687 -0.922014 0.148159
vn 0.341442 -0.922014 0.182505
vn 0.321909 -0.922014 0.215093
vn 0.299277 -0.922014 0.245610
vn 0.273762 -0.922014 0.273762
vn 0.245610 -0.922014 0.299277
vn 0.215093 -0.922014 0.321909
vn 0.182505 -0.922014 0.341442
vn 0.148159 -0.922014 0.357687
vn 0.112386 -0.922014 0.370486
vn 0.075531 -0.922014 0.379718
vn 0.037948 -0.922014 0.385293
vn 0.000000 -0.922014 0.387157
vn -0.037948 -0.922014 0.385293
vn -0.075531 -0.922014 0.379718
vn -0.112386 -0.922014 0.370486
vn -0.148159 -0.922014 0.357687
vn -0.182505 -0.922014 0.341442
vn -0.215093 -0.922014 0.321909
vn -0.245610 -0.922014 0.299277
vn -0.273762 -0.922014 0.273762
vn -0.299277 -0.922014 0.245610
vn -0.321909 -0.922014 0.215093
vn -0.341442 -0.922014 0.182505
vn -0.357687 -0.922014 0.148159
vn -0.370486 -0.922014 0.112386
vn -0.379718 -0.922014 0.075531
vn -0.385293 -0.922014 0.037948
vn -0.387157 -0.922014 0.000000
vn -0.385293 -0.922014 -0.037948
vn -0.379718 -0.922014 -0.075531
vn -0.370486 -0.922014 -0.112386
vn -0.357687 -0.922014 -0.148159
vn -0.341442 -0.922014 -0.182505
vn -0.321909 -0.922014 -0.215093
vn -0.299277 -0.922014 -0.245610
vn -0.273762 -0.922014 -0.273762
vn -0.245610 -0.922014 -0.299277
vn -0.215093 -0.922014 -0.321909
vn -0.182505 -0.922014 -0.341442
vn -0.148159 -0.922014 -0.357687
vn -0.112386 -0.922014 -0.370486
vn -0.075531 -0.922014 -0.379718
vn -0.037948 -0.922014 -0.385293
vn -0.000000 -0.922014 -0.387157
vn 0.037948 -0.922014 -0.385293
vn 0.075531 -0.922014 -0.379718
vn 0.112386 -0.922014 -0.370486
vn 0.148159 -0.922014 -0.357687
vn 0.182505 -0.922014 -0.341442
vn 0.215093 -0.922014 -0.321909
vn 0.245610 -0.922014 -0.299277
vn 0.273762 -0.922014 -0.273762
vn 0.299277 -0.922014 -0.245610
vn 0.321909 -0.922014 -0.215093
vn 0.341442 -0.922014 -0.182505
vn 0.357687 -0.922014 -0.148159
vn 0.370486 -0.922014 -0.112386
vn 0.379718 -0.922014 -0.075531
vn 0.385293 -0.922014 -0.037948
vn 0.353512 -0.935430 0.000000
vn 0.351809 -0.935430 0.034650
vn 0.346719 -0.935430 0.068967
vn 0.338290 -0.935430 0.102619
vn 0.326602 -0.935430 0.135283
vn 0.311770 -0.935430 0.166644
vn 0.293934 -0.935430 0.196401
vn 0.273268 -0.935430 0.224265
vn 0.249971 -0.935430 0.249971
vn 0.224265 -0.935430 0.273268
vn 0.196401 -0.935430 0.293934
vn 0.166644 -0.935430 0.311770
vn 0.135283 -0.935430 0.326602
vn 0.102619 -0.935430 0.338290
vn 0.068967 -0.935430 0.346719
vn 0.034650 -0.935430 0.351809
vn 0.000000 -0.935430 0.353512
vn -0.034650 -0.935430 0.351809
vn -0.068967 -0.935430 0.346719
vn -0.102619 -0.935430 0.338290
vn -0.135283 -0.935430 0.326602
vn -0.166644 -0.935430 0.311770
vn -0.196401 -0.935430 0.293934
vn -0.224265 -0.935430 0.273268
vn -0.249971 -0.935430 0.249971
vn -0.273268 -0.935430 0.224265
vn -0.293934 -0.935430 0.196401
vn -0.311770 -0.935430 0.166644
vn -0.326602 -0.935430 0.135283
vn -0.338290 -0.935430 0.102619
vn -0.346719 -0.935430 0.068967
vn -0.351809 -0.935430 0.034650
vn -0.353512 -0.935430 0.000000
vn -0.351809 -0.935430 -0.034650
vn -0.346719 -0.935430 -0.068967
vn -0.338290 -0.935430 -0.102619
vn -0.326602 -0.935430 -0.135283
vn -0.311770 -0.935430 -0.166644
vn -0.293934 -0.935430 -0.196401
vn -0.273268 -0.935430 -0.224265
vn -0.249971 -0.935430 -0.249971
vn -0.224265 -0.935430 -0.273268
vn -0.196401 -0.935430 -0.293934
vn -0.166644 -0.935430 -0.311770
vn -0.135283 -0.935430 -0.326602
vn -0.102619 -0.935430 -0.338290
vn -0.068967 -0.935430 -0.346719
vn -0.034650 -0.935430 -0.351809
vn -0.000000 -0.935430 -0.353512
vn 0.034650 -0.935430 -0.351809
vn 0.068967 -0.935430 -0.346719
vn 0.102619 -0.935430 -0.338290
vn 0.135283 -0.935430 -0.326602
vn 0.166644 -0.935430 -0.311770
vn 0.196401 -0.935430 -0.293934
vn 0.224265 -0.935430 -0.273268
vn 0.249971 -0.935430 -0.249971
vn 0.273268 -0.935430 -0.224265
vn 0.293934 -0.935430 -0.196401
vn 0.311770 -0.935430 -0.166644
vn 0.326602 -0.935430 -0.135283
vn 0.338290 -0.935430 -0.102619
vn 0.346719 -0.935430 -0.068967
vn 0.351809 -0.935430 -0.034650
vn 0.324917 -0.945742 0.000000
vn 0.323353 -0.945742 0.031847
vn 0.318674 -0.945742 0.063388
vn 0.310926 -0.945742 0.094318
vn 0.300184 -0.945742 0.124340
vn 0.286551 -0.945742 0.153165
vn 0.270159 -0.945742 0.180514
vn 0.251164 -0.945742 0.206125
vn 0.229751 -0.945742 0.229751
vn 0.206125 -0.945742 0.251164
vn 0.180514 -0.945742 0.270159
vn 0.153165 -0.945742 0.286551
vn 0.124340 -0.945742 0.300184
vn 0.094318 -0.945742 0.310926
vn 0.063388 -0.945742 0.318674
vn 0.031847 -0.945742 0.323353
vn 0.000000 -0.945742 0.324917
vn -0.031847 -0.945742 0.323353
vn -0.063388 -0.945742 0.318674
vn -0.094318 -0.945742 0.310926
vn -0.124340 -0.945742 0.300184
vn -0.153165 -0.945742 0.286551
vn -0.180514 -0.945742 0.270159
vn -0.206125 -0.945742 0.251164
vn -0.229751 -0.945742 0.229751
vn -0.251164 -0.945742 0.206125
vn -0.270159 -0.945742 0.180514
vn -0.286551 -0.945742 0.153165
vn -0.300184 -0.945742 0.124340
vn -0.310926 -0.945742 0.094318
vn -0.318674 -0.945742 0.063388
vn -0.323353 -0.945742 0.031847
vn -0.324917 -0.945742 0.000000
vn -0.323353 -0.945742 -0.031847
vn -0.318674 -0.945742 -0.063388
vn -0.310926 -0.945742 -0.094318
vn -0.300184 -0.945742 -0.124340
vn -0.286551 -0.945742 -0.153165
vn -0.270159 -0.945742 -0.180514
vn -0.251164 -0.945742 -0.206125
vn -0.229751 -0.945742 -0.229751
vn -0.206125 -0.945742 -0.251164
vn -0.180514 -0.945742 -0.270159
vn -0.153165 -0.945742 -0.286551
vn -0.124340 -0.945742 -0.300184
vn -0.094318 -0.945742 -0.310926
vn -0.063388 -0.945742 -0.318674
vn -0.031847 -0.945742 -0.323353
vn -0.000000 -0.945742 -0.324917
vn 0.031847 -0.945742 -0.323353
vn 0.063388 -0.945742 -0.318674
vn 0.094318 -0.945742 -0.310926
vn 0.124340 -0.945742 -0.300184
vn 0.153165 -0.945742 -0.286551
vn 0.180514 -0.945742 -0.270159
vn 0.206125 -0.945742 -0.251164
vn 0.229751 -0.945742 -0.229751
vn 0.251164 -0.945742 -0.206125
vn 0.270159 -0.945742 -0.180514
vn 0.286551 -0.945742 -0.153165
vn 0.300184 -0.945742 -0.124340
vn 0.310926 -0.945742 -0.094318
vn 0.318674 -0.945742 -0.063388
vn 0.323353 -0.945742 -0.031847
vn 0.300384 -0.953818 0.000000
vn 0.298938 -0.953818 0.029443
vn 0.294612 -0.953818 0.058602
vn 0.287450 -0.953818 0.087197
vn 0.277519 -0.953818 0.114952
vn 0.264915 -0.953818 0.141600
vn 0.249760 -0.953818 0.166884
vn 0.232200 -0.953818 0.190562
vn 0.212404 -0.953818 0.212404
vn 0.190562 -0.953818 0.232200
vn 0.166884 -0.953818 0.249760
vn 0.141600 -0.953818 0.264915
vn 0.114952 -0.953818 0.277519
vn 0.087197 -0.953818 0.287450
vn 0.058602 -0.953818 0.294612
vn 0.029443 -0.953818 0.298938
vn 0.000000 -0.953818 0.300384
vn -0.029443 -0.953818 0.298938
vn -0.058602 -0.953818 0.294612
vn -0.087197 -0.953818 0.287450
vn -0.114952 -0.953818 0.277519
vn -0.141600 -0.953818 0.264915
vn -0.166884 -0.953818 0.249760
vn -0.190562 -0.953818 0.232200
vn -0.212404 -0.953818 0.212404
vn -0.232200 -0.953818 0.190562
vn -0.249760 -0.953818 0.166884
vn -0.264915 -0.953818 0.141600
vn -0.277519 -0.953818 0.114952
vn -0.287450 -0.953818 0.087197
vn -0.294612 -0.953818 0.058602
vn -0.298938 -0.953818 0.029443
vn -0.300384 -0.953818 0.000000
vn -0.298938 -0.953818 -0.029443
vn -0.294612 -0.953818 -0.058602
vn -0.287450 -0.953818 -0.087197
vn -0.277519 -0.953818 -0.114952
vn -0.264915 -0.953818 -0.141600
vn -0.249760 -0.953818 -0.166884
vn -0.232200 -0.953818 -0.190562
vn -0.212404 -0.953818 -0.212404
vn -0.190562 -0.953818 -0.232200
vn -0.166884 -0.953818 -0.249760
vn -0.141600 -0.953818 -0.264915
vn -0.114952 -0.953818 -0.277519
vn -0.087197 -0.953818 -0.287450
vn -0.058602 -0.953818 -0.294612
vn -0.029443 -0.953818 -0.298938
vn -0.000000 -0.953818 -0.300384
vn 0.029443 -0.953818 -0.298938
vn 0.058602 -0.953818 -0.294612
vn 0.087197 -0.953818 -0.287450
vn 0.114952 -0.953818 -0.277519
vn 0.141600 -0.953818 -0.264915
vn 0.166884 -0.953818 -0.249760
vn 0.190562 -0.953818 -0.232200
vn 0.212404 -0.953818 -0.212404
vn 0.232200 -0.953818 -0.190562
vn 0.249760 -0.953818 -0.166884
vn 0.264915 -0.953818 -0.141600
vn 0.277519 -0.953818 -0.114952
vn 0.287450 -0.953818 -0.087197
vn 0.294612 -0.953818 -0.058602
vn 0.298938 -0.953818 -0.029443
vn 0.279147 -0.960248 0.000000
vn 0.277803 -0.960248 0.027361
vn 0.273783 -0.960248 0.054459
vn 0.267127 -0.960248 0.081032
vn 0.257898 -0.960248 0.106825
vn 0.246186 -0.960248 0.131589
vn 0.232102 -0.960248 0.155086
vn 0.215783 -0.960248 0.177089
vn 0.197387 -0.960248 0.197387
vn 0.177089 -0.960248 0.215783
vn 0.155086 -0.960248 0.232102
vn 0.131589 -0.960248 0.246186
vn 0.106825 -0.960248 0.257898
vn 0.081032 -0.960248 0.267127
vn 0.054459 -0.960248 0.273783
vn 0.027361 -0.960248 0.277803
vn 0.000000 -0.960248 0.279147
vn -0.027361 -0.960248 0.277803
vn -0.054459 -0.960248 0.273783
vn -0.081032 -0.960248 0.267127
vn -0.106825 -0.960248 0.257898
vn -0.131589 -0.960248 0.246186
vn -0.155086 -0.960248 0.232102
vn -0.177089 -0.960248 0.215783
vn -0.197387 -0.960248 0.197387
vn -0.215783 -0.960248 0.177089
vn -0.232102 -0.960248 0.155086
vn -0.246186 -0.960248 0.131589
vn -0.257898 -0.960248 0.106825
vn -0.267127 -0.960248 0.081032
vn -0.273783 -0.960248 0.054459
vn -0.277803 -0.960248 0.027361
vn -0.279147 -0.960248 0.000000
vn -0.277803 -0.960248 -0.027361
vn -0.273783 -0.960248 -0.054459
vn -0.267127 -0.960248 -0.081032
vn -0.257898 -0.960248 -0.106825
vn -0.246186 -0.960248 -0.131589
vn -0.232102 -0.960248 -0.155086
vn -0.215783 -0.960248 -0.177089
vn -0.197387 -0.960248 -0.197387
vn -0.177089 -0.960248 -0.215783
vn -0.155086 -0.960248 -0.232102
vn -0.131589 -0.960248 -0.246186
vn -0.106825 -0.960248 -0.257898
vn -0.081032 -0.960248 -0.267127
vn -0.054459 -0.960248 -0.273783
vn -0.027361 -0.960248 -0.277803
vn -0.000000 -0.960248 -0.279147
vn 0.027361 -0.960248 -0.277803
vn 0.054459 -0.960248 -0.273783
vn 0.081032 -0.960248 -0.267127
vn 0.106825 -0.960248 -0.257898
vn 0.131589 -0.960248 -0.246186
vn 0.155086 -0.960248 -0.232102
vn 0.177089 -0.960248 -0.215783
vn 0.197387 -0.960248 -0.197387
vn 0.215783 -0.960248 -0.177089
vn 0.232102 -0.960248 -0.155086
vn 0.246186 -0.960248 -0.131589
vn 0.257898 -0.960248 -0.106825
vn 0.267127 -0.960248 -0.081032
vn 0.273783 -0.960248 -0.054459
vn 0.277803 -0.960248 -0.027361
vn 0.260610 -0.965444 0.000000
vn 0.259355 -0.965444 0.025544
vn 0.255603 -0.965444 0.050843
vn 0.249389 -0.965444 0.075651
vn 0.240773 -0.965444 0.099731
vn 0.229838 -0.965444 0.122851
vn 0.216690 -0.965444 0.144787
vn 0.201455 -0.965444 0.165329
vn 0.184279 -0.965444 0.184279
vn 0.165329 -0.965444 0.201455
vn 0.144787 -0.965444 0.216690
vn 0.122851 -0.965444 0.229838
vn 0.099731 -0.965444 0.240773
vn 0.075651 -0.965444 0.249389
vn 0.050843 -0.965444 0.255603
vn 0.025544 -0.965444 0.259355
vn 0.000000 -0.965444 0.260610
vn -0.025544 -0.965444 0.259355
vn -0.050843 -0.965444 0.255603
vn -0.075651 -0.965444 0.249389
vn -0.099731 -0.965444 0.240773
vn -0.122851 -0.965444 0.229838
vn -0.144787 -0.965444 0.216690
vn -0.165329 -0.965444 0.201455
vn -0.184279 -0.965444 0.184279
vn -0.201455 -0.965444 0.165329
vn -0.216690 -0.965444 0.144787
vn -0.229838 -0.965444 0.122851
vn -0.240773 -0.965444 0.099731
vn -0.249389 -0.965444 0.075651
vn -0.255603 -0.965444 0.050843
vn -0.259355 -0.965444 0.025544
vn -0.260610 -0.965444 0.000000
vn -0.259355 -0.965444 -0.025544
vn -0.255603 -0.965444 -0.050843
vn -0.249389 -0.965444 -0.075651
vn -0.240773 -0.965444 -0.099731
vn -0.229838 -0.965444 -0.122851
vn -0.216690 -0.965444 -0.144787
vn -0.201455 -0.965444 -0.165329
vn -0.184279 -0.965444 -0.184279
vn -0.165329 -0.965444 -0.201455
vn -0.144787 -0.965444 -0.216690
vn -0.122851 -0.965444 -0.229838
vn -0.099731 -0.965444 -0.240773
vn -0.075651 -0.965444 -0.249389
vn -0.050843 -0.965444 -0.255603
vn -0.025544 -0.965444 -0.259355
vn -0.000000 -0.965444 -0.260610
vn 0.025544 -0.965444 -0.259355
vn 0.050843 -0.965444 -0.255603
vn 0.075651 -0.965444 -0.249389
vn 0.099731 -0.965444 -0.240773
vn 0.122851 -0.965444 -0.229838
vn 0.144787 -0.965444 -0.216690
vn 0.165329 -0.965444 -0.201455
vn 0.184279 -0.965444 -0.184279
vn 0.201455 -0.965444 -0.165329
vn 0.216690 -0.965444 -0.144787
vn 0.229838 -0.965444 -0.122851
vn 0.240773 -0.965444 -0.099731
vn 0.249389 -0.965444 -0.075651
vn 0.255603 -0.965444 -0.050843
vn 0.259355 -0.965444 -0.025544
vn 0.244308 -0.969698 0.000000
vn 0.243132 -0.969698 0.023946
vn 0.239614 -0.969698 0.047662
vn 0.233788 -0.969698 0.070919
vn 0.225711 -0.969698 0.093493
vn 0.215460 -0.969698 0.115166
vn 0.203135 -0.969698 0.135730
vn 0.188853 -0.969698 0.154987
vn 0.172752 -0.969698 0.172752
vn 0.154987 -0.969698 0.188853
vn 0.135730 -0.969698 0.203135
vn 0.115166 -0.969698 0.215460
vn 0.093493 -0.969698 0.225711
vn 0.070919 -0.969698 0.233788
vn 0.047662 -0.969698 0.239614
vn 0.023946 -0.969698 0.243132
vn 0.000000 -0.969698 0.244308
vn -0.023946 -0.969698 0.243132
vn -0.047662 -0.969698 0.239614
vn -0.070919 -0.969698 0.233788
vn -0.093493 -0.969698 0.225711
vn -0.115166 -0.969698 0.215460
vn -0.135730 -0.969698 0.203135
vn -0.154987 -0.969698 0.188853
vn -0.172752 -0.969698 0.172752
vn -0.188853 -0.969698 0.154987
vn -0.203135 -0.969698 0.135730
vn -0.215460 -0.969698 0.115166
vn -0.225711 -0.969698 0.093493
vn -0.233788 -0.969698 0.070919
vn -0.239614 -0.969698 0.047662
vn -0.243132 -0.969698 0.023946
vn -0.244308 -0.969698 0.000000
vn -0.243132 -0.969698 -0.023946
vn -0.239614 -0.969698 -0.047662
vn -0.233788 -0.969698 -0.070919
vn -0.225711 -0.969698 -0.093493
vn -0.215460 -0.969698 -0.115166
vn -0.203135 -0.969698 -0.135730
vn -0.188853 -0.969698 -0.154987
vn -0.172752 -0.969698 -0.172752
vn -0.154987 -0.969698 -0.188853
vn -0.135730 -0.969698 -0.203135
vn -0.115166 -0.969698 -0.215460
vn -0.093493 -0.969698 -0.225711
vn -0.070919 -0.969698 -0.233788
vn -0.047662 -0.969698 -0.239614
vn -0.023946 -0.969698 -0.243132
vn -0.000000 -0.969698 -0.244308
vn 0.023946 -0.969698 -0.243132
vn 0.047662 -0.969698 -0.239614
vn 0.070919 -0.969698 -0.233788
vn 0.093493 -0.969698 -0.225711
vn 0.115166 -0.969698 -0.215460
vn 0.135730 -0.969698 -0.203135
vn 0.154987 -0.969698 -0.188853
vn 0.172752 -0.969698 -0.172752
vn 0.188853 -0.969698 -0.154987
vn 0.203135 -0.969698 -0.135730
vn 0.215460 -0.969698 -0.115166
vn 0.225711 -0.969698 -0.093493
vn 0.233788 -0.969698 -0.070919
vn 0.239614 -0.969698 -0.047662
vn 0.243132 -0.969698 -0.023946
vn 0.229871 -0.973221 0.000000
vn 0.228764 -0.973221 0.022531
vn 0.225454 -0.973221 0.044846
vn 0.219973 -0.973221 0.066728
vn 0.212373 -0.973221 0.087968
vn 0.202728 -0.973221 0.108360
vn 0.191131 -0.973221 0.127709
vn 0.177693 -0.973221 0.145829
vn 0.162543 -0.973221 0.162543
vn 0.145829 -0.973221 0.177693
vn 0.127709 -0.973221 0.191131
vn 0.108360 -0.973221 0.202728
vn 0.087968 -0.973221 0.212373
vn 0.066728 -0.973221 0.219973
vn 0.044846 -0.973221 0.225454
vn 0.022531 -0.973221 0.228764
vn 0.000000 -0.973221 0.229871
vn -0.022531 -0.973221 0.228764
vn -0.044846 -0.973221 0.225454
vn -0.066728 -0.973221 0.219973
vn -0.087968 -0.973221 0.212373
vn -0.108360 -0.973221 0.202728
vn -0.127709 -0.973221 0.191131
vn -0.145829 -0.973221 0.177693
vn -0.162543 -0.973221 0.162543
vn -0.177693 -0.973221 0.145829
vn -0.191131 -0.973221 0.127709
vn -0.202728 -0.973221 0.108360
vn -0.212373 -0.973221 0.087968
vn -0.219973 -0.973221 0.066728
vn -0.225454 -0.973221 0.044846
vn -0.228764 -0.973221 0.022531
vn -0.229871 -0.973221 0.000000
vn -0.228764 -0.973221 -0.022531
vn -0.225454 -0.973221 -0.044846
vn -0.219973 -0.973221 -0.066728
vn -0.212373 -0.973221 -0.087968
vn -0.202728 -0.973221 -0.108360
vn -0.191131 -0.973221 -0.127709
vn -0.177693 -0.973221 -0.145829
vn -0.162543 -0.973221 -0.162543
vn -0.145829 -0.973221 -0.177693
vn -0.127709 -0.973221 -0.191131
vn -0.108360 -0.973221 -0.202728
vn -0.087968 -0.973221 -0.212373
vn -0.066728 -0.973221 -0.219973
vn -0.044846 -0.973221 -0.225454
vn -0.022531 -0.973221 -0.228764
vn -0.000000 -0.973221 -0.229871
vn 0.022531 -0.973221 -0.228764
vn 0.044846 -0.973221 -0.225454
vn 0.066728 -0.973221 -0.219973
vn 0.087968 -0.973221 -0.212373
vn 0.108360 -0.973221 -0.202728
vn 0.127709 -0.973221 -0.191131
vn 0.145829 -0.973221 -0.177693
vn 0.162543 -0.973221 -0.162543
vn 0.177693 -0.973221 -0.145829
vn 0.191131 -0.973221 -0.127709
vn 0.202728 -0.973221 -0.108360
vn 0.212373 -0.973221 -0.087968
vn 0.219973 -0.973221 -0.066728
vn 0.225454 -0.973221 -0.044846
vn 0.228764 -0.973221 -0.022531

f 1/1/1 2/2/2 65/65/65
f 2/2/2 66/66/66 65/65/65
f 2/2/2 3/3/3 66/66/66
f 3/3/3 67/67/67 66/66/66
f 3/3/3 4/4/4 67/67/67
f 4/4/4 68/68/68 67/67/67
f 4/4/4 5/5/5 68/68/68
f 5/5/5 69/69/69 68/68/68
f 5/5/5 6/6/6 69/69/69
f 6/6/6 70/70/70 69/69/69
f 6/6/6 7/7/7 70/70/70
f 7/7/7 71/71/71 70/70/70
f 7/7/7 8/8/8 71/71/71
f 8/8/8 72/72/72 71/71/71
f 8/8/8 9/9/9 72/72/72
f 9/9/9 73/73/73 72/72/72
f 9/9/9 10/10/10 73/73/73
f 10/10/10 74/74/74 73/73/73
f 10/10/10 11/11/11 74/74/74
f 11/11/11 75/75/75 74/74/74
f 11/11/11 12/12/12 75/75/75
f 12/12/12 76/76/76 75/75/75
f 12/12/12 13/13/13 76/76/76
f 13/13/13 77/77/77 76/76/76
f 13/13/13 14/14/14 77/77/77
f 14/14/14 78/78/78 77/77/77
f 14/14/14 15/15/15 78/78/78
f 15/15/15 79/79/79 78/78/78
f 15/15/15 16/16/16 79/79/79
f 16/16/16 80/80/80 79/79/79
f 16/16/16 17/17/17 80/80/80
f 17/17/17 81/81/81 80/80/80
f 17/17/17 18/18/18 81/81/81
f 18/18/18 82/82/82 81/81/81
f 18/18/18 19/19/19 82/82/82
f 19/19/19 83/83/83 82/82/82
f 19/19/19 20/20/20 83/83/83
f 20/20/20 84/84/84 83/83/83
f 20/20/20 21/21/21 84/84/84
f 21/21/21 85/85/85 84/84/84
f 21/21/21 22/22/22 85/85/85
f 22/22/22 86/86/86 85/85/85
f 22/22/22 23/23/23 86/86/86
f 23/23/23 87/87/87 86/86/86
f 23/23/23 24/24/24 87/87/87
f 24/24/24 88/88/88 87/87/87
f 24/24/24 25/25/25 88/88/88
f 25/25/25 89/89/89 88/88/88
f 25/25/25 26/26/26 89/89/89
f 26/26/26 90/90/90 89/89/89
f 26/26/26 27/27/27 90/90/90
f 27/27/27 91/91/91 90/90/90
f 27/27/27 28/28/28 91/91/91
f 28/28/28 92/92/92 91/91/91
f 28/28/28 29/29/29 92/92/92
f 29/29/29 93/93/93 92/92/92
f 29/29/29 30/30/30 93/93/93
f 30/30/30 94/94/94 93/93/93
f 30/30/30 31/31/31 94/94/94
f 31/31/31 95/95/95 94/94/94
f 31/31/31 32/32/32 95/95/95
f 32/32/32 96/96/96 95/95/95
f 32/32/32 33/33/33 96/96/96
f 33/33/33 97/97/97 96/96/96
f 33/33/33 34/34/34 97/97/97
f 34/34/34 98/98/98 97/97/97
f 34/34/34 35/35/35 98/98/98
f 35/35/35 99/99/99 98/98/98
f 35/35/35 36/36/36 99/99/99
f 36/36/36 100/100/100 99/99/99
f 36/36/36 37/37/37 100/100/100
f 37/37/37 101/101/101 100/100/100
f 37/37/37 38/38/38 101/101/101
f 38/38/38 102/102/102 101/101/101
f 38/38/38 39/39/39 102/102/102
f 39/39/39 103/103/103 102/102/102
f 39/39/39 40/40/40 103/103/103
f 40/40/40 104/104/104 103/103/103
f 40/40/40 41/41/41 104/104/104
f 41/41/41 105/105/105 104/104/104
f 41/41/41 42/42/42 105/105/105
f 42/42/42 106/106/106 105/105/105
f 42/42/42 43/43/43 106/106/106
f 43/43/43 107/107/107 106/106/106
f 43/43/43 44/44/44 107/107/107
f 44/44/44 108/108/108 107/107/107
f 44/44/44 45/45/45 108/108/108
f 45/45/45 109/109/109 108/108/108
f 45/45/45 46/46/46 109/109/109
f 46/46/46 110/110/110 109/109/109
f 46/46/46 47/47/47 110/110/110
f 47/47/47 111/111/111 110/110/110
f 47/47/47 48/48/48 111/111/111
f 48/48/48 112/112/112 111/111/111
f 48/48/48 49/49/49 112/112/112
f 49/49/49 113/113/113 112/112/112
f 49/49/49 50/50/50 113/113/113
f 50/50/50 114/114/114 113/113/113
f 50/50/50 51/51/51 114/114/114
f 51/51/51 115/115/115 114/114/114
f 51/51/51 52/52/52 115/115/115
f 52/52/52 116/116/116 115/115/115
f 52/52/52 53/53/53 116/116/116
f 53/53/53 117/117/117 116/116/116
f 53/53/53 54/54/54 117/117/117
f 54/54/54 118/118/118 117/117/117
f 54/54/54 55/55/55 118/118/118
f 55/55/55 119/119/119 118/118/118
f 55/55/55 56/56/56 119/119/119
f 56/56/56 120/120/120 119/119/119
f 56/56/56 57/57/57 120/120/120
f 57/57/57 121/121/121 120/120/120
f 57/57/57 58/58/58 121/121/121
f 58/58/58 122/122/122 121/121/121
f 58/58/58 59/59/59 122/122/122
f 59/59/59 123/123/123 122/122/122
f 59/59/59 60/60/60 123/123/123
f 60/60/60 124/124/124 123/123/123
f 60/60/60 61/61/61 124/124/124
f 61/61/61 125/125/125 124/124/124
f 61/61/61 62/62/62 125/125/125
f 62/62/62 126/126/126 125/125/125
f 62/62/62 63/63/63 126/126/126
f 63/63/63 127/127/127 126/126/126
f 63/63/63 64/64/64 127/127/127
f 64/64/64 128/128/128 127/127/127
f 64/64/64 1/1/1 128/128/128
f 1/1/1 65/65/65 128/128/128
f 65/65/65 66/66/66 129/129/129
f 66/66/66 130/130/130 129/129/129
f 66/66/66 67/67/67 130/130/130
f 67/67/67 131/131/131 130/130/130
f 67/67/67 68/68/68 131/131/131
f 68/68/68 132/132/132 131/131/131
f 68/68/68 69/69/69 132/132/132
f 69/69/69 133/133/133 132/132/132
f 69/69/69 70/70/70 133/133/133
f 70/70/70 134/134/134 133/133/133
f 70/70/70 71/71/71 134/134/134
f 71/71/71 135/135/135 134/134/134
f 71/71/71 72/72/72 135/135/135
f 72/72/72 136/136/136 135/135/135
f 72/72/72 73/73/73 136/136/136
f 73/73/73 137/137/137 136/136/136
f 73/73/73 74/74/74 137/137/137
f 74/74/74 138/138/138 137/137/137
f 74/74/74 75/75/75 138/138/138
f 75/75/75 139/139/139 138/138/138
f 75/75/75 76/76/76 139/139/139
f 76/76/76 140/140/140 139/139/139
f 76/76/76 77/77/77 140/140/140
f 77/77/77 141/141/141 140/140/140
f 77/77/77 78/78/78 141/141/141
f 78/78/78 142/142/142 141/141/141
f 78/78/78 79/79/79 142/142/142
f 79/79/79 143/143/143 142/142/142
f 79/79/79 80/80/80 143/143/143
f 80/80/80 144/144/144 143/143/143
f 80/80/80 81/81/81 144/144/144
f 81/81/81 145/145/145 144/144/144
f 81/81/81 82/82/82 145/145/145
f 82/82/82 146/146/146 145/145/145
f 82/82/82 83/83/83 146/146/146
f 83/83/83 147/147/147 146/146/146
f 83/83/83 84/84/84 147/147/147
f 84/84/84 148/148/148 147/147/147
f 84/84/84 85/85/85 148/148/148
f 85/85/85 149/149/149 148/148/148
f 85/85/85 86/86/86 149/149/149
f 86/86/86 150/150/150 149/149/149
f 86/86/86 87/87/87 150/150/150
f 87/87/87 151/151/151 150/150/150
f 87/87/87 88/88/88 151/151/151
f 88/88/88 152/152/152 151/151/151
f 88/88/88 89/89/89 152/152/152
f 89/89/89 153/153/153 152/152/152
f 89/89/89 90/90/90 153/153/153
f 90/90/90 154/154/154 153/153/153
f 90/90/90 91/91/91 154/154/154
f 91/91/91 155/155/155 154/154/154
f 91/91/91 92/92/92 155/155/155
f 92/92/92 156/156/156 155/155/155
f 92/92/92 93/93/93 156/156/156
f 93/93/93 157/157/157 156/156/156
f 93/93/93 94/94/94 157/157/157
f 94/94/94 158/158/158 157/157/157
f 94/94/94 95/95/95 158/158/158
f 95/95/95 159/159/159 158/158/158
f 95/95/95 96/96/96 159/159/159
f 96/96/96 160/160/160 159/159/159
f 96/96/96 97/97/97 160/160/160
f 97/97/97 161/161/161 160/160/160
f 97/97/97 98/98/98 161/161/161
f 98/98/98 162/162/162 161/161/161
f 98/98/98 99/99/99 162/162/162
f 99/99/99 163/163/163 162/162/162
f 99/99/99 100/100/100 163/163/163
f 100/100/100 164/164/164 163/163/163
f 100/100/100 101/101/101 164/164/164
f 101/101/101 165/165/165 164/164/164
f 101/101/101 102/102/102 165/165/165
f 102/102/102 166/166/166 165/165/165
f 102/102/102 103/103/103 166/166/166
f 103/103/103 167/167/167 166/166/166
f 103/103/103 104/104/104 167/167/167
f 104/104/104 168/168/168 167/167/167
f 104/104/104 105/105/105 168/168/168
f 105/105/105 169/169/169 168/168/168
f 105/105/105 106/106/106 169/169/169
f 106/106/106 170/170/170 169/169/169
f 106/106/106 107/107/107 170/170/170
f 107/107/107 171/171/171 170/170/170
f 107/107/107 108/108/108 171/171/171
f 108/108/108 172/172/172 171/171/171
f 108/108/108 109/109/109 172/172/172
f 109/109/109 173/173/173 172/172/172
f 109/109/109 110/110/110 173/173/173
f 110/110/110 174/174/174 173/173/173
f 110/110/110 111/111/111 174/174/174
f 111/111/111 175/175/175 174/174/174
f 111/111/111 112/112/112 175/175/175
f 112/112/112 176/176/176 175/175/175
f 112/112/112 113/113/113 176/176/176
f 113/113/113 177/177/177 176/176/176
f 113/113/113 114/114/114 177/177/177
f 114/114/114 178/178/178 177/177/177
f 114/114/114 115/115/115 178/178/178
f 115/115/115 179/179/179 178/178/178
f 115/115/115 116/116/116 179/179/179
f 116/116/116 180/180/180 179/179/179
f 116/116/116 117/117/117 180/180/180
f 117/117/117 181/181/181 180/180/180
f 117/117/117 118/118/118 181/181/181
f 118/118/118 182/182/182 181/181/181
f 118/118/118 119/119/119 182/182/182
f 119/119/119 183/183/183 182/182/182
f 119/119/119 120/120/120 183/183/183
f 120/120/120 184/184/184 183/183/183
f 120/120/120 121/121/121 184/184/184
f 121/121/121 185/185/185 184/184/184
f 121/121/121 122/122/122 185/185/185
f 122/122/122 186/186/186 185/185/185
f 122/122/122 123/123/123 186/186/186
f 123/123/123 187/187/187 186/186/186
f 123/123/123 124/124/124 187/187/187
f 124/124/124 188/188/188 187/187/187
f 124/124/124 125/125/125 188/188/188
f 125/125/125 189/189/189 188/188/188
f 125/125/125 126/126/126 189/189/189
f 126/126/126 190/190/190 189/189/189
f 126/126/126 127/127/127 190/190/190
f 127/127/127 191/191/191 190/190/190
f 127/127/127 128/128/128 191/191/191
f 128/128/128 192/192/192 191/191/191
f 128/128/128 65/65/65 192/192/192
f 65/65/65 129/129/129 192/192/192
f 129/129/129 130/130/130 193/193/193
f 130/130/130 194/194/194 193/193/193
f 130/130/130 131/131/131 194/194/194
f 131/131/131 195/195/195 194/194/194
f 131/131/131 132/132/132 195/195/195
f 132/132/132 196/196/196 195/195/195
f 132/132/132 133/133/133 196/196/196
f 133/133/133 197/197/197 196/196/196
f 133/133/133 134/134/134 197/197/197
f 134/134/134 198/198/198 197/197/197
f 134/134/134 135/135/135 198/198/198
f 135/135/135 199/199/199 198/198/198
f 135/135/135 136/136/136 199/199/199
f 136/136/136 200/200/200 199/199/199
f 136/136/136 137/137/137 200/200/200
f 137/137/137 201/201/201 200/200/200
f 137/137/137 138/138/138 201/201/201
f 138/138/138 202/202/202 201/201/201
f 138/138/138 139/139/139 202/202/202
f 139/139/139 203/203/203 202/202/202
f 139/139/139 140/140/140 203/203/203
f 140/140/140 204/204/204 203/203/203
f 140/140/140 141/141/141 204/204/204
f 141/141/141 205/205/205 204/204/204
f 141/141/141 142/142/142 205/205/205
f 142/142/142 206/206/206 205/205/205
f 142/142/142 143/143/143 206/206/206
f 143/143/143 207/207/207 206/206/206
f 143/143/143 144/144/144 207/207/207
f 144/144/144 208/208/208 207/207/207
f 144/144/144 145/145/145 208/208/208
f 145/145/145 209/209/209 208/208/208
f 145/145/145 146/146/146 209/209/209
f 146/146/146 210/210/210 209/209/209
f 146/146/146 147/147/147 210/210/210
f 147/147/147 211/211/211 210/210/210
f 147/147/147 148/148/148 211/211/211
f 148/148/148 212/212/212 211/211/211
f 148/148/148 149/149/149 212/212/212
f 149/149/149 213/213/213 212/212/212
f 149/149/149 150/150/150 213/213/213
f 150/150/150 214/214/214 213/213/213
f 150/150/150 151/151/151 214/214/214
f 151/151/151 215/215/215 214/214/214
f 151/151/151 152/152/152 215/215/215
f 152/152/152 216/216/216 215/215/215
f 152/152/152 153/153/153 216/216/216
f 153/153/153 217/217/217 216/216/216
f 153/153/153 154/154/154 217/217/217
f 154/154/154 218/218/218 217/217/217
f 154/154/154 155/155/155 218/218/218
f 155/155/155 219/219/219 218/218/218
f 155/155/155 156/156/156 219/219/219
f 156/156/156 220/220/220 219/219/219
f 156/156/156 157/157/157 220/220/220
f 157/157/157 221/221/221 220/220/220
f 157/157/157 158/158/158 221/221/221
f 158/158/158 222/222/222 221/221/221
f 158/158/158 159/159/159 222/222/222
f 159/159/159 223/223/223 222/222/222
f 159/159/159 160/160/160 223/223/223
f 160/160/160 224/224/224 223/223/223
f 160/160/160 161/161/161 224/224/224
f 161/161/161 225/225/225 224/224/224
f 161/161/161 162/162/162 225/225/225
f 162/162/162 226/226/226 225/225/225
f 162/162/162 163/163/163 226/226/226
f 163/163/163 227/227/227 226/226/226
f 163/163/163 164/164/164 227/227/227
f 164/164/164 228/228/228 227/227/227
f 164/164/164 165/165/165 228/228/228
f 165/165/165 229/229/229 228/228/228
f 165/165/165 166/166/166 229/229/229
f 166/166/166 230/230/230 229/229/229
f 166/166/166 167/167/167 230/230/230
f 167/167/167 231/231/231 230/230/230
f 167/167/167 168/168/168 231/231/231
f 168/168/168 232/232/232 231/231/231
f 168/168/168 169/169/169 232/232/232
f 169/169/169 233/233/233 232/232/232
f 169/169/169 170/170/170 233/233/233
f 170/170/170 234/234/234 233/233/233
f 170/170/170 171/171/171 234/234/234
f 171/171/171 235/235/235 234/234/234
f 171/171/171 172/172/172 235/235/235
f 172/172/172 236/236/236 235/235/235
f 172/172/172 173/173/173 236/236/236
f 173/173/173 237/237/237 236/236/236
f 173/173/173 174/174/174 237/237/237
f 174/174/174 238/238/238 237/237/237
f 174/174/174 175/175/175 238/238/238
f 175/175/175 239/239/239 238/238/238
f 175/175/175 176/176/176 239/239/239
f 176/176/176 240/240/240 239/239/239
f 176/176/176 177/177/177 240/240/240
f 177/177/177 241/241/241 240/240/240
f 177/177/177 178/178/178 241/241/241
f 178/178/178 242/242/242 241/241/241
f 178/178/178 179/179/179 242/242/242
f 179/179/179 243/243/243 242/242/242
f 179/179/179 180/180/180 243/243/243
f 180/180/180 244/244/244 243/243/243
f 180/180/180 181/181/181 244/244/244
f 181/181/181 245/245/245 244/244/244
f 181/181/181 182/182/182 245/245/245
f 182/182/182 246/246/246 245/245/245
f 182/182/182 183/183/183 246/246/246
f 183/183/183 247/247/247 246/246/246
f 183/183/183 184/184/184 247/247/247
f 184/184/184 248/248/248 247/247/247
f 184/184/184 185/185/185 248/248/248
f 185/185/185 249/249/249 248/248/248
f 185/185/185 186/186/186 249/249/249
f 186/186/186 250/250/250 249/249/249
f 186/186/186 187/187/187 250/250/250
f 187/187/187 251/251/251 250/250/250
f 187/187/187 188/188/188 251/251/251
f 188/188/188 252/252/252 251/251/251
f 188/188/188 189/189/189 252/252/252
f 189/189/189 253/253/253 252/252/252
f 189/189/189 190/190/190 253/253/253
f 190/190/190 254/254/254 253/253/253
f 190/190/190 191/191/191 254/254/254
f 191/191/191 255/255/255 254/254/254
f 191/191/191 192/192/192 255/255/255
f 192/192/192 256/256/256 255/255/255
f 192/192/192 129/129/129 256/256/256
f 129/129/129 193/193/193 256/256/256
f 193/193/193 194/194/194 257/257/257
f 194/194/194 258/258/258 257/257/257
f 194/194/194 195/195/195 258/258/258
f 195/195/195 259/259/259 258/258/258
f 195/195/195 196/196/196 259/259/259
f 196/196/196 260/260/260 259/259/259
f 196/196/196 197/197/197 260/260/260
f 197/197/197 261/261/261 260/260/260
f 197/197/197 198/198/198 261/261/261
f 198/198/198 262/262/262 261/261/261
f 198/198/198 199/199/199 262/262/262
f 199/199/199 263/263/263 262/262/262
f 199/199/199 200/200/200 263/263/263
f 200/200/200 264/264/264 263/263/263
f 200/200/200 201/201/201 264/264/264
f 201/201/201 265/265/265 264/264/264
f 201/201/201 202/202/202 265/265/265
f 202/202/202 266/266/266 265/265/265
f 202/202/202 203/203/203 266/266/266
f 203/203/203 267/267/267 266/266/266
f 203/203/203 204/204/204 267/267/267
f 204/204/204 268/268/268 267/267/267
f 204/204/204 205/205/205 268/268/268
f 205/205/205 269/269/269 268/268/268
f 205/205/205 206/206/206 269/269/269
f 206/206/206 270/270/270 269/269/269
f 206/206/206 207/207/207 270/270/270
f 207/207/207 271/271/271 270/270/270
f 207/207/207 208/208/208 271/271/271
f 208/208/208 272/272/272 271/271/271
f 208/208/208 209/209/209 272/272/272
f 209/209/209 273/273/273 272/272/272
f 209/209/209 210/210/210 273/273/273
f 210/210/210 274/274/274 273/273/273
f 210/210/210 211/211/211 274/274/274
f 211/211/211 275/275/275 274/274/274
f 211/211/211 212/212/212 275/275/275
f 212/212/212 276/276/276 275/275/275
f 212/212/212 213/213/213 276/276/276
f 213/213/213 277/277/277 276/276/276
f 213/213/213 214/214/214 277/277/277
f 214/214/214 278/278/278 277/277/277
f 214/214/214 215/215/215 278/278/278
f 215/215/215 279/279/279 278/278/278
f 215/215/215 216/216/216 279/279/279
f 216/216/216 280/280/280 279/279/279
f 216/216/216 217/217/217 280/280/280
f 217/217/217 281/281/281 280/280/280
f 217/217/217 218/218/218 281/281/281
f 218/218/218 282/282/282 281/281/281
f 218/218/218 219/219/219 282/282/282
f 219/219/219 283/283/283 282/282/282
f 219/219/219 220/220/220 283/283/283
f 220/220/220 284/284/284 283/283/283
f 220/220/220 221/221/221 284/284/284
f 221/221/221 285/285/285 284/284/284
f 221/221/221 222/222/222 285/285/285
f 222/222/222 286/286/286 285/285/285
f 222/222/222 223/223/223 286/286/286
f 223/223/223 287/287/287 286/286/286
f 223/223/223 224/224/224 287/287/287
f 224/224/224 288/288/288 287/287/287
f 224/224/224 225/225/225 288/288/288
f 225/225/225 289/289/289 288/288/288
f 225/225/225 226/226/226 289/289/289
f 226/226/226 290/290/290 289/289/289
f 226/226/226 227/227/227 290/290/290
f 227/227/227 291/291/291 290/290/290
f 227/227/227 228/228/228 291/291/291
f 228/228/228 292/292/292 291/291/291
f 228/228/228 229/229/229 292/292/292
f 229/229/229 293/293/293 292/292/292
f 229/229/229 230/230/230 293/293/293
f 230/230/230 294/294/294 293/293/293
f 230/230/230 231/231/231 294/294/294
f 231/231/231 295/295/295 294/294/294
f 231/231/231 232/232/232 295/295/295
f 232/232/232 296/296/296 295/295/295
f 232/232/232 233/233/233 296/296/296
f 233/233/233 297/297/297 296/296/296
f 233/233/233 234/234/234 297/297/297
f 234/234/234 298/298/298 297/297/297
f 234/234/234 235/235/235 298/298/298
f 235/235/235 299/299/299 298/298/298
f 235/235/235 236/236/236 299/299/299
f 236/236/236 300/300/300 299/299/299
f 236/236/236 237/237/237 300/300/300
f 237/237/237 301/301/301 300/300/300
f 237/237/237 238/238/238 301/301/301
f 238/238/238 302/302/302 301/301/301
f 238/238/238 239/239/239 302/302/302
f 239/239/239 303/303/303 302/302/302
f 239/239/239 240/240/240 303/303/303
f 240/240/240 304/304/304 303/303/303
f 240/240/240 241/241/241 304/304/304
f 241/241/241 305/305/305 304/304/304
f 241/241/241 242/242/242 305/305/305
f 242/242/242 306/306/306 305/305/305
f 242/242/242 243/243/243 306/306/306
f 243/243/243 307/307/307 306/306/306
f 243/243/243 244/244/244 307/307/307
f 244/244/244 308/308/308 307/307/307
f 244/244/244 245/245/245 308/308/308
f 245/245/245 309/309/309 308/308/308
f 245/245/245 246/246/246 309/309/309
f 246/246/246 310/310/310 309/309/309
f 246/246/246 247/247/247 310/310/310
f 247/247/247 311/311/311 310/310/310
f 247/247/247 248/248/248 311/311/311
f 248/248/248 312/312/312 311/311/311
f 248/248/248 249/249/249 312/312/312
f 249/249/249 313/313/313 312/312/312
f 249/249/249 250/250/250 313/313/313
f 250/250/250 314/314/314 313/313/313
f 250/250/250 251/251/251 314/314/314
f 251/251/251 315/315/315 314/314/314
f 251/251/251 252/252/252 315/315/315
f 252/252/252 316/316/316 315/315/315
f 252/252/252 253/253/253 316/316/316
f 253/253/253 317/317/317 316/316/316
f 253/253/253 254/254/254 317/317/317
f 254/254/254 318/318/318 317/317/317
f 254/254/254 255/255/255 318/318/318
f 255/255/255 319/319/319 318/318/318
f 255/255/255 256/256/256 319/319/319
f 256/256/256 320/320/320 319/319/319
f 256/256/256 193/193/193 320/320/320
f 193/193/193 257/257/257 320/320/320
f 257/257/257 258/258/258 321/321/321
f 258/258/258 322/322/322 321/321/321
f 258/258/258 259/259/259 322/322/322
f 259/259/259 323/323/323 322/322/322
f 259/259/259 260/260/260 323/323/323
f 260/260/260 324/324/324 323/323/323
f 260/260/260 261/261/261 324/324/324
f 261/261/261 325/325/325 324/324/324
f 261/261/261 262/262/262 325/325/325
f 262/262/262 326/326/326 325/325/325
f 262/262/262 263/263/263 326/326/326
f 263/263/263 327/327/327 326/326/326
f 263/263/263 264/264/264 327/327/327
f 264/264/264 328/328/328 327/327/327
f 264/264/264 265/265/265 328/328/328
f 265/265/265 329/329/329 328/328/328
f 265/265/265 266/266/266 329/329/329
f 266/266/266 330/330/330 329/329/329
f 266/266/266 267/267/267 330/330/330
f 267/267/267 331/331/331 330/330/330
f 267/267/267 268/268/268 331/331/331
f 268/268/268 332/332/332 331/331/331
f 268/268/268 269/269/269 332/332/332
f 269/269/269 333/333/333 332/332/332
f 269/269/269 270/270/270 333/333/333
f 270/270/270 334/334/334 333/333/333
f 270/270/270 271/271/271 334/334/334
f 271/271/271 335/335/335 334/334/334
f 271/271/271 272/272/272 335/335/335
f 272/272/272 336/336/336 335/335/335
f 272/272/272 273/273/273 336/336/336
f 273/273/273 337/337/337 336/336/336
f 273/273/273 274/274/274 337/337/337
f 274/274/274 338/338/338 337/337/337
f 274/274/274 275/275/275 338/338/338
f 275/275/275 339/339/339 338/338/338
f 275/275/275 276/276/276 339/339/339
f 276/276/276 340/340/340 339/339/339
f 276/276/276 277/277/277 340/340/340
f 277/277/277 341/341/341 340/340/340
f 277/277/277 278/278/278 341/341/341
f 278/278/278 342/342/342 341/341/341
f 278/278/278 279/279/279 342/342/342
f 279/279/279 343/343/343 342/342/342
f 279/279/279 280/280/280 343/343/343
f 280/280/280 344/344/344 343/343/343
f 280/280/280 281/281/281 344/344/344
f 281/281/281 345/345/345 344/344/344
f 281/281/281 282/282/282 345/345/345
f 282/282/282 346/346/346 345/345/345
f 282/282/282 283/283/283 346/346/346
f 283/283/283 347/347/347 346/346/346
f 283/283/283 284/284/284 347/347/347
f 284/284/284 348/348/348 347/347/347
f 284/284/284 285/285/285 348/348/348
f 285/285/285 349/349/349 348/348/348
f 285/285/285 286/286/286 349/349/349
f 286/286/286 350/350/350 349/349/349
f 286/286/286 287/287/287 350/350/350
f 287/287/287 351/351/351 350/350/350
f 287/287/287 288/288/288 351/351/351
f 288/288/288 352/352/352 351/351/351
f 288/288/288 289/289/289 352/352/352
f 289/289/289 353/353/353 352/352/352
f 289/289/289 290/290/290 353/353/353
f 290/290/290 354/354/354 353/353/353
f 290/290/290 291/291/291 354/354/354
f 291/291/291 355/355/355 354/354/354
f 291/291/291 292/292/292 355/355/355
f 292/292/292 356/356/356 355/355/355
f 292/292/292 293/293/293 356/356/356
f 293/293/293 357/357/357 356/356/356
f 293/293/293 294/294/294 357/357/357
f 294/294/294 358/358/358 357/357/357
f 294/294/294 295/295/295 358/358/358
f 295/295/295 359/359/359 358/358/358
f 295/295/295 296/296/296 359/359/359
f 296/296/296 360/360/360 359/359/359
f 296/296/296 297/297/297 360/360/360
f 297/297/297 361/361/361 360/360/360
f 297/297/297 298/298/298 361/361/361
f 298/298/298 362/362/362 361/361/361
f 298/298/298 299/299/299 362/362/362
f 299/299/299 363/363/363 362/362/362
f 299/299/299 300/300/300 363/363/363
f 300/300/300 364/364/364 363/363/363
f 300/300/300 301/301/301 364/364/364
f 301/301/301 365/365/365 364/364/364
f 301/301/301 302/302/302 365/365/365
f 302/302/302 366/366/366 365/365/365
f 302/302/302 303/303/303 366/366/366
f 303/303/303 367/367/367 366/366/366
f 303/303/303 304/304/304 367/367/367
f 304/304/304 368/368/368 367/367/367
f 304/304/304 305/305/305 368/368/368
f 305/305/305 369/369/369 368/368/368
f 305/305/305 306/306/306 369/369/369
f 306/306/306 370/370/370 369/369/369
f 306/306/306 307/307/307 370/370/370
f 307/307/307 371/371/371 370/370/370
f 307/307/307 308/308/308 371/371/371
f 308/308/308 372/372/372 371/371/371
f 308/308/308 309/309/309 372/372/372
f 309/309/309 373/373/373 372/372/372
f 309/309/309 310/310/310 373/373/373
f 310/310/310 374/374/374 373/373/373
f 310/310/310 311/311/311 374/374/374
f 311/311/311 375/375/375 374/374/374
f 311/311/311 312/312/312 375/375/375
f 312/312/312 376/376/376 375/375/375
f 312/312/312 313/313/313 376/376/376
f 313/313/313 377/377/377 376/376/376
f 313/313/313 314/314/314 377/377/377
f 314/314/314 378/378/378 377/377/377
f 314/314/314 315/315/315 378/378/378
f 315/315/315 379/379/379 378/378/378
f 315/315/315 316/316/316 379/379/379
f 316/316/316 380/380/380 379/379/379
f 316/316/316 317/317/317 380/380/380
f 317/317/317 381/381/381 380/380/380
f 317/317/317 318/318/318 381/381/381
f 318/318/318 382/382/382 381/381/381
f 318/318/318 319/319/319 382/382/382
f 319/319/319 383/383/383 382/382/382
f 319/319/319 320/320/320 383/383/383
f 320/320/320 384/384/384 383/383/383
f 320/320/320 257/257/257 384/384/384
f 257/257/257 321/321/321 384/384/384
f 321/321/321 322/322/322 385/385/385
f 322/322/322 386/386/386 385/385/385
f 322/322/322 323/323/323 386/386/386
f 323/323/323 387/387/387 386/386/386
f 323/323/323 324/324/324 387/387/387
f 324/324/324 388/388/388 387/387/387
f 324/324/324 325/325/325 388/388/388
f 325/325/325 389/389/389 388/388/388
f 325/325/325 326/326/326 389/389/389
f 326/326/326 390/390/390 389/389/389
f 326/326/326 327/327/327 390/390/390
f 327/327/327 391/391/391 390/390/390
f 327/327/327 328/328/328 391/391/391
f 328/328/328 392/392/392 391/391/391
f 328/328/328 329/329/329 392/392/392
f 329/329/329 393/393/393 392/392/392
f 329/329/329 330/330/330 393/393/393
f 330/330/330 394/394/394 393/393/393
f 330/330/330 331/331/331 394/394/394
f 331/331/331 395/395/395 394/394/394
f 331/331/331 332/332/332 395/395/395
f 332/332/332 396/396/396 395/395/395
f 332/332/332 333/333/333 396/396/396
f 333/333/333 397/397/397 396/396/396
f 333/333/333 334/334/334 397/397/397
f 334/334/334 398/398/398 397/397/397
f 334/334/334 335/335/335 398/398/398
f 335/335/335 399/399/399 398/398/398
f 335/335/335 336/336/336 399/399/399
f 336/336/336 400/400/400 399/399/399
f 336/336/336 337/337/337 400/400/400
f 337/337/337 401/401/401 400/400/400
f 337/337/337 338/338/338 401/401/401
f 338/338/338 402/402/402 401/401/401
f 338/338/338 339/339/339 402/402/402
f 339/339/339 403/403/403 402/402/402
f 339/339/339 340/340/340 403/403/403
f 340/340/340 404/404/404 403/403/403
f 340/340/340 341/341/341 404/404/404
f 341/341/341 405/405/405 404/404/404
f 341/341/341 342/342/342 405/405/405
f 342/342/342 406/406/406 405/405/405
f 342/342/342 343/343/343 406/406/406
f 343/343/343 407/407/407 406/406/406
f 343/343/343 344/344/344 407/407/407
f 344/344/344 408/408/408 407/407/407
f 344/344/344 345/345/345 408/408/408
f 345/345/345 409/409/409 408/408/408
f 345/345/345 346/346/346 409/409/409
f 346/346/346 410/410/410 409/409/409
f 346/346/346 347/347/347 410/410/410
f 347/347/347 411/411/411 410/410/410
f 347/347/347 348/348/348 411/411/411
f 348/348/348 412/412/412 411/411/411
f 348/348/348 349/349/349 412/412/412
f 349/349/349 413/413/413 412/412/412
f 349/349/349 350/350/350 413/413/413
f 350/350/350 414/414/414 413/413/413
f 350/350/350 351/351/351 414/414/414
f 351/351/351 415/415/415 414/414/414
f 351/351/351 352/352/352 415/415/415
f 352/352/352 416/416/416 415/415/415
f 352/352/352 353/353/353 416/416/416
f 353/353/353 417/417/417 416/416/416
f 353/353/353 354/354/354 417/417/417
f 354/354/354 418/418/418 417/417/417
f 354/354/354 355/355/355 418/418/418
f 355/355/355 419/419/419 418/418/418
f 355/355/355 356/356/356 419/419/419
f 356/356/356 420/420/420 419/419/419
f 356/356/356 357/357/357 420/420/420
f 357/357/357 421/421/421 420/420/420
f 357/357/357 358/358/358 421/421/421
f 358/358/358 422/422/422 421/421/421
f 358/358/358 359/359/359 422/422/422
f 359/359/359 423/423/423 422/422/422
f 359/359/359 360/360/360 423/423/423
f 360/360/360 424/424/424 423/423/423
f 360/360/360 361/361/361 424/424/424
f 361/361/361 425/425/425 424/424/424
f 361/361/361 362/362/362 425/425/425
f 362/362/362 426/426/426 425/425/425
f 362/362/362 363/363/363 426/426/426
f 363/363/363 427/427/427 426/426/426
f 363/363/363 364/364/364 427/427/427
f 364/364/364 428/428/428 427/427/427
f 364/364/364 365/365/365 428/428/428
f 365/365/365 429/429/429 428/428/428
f 365/365/365 366/366/366 429/429/429
f 366/366/366 430/430/430 429/429/429
f 366/366/366 367/367/367 430/430/430
f 367/367/367 431/431/431 430/430/430
f 367/367/367 368/368/368 431/431/431
f 368/368/368 432/432/432 431/431/431
f 368/368/368 369/369/369 432/432/432
f 369/369/369 433/433/433 432/432/432
f 369/369/369 370/370/370 433/433/433
f 370/370/370 434/434/434 433/433/433
f 370/370/370 371/371/371 434/434/434
f 371/371/371 435/435/435 434/434/434
f 371/371/371 372/372/372 435/435/435
f 372/372/372 436/436/436 435/435/435
f 372/372/372 373/373/373 436/436/436
f 373/373/373 437/437/437 436/436/436
f 373/373/373 374/374/374 437/437/437
f 374/374/374 438/438/438 437/437/437
f 374/374/374 375/375/375 438/438/438
f 375/375/375 439/439/439 438/438/438
f 375/375/375 376/376/376 439/439/439
f 376/376/376 440/440/440 439/439/439
f 376/376/376 377/377/377 440/440/440
f 377/377/377 441/441/441 440/440/440
f 377/377/377 378/378/378 441/441/441
f 378/378/378 442/442/442 441/441/441
f 378/378/378 379/379/379 442/442/442
f 379/379/379 443/443/443 442/442/442
f 379/379/379 380/380/380 443/443/443
f 380/380/380 444/444/444 443/443/443
f 380/380/380 381/381/381 444/444/444
f 381/381/381 445/445/445 444/444/444
f 381/381/381 382/382/382 445/445/445
f 382/382/382 446/446/446 445/445/445
f 382/382/382 383/383/383 446/446/446
f 383/383/383 447/447/447 446/446/446
f 383/383/383 384/384/384 447/447/447
f 384/384/384 448/448/448 447/447/447
f 384/384/384 321/321/321 448/448/448
f 321/321/321 385/385/385 448/448/448
f 385/385/385 386/386/386 449/449/449
f 386/386/386 450/450/450 449/449/449
f 386/386/386 387/387/387 450/450/450
f 387/387/387 451/451/451 450/450/450
f 387/387/387 388/388/388 451/451/451
f 388/388/388 452/452/452 451/451/451
f 388/388/388 389/389/389 452/452/452
f 389/389/389 453/453/453 452/452/452
f 389/389/389 390/390/390 453/453/453
f 390/390/390 454/454/454 453/453/453
f 390/390/390 391/391/391 454/454/454
f 391/391/391 455/455/455 454/454/454
f 391/391/391 392/392/392 455/455/455
f 392/392/392 456/456/456 455/455/455
f 392/392/392 393/393/393 456/456/456
f 393/393/393 457/457/457 456/456/456
f 393/393/393 394/394/394 457/457/457
f 394/394/394 458/458/458 457/457/457
f 394/394/394 395/395/395 458/458/458
f 395/395/395 459/459/459 458/458/458
f 395/395/395 396/396/396 459/459/459
f 396/396/396 460/460/460 459/459/459
f 396/396/396 397/397/397 460/460/460
f 397/397/397 461/461/461 460/460/460
f 397/397/397 398/398/398 461/461/461
f 398/398/398 462/462/462 461/461/461
f 398/398/398 399/399/399 462/462/462
f 399/399/399 463/463/463 462/462/462
f 399/399/399 400/400/400 463/463/463
f 400/400/400 464/464/464 463/463/463
f 400/400/400 401/401/401 464/464/464
f 401/401/401 465/465/465 464/464/464
f 401/401/401 402/402/402 465/465/465
f 402/402/402 466/466/466 465/465/465
f 402/402/402 403/403/403 466/466/466
f 403/403/403 467/467/467 466/466/466
f 403/403/403 404/404/404 467/467/467
f 404/404/404 468/468/468 467/467/467
f 404/404/404 405/405/405 468/468/468
f 405/405/405 469/469/469 468/468/468
f 405/405/405 406/406/406 469/469/469
f 406/406/406 470/470/470 469/469/469
f 406/406/406 407/407/407 470/470/470
f 407/407/407 471/471/471 470/470/470
f 407/407/407 408/408/408 471/471/471
f 408/408/408 472/472/472 471/471/471
f 408/408/408 409/409/409 472/472/472
f 409/409/409 473/473/473 472/472/472
f 409/409/409 410/410/410 473/473/473
f 410/410/410 474/474/474 473/473/473
f 410/410/410 411/411/411 474/474/474
f 411/411/411 475/475/475 474/474/474
f 411/411/411 412/412/412 475/475/475
f 412/412/412 476/476/476 475/475/475
f 412/412/412 413/413/413 476/476/476
f 413/413/413 477/477/477 476/476/476
f 413/413/413 414/414/414 477/477/477
f 414/414/414 478/478/478 477/477/477
f 414/414/414 415/415/415 478/478/478
f 415/415/415 479/479/479 478/478/478
f 415/415/415 416/416/416 479/479/479
f 416/416/416 480/480/480 479/479/479
f 416/416/416 417/417/417 480/480/480
f 417/417/417 481/481/481 480/480/480
f 417/417/417 418/418/418 481/481/481
f 418/418/418 482/482/482 481/481/481
f 418/418/418 419/419/419 482/482/482
f 419/419/419 483/483/483 482/482/482
f 419/419/419 420/420/420 483/483/483
f 420/420/420 484/484/484 483/483/483
f 420/420/420 421/421/421 484/484/484
f 421/421/421 485/485/485 484/484/484
f 421/421/421 422/422/422 485/485/485
f 422/422/422 486/486/486 485/485/485
f 422/422/422 423/423/423 486/486/486
f 423/423/423 487/487/487 486/486/486
f 423/423/423 424/424/424 487/487/487
f 424/424/424 488/488/488 487/487/487
f 424/424/424 425/425/425 488/488/488
f 425/425/425 489/489/489 488/488/488
f 425/425/425 426/426/426 489/489/489
f 426/426/426 490/490/490 489/489/489
f 426/426/426 427/427/427 490/490/490
f 427/427/427 491/491/491 490/490/490
f 427/427/427 428/428/428 491/491/491
f 428/428/428 492/492/492 491/491/491
f 428/428/428 429/429/429 492/492/492
f 429/429/429 493/493/493 492/492/492
f 429/429/429 430/430/430 493/493/493
f 430/430/430 494/494/494 493/493/493
f 430/430/430 431/431/431 494/494/494
f 431/431/431 495/495/495 494/494/494
f 431/431/431 432/432/432 495/495/495
f 432/432/432 496/496/496 495/495/495
f 432/432/432 433/433/433 496/496/496
f 433/433/433 497/497/497 496/496/496
f 433/433/433 434/434/434 497/497/497
f 434/434/434 498/498/498 497/497/497
f 434/434/434 435/435/435 498/498/498
f 435/435/435 499/499/499 498/498/498
f 435/435/435 436/436/436 499/499/499
f 436/436/436 500/500/500 499/499/499
f 436/436/436 437/437/437 500/500/500
f 437/437/437 501/501/501 500/500/500
f 437/437/437 438/438/438 501/501/501
f 438/438/438 502/502/502 501/501/501
f 438/438/438 439/439/439 502/502/502
f 439/439/439 503/503/503 502/502/502
f 439/439/439 440/440/440 503/503/503
f 440/440/440 504/504/504 503/503/503
f 440/440/440 441/441/441 504/504/504
f 441/441/441 505/505/505 504/504/504
f 441/441/441 442/442/442 505/505/505
f 442/442/442 506/506/506 505/505/505
f 442/442/442 443/443/443 506/506/506
f 443/443/443 507/507/507 506/506/506
f 443/443/443 444/444/444 507/507/507
f 444/444/444 508/508/508 507/507/507
f 444/444/444 445/445/445 508/508/508
f 445/445/445 509/509/509 508/508/508
f 445/445/445 446/446/446 509/509/509
f 446/446/446 510/510/510 509/509/509
f 446/446/446 447/447/447 510/510/510
f 447/447/447 511/511/511 510/510/510
f 447/447/447 448/448/448 511/511/511
f 448/448/448 512/512/512 511/511/511
f 448/448/448 385/385/385 512/512/512
f 385/385/385 449/449/449 512/512/512
f 449/449/449 450/450/450 513/513/513
f 450/450/450 514/514/514 513/513/513
f 450/450/450 451/451/451 514/514/514
f 451/451/451 515/515/515 514/514/514
f 451/451/451 452/452/452 515/515/515
f 452/452/452 516/516/516 515/515/515
f 452/452/452 453/453/453 516/516/516
f 453/453/453 517/517/517 516/516/516
f 453/453/453 454/454/454 517/517/517
f 454/454/454 518/518/518 517/517/517
f 454/454/454 455/455/455 518/518/518
f 455/455/455 519/519/519 518/518/518
f 455/455/455 456/456/456 519/519/519
f 456/456/456 520/520/520 519/519/519
f 456/456/456 457/457/457 520/520/520
f 457/457/457 521/521/521 520/520/520
f 457/457/457 458/458/458 521/521/521
f 458/458/458 522/522/522 521/521/521
f 458/458/458 459/459/459 522/522/522
f 459/459/459 523/523/523 522/522/522
f 459/459/459 460/460/460 523/523/523
f 460/460/460 524/524/524 523/523/523
f 460/460/460 461/461/461 524/524/524
f 461/461/461 525/525/525 524/524/524
f 461/461/461 462/462/462 525/525/525
f 462/462/462 526/526/526 525/525/525
f 462/462/462 463/463/463 526/526/526
f 463/463/463 527/527/527 526/526/526
f 463/463/463 464/464/464 527/527/527
f 464/464/464 528/528/528 527/527/527
f 464/464/464 465/465/465 528/528/528
f 465/465/465 529/529/529 528/528/528
f 465/465/465 466/466/466 529/529/529
f 466/466/466 530/530/530 529/529/529
f 466/466/466 467/467/467 530/530/530
f 467/467/467 531/531/531 530/530/530
f 467/467/467 468/468/468 531/531/531
f 468/468/468 532/532/532 531/531/531
f 468/468/468 469/469/469 532/532/532
f 469/469/469 533/533/533 532/532/532
f 469/469/469 470/470/470 533/533/533
f 470/470/470 534/534/534 533/533/533
f 470/470/470 471/471/471 534/534/534
f 471/471/471 535/535/535 534/534/534
f 471/471/471 472/472/472 535/535/535
f 472/472/472 536/536/536 535/535/535
f 472/472/472 473/473/473 536/536/536
f 473/473/473 537/537/537 536/536/536
f 473/473/473 474/474/474 537/537/537
f 474/474/474 538/538/538 537/537/537
f 474/474/474 475/475/475 538/538/538
f 475/475/475 539/539/539 538/538/538
f 475/475/475 476/476/476 539/539/539
f 476/476/476 540/540/540 539/539/539
f 476/476/476 477/477/477 540/540/540
f 477/477/477 541/541/541 540/540/540
f 477/477/477 478/478/478 541/541/541
f 478/478/478 542/542/542 541/541/541
f 478/478/478 479/479/479 542/542/542
f 479/479/479 543/543/543 542/542/542
f 479/479/479 480/480/480 543/543/543
f 480/480/480 544/544/544 543/543/543
f 480/480/480 481/481/481 544/544/544
f 481/481/481 545/545/545 544/544/544
f 481/481/481 482/482/482 545/545/545
f 482/482/482 546/546/546 545/545/545
f 482/482/482 483/483/483 546/546/546
f 483/483/483 547/547/547 546/546/546
f 483/483/483 484/484/484 547/547/547
f 484/484/484 548/548/548 547/547/547
f 484/484/484 485/485/485 548/548/548
f 485/485/485 549/549/549 548/548/548
f 485/485/485 486/486/486 549/549/549
f 486/486/486 550/550/550 549/549/549
f 486/486/486 487/487/487 550/550/550
f 487/487/487 551/551/551 550/550/550
f 487/487/487 488/488/488 551/551/551
f 488/488/488 552/552/552 551/551/551
f 488/488/488 489/489/489 552/552/552
f 489/489/489 553/553/553 552/552/552
f 489/489/489 490/490/490 553/553/553
f 490/490/490 554/554/554 553/553/553
f 490/490/490 491/491/491 554/554/554
f 491/491/491 555/555/555 554/554/554
f 491/491/491 492/492/492 555/555/555
f 492/492/492 556/556/556 555/555/555
f 492/492/492 493/493/493 556/556/556
f 493/493/493 557/557/557 556/556/556
f 493/493/493 494/494/494 557/557/557
f 494/494/494 558/558/558 557/557/557
f 494/494/494 495/495/495 558/558/558
f 495/495/495 559/559/559 558/558/558
f 495/495/495 496/496/496 559/559/559
f 496/496/496 560/560/560 559/559/559
f 496/496/496 497/497/497 560/560/560
f 497/497/497 561/561/561 560/560/560
f 497/497/497 498/498/498 561/561/561
f 498/498/498 562/562/562 561/561/561
f 498/498/498 499/499/499 562/562/562
f 499/499/499 563/563/563 562/562/562
f 499/499/499 500/500/500 563/563/563
f 500/500/500 564/564/564 563/563/563
f 500/500/500 501/501/501 564/564/564
f 501/501/501 565/565/565 564/564/564
f 501/501/501 502/502/502 565/565/565
f 502/502/502 566/566/566 565/565/565
f 502/502/502 503/503/503 566/566/566
f 503/503/503 567/567/567 566/566/566
f 503/503/503 504/504/504 567/567/567
f 504/504/504 568/568/568 567/567/567
f 504/504/504 505/505/505 568/568/568
f 505/505/505 569/569/569 568/568/568
f 505/505/505 506/506/506 569/569/569
f 506/506/506 570/570/570 569/569/569
f 506/506/506 507/507/507 570/570/570
f 507/507/507 571/571/571 570/570/570
f 507/507/507 508/508/508 571/571/571
f 508/508/508 572/572/572 571/571/571
f 508/508/508 509/509/509 572/572/572
f 509/509/509 573/573/573 572/572/572
f 509/509/509 510/510/510 573/573/573
f 510/510/510 574/574/574 573/573/573
f 510/510/510 511/511/511 574/574/574
f 511/511/511 575/575/575 574/574/574
f 511/511/511 512/512/512 575/575/575
f 512/512/512 576/576/576 575/575/575
f 512/512/512 449/449/449 576/576/576
f 449/449/449 513/513/513 576/576/576
f 513/513/513 514/514/514 577/577/577
f 514/514/514 578/578/578 577/577/577
f 514/514/514 515/515/515 578/578/578
f 515/515/515 579/579/579 578/578/578
f 515/515/515 516/516/516 579/579/579
f 516/516/516 580/580/580 579/579/579
f 516/516/516 517/517/517 580/580/580
f 517/517/517 581/581/581 580/580/580
f 517/517/517 518/518/518 581/581/581
f 518/518/518 582/582/582 581/581/581
f 518/518/518 519/519/519 582/582/582
f 519/519/519 583/583/583 582/582/582
f 519/519/519 520/520/520 583/583/583
f 520/520/520 584/584/584 583/583/583
f 520/520/520 521/521/521 584/584/584
f 521/521/521 585/585/585 584/584/584
f 521/521/521 522/522/522 585/585/585
f 522/522/522 586/586/586 585/585/585
f 522/522/522 523/523/523 586/586/586
f 523/523/523 587/587/587 586/586/586
f 523/523/523 524/524/524 587/587/587
f 524/524/524 588/588/588 587/587/587
f 524/524/524 525/525/525 588/588/588
f 525/525/525 589/589/589 588/588/588
f 525/525/525 526/526/526 589/589/589
f 526/526/526 590/590/590 589/589/589
f 526/526/526 527/527/527 590/590/590
f 527/527/527 591/591/591 590/590/590
f 527/527/527 528/528/528 591/591/591
f 528/528/528 592/592/592 591/591/591
f 528/528/528 529/529/529 592/592/592
f 529/529/529 593/593/593 592/592/592
f 529/529/529 530/530/530 593/593/593
f 530/530/530 594/594/594 593/593/593
f 530/530/530 531/531/531 594/594/594
f 531/531/531 595/595/595 594/594/594
f 531/531/531 532/532/532 595/595/595
f 532/532/532 596/596/596 595/595/595
f 532/532/532 533/533/533 596/596/596
f 533/533/533 597/597/597 596/596/596
f 533/533/533 534/534/534 597/597/597
f 534/534/534 598/598/598 597/597/597
f 534/534/534 535/535/535 598/598/598
f 535/535/535 599/599/599 598/598/598
f 535/535/535 536/536/536 599/599/599
f 536/536/536 600/600/600 599/599/599
f 536/536/536 537/537/537 600/600/600
f 537/537/537 601/601/601 600/600/600
f 537/537/537 538/538/538 601/601/601
f 538/538/538 602/602/602 601/601/601
f 538/538/538 539/539/539 602/602/602
f 539/539/539 603/603/603 602/602/602
f 539/539/539 540/540/540 603/603/603
f 540/540/540 604/604/604 603/603/603
f 540/540/540 541/541/541 604/604/604
f 541/541/541 605/605/605 604/604/604
f 541/541/541 542/542/542 605/605/605
f 542/542/542 606/606/606 605/605/605
f 542/542/542 543/543/543 606/606/606
f 543/543/543 607/607/607 606/606/606
f 543/543/543 544/544/544 607/607/607
f 544/544/544 608/608/608 607/607/607
f 544/544/544 545/545/545 608/608/608
f 545/545/545 609/609/609 608/608/608
f 545/545/545 546/546/546 609/609/609
f 546/546/546 610/610/610 609/609/609
f 546/546/546 547/547/547 610/610/610
f 547/547/547 611/611/611 610/610/610
f 547/547/547 548/548/548 611/611/611
f 548/548/548 612/612/612 611/611/611
f 548/548/548 549/549/549 612/612/612
f 549/549/549 613/613/613 612/612/612
f 549/549/549 550/550/550 613/613/613
f 550/550/550 614/614/614 613/613/613
f 550/550/550 551/551/551 614/614/614
f 551/551/551 615/615/615 614/614/614
f 551/551/551 552/552/552 615/615/615
f 552/552/552 616/616/616 615/615/615
f 552/552/552 553/553/553 616/616/616
f 553/553/553 617/617/617 616/616/616
f 553/553/553 554/554/554 617/617/617
f 554/554/554 618/618/618 617/617/617
f 554/554/554 555/555/555 618/618/618
f 555/555/555 619/619/619 618/618/618
f 555/555/555 556/556/556 619/619/619
f 556/556/556 620/620/620 619/619/619
f 556/556/556 557/557/557 620/620/620
f 557/557/557 621/621/621 620/620/620
f 557/557/557 558/558/558 621/621/621
f 558/558/558 622/622/622 621/621/621
f 558/558/558 559/559/559 622/622/622
f 559/559/559 623/623/623 622/622/622
f 559/559/559 560/560/560 623/623/623
f 560/560/560 624/624/624 623/623/623
f 560/560/560 561/561/561 624/624/624
f 561/561/561 625/625/625 624/624/624
f 561/561/561 562/562/562 625/625/625
f 562/562/562 626/626/626 625/625/625
f 562/562/562 563/563/563 626/626/626
f 563/563/563 627/627/627 626/626/626
f 563/563/563 564/564/564 627/627/627
f 564/564/564 628/628/628 627/627/627
f 564/564/564 565/565/565 628/628/628
f 565/565/565 629/629/629 628/628/628
f 565/565/565 566/566/566 629/629/629
f 566/566/566 630/630/630 629/629/629
f 566/566/566 567/567/567 630/630/630
f 567/567/567 631/631/631 630/630/630
f 567/567/567 568/568/568 631/631/631
f 568/568/568 632/632/632 631/631/631
f 568/568/568 569/569/569 632/632/632
f 569/569/569 633/633/633 632/632/632
f 569/569/569 570/570/570 633/633/633
f 570/570/570 634/634/634 633/633/633
f 570/570/570 571/571/571 634/634/634
f 571/571/571 635/635/635 634/634/634
f 571/571/571 572/572/572 635/635/635
f 572/572/572 636/636/636 635/635/635
f 572/572/572 573/573/573 636/636/636
f 573/573/573 637/637/637 636/636/636
f 573/573/573 574/574/574 637/637/637
f 574/574/574 638/638/638 637/637/637
f 574/574/574 575/575/575 638/638/638
f 575/575/575 639/639/639 638/638/638
f 575/575/575 576/576/576 639/639/639
f 576/576/576 640/640/640 639/639/639
f 576/576/576 513/513/513 640/640/640
f 513/513/513 577/577/577 640/640/640
f 577/577/577 578/578/578 641/641/641
f 578/578/578 642/642/642 641/641/641
f 578/578/578 579/579/579 642/642/642
f 579/579/579 643/643/643 642/642/642
f 579/579/579 580/580/580 643/643/643
f 580/580/580 644/644/644 643/643/643
f 580/580/580 581/581/581 644/644/644
f 581/581/581 645/645/645 644/644/644
f 581/581/581 582/582/582 645/645/645
f 582/582/582 646/646/646 645/645/645
f 582/582/582 583/583/583 646/646/646
f 583/583/583 647/647/647 646/646/646
f 583/583/583 584/584/584 647/647/647
f 584/584/584 648/648/648 647/647/647
f 584/584/584 585/585/585 648/648/648
f 585/585/585 649/649/649 648/648/648
f 585/585/585 586/586/586 649/649/649
f 586/586/586 650/650/650 649/649/649
f 586/586/586 587/587/587 650/650/650
f 587/587/587 651/651/651 650/650/650
f 587/587/587 588/588/588 651/651/651
f 588/588/588 652/652/652 651/651/651
f 588/588/588 589/589/589 652/652/652
f 589/589/589 653/653/653 652/652/652
f 589/589/589 590/590/590 653/653/653
f 590/590/590 654/654/654 653/653/653
f 590/590/590 591/591/591 654/654/654
f 591/591/591 655/655/655 654/654/654
f 591/591/591 592/592/592 655/655/655
f 592/592/592 656/656/656 655/655/655
f 592/592/592 593/593/593 656/656/656
f 593/593/593 657/657/657 656/656/656
f 593/593/593 594/594/594 657/657/657
f 594/594/594 658/658/658 657/657/657
f 594/594/594 595/595/595 658/658/658
f 595/595/595 659/659/659 658/658/658
f 595/595/595 596/596/596 659/659/659
f 596/596/596 660/660/660 659/659/659
f 596/596/596 597/597/597 660/660/660
f 597/597/597 661/661/661 660/660/660
f 597/597/597 598/598/598 661/661/661
f 598/598/598 662/662/662 661/661/661
f 598/598/598 599/599/599 662/662/662
f 599/599/599 663/663/663 662/662/662
f 599/599/599 600/600/600 663/663/663
f 600/600/600 664/664/664 663/663/663
f 600/600/600 601/601/601 664/664/664
f 601/601/601 665/665/665 664/664/664
f 601/601/601 602/602/602 665/665/665
f 602/602/602 666/666/666 665/665/665
f 602/602/602 603/603/603 666/666/666
f 603/603/603 667/667/667 666/666/666
f 603/603/603 604/604/604 667/667/667
f 604/604/604 668/668/668 667/667/667
f 604/604/604 605/605/605 668/668/668
f 605/605/605 669/669/669 668/668/668
f 605/605/605 606/606/606 669/669/669
f 606/606/606 670/670/670 669/669/669
f 606/606/606 607/607/607 670/670/670
f 607/607/607 671/671/671 670/670/670
f 607/607/607 608/608/608 671/671/671
f 608/608/608 672/672/672 671/671/671
f 608/608/608 609/609/609 672/672/672
f 609/609/609 673/673/673 672/672/672
f 609/609/609 610/610/610 673/673/673
f 610/610/610 674/674/674 673/673/673
f 610/610/610 611/611/611 674/674/674
f 611/611/611 675/675/675 674/674/674
f 611/611/611 612/612/612 675/675/675
f 612/612/612 676/676/676 675/675/675
f 612/612/612 613/613/613 676/676/676
f 613/613/613 677/677/677 676/676/676
f 613/613/613 614/614/614 677/677/677
f 614/614/614 678/678/678 677/677/677
f 614/614/614 615/615/615 678/678/678
f 615/615/615 679/679/679 678/678/678
f 615/615/615 616/616/616 679/679/679
f 616/616/616 680/680/680 679/679/679
f 616/616/616 617/617/617 680/680/680
f 617/617/617 681/681/681 680/680/680
f 617/617/617 618/618/618 681/681/681
f 618/618/618 682/682/682 681/681/681
f 618/618/618 619/619/619 682/682/682
f 619/619/619 683/683/683 682/682/682
f 619/619/619 620/620/620 683/683/683
f 620/620/620 684/684/684 683/683/683
f 620/620/620 621/621/621 684/684/684
f 621/621/621 685/685/685 684/684/684
f 621/621/621 622/622/622 685/685/685
f 622/622/622 686/686/686 685/685/685
f 622/622/622 623/623/623 686/686/686
f 623/623/623 687/687/687 686/686/686
f 623/623/623 624/624/624 687/687/687
f 624/624/624 688/688/688 687/687/687
f 624/624/624 625/625/625 688/688/688
f 625/625/625 689/689/689 688/688/688
f 625/625/625 626/626/626 689/689/689
f 626/626/626 690/690/690 689/689/689
f 626/626/626 627/627/627 690/690/690
f 627/627/627 691/691/691 690/690/690
f 627/627/627 628/628/628 691/691/691
f 628/628/628 692/692/692 691/691/691
f 628/628/628 629/629/629 692/692/692
f 629/629/629 693/693/693 692/692/692
f 629/629/629 630/630/630 693/693/693
f 630/630/630 694/694/694 693/693/693
f 630/630/630 631/631/631 694/694/694
f 631/631/631 695/695/695 694/694/694
f 631/631/631 632/632/632 695/695/695
f 632/632/632 696/696/696 695/695/695
f 632/632/632 633/633/633 696/696/696
f 633/633/633 697/697/697 696/696/696
f 633/633/633 634/634/634 697/697/697
f 634/634/634 698/698/698 697/697/697
f 634/634/634 635/635/635 698/698/698
f 635/635/635 699/699/699 698/698/698
f 635/635/635 636/636/636 699/699/699
f 636/636/636 700/700/700 699/699/699
f 636/636/636 637/637/637 700/700/700
f 637/637/637 701/701/701 700/700/700
f 637/637/637 638/638/638 701/701/701
f 638/638/638 702/702/702 701/701/701
f 638/638/638 639/639/639 702/702/702
f 639/639/639 703/703/703 702/702/702
f 639/639/639 640/640/640 703/703/703
f 640/640/640 704/704/704 703/703/703
f 640/640/640 577/577/577 704/704/704
f 577/577/577 641/641/641 704/704/704
f 641/641/641 642/642/642 705/705/705
f 642/642/642 706/706/706 705/705/705
f 642/642/642 643/643/643 706/706/706
f 643/643/643 707/707/707 706/706/706
f 643/643/643 644/644/644 707/707/707
f 644/644/644 708/708/708 707/707/707
f 644/644/644 645/645/645 708/708/708
f 645/645/645 709/709/709 708/708/708
f 645/645/645 646/646/646 709/709/709
f 646/646/646 710/710/710 709/709/709
f 646/646/646 647/647/647 710/710/710
f 647/647/647 711/711/711 710/710/710
f 647/647/647 648/648/648 711/711/711
f 648/648/648 712/712/712 711/711/711
f 648/648/648 649/649/649 712/712/712
f 649/649/649 713/713/713 712/712/712
f 649/649/649 650/650/650 713/713/713
f 650/650/650 714/714/714 713/713/713
f 650/650/650 651/651/651 714/714/714
f 651/651/651 715/715/715 714/714/714
f 651/651/651 652/652/652 715/715/715
f 652/652/652 716/716/716 715/715/715
f 652/652/652 653/653/653 716/716/716
f 653/653/653 717/717/717 716/716/716
f 653/653/653 654/654/654 717/717/717
f 654/654/654 718/718/718 717/717/717
f 654/654/654 655/655/655 718/718/718
f 655/655/655 719/719/719 718/718/718
f 655/655/655 656/656/656 719/719/719
f 656/656/656 720/720/720 719/719/719
f 656/656/656 657/657/657 720/720/720
f 657/657/657 721/721/721 720/720/720
f 657/657/657 658/658/658 721/721/721
f 658/658/658 722/722/722 721/721/721
f 658/658/658 659/659/659 722/722/722
f 659/659/659 723/723/723 722/722/722
f 659/659/659 660/660/660 723/723/723
f 660/660/660 724/724/724 723/723/723
f 660/660/660 661/661/661 724/724/724
f 661/661/661 725/725/725 724/724/724
f 661/661/661 662/662/662 725/725/725
f 662/662/662 726/726/726 725/725/725
f 662/662/662 663/663/663 726/726/726
f 663/663/663 727/727/727 726/726/726
f 663/663/663 664/664/664 727/727/727
f 664/664/664 728/728/728 727/727/727
f 664/664/664 665/665/665 728/728/728
f 665/665/665 729/729/729 728/728/728
f 665/665/665 666/666/666 729/729/729
f 666/666/666 730/730/730 729/729/729
f 666/666/666 667/667/667 730/730/730
f 667/667/667 731/731/731 730/730/730
f 667/667/667 668/668/668 731/731/731
f 668/668/668 732/732/732 731/731/731
f 668/668/668 669/669/669 732/732/732
f 669/669/669 733/733/733 732/732/732
f 669/669/669 670/670/670 733/733/733
f 670/670/670 734/734/734 733/733/733
f 670/670/670 671/671/671 734/734/734
f 671/671/671 735/735/735 734/734/734
f 671/671/671 672/672/672 735/735/735
f 672/672/672 736/736/736 735/735/735
f 672/672/672 673/673/673 736/736/736
f 673/673/673 737/737/737 736/736/736
f 673/673/673 674/674/674 737/737/737
f 674/674/674 738/738/738 737/737/737
f 674/674/674 675/675/675 738/738/738
f 675/675/675 739/739/739 738/738/738
f 675/675/675 676/676/676 739/739/739
f 676/676/676 740/740/740 739/739/739
f 676/676/676 677/677/677 740/740/740
f 677/677/677 741/741/741 740/740/740
f 677/677/677 678/678/678 741/741/741
f 678/678/678 742/742/742 741/741/741
f 678/678/678 679/679/679 742/742/742
f 679/679/679 743/743/743 742/742/742
f 679/679/679 680/680/680 743/743/743
f 680/680/680 744/744/744 743/743/743
f 680/680/680 681/681/681 744/744/744
f 681/681/681 745/745/745 744/744/744
f 681/681/681 682/682/682 745/745/745
f 682/682/682 746/746/746 745/745/745
f 682/682/682 683/683/683 746/746/746
f 683/683/683 747/747/747 746/746/746
f 683/683/683 684/684/684 747/747/747
f 684/684/684 748/748/748 747/747/747
f 684/684/684 685/685/685 748/748/748
f 685/685/685 749/749/749 748/748/748
f 685/685/685 686/686/686 749/749/749
f 686/686/686 750/750/750 749/749/749
f 686/686/686 687/687/687 750/750/750
f 687/687/687 751/751/751 750/750/750
f 687/687/687 688/688/688 751/751/751
f 688/688/688 752/752/752 751/751/751
f 688/688/688 689/689/689 752/752/752
f 689/689/689 753/753/753 752/752/752
f 689/689/689 690/690/690 753/753/753
f 690/690/690 754/754/754 753/753/753
f 690/690/690 691/691/691 754/754/754
f 691/691/691 755/755/755 754/754/754
f 691/691/691 692/692/692 755/755/755
f 692/692/692 756/756/756 755/755/755
f 692/692/692 693/693/693 756/756/756
f 693/693/693 757/757/757 756/756/756
f 693/693/693 694/694/694 757/757/757
f 694/694/694 758/758/758 757/757/757
f 694/694/694 695/695/695 758/758/758
f 695/695/695 759/759/759 758/758/758
f 695/695/695 696/696/696 759/759/759
f 696/696/696 760/760/760 759/759/759
f 696/696/696 697/697/697 760/760/760
f 697/697/697 761/761/761 760/760/760
f 697/697/697 698/698/698 761/761/761
f 698/698/698 762/762/762 761/761/761
f 698/698/698 699/699/699 762/762/762
f 699/699/699 763/763/763 762/762/762
f 699/699/699 700/700/700 763/763/763
f 700/700/700 764/764/764 763/763/763
f 700/700/700 701/701/701 764/764/764
f 701/701/701 765/765/765 764/764/764
f 701/701/701 702/702/702 765/765/765
f 702/702/702 766/766/766 765/765/765
f 702/702/702 703/703/703 766/766/766
f 703/703/703 767/767/767 766/766/766
f 703/703/703 704/704/704 767/767/767
f 704/704/704 768/768/768 767/767/767
f 704/704/704 641/641/641 768/768/768
f 641/641/641 705/705/705 768/768/768
f 705/705/705 706/706/706 769/769/769
f 706/706/706 770/770/770 769/769/769
f 706/706/706 707/707/707 770/770/770
f 707/707/707 771/771/771 770/770/770
f 707/707/707 708/708/708 771/771/771
f 708/708/708 772/772/772 771/771/771
f 708/708/708 709/709/709 772/772/772
f 709/709/709 773/773/773 772/772/772
f 709/709/709 710/710/710 773/773/773
f 710/710/710 774/774/774 773/773/773
f 710/710/710 711/711/711 774/774/774
f 711/711/711 775/775/775 774/774/774
f 711/711/711 712/712/712 775/775/775
f 712/712/712 776/776/776 775/775/775
f 712/712/712 713/713/713 776/776/776
f 713/713/713 777/777/777 776/776/776
f 713/713/713 714/714/714 777/777/777
f 714/714/714 778/778/778 777/777/777
f 714/714/714 715/715/715 778/778/778
f 715/715/715 779/779/779 778/778/778
f 715/715/715 716/716/716 779/779/779
f 716/716/716 780/780/780 779/779/779
f 716/716/716 717/717/717 780/780/780
f 717/717/717 781/781/781 780/780/780
f 717/717/717 718/718/718 781/781/781
f 718/718/718 782/782/782 781/781/781
f 718/718/718 719/719/719 782/782/782
f 719/719/719 783/783/783 782/782/782
f 719/719/719 720/720/720 783/783/783
f 720/720/720 784/784/784 783/783/783
f 720/720/720 721/721/721 784/784/784
f 721/721/721 785/785/785 784/784/784
f 721/721/721 722/722/722 785/785/785
f 722/722/722 786/786/786 785/785/785
f 722/722/722 723/723/723 786/786/786
f 723/723/723 787/787/787 786/786/786
f 723/723/723 724/724/724 787/787/787
f 724/724/724 788/788/788 787/787/787
f 724/724/724 725/725/725 788/788/788
f 725/725/725 789/789/789 788/788/788
f 725/725/725 726/726/726 789/789/789
f 726/726/726 790/790/790 789/789/789
f 726/726/726 727/727/727 790/790/790
f 727/727/727 791/791/791 790/790/790
f 727/727/727 728/728/728 791/791/791
f 728/728/728 792/792/792 791/791/791
f 728/728/728 729/729/729 792/792/792
f 729/729/729 793/793/793 792/792/792
f 729/729/729 730/730/730 793/793/793
f 730/730/730 794/794/794 793/793/793
f 730/730/730 731/731/731 794/794/794
f 731/731/731 795/795/795 794/794/794
f 731/731/731 732/732/732 795/795/795
f 732/732/732 796/796/796 795/795/795
f 732/732/732 733/733/733 796/796/796
f 733/733/733 797/797/797 796/796/796
f 733/733/733 734/734/734 797/797/797
f 734/734/734 798/798/798 797/797/797
f 734/734/734 735/735/735 798/798/798
f 735/735/735 799/799/799 798/798/798
f 735/735/735 736/736/736 799/799/799
f 736/736/736 800/800/800 799/799/799
f 736/736/736 737/737/737 800/800/800
f 737/737/737 801/801/801 800/800/800
f 737/737/737 738/738/738 801/801/801
f 738/738/738 802/802/802 801/801/801
f 738/738/738 739/739/739 802/802/802
f 739/739/739 803/803/803 802/802/802
f 739/739/739 740/740/740 803/803/803
f 740/740/740 804/804/804 803/803/803
f 740/740/740 741/741/741 804/804/804
f 741/741/741 805/805/805 804/804/804
f 741/741/741 742/742/742 805/805/805
f 742/742/742 806/806/806 805/805/805
f 742/742/742 743/743/743 806/806/806
f 743/743/743 807/807/807 806/806/806
f 743/743/743 744/744/744 807/807/807
f 744/744/744 808/808/808 807/807/807
f 744/744/744 745/745/745 808/808/808
f 745/745/745 809/809/809 808/808/808
f 745/745/745 746/746/746 809/809/809
f 746/746/746 810/810/810 809/809/809
f 746/746/746 747/747/747 810/810/810
f 747/747/747 811/811/811 810/810/810
f 747/747/747 748/748/748 811/811/811
f 748/748/748 812/812/812 811/811/811
f 748/748/748 749/749/749 812/812/812
f 749/749/749 813/813/813 812/812/812
f 749/749/749 750/750/750 813/813/813
f 750/750/750 814/814/814 813/813/813
f 750/750/750 751/751/751 814/814/814
f 751/751/751 815/815/815 814/814/814
f 751/751/751 752/752/752 815/815/815
f 752/752/752 816/816/816 815/815/815
f 752/752/752 753/753/753 816/816/816
f 753/753/753 817/817/817 816/816/816
f 753/753/753 754/754/754 817/817/817
f 754/754/754 818/818/818 817/817/817
f 754/754/754 755/755/755 818/818/818
f 755/755/755 819/819/819 818/818/818
f 755/755/755 756/756/756 819/819/819
f 756/756/756 820/820/820 819/819/819
f 756/756/756 757/757/757 820/820/820
f 757/757/757 821/821/821 820/820/820
f 757/757/757 758/758/758 821/821/821
f 758/758/758 822/822/822 821/821/821
f 758/758/758 759/759/759 822/822/822
f 759/759/759 823/823/823 822/822/822
f 759/759/759 760/760/760 823/823/823
f 760/760/760 824/824/824 823/823/823
f 760/760/760 761/761/761 824/824/824
f 761/761/761 825/825/825 824/824/824
f 761/761/761 762/762/762 825/825/825
f 762/762/762 826/826/826 825/825/825
f 762/762/762 763/763/763 826/826/826
f 763/763/763 827/827/827 826/826/826
f 763/763/763 764/764/764 827/827/827
f 764/764/764 828/828/828 827/827/827
f 764/764/764 765/765/765 828/828/828
f 765/765/765 829/829/829 828/828/828
f 765/765/765 766/766/766 829/829/829
f 766/766/766 830/830/830 829/829/829
f 766/766/766 767/767/767 830/830/830
f 767/767/767 831/831/831 830/830/830
f 767/767/767 768/768/768 831/831/831
f 768/768/768 832/832/832 831/831/831
f 768/768/768 705/705/705 832/832/832
f 705/705/705 769/769/769 832/832/832
f 769/769/769 770/770/770 833/833/833
f 770/770/770 834/834/834 833/833/833
f 770/770/770 771/771/771 834/834/834
f 771/771/771 835/835/835 834/834/834
f 771/771/771 772/772/772 835/835/835
f 772/772/772 836/836/836 835/835/835
f 772/772/772 773/773/773 836/836/836
f 773/773/773 837/837/837 836/836/836
f 773/773/773 774/774/774 837/837/837
f 774/774/774 838/838/838 837/837/837
f 774/774/774 775/775/775 838/838/838
f 775/775/775 839/839/839 838/838/838
f 775/775/775 776/776/776 839/839/839
f 776/776/776 840/840/840 839/839/839
f 776/776/776 777/777/777 840/840/840
f 777/777/777 841/841/841 840/840/840
f 777/777/777 778/778/778 841/841/841
f 778/778/778 842/842/842 841/841/841
f 778/778/778 779/779/779 842/842/842
f 779/779/779 843/843/843 842/842/842
f 779/779/779 780/780/780 843/843/843
f 780/780/780 844/844/844 843/843/843
f 780/780/780 781/781/781 844/844/844
f 781/781/781 845/845/845 844/844/844
f 781/781/781 782/782/782 845/845/845
f 782/782/782 846/846/846 845/845/845
f 782/782/782 783/783/783 846/846/846
f 783/783/783 847/847/847 846/846/846
f 783/783/783 784/784/784 847/847/847
f 784/784/784 848/848/848 847/847/847
f 784/784/784 785/785/785 848/848/848
f 785/785/785 849/849/849 848/848/848
f 785/785/785 786/786/786 849/849/849
f 786/786/786 850/850/850 849/849/849
f 786/786/786 787/787/787 850/850/850
f 787/787/787 851/851/851 850/850/850
f 787/787/787 788/788/788 851/851/851
f 788/788/788 852/852/852 851/851/851
f 788/788/788 789/789/789 852/852/852
f 789/789/789 853/853/853 852/852/852
f 789/789/789 790/790/790 853/853/853
f 790/790/790 854/854/854 853/853/853
f 790/790/790 791/791/791 854/854/854
f 791/791/791 855/855/855 854/854/854
f 791/791/791 792/792/792 855/855/855
f 792/792/792 856/856/856 855/855/855
f 792/792/792 793/793/793 856/856/856
f 793/793/793 857/857/857 856/856/856
f 793/793/793 794/794/794 857/857/857
f 794/794/794 858/858/858 857/857/857
f 794/794/794 795/795/795 858/858/858
f 795/795/795 859/859/859 858/858/858
f 795/795/795 796/796/796 859/859/859
f 796/796/796 860/860/860 859/859/859
f 796/796/796 797/797/797 860/860/860
f 797/797/797 861/861/861 860/860/860
f 797/797/797 798/798/798 861/861/861
f 798/798/798 862/862/862 861/861/861
f 798/798/798 799/799/799 862/862/862
f 799/799/799 863/863/863 862/862/862
f 799/799/799 800/800/800 863/863/863
f 800/800/800 864/864/864 863/863/863
f 800/800/800 801/801/801 864/864/864
f 801/801/801 865/865/865 864/864/864
f 801/801/801 802/802/802 865/865/865
f 802/802/802 866/866/866 865/865/865
f 802/802/802 803/803/803 866/866/866
f 803/803/803 867/867/867 866/866/866
f 803/803/803 804/804/804 867/867/867
f 804/804/804 868/868/868 867/867/867
f 804/804/804 805/805/805 868/868/868
f 805/805/805 869/869/869 868/868/868
f 805/805/805 806/806/806 869/869/869
f 806/806/806 870/870/870 869/869/869
f 806/806/806 807/807/807 870/870/870
f 807/807/807 871/871/871 870/870/870
f 807/807/807 808/808/808 871/871/871
f 808/808/808 872/872/872 871/871/871
f 808/808/808 809/809/809 872/872/872
f 809/809/809 873/873/873 872/872/872
f 809/809/809 810/810/810 873/873/873
f 810/810/810 874/874/874 873/873/873
f 810/810/810 811/811/811 874/874/874
f 811/811/811 875/875/875 874/874/874
f 811/811/811 812/812/812 875/875/875
f 812/812/812 876/876/876 875/875/875
f 812/812/812 813/813/813 876/876/876
f 813/813/813 877/877/877 876/876/876
f 813/813/813 814/814/814 877/877/877
f 814/814/814 878/878/878 877/877/877
f 814/814/814 815/815/815 878/878/878
f 815/815/815 879/879/879 878/878/878
f 815/815/815 816/816/816 879/879/879
f 816/816/816 880/880/880 879/879/879
f 816/816/816 817/817/817 880/880/880
f 817/817/817 881/881/881 880/880/880
f 817/817/817 818/818/818 881/881/881
f 818/818/818 882/882/882 881/881/881
f 818/818/818 819/819/819 882/882/882
f 819/819/819 883/883/883 882/882/882
f 819/819/819 820/820/820 883/883/883
f 820/820/820 884/884/884 883/883/883
f 820/820/820 821/821/821 884/884/884
f 821/821/821 885/885/885 884/884/884
f 821/821/821 822/822/822 885/885/885
f 822/822/822 886/886/886 885/885/885
f 822/822/822 823/823/823 886/886/886
f 823/823/823 887/887/887 886/886/886
f 823/823/823 824/824/824 887/887/887
f 824/824/824 888/888/888 887/887/887
f 824/824/824 825/825/825 888/888/888
f 825/825/825 889/889/889 888/888/888
f 825/825/825 826/826/826 889/889/889
f 826/826/826 890/890/890 889/889/889
f 826/826/826 827/827/827 890/890/890
f 827/827/827 891/891/891 890/890/890
f 827/827/827 828/828/828 891/891/891
f 828/828/828 892/892/892 891/891/891
f 828/828/828 829/829/829 892/892/892
f 829/829/829 893/893/893 892/892/892
f 829/829/829 830/830/830 893/893/893
f 830/830/830 894/894/894 893/893/893
f 830/830/830 831/831/831 894/894/894
f 831/831/831 895/895/895 894/894/894
f 831/831/831 832/832/832 895/895/895
f 832/832/832 896/896/896 895/895/895
f 832/832/832 769/769/769 896/896/896
f 769/769/769 833/833/833 896/896/896
f 833/833/833 834/834/834 897/897/897
f 834/834/834 898/898/898 897/897/897
f 834/834/834 835/835/835 898/898/898
f 835/835/835 899/899/899 898/898/898
f 835/835/835 836/836/836 899/899/899
f 836/836/836 900/900/900 899/899/899
f 836/836/836 837/837/837 900/900/900
f 837/837/837 901/901/901 900/900/900
f 837/837/837 838/838/838 901/901/901
f 838/838/838 902/902/902 901/901/901
f 838/838/838 839/839/839 902/902/902
f 839/839/839 903/903/903 902/902/902
f 839/839/839 840/840/840 903/903/903
f 840/840/840 904/904/904 903/903/903
f 840/840/840 841/841/841 904/904/904
f 841/841/841 905/905/905 904/904/904
f 841/841/841 842/842/842 905/905/905
f 842/842/842 906/906/906 905/905/905
f 842/842/842 843/843/843 906/906/906
f 843/843/843 907/907/907 906/906/906
f 843/843/843 844/844/844 907/907/907
f 844/844/844 908/908/908 907/907/907
f 844/844/844 845/845/845 908/908/908
f 845/845/845 909/909/909 908/908/908
f 845/845/845 846/846/846 909/909/909
f 846/846/846 910/910/910 909/909/909
f 846/846/846 847/847/847 910/910/910
f 847/847/847 911/911/911 910/910/910
f 847/847/847 848/848/848 911/911/911
f 848/848/848 912/912/912 911/911/911
f 848/848/848 849/849/849 912/912/912
f 849/849/849 913/913/913 912/912/912
f 849/849/849 850/850/850 913/913/913
f 850/850/850 914/914/914 913/913/913
f 850/850/850 851/851/851 914/914/914
f 851/851/851 915/915/915 914/914/914
f 851/851/851 852/852/852 915/915/915
f 852/852/852 916/916/916 915/915/915
f 852/852/852 853/853/853 916/916/916
f 853/853/853 917/917/917 916/916/916
f 853/853/853 854/854/854 917/917/917
f 854/854/854 918/918/918 917/917/917
f 854/854/854 855/855/855 918/918/918
f 855/855/855 919/919/919 918/918/918
f 855/855/855 856/856/856 919/919/919
f 856/856/856 920/920/920 919/919/919
f 856/856/856 857/857/857 920/920/920
f 857/857/857 921/921/921 920/920/920
f 857/857/857 858/858/858 921/921/921
f 858/858/858 922/922/922 921/921/921
f 858/858/858 859/859/859 922/922/922
f 859/859/859 923/923/923 922/922/922
f 859/859/859 860/860/860 923/923/923
f 860/860/860 924/924/924 923/923/923
f 860/860/860 861/861/861 924/924/924
f 861/861/861 925/925/925 924/924/924
f 861/861/861 862/862/862 925/925/925
f 862/862/862 926/926/926 925/925/925
f 862/862/862 863/863/863 926/926/926
f 863/863/863 927/927/927 926/926/926
f 863/863/863 864/864/864 927/927/927
f 864/864/864 928/928/928 927/927/927
f 864/864/864 865/865/865 928/928/928
f 865/865/865 929/929/929 928/928/928
f 865/865/865 866/866/866 929/929/929
f 866/866/866 930/930/930 929/929/929
f 866/866/866 867/867/867 930/930/930
f 867/867/867 931/931/931 930/930/930
f 867/867/867 868/868/868 931/931/931
f 868/868/868 932/932/932 931/931/931
f 868/868/868 869/869/869 932/932/932
f 869/869/869 933/933/933 932/932/932
f 869/869/869 870/870/870 933/933/933
f 870/870/870 934/934/934 933/933/933
f 870/870/870 871/871/871 934/934/934
f 871/871/871 935/935/935 934/934/934
f 871/871/871 872/872/872 935/935/935
f 872/872/872 936/936/936 935/935/935
f 872/872/872 873/873/873 936/936/936
f 873/873/873 937/937/937 936/936/936
f 873/873/873 874/874/874 937/937/937
f 874/874/874 938/938/938 937/937/937
f 874/874/874 875/875/875 938/938/938
f 875/875/875 939/939/939 938/938/938
f 875/875/875 876/876/876 939/939/939
f 876/876/876 940/940/940 939/939/939
f 876/876/876 877/877/877 940/940/940
f 877/877/877 941/941/941 940/940/940
f 877/877/877 878/878/878 941/941/941
f 878/878/878 942/942/942 941/941/941
f 878/878/878 879/879/879 942/942/942
f 879/879/879 943/943/943 942/942/942
f 879/879/879 880/880/880 943/943/943
f 880/880/880 944/944/944 943/943/943
f 880/880/880 881/881/881 944/944/944
f 881/881/881 945/945/945 944/944/944
f 881/881/881 882/882/882 945/945/945
f 882/882/882 946/946/946 945/945/945
f 882/882/882 883/883/883 946/946/946
f 883/883/883 947/947/947 946/946/946
f 883/883/883 884/884/884 947/947/947
f 884/884/884 948/948/948 947/947/947
f 884/884/884 885/885/885 948/948/948
f 885/885/885 949/949/949 948/948/948
f 885/885/885 886/886/886 949/949/949
f 886/886/886 950/950/950 949/949/949
f 886/886/886 887/887/887 950/950/950
f 887/887/887 951/951/951 950/950/950
f 887/887/887 888/888/888 951/951/951
f 888/888/888 952/952/952 951/951/951
f 888/888/888 889/889/889 952/952/952
f 889/889/889 953/953/953 952/952/952
f 889/889/889 890/890/890 953/953/953
f 890/890/890 954/954/954 953/953/953
f 890/890/890 891/891/891 954/954/954
f 891/891/891 955/955/955 954/954/954
f 891/891/891 892/892/892 955/955/955
f 892/892/892 956/956/956 955/955/955
f 892/892/892 893/893/893 956/956/956
f 893/893/893 957/957/957 956/956/956
f 893/893/893 894/894/894 957/957/957
f 894/894/894 958/958/958 957/957/957
f 894/894/894 895/895/895 958/958/958
f 895/895/895 959/959/959 958/958/958
f 895/895/895 896/896/896 959/959/959
f 896/896/896 960/960/960 959/959/959
f 896/896/896 833/833/833 960/960/960
f 833/833/833 897/897/897 960/960/960
f 897/897/897 898/898/898 961/961/961
f 898/898/898 962/962/962 961/961/961
f 898/898/898 899/899/899 962/962/962
f 899/899/899 963/963/963 962/962/962
f 899/899/899 900/900/900 963/963/963
f 900/900/900 964/964/964 963/963/963
f 900/900/900 901/901/901 964/964/964
f 901/901/901 965/965/965 964/964/964
f 901/901/901 902/902/902 965/965/965
f 902/902/902 966/966/966 965/965/965
f 902/902/902 903/903/903 966/966/966
f 903/903/903 967/967/967 966/966/966
f 903/903/903 904/904/904 967/967/967
f 904/904/904 968/968/968 967/967/967
f 904/904/904 905/905/905 968/968/968
f 905/905/905 969/969/969 968/968/968
f 905/905/905 906/906/906 969/969/969
f 906/906/906 970/970/970 969/969/969
f 906/906/906 907/907/907 970/970/970
f 907/907/907 971/971/971 970/970/970
f 907/907/907 908/908/908 971/971/971
f 908/908/908 972/972/972 971/971/971
f 908/908/908 909/909/909 972/972/972
f 909/909/909 973/973/973 972/972/972
f 909/909/909 910/910/910 973/973/973
f 910/910/910 974/974/974 973/973/973
f 910/910/910 911/911/911 974/974/974
f 911/911/911 975/975/975 974/974/974
f 911/911/911 912/912/912 975/975/975
f 912/912/912 976/976/976 975/975/975
f 912/912/912 913/913/913 976/976/976
f 913/913/913 977/977/977 976/976/976
f 913/913/913 914/914/914 977/977/977
f 914/914/914 978/978/978 977/977/977
f 914/914/914 915/915/915 978/978/978
f 915/915/915 979/979/979 978/978/978
f 915/915/915 916/916/916 979/979/979
f 916/916/916 980/980/980 979/979/979
f 916/916/916 917/917/917 980/980/980
f 917/917/917 981/981/981 980/980/980
f 917/917/917 918/918/918 981/981/981
f 918/918/918 982/982/982 981/981/981
f 918/918/918 919/919/919 982/982/982
f 919/919/919 983/983/983 982/982/982
f 919/919/919 920/920/920 983/983/983
f 920/920/920 984/984/984 983/983/983
f 920/920/920 921/921/921 984/984/984
f 921/921/921 985/985/985 984/984/984
f 921/921/921 922/922/922 985/985/985
f 922/922/922 986/986/986 985/985/985
f 922/922/922 923/923/923 986/986/986
f 923/923/923 987/987/987 986/986/986
f 923/923/923 924/924/924 987/987/987
f 924/924/924 988/988/988 987/987/987
f 924/924/924 925/925/925 988/988/988
f 925/925/925 989/989/989 988/988/988
f 925/925/925 926/926/926 989/989/989
f 926/926/926 990/990/990 989/989/989
f 926/926/926 927/927/927 990/990/990
f 927/927/927 991/991/991 990/990/990
f 927/927/927 928/928/928 991/991/991
f 928/928/928 992/992/992 991/991/991
f 928/928/928 929/929/929 992/992/992
f 929/929/929 993/993/993 992/992/992
f 929/929/929 930/930/930 993/993/993
f 930/930/930 994/994/994 993/993/993
f 930/930/930 931/931/931 994/994/994
f 931/931/931 995/995/995 994/994/994
f 931/931/931 932/932/932 995/995/995
f 932/932/932 996/996/996 995/995/995
f 932/932/932 933/933/933 996/996/996
f 933/933/933 997/997/997 996/996/996
f 933/933/933 934/934/934 997/997/997
f 934/934/934 998/998/998 997/997/997
f 934/934/934 935/935/935 998/998/998
f 935/935/935 999/999/999 998/998/998
f 935/935/935 936/936/936 999/999/999
f 936/936/936 1000/1000/1000 999/999/999
f 936/936/936 937/937/937 1000/1000/1000
f 937/937/937 1001/1001/1001 1000/1000/1000
f 937/937/937 938/938/938 1001/1001/1001
f 938/938/938 1002/1002/1002 1001/1001/1001
f 938/938/938 939/939/939 1002/1002/1002
f 939/939/939 1003/1003/1003 1002/1002/1002
f 939/939/939 940/940/940 1003/1003/1003
f 940/940/940 1004/1004/1004 1003/1003/1003
f 940/940/940 941/941/941 1004/1004/1004
f 941/941/941 1005/1005/1005 1004/1004/1004
f 941/941/941 942/942/942 1005/1005/1005
f 942/942/942 1006/1006/1006 1005/1005/1005
f 942/942/942 943/943/943 1006/1006/1006
f 943/943/943 1007/1007/1007 1006/1006/1006
f 943/943/943 944/944/944 1007/1007/1007
f 944/944/944 1008/1008/1008 1007/1007/1007
f 944/944/944 945/945/945 1008/1008/1008
f 945/945/945 1009/1009/1009 1008/1008/1008
f 945/945/945 946/946/946 1009/1009/1009
f 946/946/946 1010/1010/1010 1009/1009/1009
f 946/946/946 947/947/947 1010/1010/1010
f 947/947/947 1011/1011/1011 1010/1010/1010
f 947/947/947 948/948/948 1011/1011/1011
f 948/948/948 1012/1012/1012 1011/1011/1011
f 948/948/948 949/949/949 1012/1012/1012
f 949/949/949 1013/1013/1013 1012/1012/1012
f 949/949/949 950/950/950 1013/1013/1013
f 950/950/950 1014/1014/1014 1013/1013/1013
f 950/950/950 951/951/951 1014/1014/1014
f 951/951/951 1015/1015/1015 1014/1014/1014
f 951/951/951 952/952/952 1015/1015/1015
f 952/952/952 1016/1016/1016 1015/1015/1015
f 952/952/952 953/953/953 1016/1016/1016
f 953/953/953 1017/1017/1017 1016/1016/1016
f 953/953/953 954/954/954 1017/1017/1017
f 954/954/954 1018/1018/1018 1017/1017/1017
f 954/954/954 955/955/955 1018/1018/1018
f 955/955/955 1019/1019/1019 1018/1018/1018
f 955/955/955 956/956/956 1019/1019/1019
f 956/956/956 1020/1020/1020 1019/1019/1019
f 956/956/956 957/957/957 1020/1020/1020
f 957/957/957 1021/1021/1021 1020/1020/1020
f 957/957/957 958/958/958 1021/1021/1021
f 958/958/958 1022/1022/1022 1021/1021/1021
f 958/958/958 959/959/959 1022/1022/1022
f 959/959/959 1023/1023/1023 1022/1022/1022
f 959/959/959 960/960/960 1023/1023/1023
f 960/960/960 1024/1024/1024 1023/1023/1023
f 960/960/960 897/897/897 1024/1024/1024
f 897/897/897 961/961/961 1024/1024/1024
f 961/961/961 962/962/962 1025/1025/1025
f 962/962/962 1026/1026/1026 1025/1025/1025
f 962/962/962 963/963/963 1026/1026/1026
f 963/963/963 1027/1027/1027 1026/1026/1026
f 963/963/963 964/964/964 1027/1027/1027
f 964/964/964 1028/1028/1028 1027/1027/1027
f 964/964/964 965/965/965 1028/1028/1028
f 965/965/965 1029/1029/1029 1028/1028/1028
f 965/965/965 966/966/966 1029/1029/1029
f 966/966/966 1030/1030/1030 1029/1029/1029
f 966/966/966 967/967/967 1030/1030/1030
f 967/967/967 1031/1031/1031 1030/1030/1030
f 967/967/967 968/968/968 1031/1031/1031
f 968/968/968 1032/1032/1032 1031/1031/1031
f 968/968/968 969/969/969 1032/1032/1032
f 969/969/969 1033/1033/1033 1032/1032/1032
f 969/969/969 970/970/970 1033/1033/1033
f 970/970/970 1034/1034/1034 1033/1033/1033
f 970/970/970 971/971/971 1034/1034/1034
f 971/971/971 1035/1035/1035 1034/1034/1034
f 971/971/971 972/972/972 1035/1035/1035
f 972/972/972 1036/1036/1036 1035/1035/1035
f 972/972/972 973/973/973 1036/1036/1036
f 973/973/973 1037/1037/1037 1036/1036/1036
f 973/973/973 974/974/974 1037/1037/1037
f 974/974/974 1038/1038/1038 1037/1037/1037
f 974/974/974 975/975/975 1038/1038/1038
f 975/975/975 1039/1039/1039 1038/1038/1038
f 975/975/975 976/976/976 1039/1039/1039
f 976/976/976 1040/1040/1040 1039/1039/1039
f 976/976/976 977/977/977 1040/1040/1040
f 977/977/977 1041/1041/1041 1040/1040/1040
f 977/977/977 978/978/978 1041/1041/1041
f 978/978/978 1042/1042/1042 1041/1041/1041
f 978/978/978 979/979/979 1042/1042/1042
f 979/979/979 1043/1043/1043 1042/1042/1042
f 979/979/979 980/980/980 1043/1043/1043
f 980/980/980 1044/1044/1044 1043/1043/1043
f 980/980/980 981/981/981 1044/1044/1044
f 981/981/981 1045/1045/1045 1044/1044/1044
f 981/981/981 982/982/982 1045/1045/1045
f 982/982/982 1046/1046/1046 1045/1045/1045
f 982/982/982 983/983/983 1046/1046/1046
f 983/983/983 1047/1047/1047 1046/1046/1046
f 983/983/983 984/984/984 1047/1047/1047
f 984/984/984 1048/1048/1048 1047/1047/1047
f 984/984/984 985/985/985 1048/1048/1048
f 985/985/985 1049/1049/1049 1048/1048/1048
f 985/985/985 986/986/986 1049/1049/1049
f 986/986/986 1050/1050/1050 1049/1049/1049
f 986/986/986 987/987/987 1050/1050/1050
f 987/987/987 1051/1051/1051 1050/1050/1050
f 987/987/987 988/988/988 1051/1051/1051
f 988/988/988 1052/1052/1052 1051/1051/1051
f 988/988/988 989/989/989 1052/1052/1052
f 989/989/989 1053/1053/1053 1052/1052/1052
f 989/989/989 990/990/990 1053/1053/1053
f 990/990/990 1054/1054/1054 1053/1053/1053
f 990/990/990 991/991/991 1054/1054/1054
f 991/991/991 1055/1055/1055 1054/1054/1054
f 991/991/991 992/992/992 1055/1055/1055
f 992/992/992 1056/1056/1056 1055/1055/1055
f 992/992/992 993/993/993 1056/1056/1056
f 993/993/993 1057/1057/1057 1056/1056/1056
f 993/993/993 994/994/994 1057/1057/1057
f 994/994/994 1058/1058/1058 1057/1057/1057
f 994/994/994 995/995/995 1058/1058/1058
f 995/995/995 1059/1059/1059 1058/1058/1058
f 995/995/995 996/996/996 1059/1059/1059
f 996/996/996 1060/1060/1060 1059/1059/1059
f 996/996/996 997/997/997 1060/1060/1060
f 997/997/997 1061/1061/1061 1060/1060/1060
f 997/997/997 998/998/998 1061/1061/1061
f 998/998/998 1062/1062/1062 1061/1061/1061
f 998/998/998 999/999/999 1062/1062/1062
f 999/999/999 1063/1063/1063 1062/1062/1062
f 999/999/999 1000/1000/1000 1063/1063/1063
f 1000/1000/1000 1064/1064/1064 1063/1063/1063
f 1000/1000/1000 1001/1001/1001 1064/1064/1064
f 1001/1001/1001 1065/1065/1065 1064/1064/1064
f 1001/1001/1001 1002/1002/1002 1065/1065/1065
f 1002/1002/1002 1066/1066/1066 1065/1065/1065
f 1002/1002/1002 1003/1003/1003 1066/1066/1066
f 1003/1003/1003 1067/1067/1067 1066/1066/1066
f 1003/1003/1003 1004/1004/1004 1067/1067/1067
f 1004/1004/1004 1068/1068/1068 1067/1067/1067
f 1004/1004/1004 1005/1005/1005 1068/1068/1068
f 1005/1005/1005 1069/1069/1069 1068/1068/1068
f 1005/1005/1005 1006/1006/1006 1069/1069/1069
f 1006/1006/1006 1070/1070/1070 1069/1069/1069
f 1006/1006/1006 1007/1007/1007 1070/1070/1070
f 1007/1007/1007 1071/1071/1071 1070/1070/1070
f 1007/1007/1007 1008/1008/1008 1071/1071/1071
f 1008/1008/1008 1072/1072/1072 1071/1071/1071
f 1008/1008/1008 1009/1009/1009 1072/1072/1072
f 1009/1009/1009 1073/1073/1073 1072/1072/1072
f 1009/1009/1009 1010/1010/1010 1073/1073/1073
f 1010/1010/1010 1074/1074/1074 1073/1073/1073
f 1010/1010/1010 1011/1011/1011 1074/1074/1074
f 1011/1011/1011 1075/1075/1075 1074/1074/1074
f 1011/1011/1011 1012/1012/1012 1075/1075/1075
f 1012/1012/1012 1076/1076/1076 1075/1075/1075
f 1012/1012/1012 1013/1013/1013 1076/1076/1076
f 1013/1013/1013 1077/1077/1077 1076/1076/1076
f 1013/1013/1013 1014/1014/1014 1077/1077/1077
f 1014/1014/1014 1078/1078/1078 1077/1077/1077
f 1014/1014/1014 1015/1015/1015 1078/1078/1078
f 1015/1015/1015 1079/1079/1079 1078/1078/1078
f 1015/1015/1015 1016/1016/1016 1079/1079/1079
f 1016/1016/1016 1080/1080/1080 1079/1079/1079
f 1016/1016/1016 1017/1017/1017 1080/1080/1080
f 1017/1017/1017 1081/1081/1081 1080/1080/1080
f 1017/1017/1017 1018/1018/1018 1081/1081/1081
f 1018/1018/1018 1082/1082/1082 1081/1081/1081
f 1018/1018/1018 1019/1019/1019 1082/1082/1082
f 1019/1019/1019 1083/1083/1083 1082/1082/1082
f 1019/1019/1019 1020/1020/1020 1083/1083/1083
f 1020/1020/1020 1084/1084/1084 1083/1083/1083
f 1020/1020/1020 1021/1021/1021 1084/1084/1084
f 1021/1021/1021 1085/1085/1085 1084/1084/1084
f 1021/1021/1021 1022/1022/1022 1085/1085/1085
f 1022/1022/1022 1086/1086/1086 1085/1085/1085
f 1022/1022/1022 1023/1023/1023 1086/1086/1086
f 1023/1023/1023 1087/1087/1087 1086/1086/1086
f 1023/1023/1023 1024/1024/1024 1087/1087/1087
f 1024/1024/1024 1088/1088/1088 1087/1087/1087
f 1024/1024/1024 961/961/961 1088/1088/1088
f 961/961/961 1025/1025/1025 1088/1088/1088
f 1025/1025/1025 1026/1026/1026 1089/1089/1089
f 1026/1026/1026 1090/1090/1090 1089/1089/1089
f 1026/1026/1026 1027/1027/1027 1090/1090/1090
f 1027/1027/1027 1091/1091/1091 1090/1090/1090
f 1027/1027/1027 1028/1028/1028 1091/1091/1091
f 1028/1028/1028 1092/1092/1092 1091/1091/1091
f 1028/1028/1028 1029/1029/1029 1092/1092/1092
f 1029/1029/1029 1093/1093/1093 1092/1092/1092
f 1029/1029/1029 1030/1030/1030 1093/1093/1093
f 1030/1030/1030 1094/1094/1094 1093/1093/1093
f 1030/1030/1030 1031/1031/1031 1094/1094/1094
f 1031/1031/1031 1095/1095/1095 1094/1094/1094
f 1031/1031/1031 1032/1032/1032 1095/1095/1095
f 1032/1032/1032 1096/1096/1096 1095/1095/1095
f 1032/1032/1032 1033/1033/1033 1096/1096/1096
f 1033/1033/1033 1097/1097/1097 1096/1096/1096
f 1033/1033/1033 1034/1034/1034 1097/1097/1097
f 1034/1034/1034 1098/1098/1098 1097/1097/1097
f 1034/1034/1034 1035/1035/1035 1098/1098/1098
f 1035/1035/1035 1099/1099/1099 1098/1098/1098
f 1035/1035/1035 1036/1036/1036 1099/1099/1099
f 1036/1036/1036 1100/1100/1100 1099/1099/1099
f 1036/1036/1036 1037/1037/1037 1100/1100/1100
f 1037/1037/1037 1101/1101/1101 1100/1100/1100
f 1037/1037/1037 1038/1038/1038 1101/1101/1101
f 1038/1038/1038 1102/1102/1102 1101/1101/1101
f 1038/1038/1038 1039/1039/1039 1102/1102/1102
f 1039/1039/1039 1103/1103/1103 1102/1102/1102
f 1039/1039/1039 1040/1040/1040 1103/1103/1103
f 1040/1040/1040 1104/1104/1104 1103/1103/1103
f 1040/1040/1040 1041/1041/1041 1104/1104/1104
f 1041/1041/1041 1105/1105/1105 1104/1104/1104
f 1041/1041/1041 1042/1042/1042 1105/1105/1105
f 1042/1042/1042 1106/1106/1106 1105/1105/1105
f 1042/1042/1042 1043/1043/1043 1106/1106/1106
f 1043/1043/1043 1107/1107/1107 1106/1106/1106
f 1043/1043/1043 1044/1044/1044 1107/1107/1107
f 1044/1044/1044 1108/1108/1108 1107/1107/1107
f 1044/1044/1044 1045/1045/1045 1108/1108/1108
f 1045/1045/1045 1109/1109/1109 1108/1108/1108
f 1045/1045/1045 1046/1046/1046 1109/1109/1109
f 1046/1046/1046 1110/1110/1110 1109/1109/1109
f 1046/1046/1046 1047/1047/1047 1110/1110/1110
f 1047/1047/1047 1111/1111/1111 1110/1110/1110
f 1047/1047/1047 1048/1048/1048 1111/1111/1111
f 1048/1048/1048 1112/1112/1112 1111/1111/1111
f 1048/1048/1048 1049/1049/1049 1112/1112/1112
f 1049/1049/1049 1113/1113/1113 1112/1112/1112
f 1049/1049/1049 1050/1050/1050 1113/1113/1113
f 1050/1050/1050 1114/1114/1114 1113/1113/1113
f 1050/1050/1050 1051/1051/1051 1114/1114/1114
f 1051/1051/1051 1115/1115/1115 1114/1114/1114
f 1051/1051/1051 1052/1052/1052 1115/1115/1115
f 1052/1052/1052 1116/1116/1116 1115/1115/1115
f 1052/1052/1052 1053/1053/1053 1116/1116/1116
f 1053/1053/1053 1117/1117/1117 1116/1116/1116
f 1053/1053/1053 1054/1054/1054 1117/1117/1117
f 1054/1054/1054 1118/1118/1118 1117/1117/1117
f 1054/1054/1054 1055/1055/1055 1118/1118/1118
f 1055/1055/1055 1119/1119/1119 1118/1118/1118
f 1055/1055/1055 1056/1056/1056 1119/1119/1119
f 1056/1056/1056 1120/1120/1120 1119/1119/1119
f 1056/1056/1056 1057/1057/1057 1120/1120/1120
f 1057/1057/1057 1121/1121/1121 1120/1120/1120
f 1057/1057/1057 1058/1058/1058 1121/1121/1121
f 1058/1058/1058 1122/1122/1122 1121/1121/1121
f 1058/1058/1058 1059/1059/1059 1122/1122/1122
f 1059/1059/1059 1123/1123/1123 1122/1122/1122
f 1059/1059/1059 1060/1060/1060 1123/1123/1123
f 1060/1060/1060 1124/1124/1124 1123/1123/1123
f 1060/1060/1060 1061/1061/1061 1124/1124/1124
f 1061/1061/1061 1125/1125/1125 1124/1124/1124
f 1061/1061/1061 1062/1062/1062 1125/1125/1125
f 1062/1062/1062 1126/1126/1126 1125/1125/1125
f 1062/1062/1062 1063/1063/1063 1126/1126/1126
f 1063/1063/1063 1127/1127/1127 1126/1126/1126
f 1063/1063/1063 1064/1064/1064 1127/1127/1127
f 1064/1064/1064 1128/1128/1128 1127/1127/1127
f 1064/1064/1064 1065/1065/1065 1128/1128/1128
f 1065/1065/1065 1129/1129/1129 1128/1128/1128
f 1065/1065/1065 1066/1066/1066 1129/1129/1129
f 1066/1066/1066 1130/1130/1130 1129/1129/1129
f 1066/1066/1066 1067/1067/1067 1130/1130/1130
f 1067/1067/1067 1131/1131/1131 1130/1130/1130
f 1067/1067/1067 1068/1068/1068 1131/1131/1131
f 1068/1068/1068 1132/1132/1132 1131/1131/1131
f 1068/1068/1068 1069/1069/1069 1132/1132/1132
f 1069/1069/1069 1133/1133/1133 1132/1132/1132
f 1069/1069/1069 1070/1070/1070 1133/1133/1133
f 1070/1070/1070 1134/1134/1134 1133/1133/1133
f 1070/1070/1070 1071/1071/1071 1134/1134/1134
f 1071/1071/1071 1135/1135/1135 1134/1134/1134
f 1071/1071/1071 1072/1072/1072 1135/1135/1135
f 1072/1072/1072 1136/1136/1136 1135/1135/1135
f 1072/1072/1072 1073/1073/1073 1136/1136/1136
f 1073/1073/1073 1137/1137/1137 1136/1136/1136
f 1073/1073/1073 1074/1074/1074 1137/1137/1137
f 1074/1074/1074 1138/1138/1138 1137/1137/1137
f 1074/1074/1074 1075/1075/1075 1138/1138/1138
f 1075/1075/1075 1139/1139/1139 1138/1138/1138
f 1075/1075/1075 1076/1076/1076 1139/1139/1139
f 1076/1076/1076 1140/1140/1140 1139/1139/1139
f 1076/1076/1076 1077/1077/1077 1140/1140/1140
f 1077/1077/1077 1141/1141/1141 1140/1140/1140
f 1077/1077/1077 1078/1078/1078 1141/1141/1141
f 1078/1078/1078 1142/1142/1142 1141/1141/1141
f 1078/1078/1078 1079/1079/1079 1142/1142/1142
f 1079/1079/1079 1143/1143/1143 1142/1142/1142
f 1079/1079/1079 1080/1080/1080 1143/1143/1143
f 1080/1080/1080 1144/1144/1144 1143/1143/1143
f 1080/1080/1080 1081/1081/1081 1144/1144/1144
f 1081/1081/1081 1145/1145/1145 1144/1144/1144
f 1081/1081/1081 1082/1082/1082 1145/1145/1145
f 1082/1082/1082 1146/1146/1146 1145/1145/1145
f 1082/1082/1082 1083/1083/1083 1146/1146/1146
f 1083/1083/1083 1147/1147/1147 1146/1146/1146
f 1083/1083/1083 1084/1084/1084 1147/1147/1147
f 1084/1084/1084 1148/1148/1148 1147/1147/1147
f 1084/1084/1084 1085/1085/1085 1148/1148/1148
f 1085/1085/1085 1149/1149/1149 1148/1148/1148
f 1085/1085/1085 1086/1086/1086 1149/1149/1149
f 1086/1086/1086 1150/1150/1150 1149/1149/1149
f 1086/1086/1086 1087/1087/1087 1150/1150/1150
f 1087/1087/1087 1151/1151/1151 1150/1150/1150
f 1087/1087/1087 1088/1088/1088 1151/1151/1151
f 1088/1088/1088 1152/1152/1152 1151/1151/1151
f 1088/1088/1088 1025/1025/1025 1152/1152/1152
f 1025/1025/1025 1089/1089/1089 1152/1152/1152
f 1089/1089/1089 1090/1090/1090 1153/1153/1153
f 1090/1090/1090 1154/1154/1154 1153/1153/1153
f 1090/1090/1090 1091/1091/1091 1154/1154/1154
f 1091/1091/1091 1155/1155/1155 1154/1154/1154
f 1091/1091/1091 1092/1092/1092 1155/1155/1155
f 1092/1092/1092 1156/1156/1156 1155/1155/1155
f 1092/1092/1092 1093/1093/1093 1156/1156/1156
f 1093/1093/1093 1157/1157/1157 1156/1156/1156
f 1093/1093/1093 1094/1094/1094 1157/1157/1157
f 1094/1094/1094 1158/1158/1158 1157/1157/1157
f 1094/1094/1094 1095/1095/1095 1158/1158/1158
f 1095/1095/1095 1159/1159/1159 1158/1158/1158
f 1095/1095/1095 1096/1096/1096 1159/1159/1159
f 1096/1096/1096 1160/1160/1160 1159/1159/1159
f 1096/1096/1096 1097/1097/1097 1160/1160/1160
f 1097/1097/1097 1161/1161/1161 1160/1160/1160
f 1097/1097/1097 1098/1098/1098 1161/1161/1161
f 1098/1098/1098 1162/1162/1162 1161/1161/1161
f 1098/1098/1098 1099/1099/1099 1162/1162/1162
f 1099/1099/1099 1163/1163/1163 1162/1162/1162
f 1099/1099/1099 1100/1100/1100 1163/1163/1163
f 1100/1100/1100 1164/1164/1164 1163/1163/1163
f 1100/1100/1100 1101/1101/1101 1164/1164/1164
f 1101/1101/1101 1165/1165/1165 1164/1164/1164
f 1101/1101/1101 1102/1102/1102 1165/1165/1165
f 1102/1102/1102 1166/1166/1166 1165/1165/1165
f 1102/1102/1102 1103/1103/1103 1166/1166/1166
f 1103/1103/1103 1167/1167/1167 1166/1166/1166
f 1103/1103/1103 1104/1104/1104 1167/1167/1167
f 1104/1104/1104 1168/1168/1168 1167/1167/1167
f 1104/1104/1104 1105/1105/1105 1168/1168/1168
f 1105/1105/1105 1169/1169/1169 1168/1168/1168
f 1105/1105/1105 1106/1106/1106 1169/1169/1169
f 1106/1106/1106 1170/1170/1170 1169/1169/1169
f 1106/1106/1106 1107/1107/1107 1170/1170/1170
f 1107/1107/1107 1171/1171/1171 1170/1170/1170
f 1107/1107/1107 1108/1108/1108 1171/1171/1171
f 1108/1108/1108 1172/1172/1172 1171/1171/1171
f 1108/1108/1108 1109/1109/1109 1172/1172/1172
f 1109/1109/1109 1173/1173/1173 1172/1172/1172
f 1109/1109/1109 1110/1110/1110 1173/1173/1173
f 1110/1110/1110 1174/1174/1174 1173/1173/1173
f 1110/1110/1110 1111/1111/1111 1174/1174/1174
f 1111/1111/1111 1175/1175/1175 1174/1174/1174
f 1111/1111/1111 1112/1112/1112 1175/1175/1175
f 1112/1112/1112 1176/1176/1176 1175/1175/1175
f 1112/1112/1112 1113/1113/1113 1176/1176/1176
f 1113/1113/1113 1177/1177/1177 1176/1176/1176
f 1113/1113/1113 1114/1114/1114 1177/1177/1177
f 1114/1114/1114 1178/1178/1178 1177/1177/1177
f 1114/1114/1114 1115/1115/1115 1178/1178/1178
f 1115/1115/1115 1179/1179/1179 1178/1178/1178
f 1115/1115/1115 1116/1116/1116 1179/1179/1179
f 1116/1116/1116 1180/1180/1180 1179/1179/1179
f 1116/1116/1116 1117/1117/1117 1180/1180/1180
f 1117/1117/1117 1181/1181/1181 1180/1180/1180
f 1117/1117/1117 1118/1118/1118 1181/1181/1181
f 1118/1118/1118 1182/1182/1182 1181/1181/1181
f 1118/1118/1118 1119/1119/1119 1182/1182/1182
f 1119/1119/1119 1183/1183/1183 1182/1182/1182
f 1119/1119/1119 1120/1120/1120 1183/1183/1183
f 1120/1120/1120 1184/1184/1184 1183/1183/1183
f 1120/1120/1120 1121/1121/1121 1184/1184/1184
f 1121/1121/1121 1185/1185/1185 1184/1184/1184
f 1121/1121/1121 1122/1122/1122 1185/1185/1185
f 1122/1122/1122 1186/1186/1186 1185/1185/1185
f 1122/1122/1122 1123/1123/1123 1186/1186/1186
f 1123/1123/1123 1187/1187/1187 1186/1186/1186
f 1123/1123/1123 1124/1124/1124 1187/1187/1187
f 1124/1124/1124 1188/1188/1188 1187/1187/1187
f 1124/1124/1124 1125/1125/1125 1188/1188/1188
f 1125/1125/1125 1189/1189/1189 1188/1188/1188
f 1125/1125/1125 1126/1126/1126 1189/1189/1189
f 1126/1126/1126 1190/1190/1190 1189/1189/1189
f 1126/1126/1126 1127/1127/1127 1190/1190/1190
f 1127/1127/1127 1191/1191/1191 1190/1190/1190
f 1127/1127/1127 1128/1128/1128 1191/1191/1191
f 1128/1128/1128 1192/1192/1192 1191/1191/1191
f 1128/1128/1128 1129/1129/1129 1192/1192/1192
f 1129/1129/1129 1193/1193/1193 1192/1192/1192
f 1129/1129/1129 1130/1130/1130 1193/1193/1193
f 1130/1130/1130 1194/1194/1194 1193/1193/1193
f 1130/1130/1130 1131/1131/1131 1194/1194/1194
f 1131/1131/1131 1195/1195/1195 1194/1194/1194
f 1131/1131/1131 1132/1132/1132 1195/1195/1195
f 1132/1132/1132 1196/1196/1196 1195/1195/1195
f 1132/1132/1132 1133/1133/1133 1196/1196/1196
f 1133/1133/1133 1197/1197/1197 1196/1196/1196
f 1133/1133/1133 1134/1134/1134 1197/1197/1197
f 1134/1134/1134 1198/1198/1198 1197/1197/1197
f 1134/1134/1134 1135/1135/1135 1198/1198/1198
f 1135/1135/1135 1199/1199/1199 1198/1198/1198
f 1135/1135/1135 1136/1136/1136 1199/1199/1199
f 1136/1136/1136 1200/1200/1200 1199/1199/1199
f 1136/1136/1136 1137/1137/1137 1200/1200/1200
f 1137/1137/1137 1201/1201/1201 1200/1200/1200
f 1137/1137/1137 1138/1138/1138 1201/1201/1201
f 1138/1138/1138 1202/1202/1202 1201/1201/1201
f 1138/1138/1138 1139/1139/1139 1202/1202/1202
f 1139/1139/1139 1203/1203/1203 1202/1202/1202
f 1139/1139/1139 1140/1140/1140 1203/1203/1203
f 1140/1140/1140 1204/1204/1204 1203/1203/1203
f 1140/1140/1140 1141/1141/1141 1204/1204/1204
f 1141/1141/1141 1205/1205/1205 1204/1204/1204
f 1141/1141/1141 1142/1142/1142 1205/1205/1205
f 1142/1142/1142 1206/1206/1206 1205/1205/1205
f 1142/1142/1142 1143/1143/1143 1206/1206/1206
f 1143/1143/1143 1207/1207/1207 1206/1206/1206
f 1143/1143/1143 1144/1144/1144 1207/1207/1207
f 1144/1144/1144 1208/1208/1208 1207/1207/1207
f 1144/1144/1144 1145/1145/1145 1208/1208/1208
f 1145/1145/1145 1209/1209/1209 1208/1208/1208
f 1145/1145/1145 1146/1146/1146 1209/1209/1209
f 1146/1146/1146 1210/1210/1210 1209/1209/1209
f 1146/1146/1146 1147/1147/1147 1210/1210/1210
f 1147/1147/1147 1211/1211/1211 1210/1210/1210
f 1147/1147/1147 1148/1148/1148 1211/1211/1211
f 1148/1148/1148 1212/1212/1212 1211/1211/1211
f 1148/1148/1148 1149/1149/1149 1212/1212/1212
f 1149/1149/1149 1213/1213/1213 1212/1212/1212
f 1149/1149/1149 1150/1150/1150 1213/1213/1213
f 1150/1150/1150 1214/1214/1214 1213/1213/1213
f 1150/1150/1150 1151/1151/1151 1214/1214/1214
f 1151/1151/1151 1215/1215/1215 1214/1214/1214
f 1151/1151/1151 1152/1152/1152 1215/1215/1215
f 1152/1152/1152 1216/1216/1216 1215/1215/1215
f 1152/1152/1152 1089/1089/1089 1216/1216/1216
f 1089/1089/1089 1153/1153/1153 1216/1216/1216
f 1153/1153/1153 1154/1154/1154 1217/1217/1217
f 1154/1154/1154 1218/1218/1218 1217/1217/1217
f 1154/1154/1154 1155/1155/1155 1218/1218/1218
f 1155/1155/1155 1219/1219/1219 1218/1218/1218
f 1155/1155/1155 1156/1156/1156 1219/1219/1219
f 1156/1156/1156 1220/1220/1220 1219/1219/1219
f 1156/1156/1156 1157/1157/1157 1220/1220/1220
f 1157/1157/1157 1221/1221/1221 1220/1220/1220
f 1157/1157/1157 1158/1158/1158 1221/1221/1221
f 1158/1158/1158 1222/1222/1222 1221/1221/1221
f 1158/1158/1158 1159/1159/1159 1222/1222/1222
f 1159/1159/1159 1223/1223/1223 1222/1222/1222
f 1159/1159/1159 1160/1160/1160 1223/1223/1223
f 1160/1160/1160 1224/1224/1224 1223/1223/1223
f 1160/1160/1160 1161/1161/1161 1224/1224/1224
f 1161/1161/1161 1225/1225/1225 1224/1224/1224
f 1161/1161/1161 1162/1162/1162 1225/1225/1225
f 1162/1162/1162 1226/1226/1226 1225/1225/1225
f 1162/1162/1162 1163/1163/1163 1226/1226/1226
f 1163/1163/1163 1227/1227/1227 1226/1226/1226
f 1163/1163/1163 1164/1164/1164 1227/1227/1227
f 1164/1164/1164 1228/1228/1228 1227/1227/1227
f 1164/1164/1164 1165/1165/1165 1228/1228/1228
f 1165/1165/1165 1229/1229/1229 1228/1228/1228
f 1165/1165/1165 1166/1166/1166 1229/1229/1229
f 1166/1166/1166 1230/1230/1230 1229/1229/1229
f 1166/1166/1166 1167/1167/1167 1230/1230/1230
f 1167/1167/1167 1231/1231/1231 1230/1230/1230
f 1167/1167/1167 1168/1168/1168 1231/1231/1231
f 1168/1168/1168 1232/1232/1232 1231/1231/1231
f 1168/1168/1168 1169/1169/1169 1232/1232/1232
f 1169/1169/1169 1233/1233/1233 1232/1232/1232
f 1169/1169/1169 1170/1170/1170 1233/1233/1233
f 1170/1170/1170 1234/1234/1234 1233/1233/1233
f 1170/1170/1170 1171/1171/1171 1234/1234/1234
f 1171/1171/1171 1235/1235/1235 1234/1234/1234
f 1171/1171/1171 1172/1172/1172 1235/1235/1235
f 1172/1172/1172 1236/1236/1236 1235/1235/1235
f 1172/1172/1172 1173/1173/1173 1236/1236/1236
f 1173/1173/1173 1237/1237/1237 1236/1236/1236
f 1173/1173/1173 1174/1174/1174 1237/1237/1237
f 1174/1174/1174 1238/1238/1238 1237/1237/1237
f 1174/1174/1174 1175/1175/1175 1238/1238/1238
f 1175/1175/1175 1239/1239/1239 1238/1238/1238
f 1175/1175/1175 1176/1176/1176 1239/1239/1239
f 1176/1176/1176 1240/1240/1240 1239/1239/1239
f 1176/1176/1176 1177/1177/1177 1240/1240/1240
f 1177/1177/1177 1241/1241/1241 1240/1240/1240
f 1177/1177/1177 1178/1178/1178 1241/1241/1241
f 1178/1178/1178 1242/1242/1242 1241/1241/1241
f 1178/1178/1178 1179/1179/1179 1242/1242/1242
f 1179/1179/1179 1243/1243/1243 1242/1242/1242
f 1179/1179/1179 1180/1180/1180 1243/1243/1243
f 1180/1180/1180 1244/1244/1244 1243/1243/1243
f 1180/1180/1180 1181/1181/1181 1244/1244/1244
f 1181/1181/1181 1245/1245/1245 1244/1244/1244
f 1181/1181/1181 1182/1182/1182 1245/1245/1245
f 1182/1182/1182 1246/1246/1246 1245/1245/1245
f 1182/1182/1182 1183/1183/1183 1246/1246/1246
f 1183/1183/1183 1247/1247/1247 1246/1246/1246
f 1183/1183/1183 1184/1184/1184 1247/1247/1247
f 1184/1184/1184 1248/1248/1248 1247/1247/1247
f 1184/1184/1184 1185/1185/1185 1248/1248/1248
f 1185/1185/1185 1249/1249/1249 1248/1248/1248
f 1185/1185/1185 1186/1186/1186 1249/1249/1249
f 1186/1186/1186 1250/1250/1250 1249/1249/1249
f 1186/1186/1186 1187/1187/1187 1250/1250/1250
f 1187/1187/1187 1251/1251/1251 1250/1250/1250
f 1187/1187/1187 1188/1188/1188 1251/1251/1251
f 1188/1188/1188 1252/1252/1252 1251/1251/1251
f 1188/1188/1188 1189/1189/1189 1252/1252/1252
f 1189/1189/1189 1253/1253/1253 1252/1252/1252
f 1189/1189/1189 1190/1190/1190 1253/1253/1253
f 1190/1190/1190 1254/1254/1254 1253/1253/1253
f 1190/1190/1190 1191/1191/1191 1254/1254/1254
f 1191/1191/1191 1255/1255/1255 1254/1254/1254
f 1191/1191/1191 1192/1192/1192 1255/1255/1255
f 1192/1192/1192 1256/1256/1256 1255/1255/1255
f 1192/1192/1192 1193/1193/1193 1256/1256/1256
f 1193/1193/1193 1257/1257/1257 1256/1256/1256
f 1193/1193/1193 1194/1194/1194 1257/1257/1257
f 1194/1194/1194 1258/1258/1258 1257/1257/1257
f 1194/1194/1194 1195/1195/1195 1258/1258/1258
f 1195/1195/1195 1259/1259/1259 1258/1258/1258
f 1195/1195/1195 1196/1196/1196 1259/1259/1259
f 1196/1196/1196 1260/1260/1260 1259/1259/1259
f 1196/1196/1196 1197/1197/1197 1260/1260/1260
f 1197/1197/1197 1261/1261/1261 1260/1260/1260
f 1197/1197/1197 1198/1198/1198 1261/1261/1261
f 1198/1198/1198 1262/1262/1262 1261/1261/1261
f 1198/1198/1198 1199/1199/1199 1262/1262/1262
f 1199/1199/1199 1263/1263/1263 1262/1262/1262
f 1199/1199/1199 1200/1200/1200 1263/1263/1263
f 1200/1200/1200 1264/1264/1264 1263/1263/1263
f 1200/1200/1200 1201/1201/1201 1264/1264/1264
f 1201/1201/1201 1265/1265/1265 1264/1264/1264
f 1201/1201/1201 1202/1202/1202 1265/1265/1265
f 1202/1202/1202 1266/1266/1266 1265/1265/1265
f 1202/1202/1202 1203/1203/1203 1266/1266/1266
f 1203/1203/1203 1267/1267/1267 1266/1266/1266
f 1203/1203/1203 1204/1204/1204 1267/1267/1267
f 1204/1204/1204 1268/1268/1268 1267/1267/1267
f 1204/1204/1204 1205/1205/1205 1268/1268/1268
f 1205/1205/1205 1269/1269/1269 1268/1268/1268
f 1205/1205/1205 1206/1206/1206 1269/1269/1269
f 1206/1206/1206 1270/1270/1270 1269/1269/1269
f 1206/1206/1206 1207/1207/1207 1270/1270/1270
f 1207/1207/1207 1271/1271/1271 1270/1270/1270
f 1207/1207/1207 1208/1208/1208 1271/1271/1271
f 1208/1208/1208 1272/1272/1272 1271/1271/1271
f 1208/1208/1208 1209/1209/1209 1272/1272/1272
f 1209/1209/1209 1273/1273/1273 1272/1272/1272
f 1209/1209/1209 1210/1210/1210 1273/1273/1273
f 1210/1210/1210 1274/1274/1274 1273/1273/1273
f 1210/1210/1210 1211/1211/1211 1274/1274/1274
f 1211/1211/1211 1275/1275/1275 1274/1274/1274
f 1211/1211/1211 1212/1212/1212 1275/1275/1275
f 1212/1212/1212 1276/1276/1276 1275/1275/1275
f 1212/1212/1212 1213/1213/1213 1276/1276/1276
f 1213/1213/1213 1277/1277/1277 1276/1276/1276
f 1213/1213/1213 1214/1214/1214 1277/1277/1277
f 1214/1214/1214 1278/1278/1278 1277/1277/1277
f 1214/1214/1214 1215/1215/1215 1278/1278/1278
f 1215/1215/1215 1279/1279/1279 1278/1278/1278
f 1215/1215/1215 1216/1216/1216 1279/1279/1279
f 1216/1216/1216 1280/1280/1280 1279/1279/1279
f 1216/1216/1216 1153/1153/1153 1280/1280/1280
f 1153/1153/1153 1217/1217/1217 1280/1280/1280
f 1217/1217/1217 1218/1218/1218 1281/1281/1281
f 1218/1218/1218 1282/1282/1282 1281/1281/1281
f 1218/1218/1218 1219/1219/1219 1282/1282/1282
f 1219/1219/1219 1283/1283/1283 1282/1282/1282
f 1219/1219/1219 1220/1220/1220 1283/1283/1283
f 1220/1220/1220 1284/1284/1284 1283/1283/1283
f 1220/1220/1220 1221/1221/1221 1284/1284/1284
f 1221/1221/1221 1285/1285/1285 1284/1284/1284
f 1221/1221/1221 1222/1222/1222 1285/1285/1285
f 1222/1222/1222 1286/1286/1286 1285/1285/1285
f 1222/1222/1222 1223/1223/1223 1286/1286/1286
f 1223/1223/1223 1287/1287/1287 1286/1286/1286
f 1223/1223/1223 1224/1224/1224 1287/1287/1287
f 1224/1224/1224 1288/1288/1288 1287/1287/1287
f 1224/1224/1224 1225/1225/1225 1288/1288/1288
f 1225/1225/1225 1289/1289/1289 1288/1288/1288
f 1225/1225/1225 1226/1226/1226 1289/1289/1289
f 1226/1226/1226 1290/1290/1290 1289/1289/1289
f 1226/1226/1226 1227/1227/1227 1290/1290/1290
f 1227/1227/1227 1291/1291/1291 1290/1290/1290
f 1227/1227/1227 1228/1228/1228 1291/1291/1291
f 1228/1228/1228 1292/1292/1292 1291/1291/1291
f 1228/1228/1228 1229/1229/1229 1292/1292/1292
f 1229/1229/1229 1293/1293/1293 1292/1292/1292
f 1229/1229/1229 1230/1230/1230 1293/1293/1293
f 1230/1230/1230 1294/1294/1294 1293/1293/1293
f 1230/1230/1230 1231/1231/1231 1294/1294/1294
f 1231/1231/1231 1295/1295/1295 1294/1294/1294
f 1231/1231/1231 1232/1232/1232 1295/1295/1295
f 1232/1232/1232 1296/1296/1296 1295/1295/1295
f 1232/1232/1232 1233/1233/1233 1296/1296/1296
f 1233/1233/1233 1297/1297/1297 1296/1296/1296
f 1233/1233/1233 1234/1234/1234 1297/1297/1297
f 1234/1234/1234 1298/1298/1298 1297/1297/1297
f 1234/1234/1234 1235/1235/1235 1298/1298/1298
f 1235/1235/1235 1299/1299/1299 1298/1298/1298
f 1235/1235/1235 1236/1236/1236 1299/1299/1299
f 1236/1236/1236 1300/1300/1300 1299/1299/1299
f 1236/1236/1236 1237/1237/1237 1300/1300/1300
f 1237/1237/1237 1301/1301/1301 1300/1300/1300
f 1237/1237/1237 1238/1238/1238 1301/1301/1301
f 1238/1238/1238 1302/1302/1302 1301/1301/1301
f 1238/1238/1238 1239/1239/1239 1302/1302/1302
f 1239/1239/1239 1303/1303/1303 1302/1302/1302
f 1239/1239/1239 1240/1240/1240 1303/1303/1303
f 1240/1240/1240 1304/1304/1304 1303/1303/1303
f 1240/1240/1240 1241/1241/1241 1304/1304/1304
f 1241/1241/1241 1305/1305/1305 1304/1304/1304
f 1241/1241/1241 1242/1242/1242 1305/1305/1305
f 1242/1242/1242 1306/1306/1306 1305/1305/1305
f 1242/1242/1242 1243/1243/1243 1306/1306/1306
f 1243/1243/1243 1307/1307/1307 1306/1306/1306
f 1243/1243/1243 1244/1244/1244 1307/1307/1307
f 1244/1244/1244 1308/1308/1308 1307/1307/1307
f 1244/1244/1244 1245/1245/1245 1308/1308/1308
f 1245/1245/1245 1309/1309/1309 1308/1308/1308
f 1245/1245/1245 1246/1246/1246 1309/1309/1309
f 1246/1246/1246 1310/1310/1310 1309/1309/1309
f 1246/1246/1246 1247/1247/1247 1310/1310/1310
f 1247/1247/1247 1311/1311/1311 1310/1310/1310
f 1247/1247/1247 1248/1248/1248 1311/1311/1311
f 1248/1248/1248 1312/1312/1312 1311/1311/1311
f 1248/1248/1248 1249/1249/1249 1312/1312/1312
f 1249/1249/1249 1313/1313/1313 1312/1312/1312
f 1249/1249/1249 1250/1250/1250 1313/1313/1313
f 1250/1250/1250 1314/1314/1314 1313/1313/1313
f 1250/1250/1250 1251/1251/1251 1314/1314/1314
f 1251/1251/1251 1315/1315/1315 1314/1314/1314
f 1251/1251/1251 1252/1252/1252 1315/1315/1315
f 1252/1252/1252 1316/1316/1316 1315/1315/1315
f 1252/1252/1252 1253/1253/1253 1316/1316/1316
f 1253/1253/1253 1317/1317/1317 1316/1316/1316
f 1253/1253/1253 1254/1254/1254 1317/1317/1317
f 1254/1254/1254 1318/1318/1318 1317/1317/1317
f 1254/1254/1254 1255/1255/1255 1318/1318/1318
f 1255/1255/1255 1319/1319/1319 1318/1318/1318
f 1255/1255/1255 1256/1256/1256 1319/1319/1319
f 1256/1256/1256 1320/1320/1320 1319/1319/1319
f 1256/1256/1256 1257/1257/1257 1320/1320/1320
f 1257/1257/1257 1321/1321/1321 1320/1320/1320
f 1257/1257/1257 1258/1258/1258 1321/1321/1321
f 1258/1258/1258 1322/1322/1322 1321/1321/1321
f 1258/1258/1258 1259/1259/1259 1322/1322/1322
f 1259/1259/1259 1323/1323/1323 1322/1322/1322
f 1259/1259/1259 1260/1260/1260 1323/1323/1323
f 1260/1260/1260 1324/1324/1324 1323/1323/1323
f 1260/1260/1260 1261/1261/1261 1324/1324/1324
f 1261/1261/1261 1325/1325/1325 1324/1324/1324
f 1261/1261/1261 1262/1262/1262 1325/1325/1325
f 1262/1262/1262 1326/1326/1326 1325/1325/1325
f 1262/1262/1262 1263/1263/1263 1326/1326/1326
f 1263/1263/1263 1327/1327/1327 1326/1326/1326
f 1263/1263/1263 1264/1264/1264 1327/1327/1327
f 1264/1264/1264 1328/1328/1328 1327/1327/1327
f 1264/1264/1264 1265/1265/1265 1328/1328/1328
f 1265/1265/1265 1329/1329/1329 1328/1328/1328
f 1265/1265/1265 1266/1266/1266 1329/1329/1329
f 1266/1266/1266 1330/1330/1330 1329/1329/1329
f 1266/1266/1266 1267/1267/1267 1330/1330/1330
f 1267/1267/1267 1331/1331/1331 1330/1330/1330
f 1267/1267/1267 1268/1268/1268 1331/1331/1331
f 1268/1268/1268 1332/1332/1332 1331/1331/1331
f 1268/1268/1268 1269/1269/1269 1332/1332/1332
f 1269/1269/1269 1333/1333/1333 1332/1332/1332
f 1269/1269/1269 1270/1270/1270 1333/1333/1333
f 1270/1270/1270 1334/1334/1334 1333/1333/1333
f 1270/1270/1270 1271/1271/1271 1334/1334/1334
f 1271/1271/1271 1335/1335/1335 1334/1334/1334
f 1271/1271/1271 1272/1272/1272 1335/1335/1335
f 1272/1272/1272 1336/1336/1336 1335/1335/1335
f 1272/1272/1272 1273/1273/1273 1336/1336/1336
f 1273/1273/1273 1337/1337/1337 1336/1336/1336
f 1273/1273/1273 1274/1274/1274 1337/1337/1337
f 1274/1274/1274 1338/1338/1338 1337/1337/1337
f 1274/1274/1274 1275/1275/1275 1338/1338/1338
f 1275/1275/1275 1339/1339/1339 1338/1338/1338
f 1275/1275/1275 1276/1276/1276 1339/1339/1339
f 1276/1276/1276 1340/1340/1340 1339/1339/1339
f 1276/1276/1276 1277/1277/1277 1340/1340/1340
f 1277/1277/1277 1341/1341/1341 1340/1340/1340
f 1277/1277/1277 1278/1278/1278 1341/1341/1341
f 1278/1278/1278 1342/1342/1342 1341/1341/1341
f 1278/1278/1278 1279/1279/1279 1342/1342/1342
f 1279/1279/1279 1343/1343/1343 1342/1342/1342
f 1279/1279/1279 1280/1280/1280 1343/1343/1343
f 1280/1280/1280 1344/1344/1344 1343/1343/1343
f 1280/1280/1280 1217/1217/1217 1344/1344/1344
f 1217/1217/1217 1281/1281/1281 1344/1344/1344
f 1281/1281/1281 1282/1282/1282 1345/1345/1345
f 1282/1282/1282 1346/1346/1346 1345/1345/1345
f 1282/1282/1282 1283/1283/1283 1346/1346/1346
f 1283/1283/1283 1347/1347/1347 1346/1346/1346
f 1283/1283/1283 1284/1284/1284 1347/1347/1347
f 1284/1284/1284 1348/1348/1348 1347/1347/1347
f 1284/1284/1284 1285/1285/1285 1348/1348/1348
f 1285/1285/1285 1349/1349/1349 1348/1348/1348
f 1285/1285/1285 1286/1286/1286 1349/1349/1349
f 1286/1286/1286 1350/1350/1350 1349/1349/1349
f 1286/1286/1286 1287/1287/1287 1350/1350/1350
f 1287/1287/1287 1351/1351/1351 1350/1350/1350
f 1287/1287/1287 1288/1288/1288 1351/1351/1351
f 1288/1288/1288 1352/1352/1352 1351/1351/1351
f 1288/1288/1288 1289/1289/1289 1352/1352/1352
f 1289/1289/1289 1353/1353/1353 1352/1352/1352
f 1289/1289/1289 1290/1290/1290 1353/1353/1353
f 1290/1290/1290 1354/1354/1354 1353/1353/1353
f 1290/1290/1290 1291/1291/1291 1354/1354/1354
f 1291/1291/1291 1355/1355/1355 1354/1354/1354
f 1291/1291/1291 1292/1292/1292 1355/1355/1355
f 1292/1292/1292 1356/1356/1356 1355/1355/1355
f 1292/1292/1292 1293/1293/1293 1356/1356/1356
f 1293/1293/1293 1357/1357/1357 1356/1356/1356
f 1293/1293/1293 1294/1294/1294 1357/1357/1357
f 1294/1294/1294 1358/1358/1358 1357/1357/1357
f 1294/1294/1294 1295/1295/1295 1358/1358/1358
f 1295/1295/1295 1359/1359/1359 1358/1358/1358
f 1295/1295/1295 1296/1296/1296 1359/1359/1359
f 1296/1296/1296 1360/1360/1360 1359/1359/1359
f 1296/1296/1296 1297/1297/1297 1360/1360/1360
f 1297/1297/1297 1361/1361/1361 1360/1360/1360
f 1297/1297/1297 1298/1298/1298 1361/1361/1361
f 1298/1298/1298 1362/1362/1362 1361/1361/1361
f 1298/1298/1298 1299/1299/1299 1362/1362/1362
f 1299/1299/1299 1363/1363/1363 1362/1362/1362
f 1299/1299/1299 1300/1300/1300 1363/1363/1363
f 1300/1300/1300 1364/1364/1364 1363/1363/1363
f 1300/1300/1300 1301/1301/1301 1364/1364/1364
f 1301/1301/1301 1365/1365/1365 1364/1364/1364
f 1301/1301/1301 1302/1302/1302 1365/1365/1365
f 1302/1302/1302 1366/1366/1366 1365/1365/1365
f 1302/1302/1302 1303/1303/1303 1366/1366/1366
f 1303/1303/1303 1367/1367/1367 1366/1366/1366
f 1303/1303/1303 1304/1304/1304 1367/1367/1367
f 1304/1304/1304 1368/1368/1368 1367/1367/1367
f 1304/1304/1304 1305/1305/1305 1368/1368/1368
f 1305/1305/1305 1369/1369/1369 1368/1368/1368
f 1305/1305/1305 1306/1306/1306 1369/1369/1369
f 1306/1306/1306 1370/1370/1370 1369/1369/1369
f 1306/1306/1306 1307/1307/1307 1370/1370/1370
f 1307/1307/1307 1371/1371/1371 1370/1370/1370
f 1307/1307/1307 1308/1308/1308 1371/1371/1371
f 1308/1308/1308 1372/1372/1372 1371/1371/1371
f 1308/1308/1308 1309/1309/1309 1372/1372/1372
f 1309/1309/1309 1373/1373/1373 1372/1372/1372
f 1309/1309/1309 1310/1310/1310 1373/1373/1373
f 1310/1310/1310 1374/1374/1374 1373/1373/1373
f 1310/1310/1310 1311/1311/1311 1374/1374/1374
f 1311/1311/1311 1375/1375/1375 1374/1374/1374
f 1311/1311/1311 1312/1312/1312 1375/1375/1375
f 1312/1312/1312 1376/1376/1376 1375/1375/1375
f 1312/1312/1312 1313/1313/1313 1376/1376/1376
f 1313/1313/1313 1377/1377/1377 1376/1376/1376
f 1313/1313/1313 1314/1314/1314 1377/1377/1377
f 1314/1314/1314 1378/1378/1378 1377/1377/1377
f 1314/1314/1314 1315/1315/1315 1378/1378/1378
f 1315/1315/1315 1379/1379/1379 1378/1378/1378
f 1315/1315/1315 1316/1316/1316 1379/1379/1379
f 1316/1316/1316 1380/1380/1380 1379/1379/1379
f 1316/1316/1316 1317/1317/1317 1380/1380/1380
f 1317/1317/1317 1381/1381/1381 1380/1380/1380
f 1317/1317/1317 1318/1318/1318 1381/1381/1381
f 1318/1318/1318 1382/1382/1382 1381/1381/1381
f 1318/1318/1318 1319/1319/1319 1382/1382/1382
f 1319/1319/1319 1383/1383/1383 1382/1382/1382
f 1319/1319/1319 1320/1320/1320 1383/1383/1383
f 1320/1320/1320 1384/1384/1384 1383/1383/1383
f 1320/1320/1320 1321/1321/1321 1384/1384/1384
f 1321/1321/1321 1385/1385/1385 1384/1384/1384
f 1321/1321/1321 1322/1322/1322 1385/1385/1385
f 1322/1322/1322 1386/1386/1386 1385/1385/1385
f 1322/1322/1322 1323/1323/1323 1386/1386/1386
f 1323/1323/1323 1387/1387/1387 1386/1386/1386
f 1323/1323/1323 1324/1324/1324 1387/1387/1387
f 1324/1324/1324 1388/1388/1388 1387/1387/1387
f 1324/1324/1324 1325/1325/1325 1388/1388/1388
f 1325/1325/1325 1389/1389/1389 1388/1388/1388
f 1325/1325/1325 1326/1326/1326 1389/1389/1389
f 1326/1326/1326 1390/1390/1390 1389/1389/1389
f 1326/1326/1326 1327/1327/1327 1390/1390/1390
f 1327/1327/1327 1391/1391/1391 1390/1390/1390
f 1327/1327/1327 1328/1328/1328 1391/1391/1391
f 1328/1328/1328 1392/1392/1392 1391/1391/1391
f 1328/1328/1328 1329/1329/1329 1392/1392/1392
f 1329/1329/1329 1393/1393/1393 1392/1392/1392
f 1329/1329/1329 1330/1330/1330 1393/1393/1393
f 1330/1330/1330 1394/1394/1394 1393/1393/1393
f 1330/1330/1330 1331/1331/1331 1394/1394/1394
f 1331/1331/1331 1395/1395/1395 1394/1394/1394
f 1331/1331/1331 1332/1332/1332 1395/1395/1395
f 1332/1332/1332 1396/1396/1396 1395/1395/1395
f 1332/1332/1332 1333/1333/1333 1396/1396/1396
f 1333/1333/1333 1397/1397/1397 1396/1396/1396
f 1333/1333/1333 1334/1334/1334 1397/1397/1397
f 1334/1334/1334 1398/1398/1398 1397/1397/1397
f 1334/1334/1334 1335/1335/1335 1398/1398/1398
f 1335/1335/1335 1399/1399/1399 1398/1398/1398
f 1335/1335/1335 1336/1336/1336 1399/1399/1399
f 1336/1336/1336 1400/1400/1400 1399/1399/1399
f 1336/1336/1336 1337/1337/1337 1400/1400/1400
f 1337/1337/1337 1401/1401/1401 1400/1400/1400
f 1337/1337/1337 1338/1338/1338 1401/1401/1401
f 1338/1338/1338 1402/1402/1402 1401/1401/1401
f 1338/1338/1338 1339/1339/1339 1402/1402/1402
f 1339/1339/1339 1403/1403/1403 1402/1402/1402
f 1339/1339/1339 1340/1340/1340 1403/1403/1403
f 1340/1340/1340 1404/1404/1404 1403/1403/1403
f 1340/1340/1340 1341/1341/1341 1404/1404/1404
f 1341/1341/1341 1405/1405/1405 1404/1404/1404
f 1341/1341/1341 1342/1342/1342 1405/1405/1405
f 1342/1342/1342 1406/1406/1406 1405/1405/1405
f 1342/1342/1342 1343/1343/1343 1406/1406/1406
f 1343/1343/1343 1407/1407/1407 1406/1406/1406
f 1343/1343/1343 1344/1344/1344 1407/1407/1407
f 1344/1344/1344 1408/1408/1408 1407/1407/1407
f 1344/1344/1344 1281/1281/1281 1408/1408/1408
f 1281/1281/1281 1345/1345/1345 1408/1408/1408
f 1345/1345/1345 1346/1346/1346 1409/1409/1409
f 1346/1346/1346 1410/1410/1410 1409/1409/1409
f 1346/1346/1346 1347/1347/1347 1410/1410/1410
f 1347/1347/1347 1411/1411/1411 1410/1410/1410
f 1347/1347/1347 1348/1348/1348 1411/1411/1411
f 1348/1348/1348 1412/1412/1412 1411/1411/1411
f 1348/1348/1348 1349/1349/1349 1412/1412/1412
f 1349/1349/1349 1413/1413/1413 1412/1412/1412
f 1349/1349/1349 1350/1350/1350 1413/1413/1413
f 1350/1350/1350 1414/1414/1414 1413/1413/1413
f 1350/1350/1350 1351/1351/1351 1414/1414/1414
f 1351/1351/1351 1415/1415/1415 1414/1414/1414
f 1351/1351/1351 1352/1352/1352 1415/1415/1415
f 1352/1352/1352 1416/1416/1416 1415/1415/1415
f 1352/1352/1352 1353/1353/1353 1416/1416/1416
f 1353/1353/1353 1417/1417/1417 1416/1416/1416
f 1353/1353/1353 1354/1354/1354 1417/1417/1417
f 1354/1354/1354 1418/1418/1418 1417/1417/1417
f 1354/1354/1354 1355/1355/1355 1418/1418/1418
f 1355/1355/1355 1419/1419/1419 1418/1418/1418
f 1355/1355/1355 1356/1356/1356 1419/1419/1419
f 1356/1356/1356 1420/1420/1420 1419/1419/1419
f 1356/1356/1356 1357/1357/1357 1420/1420/1420
f 1357/1357/1357 1421/1421/1421 1420/1420/1420
f 1357/1357/1357 1358/1358/1358 1421/1421/1421
f 1358/1358/1358 1422/1422/1422 1421/1421/1421
f 1358/1358/1358 1359/1359/1359 1422/1422/1422
f 1359/1359/1359 1423/1423/1423 1422/1422/1422
f 1359/1359/1359 1360/1360/1360 1423/1423/1423
f 1360/1360/1360 1424/1424/1424 1423/1423/1423
f 1360/1360/1360 1361/1361/1361 1424/1424/1424
f 1361/1361/1361 1425/1425/1425 1424/1424/1424
f 1361/1361/1361 1362/1362/1362 1425/1425/1425
f 1362/1362/1362 1426/1426/1426 1425/1425/1425
f 1362/1362/1362 1363/1363/1363 1426/1426/1426
f 1363/1363/1363 1427/1427/1427 1426/1426/1426
f 1363/1363/1363 1364/1364/1364 1427/1427/1427
f 1364/1364/1364 1428/1428/1428 1427/1427/1427
f 1364/1364/1364 1365/1365/1365 1428/1428/1428
f 1365/1365/1365 1429/1429/1429 1428/1428/1428
f 1365/1365/1365 1366/1366/1366 1429/1429/1429
f 1366/1366/1366 1430/1430/1430 1429/1429/1429
f 1366/1366/1366 1367/1367/1367 1430/1430/1430
f 1367/1367/1367 1431/1431/1431 1430/1430/1430
f 1367/1367/1367 1368/1368/1368 1431/1431/1431
f 1368/1368/1368 1432/1432/1432 1431/1431/1431
f 1368/1368/1368 1369/1369/1369 1432/1432/1432
f 1369/1369/1369 1433/1433/1433 1432/1432/1432
f 1369/1369/1369 1370/1370/1370 1433/1433/1433
f 1370/1370/1370 1434/1434/1434 1433/1433/1433
f 1370/1370/1370 1371/1371/1371 1434/1434/1434
f 1371/1371/1371 1435/1435/1435 1434/1434/1434
f 1371/1371/1371 1372/1372/1372 1435/1435/1435
f 1372/1372/1372 1436/1436/1436 1435/1435/1435
f 1372/1372/1372 1373/1373/1373 1436/1436/1436
f 1373/1373/1373 1437/1437/1437 1436/1436/1436
f 1373/1373/1373 1374/1374/1374 1437/1437/1437
f 1374/1374/1374 1438/1438/1438 1437/1437/1437
f 1374/1374/1374 1375/1375/1375 1438/1438/1438
f 1375/1375/1375 1439/1439/1439 1438/1438/1438
f 1375/1375/1375 1376/1376/1376 1439/1439/1439
f 1376/1376/1376 1440/1440/1440 1439/1439/1439
f 1376/1376/1376 1377/1377/1377 1440/1440/1440
f 1377/1377/1377 1441/1441/1441 1440/1440/1440
f 1377/1377/1377 1378/1378/1378 1441/1441/1441
f 1378/1378/1378 1442/1442/1442 1441/1441/1441
f 1378/1378/1378 1379/1379/1379 1442/1442/1442
f 1379/1379/1379 1443/1443/1443 1442/1442/1442
f 1379/1379/1379 1380/1380/1380 1443/1443/1443
f 1380/1380/1380 1444/1444/1444 1443/1443/1443
f 1380/1380/1380 1381/1381/1381 1444/1444/1444
f 1381/1381/1381 1445/1445/1445 1444/1444/1444
f 1381/1381/1381 1382/1382/1382 1445/1445/1445
f 1382/1382/1382 1446/1446/1446 1445/1445/1445
f 1382/1382/1382 1383/1383/1383 1446/1446/1446
f 1383/1383/1383 1447/1447/1447 1446/1446/1446
f 1383/1383/1383 1384/1384/1384 1447/1447/1447
f 1384/1384/1384 1448/1448/1448 1447/1447/1447
f 1384/1384/1384 1385/1385/1385 1448/1448/1448
f 1385/1385/1385 1449/1449/1449 1448/1448/1448
f 1385/1385/1385 1386/1386/1386 1449/1449/1449
f 1386/1386/1386 1450/1450/1450 1449/1449/1449
f 1386/1386/1386 1387/1387/1387 1450/1450/1450
f 1387/1387/1387 1451/1451/1451 1450/1450/1450
f 1387/1387/1387 1388/1388/1388 1451/1451/1451
f 1388/1388/1388 1452/1452/1452 1451/1451/1451
f 1388/1388/1388 1389/1389/1389 1452/1452/1452
f 1389/1389/1389 1453/1453/1453 1452/1452/1452
f 1389/1389/1389 1390/1390/1390 1453/1453/1453
f 1390/1390/1390 1454/1454/1454 1453/1453/1453
f 1390/1390/1390 1391/1391/1391 1454/1454/1454
f 1391/1391/1391 1455/1455/1455 1454/1454/1454
f 1391/1391/1391 1392/1392/1392 1455/1455/1455
f 1392/1392/1392 1456/1456/1456 1455/1455/1455
f 1392/1392/1392 1393/1393/1393 1456/1456/1456
f 1393/1393/1393 1457/1457/1457 1456/1456/1456
f 1393/1393/1393 1394/1394/1394 1457/1457/1457
f 1394/1394/1394 1458/1458/1458 1457/1457/1457
f 1394/1394/1394 1395/1395/1395 1458/1458/1458
f 1395/1395/1395 1459/1459/1459 1458/1458/1458
f 1395/1395/1395 1396/1396/1396 1459/1459/1459
f 1396/1396/1396 1460/1460/1460 1459/1459/1459
f 1396/1396/1396 1397/1397/1397 1460/1460/1460
f 1397/1397/1397 1461/1461/1461 1460/1460/1460
f 1397/1397/1397 1398/1398/1398 1461/1461/1461
f 1398/1398/1398 1462/1462/1462 1461/1461/1461
f 1398/1398/1398 1399/1399/1399 1462/1462/1462
f 1399/1399/1399 1463/1463/1463 1462/1462/1462
f 1399/1399/1399 1400/1400/1400 1463/1463/1463
f 1400/1400/1400 1464/1464/1464 1463/1463/1463
f 1400/1400/1400 1401/1401/1401 1464/1464/1464
f 1401/1401/1401 1465/1465/1465 1464/1464/1464
f 1401/1401/1401 1402/1402/1402 1465/1465/1465
f 1402/1402/1402 1466/1466/1466 1465/1465/1465
f 1402/1402/1402 1403/1403/1403 1466/1466/1466
f 1403/1403/1403 1467/1467/1467 1466/1466/1466
f 1403/1403/1403 1404/1404/1404 1467/1467/1467
f 1404/1404/1404 1468/1468/1468 1467/1467/1467
f 1404/1404/1404 1405/1405/1405 1468/1468/1468
f 1405/1405/1405 1469/1469/1469 1468/1468/1468
f 1405/1405/1405 1406/1406/1406 1469/1469/1469
f 1406/1406/1406 1470/1470/1470 1469/1469/1469
f 1406/1406/1406 1407/1407/1407 1470/1470/1470
f 1407/1407/1407 1471/1471/1471 1470/1470/1470
f 1407/1407/1407 1408/1408/1408 1471/1471/1471
f 1408/1408/1408 1472/1472/1472 1471/1471/1471
f 1408/1408/1408 1345/1345/1345 1472/1472/1472
f 1345/1345/1345 1409/1409/1409 1472/1472/1472
f 1409/1409/1409 1410/1410/1410 1473/1473/1473
f 1410/1410/1410 1474/1474/1474 1473/1473/1473
f 1410/1410/1410 1411/1411/1411 1474/1474/1474
f 1411/1411/1411 1475/1475/1475 1474/1474/1474
f 1411/1411/1411 1412/1412/1412 1475/1475/1475
f 1412/1412/1412 1476/1476/1476 1475/1475/1475
f 1412/1412/1412 1413/1413/1413 1476/1476/1476
f 1413/1413/1413 1477/1477/1477 1476/1476/1476
f 1413/1413/1413 1414/1414/1414 1477/1477/1477
f 1414/1414/1414 1478/1478/1478 1477/1477/1477
f 1414/1414/1414 1415/1415/1415 1478/1478/1478
f 1415/1415/1415 1479/1479/1479 1478/1478/1478
f 1415/1415/1415 1416/1416/1416 1479/1479/1479
f 1416/1416/1416 1480/1480/1480 1479/1479/1479
f 1416/1416/1416 1417/1417/1417 1480/1480/1480
f 1417/1417/1417 1481/1481/1481 1480/1480/1480
f 1417/1417/1417 1418/1418/1418 1481/1481/1481
f 1418/1418/1418 1482/1482/1482 1481/1481/1481
f 1418/1418/1418 1419/1419/1419 1482/1482/1482
f 1419/1419/1419 1483/1483/1483 1482/1482/1482
f 1419/1419/1419 1420/1420/1420 1483/1483/1483
f 1420/1420/1420 1484/1484/1484 1483/1483/1483
f 1420/1420/1420 1421/1421/1421 1484/1484/1484
f 1421/1421/1421 1485/1485/1485 1484/1484/1484
f 1421/1421/1421 1422/1422/1422 1485/1485/1485
f 1422/1422/1422 1486/1486/1486 1485/1485/1485
f 1422/1422/1422 1423/1423/1423 1486/1486/1486
f 1423/1423/1423 1487/1487/1487 1486/1486/1486
f 1423/1423/1423 1424/1424/1424 1487/1487/1487
f 1424/1424/1424 1488/1488/1488 1487/1487/1487
f 1424/1424/1424 1425/1425/1425 1488/1488/1488
f 1425/1425/1425 1489/1489/1489 1488/1488/1488
f 1425/1425/1425 1426/1426/1426 1489/1489/1489
f 1426/1426/1426 1490/1490/1490 1489/1489/1489
f 1426/1426/1426 1427/1427/1427 1490/1490/1490
f 1427/1427/1427 1491/1491/1491 1490/1490/1490
f 1427/1427/1427 1428/1428/1428 1491/1491/1491
f 1428/1428/1428 1492/1492/1492 1491/1491/1491
f 1428/1428/1428 1429/1429/1429 1492/1492/1492
f 1429/1429/1429 1493/1493/1493 1492/1492/1492
f 1429/1429/1429 1430/1430/1430 1493/1493/1493
f 1430/1430/1430 1494/1494/1494 1493/1493/1493
f 1430/1430/1430 1431/1431/1431 1494/1494/1494
f 1431/1431/1431 1495/1495/1495 1494/1494/1494
f 1431/1431/1431 1432/1432/1432 1495/1495/1495
f 1432/1432/1432 1496/1496/1496 1495/1495/1495
f 1432/1432/1432 1433/1433/1433 1496/1496/1496
f 1433/1433/1433 1497/1497/1497 1496/1496/1496
f 1433/1433/1433 1434/1434/1434 1497/1497/1497
f 1434/1434/1434 1498/1498/1498 1497/1497/1497
f 1434/1434/1434 1435/1435/1435 1498/1498/1498
f 1435/1435/1435 1499/1499/1499 1498/1498/1498
f 1435/1435/1435 1436/1436/1436 1499/1499/1499
f 1436/1436/1436 1500/1500/1500 1499/1499/1499
f 1436/1436/1436 1437/1437/1437 1500/1500/1500
f 1437/1437/1437 1501/1501/1501 1500/1500/1500
f 1437/1437/1437 1438/1438/1438 1501/1501/1501
f 1438/1438/1438 1502/1502/1502 1501/1501/1501
f 1438/1438/1438 1439/1439/1439 1502/1502/1502
f 1439/1439/1439 1503/1503/1503 1502/1502/1502
f 1439/1439/1439 1440/1440/1440 1503/1503/1503
f 1440/1440/1440 1504/1504/1504 1503/1503/1503
f 1440/1440/1440 1441/1441/1441 1504/1504/1504
f 1441/1441/1441 1505/1505/1505 1504/1504/1504
f 1441/1441/1441 1442/1442/1442 1505/1505/1505
f 1442/1442/1442 1506/1506/1506 1505/1505/1505
f 1442/1442/1442 1443/1443/1443 1506/1506/1506
f 1443/1443/1443 1507/1507/1507 1506/1506/1506
f 1443/1443/1443 1444/1444/1444 1507/1507/1507
f 1444/1444/1444 1508/1508/1508 1507/1507/1507
f 1444/1444/1444 1445/1445/1445 1508/1508/1508
f 1445/1445/1445 1509/1509/1509 1508/1508/1508
f 1445/1445/1445 1446/1446/1446 1509/1509/1509
f 1446/1446/1446 1510/1510/1510 1509/1509/1509
f 1446/1446/1446 1447/1447/1447 1510/1510/1510
f 1447/1447/1447 1511/1511/1511 1510/1510/1510
f 1447/1447/1447 1448/1448/1448 1511/1511/1511
f 1448/1448/1448 1512/1512/1512 1511/1511/1511
f 1448/1448/1448 1449/1449/1449 1512/1512/1512
f 1449/1449/1449 1513/1513/1513 1512/1512/1512
f 1449/1449/1449 1450/1450/1450 1513/1513/1513
f 1450/1450/1450 1514/1514/1514 1513/1513/1513
f 1450/1450/1450 1451/1451/1451 1514/1514/1514
f 1451/1451/1451 1515/1515/1515 1514/1514/1514
f 1451/1451/1451 1452/1452/1452 1515/1515/1515
f 1452/1452/1452 1516/1516/1516 1515/1515/1515
f 1452/1452/1452 1453/1453/1453 1516/1516/1516
f 1453/1453/1453 1517/1517/1517 1516/1516/1516
f 1453/1453/1453 1454/1454/1454 1517/1517/1517
f 1454/1454/1454 1518/1518/1518 1517/1517/1517
f 1454/1454/1454 1455/1455/1455 1518/1518/1518
f 1455/1455/1455 1519/1519/1519 1518/1518/1518
f 1455/1455/1455 1456/1456/1456 1519/1519/1519
f 1456/1456/1456 1520/1520/1520 1519/1519/1519
f 1456/1456/1456 1457/1457/1457 1520/1520/1520
f 1457/1457/1457 1521/1521/1521 1520/1520/1520
f 1457/1457/1457 1458/1458/1458 1521/1521/1521
f 1458/1458/1458 1522/1522/1522 1521/1521/1521
f 1458/1458/1458 1459/1459/1459 1522/1522/1522
f 1459/1459/1459 1523/1523/1523 1522/1522/1522
f 1459/1459/1459 1460/1460/1460 1523/1523/1523
f 1460/1460/1460 1524/1524/1524 1523/1523/1523
f 1460/1460/1460 1461/1461/1461 1524/1524/1524
f 1461/1461/1461 1525/1525/1525 1524/1524/1524
f 1461/1461/1461 1462/1462/1462 1525/1525/1525
f 1462/1462/1462 1526/1526/1526 1525/1525/1525
f 1462/1462/1462 1463/1463/1463 1526/1526/1526
f 1463/1463/1463 1527/1527/1527 1526/1526/1526
f 1463/1463/1463 1464/1464/1464 1527/1527/1527
f 1464/1464/1464 1528/1528/1528 1527/1527/1527
f 1464/1464/1464 1465/1465/1465 1528/1528/1528
f 1465/1465/1465 1529/1529/1529 1528/1528/1528
f 1465/1465/1465 1466/1466/1466 1529/1529/1529
f 1466/1466/1466 1530/1530/1530 1529/1529/1529
f 1466/1466/1466 1467/1467/1467 1530/1530/1530
f 1467/1467/1467 1531/1531/1531 1530/1530/1530
f 1467/1467/1467 1468/1468/1468 1531/1531/1531
f 1468/1468/1468 1532/1532/1532 1531/1531/1531
f 1468/1468/1468 1469/1469/1469 1532/1532/1532
f 1469/1469/1469 1533/1533/1533 1532/1532/1532
f 1469/1469/1469 1470/1470/1470 1533/1533/1533
f 1470/1470/1470 1534/1534/1534 1533/1533/1533
f 1470/1470/1470 1471/1471/1471 1534/1534/1534
f 1471/1471/1471 1535/1535/1535 1534/1534/1534
f 1471/1471/1471 1472/1472/1472 1535/1535/1535
f 1472/1472/1472 1536/1536/1536 1535/1535/1535
f 1472/1472/1472 1409/1409/1409 1536/1536/1536
f 1409/1409/1409 1473/1473/1473 1536/1536/1536
f 1473/1473/1473 1474/1474/1474 1537/1537/1537
f 1474/1474/1474 1538/1538/1538 1537/1537/1537
f 1474/1474/1474 1475/1475/1475 1538/1538/1538
f 1475/1475/1475 1539/1539/1539 1538/1538/1538
f 1475/1475/1475 1476/1476/1476 1539/1539/1539
f 1476/1476/1476 1540/1540/1540 1539/1539/1539
f 1476/1476/1476 1477/1477/1477 1540/1540/1540
f 1477/1477/1477 1541/1541/1541 1540/1540/1540
f 1477/1477/1477 1478/1478/1478 1541/1541/1541
f 1478/1478/1478 1542/1542/1542 1541/1541/1541
f 1478/1478/1478 1479/1479/1479 1542/1542/1542
f 1479/1479/1479 1543/1543/1543 1542/1542/1542
f 1479/1479/1479 1480/1480/1480 1543/1543/1543
f 1480/1480/1480 1544/1544/1544 1543/1543/1543
f 1480/1480/1480 1481/1481/1481 1544/1544/1544
f 1481/1481/1481 1545/1545/1545 1544/1544/1544
f 1481/1481/1481 1482/1482/1482 1545/1545/1545
f 1482/1482/1482 1546/1546/1546 1545/1545/1545
f 1482/1482/1482 1483/1483/1483 1546/1546/1546
f 1483/1483/1483 1547/1547/1547 1546/1546/1546
f 1483/1483/1483 1484/1484/1484 1547/1547/1547
f 1484/1484/1484 1548/1548/1548 1547/1547/1547
f 1484/1484/1484 1485/1485/1485 1548/1548/1548
f 1485/1485/1485 1549/1549/1549 1548/1548/1548
f 1485/1485/1485 1486/1486/1486 1549/1549/1549
f 1486/1486/1486 1550/1550/1550 1549/1549/1549
f 1486/1486/1486 1487/1487/1487 1550/1550/1550
f 1487/1487/1487 1551/1551/1551 1550/1550/1550
f 1487/1487/1487 1488/1488/1488 1551/1551/1551
f 1488/1488/1488 1552/1552/1552 1551/1551/1551
f 1488/1488/1488 1489/1489/1489 1552/1552/1552
f 1489/1489/1489 1553/1553/1553 1552/1552/1552
f 1489/1489/1489 1490/1490/1490 1553/1553/1553
f 1490/1490/1490 1554/1554/1554 1553/1553/1553
f 1490/1490/1490 1491/1491/1491 1554/1554/1554
f 1491/1491/1491 1555/1555/1555 1554/1554/1554
f 1491/1491/1491 1492/1492/1492 1555/1555/1555
f 1492/1492/1492 1556/1556/1556 1555/1555/1555
f 1492/1492/1492 1493/1493/1493 1556/1556/1556
f 1493/1493/1493 1557/1557/1557 1556/1556/1556
f 1493/1493/1493 1494/1494/1494 1557/1557/1557
f 1494/1494/1494 1558/1558/1558 1557/1557/1557
f 1494/1494/1494 1495/1495/1495 1558/1558/1558
f 1495/1495/1495 1559/1559/1559 1558/1558/1558
f 1495/1495/1495 1496/1496/1496 1559/1559/1559
f 1496/1496/1496 1560/1560/1560 1559/1559/1559
f 1496/1496/1496 1497/1497/1497 1560/1560/1560
f 1497/1497/1497 1561/1561/1561 1560/1560/1560
f 1497/1497/1497 1498/1498/1498 1561/1561/1561
f 1498/1498/1498 1562/1562/1562 1561/1561/1561
f 1498/1498/1498 1499/1499/1499 1562/1562/1562
f 1499/1499/1499 1563/1563/1563 1562/1562/1562
f 1499/1499/1499 1500/1500/1500 1563/1563/1563
f 1500/1500/1500 1564/1564/1564 1563/1563/1563
f 1500/1500/1500 1501/1501/1501 1564/1564/1564
f 1501/1501/1501 1565/1565/1565 1564/1564/1564
f 1501/1501/1501 1502/1502/1502 1565/1565/1565
f 1502/1502/1502 1566/1566/1566 1565/1565/1565
f 1502/1502/1502 1503/1503/1503 1566/1566/1566
f 1503/1503/1503 1567/1567/1567 1566/1566/1566
f 1503/1503/1503 1504/1504/1504 1567/1567/1567
f 1504/1504/1504 1568/1568/1568 1567/1567/1567
f 1504/1504/1504 1505/1505/1505 1568/1568/1568
f 1505/1505/1505 1569/1569/1569 1568/1568/1568
f 1505/1505/1505 1506/1506/1506 1569/1569/1569
f 1506/1506/1506 1570/1570/1570 1569/1569/1569
f 1506/1506/1506 1507/1507/1507 1570/1570/1570
f 1507/1507/1507 1571/1571/1571 1570/1570/1570
f 1507/1507/1507 1508/1508/1508 1571/1571/1571
f 1508/1508/1508 1572/1572/1572 1571/1571/1571
f 1508/1508/1508 1509/1509/1509 1572/1572/1572
f 1509/1509/1509 1573/1573/1573 1572/1572/1572
f 1509/1509/1509 1510/1510/1510 1573/1573/1573
f 1510/1510/1510 1574/1574/1574 1573/1573/1573
f 1510/1510/1510 1511/1511/1511 1574/1574/1574
f 1511/1511/1511 1575/1575/1575 1574/1574/1574
f 1511/1511/1511 1512/1512/1512 1575/1575/1575
f 1512/1512/1512 1576/1576/1576 1575/1575/1575
f 1512/1512/1512 1513/1513/1513 1576/1576/1576
f 1513/1513/1513 1577/1577/1577 1576/1576/1576
f 1513/1513/1513 1514/1514/1514 1577/1577/1577
f 1514/1514/1514 1578/1578/1578 1577/1577/1577
f 1514/1514/1514 1515/1515/1515 1578/1578/1578
f 1515/1515/1515 1579/1579/1579 1578/1578/1578
f 1515/1515/1515 1516/1516/1516 1579/1579/1579
f 1516/1516/1516 1580/1580/1580 1579/1579/1579
f 1516/1516/1516 1517/1517/1517 1580/1580/1580
f 1517/1517/1517 1581/1581/1581 1580/1580/1580
f 1517/1517/1517 1518/1518/1518 1581/1581/1581
f 1518/1518/1518 1582/1582/1582 1581/1581/1581
f 1518/1518/1518 1519/1519/1519 1582/1582/1582
f 1519/1519/1519 1583/1583/1583 1582/1582/1582
f 1519/1519/1519 1520/1520/1520 1583/1583/1583
f 1520/1520/1520 1584/1584/1584 1583/1583/1583
f 1520/1520/1520 1521/1521/1521 1584/1584/1584
f 1521/1521/1521 1585/1585/1585 1584/1584/1584
f 1521/1521/1521 1522/1522/1522 1585/1585/1585
f 1522/1522/1522 1586/1586/1586 1585/1585/1585
f 1522/1522/1522 1523/1523/1523 1586/1586/1586
f 1523/1523/1523 1587/1587/1587 1586/1586/1586
f 1523/1523/1523 1524/1524/1524 1587/1587/1587
f 1524/1524/1524 1588/1588/1588 1587/1587/1587
f 1524/1524/1524 1525/1525/1525 1588/1588/1588
f 1525/1525/1525 1589/1589/1589 1588/1588/1588
f 1525/1525/1525 1526/1526/1526 1589/1589/1589
f 1526/1526/1526 1590/1590/1590 1589/1589/1589
f 1526/1526/1526 1527/1527/1527 1590/1590/1590
f 1527/1527/1527 1591/1591/1591 1590/1590/1590
f 1527/1527/1527 1528/1528/1528 1591/1591/1591
f 1528/1528/1528 1592/1592/1592 1591/1591/1591
f 1528/1528/1528 1529/1529/1529 1592/1592/1592
f 1529/1529/1529 1593/1593/1593 1592/1592/1592
f 1529/1529/1529 1530/1530/1530 1593/1593/1593
f 1530/1530/1530 1594/1594/1594 1593/1593/1593
f 1530/1530/1530 1531/1531/1531 1594/1594/1594
f 1531/1531/1531 1595/1595/1595 1594/1594/1594
f 1531/1531/1531 1532/1532/1532 1595/1595/1595
f 1532/1532/1532 1596/1596/1596 1595/1595/1595
f 1532/1532/1532 1533/1533/1533 1596/1596/1596
f 1533/1533/1533 1597/1597/1597 1596/1596/1596
f 1533/1533/1533 1534/1534/1534 1597/1597/1597
f 1534/1534/1534 1598/1598/1598 1597/1597/1597
f 1534/1534/1534 1535/1535/1535 1598/1598/1598
f 1535/1535/1535 1599/1599/1599 1598/1598/1598
f 1535/1535/1535 1536/1536/1536 1599/1599/1599
f 1536/1536/1536 1600/1600/1600 1599/1599/1599
f 1536/1536/1536 1473/1473/1473 1600/1600/1600
f 1473/1473/1473 1537/1537/1537 1600/1600/1600
f 1537/1537/1537 1538/1538/1538 1601/1601/1601
f 1538/1538/1538 1602/1602/1602 1601/1601/1601
f 1538/1538/1538 1539/1539/1539 1602/1602/1602
f 1539/1539/1539 1603/1603/1603 1602/1602/1602
f 1539/1539/1539 1540/1540/1540 1603/1603/1603
f 1540/1540/1540 1604/1604/1604 1603/1603/1603
f 1540/1540/1540 1541/1541/1541 1604/1604/1604
f 1541/1541/1541 1605/1605/1605 1604/1604/1604
f 1541/1541/1541 1542/1542/1542 1605/1605/1605
f 1542/1542/1542 1606/1606/1606 1605/1605/1605
f 1542/1542/1542 1543/1543/1543 1606/1606/1606
f 1543/1543/1543 1607/1607/1607 1606/1606/1606
f 1543/1543/1543 1544/1544/1544 1607/1607/1607
f 1544/1544/1544 1608/1608/1608 1607/1607/1607
f 1544/1544/1544 1545/1545/1545 1608/1608/1608
f 1545/1545/1545 1609/1609/1609 1608/1608/1608
f 1545/1545/1545 1546/1546/1546 1609/1609/1609
f 1546/1546/1546 1610/1610/1610 1609/1609/1609
f 1546/1546/1546 1547/1547/1547 1610/1610/1610
f 1547/1547/1547 1611/1611/1611 1610/1610/1610
f 1547/1547/1547 1548/1548/1548 1611/1611/1611
f 1548/1548/1548 1612/1612/1612 1611/1611/1611
f 1548/1548/1548 1549/1549/1549 1612/1612/1612
f 1549/1549/1549 1613/1613/1613 1612/1612/1612
f 1549/1549/1549 1550/1550/1550 1613/1613/1613
f 1550/1550/1550 1614/1614/1614 1613/1613/1613
f 1550/1550/1550 1551/1551/1551 1614/1614/1614
f 1551/1551/1551 1615/1615/1615 1614/1614/1614
f 1551/1551/1551 1552/1552/1552 1615/1615/1615
f 1552/1552/1552 1616/1616/1616 1615/1615/1615
f 1552/1552/1552 1553/1553/1553 1616/1616/1616
f 1553/1553/1553 1617/1617/1617 1616/1616/1616
f 1553/1553/1553 1554/1554/1554 1617/1617/1617
f 1554/1554/1554 1618/1618/1618 1617/1617/1617
f 1554/1554/1554 1555/1555/1555 1618/1618/1618
f 1555/1555/1555 1619/1619/1619 1618/1618/1618
f 1555/1555/1555 1556/1556/1556 1619/1619/1619
f 1556/1556/1556 1620/1620/1620 1619/1619/1619
f 1556/1556/1556 1557/1557/1557 1620/1620/1620
f 1557/1557/1557 1621/1621/1621 1620/1620/1620
f 1557/1557/1557 1558/1558/1558 1621/1621/1621
f 1558/1558/1558 1622/1622/1622 1621/1621/1621
f 1558/1558/1558 1559/1559/1559 1622/1622/1622
f 1559/1559/1559 1623/1623/1623 1622/1622/1622
f 1559/1559/1559 1560/1560/1560 1623/1623/1623
f 1560/1560/1560 1624/1624/1624 1623/1623/1623
f 1560/1560/1560 1561/1561/1561 1624/1624/1624
f 1561/1561/1561 1625/1625/1625 1624/1624/1624
f 1561/1561/1561 1562/1562/1562 1625/1625/1625
f 1562/1562/1562 1626/1626/1626 1625/1625/1625
f 1562/1562/1562 1563/1563/1563 1626/1626/1626
f 1563/1563/1563 1627/1627/1627 1626/1626/1626
f 1563/1563/1563 1564/1564/1564 1627/1627/1627
f 1564/1564/1564 1628/1628/1628 1627/1627/1627
f 1564/1564/1564 1565/1565/1565 1628/1628/1628
f 1565/1565/1565 1629/1629/1629 1628/1628/1628
f 1565/1565/1565 1566/1566/1566 1629/1629/1629
f 1566/1566/1566 1630/1630/1630 1629/1629/1629
f 1566/1566/1566 1567/1567/1567 1630/1630/1630
f 1567/1567/1567 1631/1631/1631 1630/1630/1630
f 1567/1567/1567 1568/1568/1568 1631/1631/1631
f 1568/1568/1568 1632/1632/1632 1631/1631/1631
f 1568/1568/1568 1569/1569/1569 1632/1632/1632
f 1569/1569/1569 1633/1633/1633 1632/1632/1632
f 1569/1569/1569 1570/1570/1570 1633/1633/1633
f 1570/1570/1570 1634/1634/1634 1633/1633/1633
f 1570/1570/1570 1571/1571/1571 1634/1634/1634
f 1571/1571/1571 1635/1635/1635 1634/1634/1634
f 1571/1571/1571 1572/1572/1572 1635/1635/1635
f 1572/1572/1572 1636/1636/1636 1635/1635/1635
f 1572/1572/1572 1573/1573/1573 1636/1636/1636
f 1573/1573/1573 1637/1637/1637 1636/1636/1636
f 1573/1573/1573 1574/1574/1574 1637/1637/1637
f 1574/1574/1574 1638/1638/1638 1637/1637/1637
f 1574/1574/1574 1575/1575/1575 1638/1638/1638
f 1575/1575/1575 1639/1639/1639 1638/1638/1638
f 1575/1575/1575 1576/1576/1576 1639/1639/1639
f 1576/1576/1576 1640/1640/1640 1639/1639/1639
f 1576/1576/1576 1577/1577/1577 1640/1640/1640
f 1577/1577/1577 1641/1641/1641 1640/1640/1640
f 1577/1577/1577 1578/1578/1578 1641/1641/1641
f 1578/1578/1578 1642/1642/1642 1641/1641/1641
f 1578/1578/1578 1579/1579/1579 1642/1642/1642
f 1579/1579/1579 1643/1643/1643 1642/1642/1642
f 1579/1579/1579 1580/1580/1580 1643/1643/1643
f 1580/1580/1580 1644/1644/1644 1643/1643/1643
f 1580/1580/1580 1581/1581/1581 1644/1644/1644
f 1581/1581/1581 1645/1645/1645 1644/1644/1644
f 1581/1581/1581 1582/1582/1582 1645/1645/1645
f 1582/1582/1582 1646/1646/1646 1645/1645/1645
f 1582/1582/1582 1583/1583/1583 1646/1646/1646
f 1583/1583/1583 1647/1647/1647 1646/1646/1646
f 1583/1583/1583 1584/1584/1584 1647/1647/1647
f 1584/1584/1584 1648/1648/1648 1647/1647/1647
f 1584/1584/1584 1585/1585/1585 1648/1648/1648
f 1585/1585/1585 1649/1649/1649 1648/1648/1648
f 1585/1585/1585 1586/1586/1586 1649/1649/1649
f 1586/1586/1586 1650/1650/1650 1649/1649/1649
f 1586/1586/1586 1587/1587/1587 1650/1650/1650
f 1587/1587/1587 1651/1651/1651 1650/1650/1650
f 1587/1587/1587 1588/1588/1588 1651/1651/1651
f 1588/1588/1588 1652/1652/1652 1651/1651/1651
f 1588/1588/1588 1589/1589/1589 1652/1652/1652
f 1589/1589/1589 1653/1653/1653 1652/1652/1652
f 1589/1589/1589 1590/1590/1590 1653/1653/1653
f 1590/1590/1590 1654/1654/1654 1653/1653/1653
f 1590/1590/1590 1591/1591/1591 1654/1654/1654
f 1591/1591/1591 1655/1655/1655 1654/1654/1654
f 1591/1591/1591 1592/1592/1592 1655/1655/1655
f 1592/1592/1592 1656/1656/1656 1655/1655/1655
f 1592/1592/1592 1593/1593/1593 1656/1656/1656
f 1593/1593/1593 1657/1657/1657 1656/1656/1656
f 1593/1593/1593 1594/1594/1594 1657/1657/1657
f 1594/1594/1594 1658/1658/1658 1657/1657/1657
f 1594/1594/1594 1595/1595/1595 1658/1658/1658
f 1595/1595/1595 1659/1659/1659 1658/1658/1658
f 1595/1595/1595 1596/1596/1596 1659/1659/1659
f 1596/1596/1596 1660/1660/1660 1659/1659/1659
f 1596/1596/1596 1597/1597/1597 1660/1660/1660
f 1597/1597/1597 1661/1661/1661 1660/1660/1660
f 1597/1597/1597 1598/1598/1598 1661/1661/1661
f 1598/1598/1598 1662/1662/1662 1661/1661/1661
f 1598/1598/1598 1599/1599/1599 1662/1662/1662
f 1599/1599/1599 1663/1663/1663 1662/1662/1662
f 1599/1599/1599 1600/1600/1600 1663/1663/1663
f 1600/1600/1600 1664/1664/1664 1663/1663/1663
f 1600/1600/1600 1537/1537/1537 1664/1664/1664
f 1537/1537/1537 1601/1601/1601 1664/1664/1664
f 1601/1601/1601 1602/1602/1602 1665/1665/1665
f 1602/1602/1602 1666/1666/1666 1665/1665/1665
f 1602/1602/1602 1603/1603/1603 1666/1666/1666
f 1603/1603/1603 1667/1667/1667 1666/1666/1666
f 1603/1603/1603 1604/1604/1604 1667/1667/1667
f 1604/1604/1604 1668/1668/1668 1667/1667/1667
f 1604/1604/1604 1605/1605/1605 1668/1668/1668
f 1605/1605/1605 1669/1669/1669 1668/1668/1668
f 1605/1605/1605 1606/1606/1606 1669/1669/1669
f 1606/1606/1606 1670/1670/1670 1669/1669/1669
f 1606/1606/1606 1607/1607/1607 1670/1670/1670
f 1607/1607/1607 1671/1671/1671 1670/1670/1670
f 1607/1607/1607 1608/1608/1608 1671/1671/1671
f 1608/1608/1608 1672/1672/1672 1671/1671/1671
f 1608/1608/1608 1609/1609/1609 1672/1672/1672
f 1609/1609/1609 1673/1673/1673 1672/1672/1672
f 1609/1609/1609 1610/1610/1610 1673/1673/1673
f 1610/1610/1610 1674/1674/1674 1673/1673/1673
f 1610/1610/1610 1611/1611/1611 1674/1674/1674
f 1611/1611/1611 1675/1675/1675 1674/1674/1674
f 1611/1611/1611 1612/1612/1612 1675/1675/1675
f 1612/1612/1612 1676/1676/1676 1675/1675/1675
f 1612/1612/1612 1613/1613/1613 1676/1676/1676
f 1613/1613/1613 1677/1677/1677 1676/1676/1676
f 1613/1613/1613 1614/1614/1614 1677/1677/1677
f 1614/1614/1614 1678/1678/1678 1677/1677/1677
f 1614/1614/1614 1615/1615/1615 1678/1678/1678
f 1615/1615/1615 1679/1679/1679 1678/1678/1678
f 1615/1615/1615 1616/1616/1616 1679/1679/1679
f 1616/1616/1616 1680/1680/1680 1679/1679/1679
f 1616/1616/1616 1617/1617/1617 1680/1680/1680
f 1617/1617/1617 1681/1681/1681 1680/1680/1680
f 1617/1617/1617 1618/1618/1618 1681/1681/1681
f 1618/1618/1618 1682/1682/1682 1681/1681/1681
f 1618/1618/1618 1619/1619/1619 1682/1682/1682
f 1619/1619/1619 1683/1683/1683 1682/1682/1682
f 1619/1619/1619 1620/1620/1620 1683/1683/1683
f 1620/1620/1620 1684/1684/1684 1683/1683/1683
f 1620/1620/1620 1621/1621/1621 1684/1684/1684
f 1621/1621/1621 1685/1685/1685 1684/1684/1684
f 1621/1621/1621 1622/1622/1622 1685/1685/1685
f 1622/1622/1622 1686/1686/1686 1685/1685/1685
f 1622/1622/1622 1623/1623/1623 1686/1686/1686
f 1623/1623/1623 1687/1687/1687 1686/1686/1686
f 1623/1623/1623 1624/1624/1624 1687/1687/1687
f 1624/1624/1624 1688/1688/1688 1687/1687/1687
f 1624/1624/1624 1625/1625/1625 1688/1688/1688
f 1625/1625/1625 1689/1689/1689 1688/1688/1688
f 1625/1625/1625 1626/1626/1626 1689/1689/1689
f 1626/1626/1626 1690/1690/1690 1689/1689/1689
f 1626/1626/1626 1627/1627/1627 1690/1690/1690
f 1627/1627/1627 1691/1691/1691 1690/1690/1690
f 1627/1627/1627 1628/1628/1628 1691/1691/1691
f 1628/1628/1628 1692/1692/1692 1691/1691/1691
f 1628/1628/1628 1629/1629/1629 1692/1692/1692
f 1629/1629/1629 1693/1693/1693 1692/1692/1692
f 1629/1629/1629 1630/1630/1630 1693/1693/1693
f 1630/1630/1630 1694/1694/1694 1693/1693/1693
f 1630/1630/1630 1631/1631/1631 1694/1694/1694
f 1631/1631/1631 1695/1695/1695 1694/1694/1694
f 1631/1631/1631 1632/1632/1632 1695/1695/1695
f 1632/1632/1632 1696/1696/1696 1695/1695/1695
f 1632/1632/1632 1633/1633/1633 1696/1696/1696
f 1633/1633/1633 1697/1697/1697 1696/1696/1696
f 1633/1633/1633 1634/1634/1634 1697/1697/1697
f 1634/1634/1634 1698/1698/1698 1697/1697/1697
f 1634/1634/1634 1635/1635/1635 1698/1698/1698
f 1635/1635/1635 1699/1699/1699 1698/1698/1698
f 1635/1635/1635 1636/1636/1636 1699/1699/1699
f 1636/1636/1636 1700/1700/1700 1699/1699/1699
f 1636/1636/1636 1637/1637/1637 1700/1700/1700
f 1637/1637/1637 1701/1701/1701 1700/1700/1700
f 1637/1637/1637 1638/1638/1638 1701/1701/1701
f 1638/1638/1638 1702/1702/1702 1701/1701/1701
f 1638/1638/1638 1639/1639/1639 1702/1702/1702
f 1639/1639/1639 1703/1703/1703 1702/1702/1702
f 1639/1639/1639 1640/1640/1640 1703/1703/1703
f 1640/1640/1640 1704/1704/1704 1703/1703/1703
f 1640/1640/1640 1641/1641/1641 1704/1704/1704
f 1641/1641/1641 1705/1705/1705 1704/1704/1704
f 1641/1641/1641 1642/1642/1642 1705/1705/1705
f 1642/1642/1642 1706/1706/1706 1705/1705/1705
f 1642/1642/1642 1643/1643/1643 1706/1706/1706
f 1643/1643/1643 1707/1707/1707 1706/1706/1706
f 1643/1643/1643 1644/1644/1644 1707/1707/1707
f 1644/1644/1644 1708/1708/1708 1707/1707/1707
f 1644/1644/1644 1645/1645/1645 1708/1708/1708
f 1645/1645/1645 1709/1709/1709 1708/1708/1708
f 1645/1645/1645 1646/1646/1646 1709/1709/1709
f 1646/1646/1646 1710/1710/1710 1709/1709/1709
f 1646/1646/1646 1647/1647/1647 1710/1710/1710
f 1647/1647/1647 1711/1711/1711 1710/1710/1710
f 1647/1647/1647 1648/1648/1648 1711/1711/1711
f 1648/1648/1648 1712/1712/1712 1711/1711/1711
f 1648/1648/1648 1649/1649/1649 1712/1712/1712
f 1649/1649/1649 1713/1713/1713 1712/1712/1712
f 1649/1649/1649 1650/1650/1650 1713/1713/1713
f 1650/1650/1650 1714/1714/1714 1713/1713/1713
f 1650/1650/1650 1651/1651/1651 1714/1714/1714
f 1651/1651/1651 1715/1715/1715 1714/1714/1714
f 1651/1651/1651 1652/1652/1652 1715/1715/1715
f 1652/1652/1652 1716/1716/1716 1715/1715/1715
f 1652/1652/1652 1653/1653/1653 1716/1716/1716
f 1653/1653/1653 1717/1717/1717 1716/1716/1716
f 1653/1653/1653 1654/1654/1654 1717/1717/1717
f 1654/1654/1654 1718/1718/1718 1717/1717/1717
f 1654/1654/1654 1655/1655/1655 1718/1718/1718
f 1655/1655/1655 1719/1719/1719 1718/1718/1718
f 1655/1655/1655 1656/1656/1656 1719/1719/1719
f 1656/1656/1656 1720/1720/1720 1719/1719/1719
f 1656/1656/1656 1657/1657/1657 1720/1720/1720
f 1657/1657/1657 1721/1721/1721 1720/1720/1720
f 1657/1657/1657 1658/1658/1658 1721/1721/1721
f 1658/1658/1658 1722/1722/1722 1721/1721/1721
f 1658/1658/1658 1659/1659/1659 1722/1722/1722
f 1659/1659/1659 1723/1723/1723 1722/1722/1722
f 1659/1659/1659 1660/1660/1660 1723/1723/1723
f 1660/1660/1660 1724/1724/1724 1723/1723/1723
f 1660/1660/1660 1661/1661/1661 1724/1724/1724
f 1661/1661/1661 1725/1725/1725 1724/1724/1724
f 1661/1661/1661 1662/1662/1662 1725/1725/1725
f 1662/1662/1662 1726/1726/1726 1725/1725/1725
f 1662/1662/1662 1663/1663/1663 1726/1726/1726
f 1663/1663/1663 1727/1727/1727 1726/1726/1726
f 1663/1663/1663 1664/1664/1664 1727/1727/1727
f 1664/1664/1664 1728/1728/1728 1727/1727/1727
f 1664/1664/1664 1601/1601/1601 1728/1728/1728
f 1601/1601/1601 1665/1665/1665 1728/1728/1728
f 1665/1665/1665 1666/1666/1666 1729/1729/1729
f 1666/1666/1666 1730/1730/1730 1729/1729/1729
f 1666/1666/1666 1667/1667/1667 1730/1730/1730
f 1667/1667/1667 1731/1731/1731 1730/1730/1730
f 1667/1667/1667 1668/1668/1668 1731/1731/1731
f 1668/1668/1668 1732/1732/1732 1731/1731/1731
f 1668/1668/1668 1669/1669/1669 1732/1732/1732
f 1669/1669/1669 1733/1733/1733 1732/1732/1732
f 1669/1669/1669 1670/1670/1670 1733/1733/1733
f 1670/1670/1670 1734/1734/1734 1733/1733/1733
f 1670/1670/1670 1671/1671/1671 1734/1734/1734
f 1671/1671/1671 1735/1735/1735 1734/1734/1734
f 1671/1671/1671 1672/1672/1672 1735/1735/1735
f 1672/1672/1672 1736/1736/1736 1735/1735/1735
f 1672/1672/1672 1673/1673/1673 1736/1736/1736
f 1673/1673/1673 1737/1737/1737 1736/1736/1736
f 1673/1673/1673 1674/1674/1674 1737/1737/1737
f 1674/1674/1674 1738/1738/1738 1737/1737/1737
f 1674/1674/1674 1675/1675/1675 1738/1738/1738
f 1675/1675/1675 1739/1739/1739 1738/1738/1738
f 1675/1675/1675 1676/1676/1676 1739/1739/1739
f 1676/1676/1676 1740/1740/1740 1739/1739/1739
f 1676/1676/1676 1677/1677/1677 1740/1740/1740
f 1677/1677/1677 1741/1741/1741 1740/1740/1740
f 1677/1677/1677 1678/1678/1678 1741/1741/1741
f 1678/1678/1678 1742/1742/1742 1741/1741/1741
f 1678/1678/1678 1679/1679/1679 1742/1742/1742
f 1679/1679/1679 1743/1743/1743 1742/1742/1742
f 1679/1679/1679 1680/1680/1680 1743/1743/1743
f 1680/1680/1680 1744/1744/1744 1743/1743/1743
f 1680/1680/1680 1681/1681/1681 1744/1744/1744
f 1681/1681/1681 1745/1745/1745 1744/1744/1744
f 1681/1681/1681 1682/1682/1682 1745/1745/1745
f 1682/1682/1682 1746/1746/1746 1745/1745/1745
f 1682/1682/1682 1683/1683/1683 1746/1746/1746
f 1683/1683/1683 1747/1747/1747 1746/1746/1746
f 1683/1683/1683 1684/1684/1684 1747/1747/1747
f 1684/1684/1684 1748/1748/1748 1747/1747/1747
f 1684/1684/1684 1685/1685/1685 1748/1748/1748
f 1685/1685/1685 1749/1749/1749 1748/1748/1748
f 1685/1685/1685 1686/1686/1686 1749/1749/1749
f 1686/1686/1686 1750/1750/1750 1749/1749/1749
f 1686/1686/1686 1687/1687/1687 1750/1750/1750
f 1687/1687/1687 1751/1751/1751 1750/1750/1750
f 1687/1687/1687 1688/1688/1688 1751/1751/1751
f 1688/1688/1688 1752/1752/1752 1751/1751/1751
f 1688/1688/1688 1689/1689/1689 1752/1752/1752
f 1689/1689/1689 1753/1753/1753 1752/1752/1752
f 1689/1689/1689 1690/1690/1690 1753/1753/1753
f 1690/1690/1690 1754/1754/1754 1753/1753/1753
f 1690/1690/1690 1691/1691/1691 1754/1754/1754
f 1691/1691/1691 1755/1755/1755 1754/1754/1754
f 1691/1691/1691 1692/1692/1692 1755/1755/1755
f 1692/1692/1692 1756/1756/1756 1755/1755/1755
f 1692/1692/1692 1693/1693/1693 1756/1756/1756
f 1693/1693/1693 1757/1757/1757 1756/1756/1756
f 1693/1693/1693 1694/1694/1694 1757/1757/1757
f 1694/1694/1694 1758/1758/1758 1757/1757/1757
f 1694/1694/1694 1695/1695/1695 1758/1758/1758
f 1695/1695/1695 1759/1759/1759 1758/1758/1758
f 1695/1695/1695 1696/1696/1696 1759/1759/1759
f 1696/1696/1696 1760/1760/1760 1759/1759/1759
f 1696/1696/1696 1697/1697/1697 1760/1760/1760
f 1697/1697/1697 1761/1761/1761 1760/1760/1760
f 1697/1697/1697 1698/1698/1698 1761/1761/1761
f 1698/1698/1698 1762/1762/1762 1761/1761/1761
f 1698/1698/1698 1699/1699/1699 1762/1762/1762
f 1699/1699/1699 1763/1763/1763 1762/1762/1762
f 1699/1699/1699 1700/1700/1700 1763/1763/1763
f 1700/1700/1700 1764/1764/1764 1763/1763/1763
f 1700/1700/1700 1701/1701/1701 1764/1764/1764
f 1701/1701/1701 1765/1765/1765 1764/1764/1764
f 1701/1701/1701 1702/1702/1702 1765/1765/1765
f 1702/1702/1702 1766/1766/1766 1765/1765/1765
f 1702/1702/1702 1703/1703/1703 1766/1766/1766
f 1703/1703/1703 1767/1767/1767 1766/1766/1766
f 1703/1703/1703 1704/1704/1704 1767/1767/1767
f 1704/1704/1704 1768/1768/1768 1767/1767/1767
f 1704/1704/1704 1705/1705/1705 1768/1768/1768
f 1705/1705/1705 1769/1769/1769 1768/1768/1768
f 1705/1705/1705 1706/1706/1706 1769/1769/1769
f 1706/1706/1706 1770/1770/1770 1769/1769/1769
f 1706/1706/1706 1707/1707/1707 1770/1770/1770
f 1707/1707/1707 1771/1771/1771 1770/1770/1770
f 1707/1707/1707 1708/1708/1708 1771/1771/1771
f 1708/1708/1708 1772/1772/1772 1771/1771/1771
f 1708/1708/1708 1709/1709/1709 1772/1772/1772
f 1709/1709/1709 1773/1773/1773 1772/1772/1772
f 1709/1709/1709 1710/1710/1710 1773/1773/1773
f 1710/1710/1710 1774/1774/1774 1773/1773/1773
f 1710/1710/1710 1711/1711/1711 1774/1774/1774
f 1711/1711/1711 1775/1775/1775 1774/1774/1774
f 1711/1711/1711 1712/1712/1712 1775/1775/1775
f 1712/1712/1712 1776/1776/1776 1775/1775/1775
f 1712/1712/1712 1713/1713/1713 1776/1776/1776
f 1713/1713/1713 1777/1777/1777 1776/1776/1776
f 1713/1713/1713 1714/1714/1714 1777/1777/1777
f 1714/1714/1714 1778/1778/1778 1777/1777/1777
f 1714/1714/1714 1715/1715/1715 1778/1778/1778
f 1715/1715/1715 1779/1779/1779 1778/1778/1778
f 1715/1715/1715 1716/1716/1716 1779/1779/1779
f 1716/1716/1716 1780/1780/1780 1779/1779/1779
f 1716/1716/1716 1717/1717/1717 1780/1780/1780
f 1717/1717/1717 1781/1781/1781 1780/1780/1780
f 1717/1717/1717 1718/1718/1718 1781/1781/1781
f 1718/1718/1718 1782/1782/1782 1781/1781/1781
f 1718/1718/1718 1719/1719/1719 1782/1782/1782
f 1719/1719/1719 1783/1783/1783 1782/1782/1782
f 1719/1719/1719 1720/1720/1720 1783/1783/1783
f 1720/1720/1720 1784/1784/1784 1783/1783/1783
f 1720/1720/1720 1721/1721/1721 1784/1784/1784
f 1721/1721/1721 1785/1785/1785 1784/1784/1784
f 1721/1721/1721 1722/1722/1722 1785/1785/1785
f 1722/1722/1722 1786/1786/1786 1785/1785/1785
f 1722/1722/1722 1723/1723/1723 1786/1786/1786
f 1723/1723/1723 1787/1787/1787 1786/1786/1786
f 1723/1723/1723 1724/1724/1724 1787/1787/1787
f 1724/1724/1724 1788/1788/1788 1787/1787/1787
f 1724/1724/1724 1725/1725/1725 1788/1788/1788
f 1725/1725/1725 1789/1789/1789 1788/1788/1788
f 1725/1725/1725 1726/1726/1726 1789/1789/1789
f 1726/1726/1726 1790/1790/1790 1789/1789/1789
f 1726/1726/1726 1727/1727/1727 1790/1790/1790
f 1727/1727/1727 1791/1791/1791 1790/1790/1790
f 1727/1727/1727 1728/1728/1728 1791/1791/1791
f 1728/1728/1728 1792/1792/1792 1791/1791/1791
f 1728/1728/1728 1665/1665/1665 1792/1792/1792
f 1665/1665/1665 1729/1729/1729 1792/1792/1792
f 1729/1729/1729 1730/1730/1730 1793/1793/1793
f 1730/1730/1730 1794/1794/1794 1793/1793/1793
f 1730/1730/1730 1731/1731/1731 1794/1794/1794
f 1731/1731/1731 1795/1795/1795 1794/1794/1794
f 1731/1731/1731 1732/1732/1732 1795/1795/1795
f 1732/1732/1732 1796/1796/1796 1795/1795/1795
f 1732/1732/1732 1733/1733/1733 1796/1796/1796
f 1733/1733/1733 1797/1797/1797 1796/1796/1796
f 1733/1733/1733 1734/1734/1734 1797/1797/1797
f 1734/1734/1734 1798/1798/1798 1797/1797/1797
f 1734/1734/1734 1735/1735/1735 1798/1798/1798
f 1735/1735/1735 1799/1799/1799 1798/1798/1798
f 1735/1735/1735 1736/1736/1736 1799/1799/1799
f 1736/1736/1736 1800/1800/1800 1799/1799/1799
f 1736/1736/1736 1737/1737/1737 1800/1800/1800
f 1737/1737/1737 1801/1801/1801 1800/1800/1800
f 1737/1737/1737 1738/1738/1738 1801/1801/1801
f 1738/1738/1738 1802/1802/1802 1801/1801/1801
f 1738/1738/1738 1739/1739/1739 1802/1802/1802
f 1739/1739/1739 1803/1803/1803 1802/1802/1802
f 1739/1739/1739 1740/1740/1740 1803/1803/1803
f 1740/1740/1740 1804/1804/1804 1803/1803/1803
f 1740/1740/1740 1741/1741/1741 1804/1804/1804
f 1741/1741/1741 1805/1805/1805 1804/1804/1804
f 1741/1741/1741 1742/1742/1742 1805/1805/1805
f 1742/1742/1742 1806/1806/1806 1805/1805/1805
f 1742/1742/1742 1743/1743/1743 1806/1806/1806
f 1743/1743/1743 1807/1807/1807 1806/1806/1806
f 1743/1743/1743 1744/1744/1744 1807/1807/1807
f 1744/1744/1744 1808/1808/1808 1807/1807/1807
f 1744/1744/1744 1745/1745/1745 1808/1808/1808
f 1745/1745/1745 1809/1809/1809 1808/1808/1808
f 1745/1745/1745 1746/1746/1746 1809/1809/1809
f 1746/1746/1746 1810/1810/1810 1809/1809/1809
f 1746/1746/1746 1747/1747/1747 1810/1810/1810
f 1747/1747/1747 1811/1811/1811 1810/1810/1810
f 1747/1747/1747 1748/1748/1748 1811/1811/1811
f 1748/1748/1748 1812/1812/1812 1811/1811/1811
f 1748/1748/1748 1749/1749/1749 1812/1812/1812
f 1749/1749/1749 1813/1813/1813 1812/1812/1812
f 1749/1749/1749 1750/1750/1750 1813/1813/1813
f 1750/1750/1750 1814/1814/1814 1813/1813/1813
f 1750/1750/1750 1751/1751/1751 1814/1814/1814
f 1751/1751/1751 1815/1815/1815 1814/1814/1814
f 1751/1751/1751 1752/1752/1752 1815/1815/1815
f 1752/1752/1752 1816/1816/1816 1815/1815/1815
f 1752/1752/1752 1753/1753/1753 1816/1816/1816
f 1753/1753/1753 1817/1817/1817 1816/1816/1816
f 1753/1753/1753 1754/1754/1754 1817/1817/1817
f 1754/1754/1754 1818/1818/1818 1817/1817/1817
f 1754/1754/1754 1755/1755/1755 1818/1818/1818
f 1755/1755/1755 1819/1819/1819 1818/1818/1818
f 1755/1755/1755 1756/1756/1756 1819/1819/1819
f 1756/1756/1756 1820/1820/1820 1819/1819/1819
f 1756/1756/1756 1757/1757/1757 1820/1820/1820
f 1757/1757/1757 1821/1821/1821 1820/1820/1820
f 1757/1757/1757 1758/1758/1758 1821/1821/1821
f 1758/1758/1758 1822/1822/1822 1821/1821/1821
f 1758/1758/1758 1759/1759/1759 1822/1822/1822
f 1759/1759/1759 1823/1823/1823 1822/1822/1822
f 1759/1759/1759 1760/1760/1760 1823/1823/1823
f 1760/1760/1760 1824/1824/1824 1823/1823/1823
f 1760/1760/1760 1761/1761/1761 1824/1824/1824
f 1761/1761/1761 1825/1825/1825 1824/1824/1824
f 1761/1761/1761 1762/1762/1762 1825/1825/1825
f 1762/1762/1762 1826/1826/1826 1825/1825/1825
f 1762/1762/1762 1763/1763/1763 1826/1826/1826
f 1763/1763/1763 1827/1827/1827 1826/1826/1826
f 1763/1763/1763 1764/1764/1764 1827/1827/1827
f 1764/1764/1764 1828/1828/1828 1827/1827/1827
f 1764/1764/1764 1765/1765/1765 1828/1828/1828
f 1765/1765/1765 1829/1829/1829 1828/1828/1828
f 1765/1765/1765 1766/1766/1766 1829/1829/1829
f 1766/1766/1766 1830/1830/1830 1829/1829/1829
f 1766/1766/1766 1767/1767/1767 1830/1830/1830
f 1767/1767/1767 1831/1831/1831 1830/1830/1830
f 1767/1767/1767 1768/1768/1768 1831/1831/1831
f 1768/1768/1768 1832/1832/1832 1831/1831/1831
f 1768/1768/1768 1769/1769/1769 1832/1832/1832
f 1769/1769/1769 1833/1833/1833 1832/1832/1832
f 1769/1769/1769 1770/1770/1770 1833/1833/1833
f 1770/1770/1770 1834/1834/1834 1833/1833/1833
f 1770/1770/1770 1771/1771/1771 1834/1834/1834
f 1771/1771/1771 1835/1835/1835 1834/1834/1834
f 1771/1771/1771 1772/1772/1772 1835/1835/1835
f 1772/1772/1772 1836/1836/1836 1835/1835/1835
f 1772/1772/1772 1773/1773/1773 1836/1836/1836
f 1773/1773/1773 1837/1837/1837 1836/1836/1836
f 1773/1773/1773 1774/1774/1774 1837/1837/1837
f 1774/1774/1774 1838/1838/1838 1837/1837/1837
f 1774/1774/1774 1775/1775/1775 1838/1838/1838
f 1775/1775/1775 1839/1839/1839 1838/1838/1838
f 1775/1775/1775 1776/1776/1776 1839/1839/1839
f 1776/1776/1776 1840/1840/1840 1839/1839/1839
f 1776/1776/1776 1777/1777/1777 1840/1840/1840
f 1777/1777/1777 1841/1841/1841 1840/1840/1840
f 1777/1777/1777 1778/1778/1778 1841/1841/1841
f 1778/1778/1778 1842/1842/1842 1841/1841/1841
f 1778/1778/1778 1779/1779/1779 1842/1842/1842
f 1779/1779/1779 1843/1843/1843 1842/1842/1842
f 1779/1779/1779 1780/1780/1780 1843/1843/1843
f 1780/1780/1780 1844/1844/1844 1843/1843/1843
f 1780/1780/1780 1781/1781/1781 1844/1844/1844
f 1781/1781/1781 1845/1845/1845 1844/1844/1844
f 1781/1781/1781 1782/1782/1782 1845/1845/1845
f 1782/1782/1782 1846/1846/1846 1845/1845/1845
f 1782/1782/1782 1783/1783/1783 1846/1846/1846
f 1783/1783/1783 1847/1847/1847 1846/1846/1846
f 1783/1783/1783 1784/1784/1784 1847/1847/1847
f 1784/1784/1784 1848/1848/1848 1847/1847/1847
f 1784/1784/1784 1785/1785/1785 1848/1848/1848
f 1785/1785/1785 1849/1849/1849 1848/1848/1848
f 1785/1785/1785 1786/1786/1786 1849/1849/1849
f 1786/1786/1786 1850/1850/1850 1849/1849/1849
f 1786/1786/1786 1787/1787/1787 1850/1850/1850
f 1787/1787/1787 1851/1851/1851 1850/1850/1850
f 1787/1787/1787 1788/1788/1788 1851/1851/1851
f 1788/1788/1788 1852/1852/1852 1851/1851/1851
f 1788/1788/1788 1789/1789/1789 1852/1852/1852
f 1789/1789/1789 1853/1853/1853 1852/1852/1852
f 1789/1789/1789 1790/1790/1790 1853/1853/1853
f 1790/1790/1790 1854/1854/1854 1853/1853/1853
f 1790/1790/1790 1791/1791/1791 1854/1854/1854
f 1791/1791/1791 1855/1855/1855 1854/1854/1854
f 1791/1791/1791 1792/1792/1792 1855/1855/1855
f 1792/1792/1792 1856/1856/1856 1855/1855/1855
f 1792/1792/1792 1729/1729/1729 1856/1856/1856
f 1729/1729/1729 1793/1793/1793 1856/1856/1856
f 1793/1793/1793 1794/1794/1794 1857/1857/1857
f 1794/1794/1794 1858/1858/1858 1857/1857/1857
f 1794/1794/1794 1795/1795/1795 1858/1858/1858
f 1795/1795/1795 1859/1859/1859 1858/1858/1858
f 1795/1795/1795 1796/1796/1796 1859/1859/1859
f 1796/1796/1796 1860/1860/1860 1859/1859/1859
f 1796/1796/1796 1797/1797/1797 1860/1860/1860
f 1797/1797/1797 1861/1861/1861 1860/1860/1860
f 1797/1797/1797 1798/1798/1798 1861/1861/1861
f 1798/1798/1798 1862/1862/1862 1861/1861/1861
f 1798/1798/1798 1799/1799/1799 1862/1862/1862
f 1799/1799/1799 1863/1863/1863 1862/1862/1862
f 1799/1799/1799 1800/1800/1800 1863/1863/1863
f 1800/1800/1800 1864/1864/1864 1863/1863/1863
f 1800/1800/1800 1801/1801/1801 1864/1864/1864
f 1801/1801/1801 1865/1865/1865 1864/1864/1864
f 1801/1801/1801 1802/1802/1802 1865/1865/1865
f 1802/1802/1802 1866/1866/1866 1865/1865/1865
f 1802/1802/1802 1803/1803/1803 1866/1866/1866
f 1803/1803/1803 1867/1867/1867 1866/1866/1866
f 1803/1803/1803 1804/1804/1804 1867/1867/1867
f 1804/1804/1804 1868/1868/1868 1867/1867/1867
f 1804/1804/1804 1805/1805/1805 1868/1868/1868
f 1805/1805/1805 1869/1869/1869 1868/1868/1868
f 1805/1805/1805 1806/1806/1806 1869/1869/1869
f 1806/1806/1806 1870/1870/1870 1869/1869/1869
f 1806/1806/1806 1807/1807/1807 1870/1870/1870
f 1807/1807/1807 1871/1871/1871 1870/1870/1870
f 1807/1807/1807 1808/1808/1808 1871/1871/1871
f 1808/1808/1808 1872/1872/1872 1871/1871/1871
f 1808/1808/1808 1809/1809/1809 1872/1872/1872
f 1809/1809/1809 1873/1873/1873 1872/1872/1872
f 1809/1809/1809 1810/1810/1810 1873/1873/1873
f 1810/1810/1810 1874/1874/1874 1873/1873/1873
f 1810/1810/1810 1811/1811/1811 1874/1874/1874
f 1811/1811/1811 1875/1875/1875 1874/1874/1874
f 1811/1811/1811 1812/1812/1812 1875/1875/1875
f 1812/1812/1812 1876/1876/1876 1875/1875/1875
f 1812/1812/1812 1813/1813/1813 1876/1876/1876
f 1813/1813/1813 1877/1877/1877 1876/1876/1876
f 1813/1813/1813 1814/1814/1814 1877/1877/1877
f 1814/1814/1814 1878/1878/1878 1877/1877/1877
f 1814/1814/1814 1815/1815/1815 1878/1878/1878
f 1815/1815/1815 1879/1879/1879 1878/1878/1878
f 1815/1815/1815 1816/1816/1816 1879/1879/1879
f 1816/1816/1816 1880/1880/1880 1879/1879/1879
f 1816/1816/1816 1817/1817/1817 1880/1880/1880
f 1817/1817/1817 1881/1881/1881 1880/1880/1880
f 1817/1817/1817 1818/1818/1818 1881/1881/1881
f 1818/1818/1818 1882/1882/1882 1881/1881/1881
f 1818/1818/1818 1819/1819/1819 1882/1882/1882
f 1819/1819/1819 1883/1883/1883 1882/1882/1882
f 1819/1819/1819 1820/1820/1820 1883/1883/1883
f 1820/1820/1820 1884/1884/1884 1883/1883/1883
f 1820/1820/1820 1821/1821/1821 1884/1884/1884
f 1821/1821/1821 1885/1885/1885 1884/1884/1884
f 1821/1821/1821 1822/1822/1822 1885/1885/1885
f 1822/1822/1822 1886/1886/1886 1885/1885/1885
f 1822/1822/1822 1823/1823/1823 1886/1886/1886
f 1823/1823/1823 1887/1887/1887 1886/1886/1886
f 1823/1823/1823 1824/1824/1824 1887/1887/1887
f 1824/1824/1824 1888/1888/1888 1887/1887/1887
f 1824/1824/1824 1825/1825/1825 1888/1888/1888
f 1825/1825/1825 1889/1889/1889 1888/1888/1888
f 1825/1825/1825 1826/1826/1826 1889/1889/1889
f 1826/1826/1826 1890/1890/1890 1889/1889/1889
f 1826/1826/1826 1827/1827/1827 1890/1890/1890
f 1827/1827/1827 1891/1891/1891 1890/1890/1890
f 1827/1827/1827 1828/1828/1828 1891/1891/1891
f 1828/1828/1828 1892/1892/1892 1891/1891/1891
f 1828/1828/1828 1829/1829/1829 1892/1892/1892
f 1829/1829/1829 1893/1893/1893 1892/1892/1892
f 1829/1829/1829 1830/1830/1830 1893/1893/1893
f 1830/1830/1830 1894/1894/1894 1893/1893/1893
f 1830/1830/1830 1831/1831/1831 1894/1894/1894
f 1831/1831/1831 1895/1895/1895 1894/1894/1894
f 1831/1831/1831 1832/1832/1832 1895/1895/1895
f 1832/1832/1832 1896/1896/1896 1895/1895/1895
f 1832/1832/1832 1833/1833/1833 1896/1896/1896
f 1833/1833/1833 1897/1897/1897 1896/1896/1896
f 1833/1833/1833 1834/1834/1834 1897/1897/1897
f 1834/1834/1834 1898/1898/1898 1897/1897/1897
f 1834/1834/1834 1835/1835/1835 1898/1898/1898
f 1835/1835/1835 1899/1899/1899 1898/1898/1898
f 1835/1835/1835 1836/1836/1836 1899/1899/1899
f 1836/1836/1836 1900/1900/1900 1899/1899/1899
f 1836/1836/1836 1837/1837/1837 1900/1900/1900
f 1837/1837/1837 1901/1901/1901 1900/1900/1900
f 1837/1837/1837 1838/1838/1838 1901/1901/1901
f 1838/1838/1838 1902/1902/1902 1901/1901/1901
f 1838/1838/1838 1839/1839/1839 1902/1902/1902
f 1839/1839/1839 1903/1903/1903 1902/1902/1902
f 1839/1839/1839 1840/1840/1840 1903/1903/1903
f 1840/1840/1840 1904/1904/1904 1903/1903/1903
f 1840/1840/1840 1841/1841/1841 1904/1904/1904
f 1841/1841/1841 1905/1905/1905 1904/1904/1904
f 1841/1841/1841 1842/1842/1842 1905/1905/1905
f 1842/1842/1842 1906/1906/1906 1905/1905/1905
f 1842/1842/1842 1843/1843/1843 1906/1906/1906
f 1843/1843/1843 1907/1907/1907 1906/1906/1906
f 1843/1843/1843 1844/1844/1844 1907/1907/1907
f 1844/1844/1844 1908/1908/1908 1907/1907/1907
f 1844/1844/1844 1845/1845/1845 1908/1908/1908
f 1845/1845/1845 1909/1909/1909 1908/1908/1908
f 1845/1845/1845 1846/1846/1846 1909/1909/1909
f 1846/1846/1846 1910/1910/1910 1909/1909/1909
f 1846/1846/1846 1847/1847/1847 1910/1910/1910
f 1847/1847/1847 1911/1911/1911 1910/1910/1910
f 1847/1847/1847 1848/1848/1848 1911/1911/1911
f 1848/1848/1848 1912/1912/1912 1911/1911/1911
f 1848/1848/1848 1849/1849/1849 1912/1912/1912
f 1849/1849/1849 1913/1913/1913 1912/1912/1912
f 1849/1849/1849 1850/1850/1850 1913/1913/1913
f 1850/1850/1850 1914/1914/1914 1913/1913/1913
f 1850/1850/1850 1851/1851/1851 1914/1914/1914
f 1851/1851/1851 1915/1915/1915 1914/1914/1914
f 1851/1851/1851 1852/1852/1852 1915/1915/1915
f 1852/1852/1852 1916/1916/1916 1915/1915/1915
f 1852/1852/1852 1853/1853/1853 1916/1916/1916
f 1853/1853/1853 1917/1917/1917 1916/1916/1916
f 1853/1853/1853 1854/1854/1854 1917/1917/1917
f 1854/1854/1854 1918/1918/1918 1917/1917/1917
f 1854/1854/1854 1855/1855/1855 1918/1918/1918
f 1855/1855/1855 1919/1919/1919 1918/1918/1918
f 1855/1855/1855 1856/1856/1856 1919/1919/1919
f 1856/1856/1856 1920/1920/1920 1919/1919/1919
f 1856/1856/1856 1793/1793/1793 1920/1920/1920
f 1793/1793/1793 1857/1857/1857 1920/1920/1920
f 1857/1857/1857 1858/1858/1858 1921/1921/1921
f 1858/1858/1858 1922/1922/1922 1921/1921/1921
f 1858/1858/1858 1859/1859/1859 1922/1922/1922
f 1859/1859/1859 1923/1923/1923 1922/1922/1922
f 1859/1859/1859 1860/1860/1860 1923/1923/1923
f 1860/1860/1860 1924/1924/1924 1923/1923/1923
f 1860/1860/1860 1861/1861/1861 1924/1924/1924
f 1861/1861/1861 1925/1925/1925 1924/1924/1924
f 1861/1861/1861 1862/1862/1862 1925/1925/1925
f 1862/1862/1862 1926/1926/1926 1925/1925/1925
f 1862/1862/1862 1863/1863/1863 1926/1926/1926
f 1863/1863/1863 1927/1927/1927 1926/1926/1926
f 1863/1863/1863 1864/1864/1864 1927/1927/1927
f 1864/1864/1864 1928/1928/1928 1927/1927/1927
f 1864/1864/1864 1865/1865/1865 1928/1928/1928
f 1865/1865/1865 1929/1929/1929 1928/1928/1928
f 1865/1865/1865 1866/1866/1866 1929/1929/1929
f 1866/1866/1866 1930/1930/1930 1929/1929/1929
f 1866/1866/1866 1867/1867/1867 1930/1930/1930
f 1867/1867/1867 1931/1931/1931 1930/1930/1930
f 1867/1867/1867 1868/1868/1868 1931/1931/1931
f 1868/1868/1868 1932/1932/1932 1931/1931/1931
f 1868/1868/1868 1869/1869/1869 1932/1932/1932
f 1869/1869/1869 1933/1933/1933 1932/1932/1932
f 1869/1869/1869 1870/1870/1870 1933/1933/1933
f 1870/1870/1870 1934/1934/1934 1933/1933/1933
f 1870/1870/1870 1871/1871/1871 1934/1934/1934
f 1871/1871/1871 1935/1935/1935 1934/1934/1934
f 1871/1871/1871 1872/1872/1872 1935/1935/1935
f 1872/1872/1872 1936/1936/1936 1935/1935/1935
f 1872/1872/1872 1873/1873/1873 1936/1936/1936
f 1873/1873/1873 1937/1937/1937 1936/1936/1936
f 1873/1873/1873 1874/1874/1874 1937/1937/1937
f 1874/1874/1874 1938/1938/1938 1937/1937/1937
f 1874/1874/1874 1875/1875/1875 1938/1938/1938
f 1875/1875/1875 1939/1939/1939 1938/1938/1938
f 1875/1875/1875 1876/1876/1876 1939/1939/1939
f 1876/1876/1876 1940/1940/1940 1939/1939/1939
f 1876/1876/1876 1877/1877/1877 1940/1940/1940
f 1877/1877/1877 1941/1941/1941 1940/1940/1940
f 1877/1877/1877 1878/1878/1878 1941/1941/1941
f 1878/1878/1878 1942/1942/1942 1941/1941/1941
f 1878/1878/1878 1879/1879/1879 1942/1942/1942
f 1879/1879/1879 1943/1943/1943 1942/1942/1942
f 1879/1879/1879 1880/1880/1880 1943/1943/1943
f 1880/1880/1880 1944/1944/1944 1943/1943/1943
f 1880/1880/1880 1881/1881/1881 1944/1944/1944
f 1881/1881/1881 1945/1945/1945 1944/1944/1944
f 1881/1881/1881 1882/1882/1882 1945/1945/1945
f 1882/1882/1882 1946/1946/1946 1945/1945/1945
f 1882/1882/1882 1883/1883/1883 1946/1946/1946
f 1883/1883/1883 1947/1947/1947 1946/1946/1946
f 1883/1883/1883 1884/1884/1884 1947/1947/1947
f 1884/1884/1884 1948/1948/1948 1947/1947/1947
f 1884/1884/1884 1885/1885/1885 1948/1948/1948
f 1885/1885/1885 1949/1949/1949 1948/1948/1948
f 1885/1885/1885 1886/1886/1886 1949/1949/1949
f 1886/1886/1886 1950/1950/1950 1949/1949/1949
f 1886/1886/1886 1887/1887/1887 1950/1950/1950
f 1887/1887/1887 1951/1951/1951 1950/1950/1950
f 1887/1887/1887 1888/1888/1888 1951/1951/1951
f 1888/1888/1888 1952/1952/1952 1951/1951/1951
f 1888/1888/1888 1889/1889/1889 1952/1952/1952
f 1889/1889/1889 1953/1953/1953 1952/1952/1952
f 1889/1889/1889 1890/1890/1890 1953/1953/1953
f 1890/1890/1890 1954/1954/1954 1953/1953/1953
f 1890/1890/1890 1891/1891/1891 1954/1954/1954
f 1891/1891/1891 1955/1955/1955 1954/1954/1954
f 1891/1891/1891 1892/1892/1892 1955/1955/1955
f 1892/1892/1892 1956/1956/1956 1955/1955/1955
f 1892/1892/1892 1893/1893/1893 1956/1956/1956
f 1893/1893/1893 1957/1957/1957 1956/1956/1956
f 1893/1893/1893 1894/1894/1894 1957/1957/1957
f 1894/1894/1894 1958/1958/1958 1957/1957/1957
f 1894/1894/1894 1895/1895/1895 1958/1958/1958
f 1895/1895/1895 1959/1959/1959 1958/1958/1958
f 1895/1895/1895 1896/1896/1896 1959/1959/1959
f 1896/1896/1896 1960/1960/1960 1959/1959/1959
f 1896/1896/1896 1897/1897/1897 1960/1960/1960
f 1897/1897/1897 1961/1961/1961 1960/1960/1960
f 1897/1897/1897 1898/1898/1898 1961/1961/1961
f 1898/1898/1898 1962/1962/1962 1961/1961/1961
f 1898/1898/1898 1899/1899/1899 1962/1962/1962
f 1899/1899/1899 1963/1963/1963 1962/1962/1962
f 1899/1899/1899 1900/1900/1900 1963/1963/1963
f 1900/1900/1900 1964/1964/1964 1963/1963/1963
f 1900/1900/1900 1901/1901/1901 1964/1964/1964
f 1901/1901/1901 1965/1965/1965 1964/1964/1964
f 1901/1901/1901 1902/1902/1902 1965/1965/1965
f 1902/1902/1902 1966/1966/1966 1965/1965/1965
f 1902/1902/1902 1903/1903/1903 1966/1966/1966
f 1903/1903/1903 1967/1967/1967 1966/1966/1966
f 1903/1903/1903 1904/1904/1904 1967/1967/1967
f 1904/1904/1904 1968/1968/1968 1967/1967/1967
f 1904/1904/1904 1905/1905/1905 1968/1968/1968
f 1905/1905/1905 1969/1969/1969 1968/1968/1968
f 1905/1905/1905 1906/1906/1906 1969/1969/1969
f 1906/1906/1906 1970/1970/1970 1969/1969/1969
f 1906/1906/1906 1907/1907/1907 1970/1970/1970
f 1907/1907/1907 1971/1971/1971 1970/1970/1970
f 1907/1907/1907 1908/1908/1908 1971/1971/1971
f 1908/1908/1908 1972/1972/1972 1971/1971/1971
f 1908/1908/1908 1909/1909/1909 1972/1972/1972
f 1909/1909/1909 1973/1973/1973 1972/1972/1972
f 1909/1909/1909 1910/1910/1910 1973/1973/1973
f 1910/1910/1910 1974/1974/1974 1973/1973/1973
f 1910/1910/1910 1911/1911/1911 1974/1974/1974
f 1911/1911/1911 1975/1975/1975 1974/1974/1974
f 1911/1911/1911 1912/1912/1912 1975/1975/1975
f 1912/1912/1912 1976/1976/1976 1975/1975/1975
f 1912/1912/1912 1913/1913/1913 1976/1976/1976
f 1913/1913/1913 1977/1977/1977 1976/1976/1976
f 1913/1913/1913 1914/1914/1914 1977/1977/1977
f 1914/1914/1914 1978/1978/1978 1977/1977/1977
f 1914/1914/1914 1915/1915/1915 1978/1978/1978
f 1915/1915/1915 1979/1979/1979 1978/1978/1978
f 1915/1915/1915 1916/1916/1916 1979/1979/1979
f 1916/1916/1916 1980/1980/1980 1979/1979/1979
f 1916/1916/1916 1917/1917/1917 1980/1980/1980
f 1917/1917/1917 1981/1981/1981 1980/1980/1980
f 1917/1917/1917 1918/1918/1918 1981/1981/1981
f 1918/1918/1918 1982/1982/1982 1981/1981/1981
f 1918/1918/1918 1919/1919/1919 1982/1982/1982
f 1919/1919/1919 1983/1983/1983 1982/1982/1982
f 1919/1919/1919 1920/1920/1920 1983/1983/1983
f 1920/1920/1920 1984/1984/1984 1983/1983/1983
f 1920/1920/1920 1857/1857/1857 1984/1984/1984
f 1857/1857/1857 1921/1921/1921 1984/1984/1984
f 1921/1921/1921 1922/1922/1922 1985/1985/1985
f 1922/1922/1922 1986/1986/1986 1985/1985/1985
f 1922/1922/1922 1923/1923/1923 1986/1986/1986
f 1923/1923/1923 1987/1987/1987 1986/1986/1986
f 1923/1923/1923 1924/1924/1924 1987/1987/1987
f 1924/1924/1924 1988/1988/1988 1987/1987/1987
f 1924/1924/1924 1925/1925/1925 1988/1988/1988
f 1925/1925/1925 1989/1989/1989 1988/1988/1988
f 1925/1925/1925 1926/1926/1926 1989/1989/1989
f 1926/1926/1926 1990/1990/1990 1989/1989/1989
f 1926/1926/1926 1927/1927/1927 1990/1990/1990
f 1927/1927/1927 1991/1991/1991 1990/1990/1990
f 1927/1927/1927 1928/1928/1928 1991/1991/1991
f 1928/1928/1928 1992/1992/1992 1991/1991/1991
f 1928/1928/1928 1929/1929/1929 1992/1992/1992
f 1929/1929/1929 1993/1993/1993 1992/1992/1992
f 1929/1929/1929 1930/1930/1930 1993/1993/1993
f 1930/1930/1930 1994/1994/1994 1993/1993/1993
f 1930/1930/1930 1931/1931/1931 1994/1994/1994
f 1931/1931/1931 1995/1995/1995 1994/1994/1994
f 1931/1931/1931 1932/1932/1932 1995/1995/1995
f 1932/1932/1932 1996/1996/1996 1995/1995/1995
f 1932/1932/1932 1933/1933/1933 1996/1996/1996
f 1933/1933/1933 1997/1997/1997 1996/1996/1996
f 1933/1933/1933 1934/1934/1934 1997/1997/1997
f 1934/1934/1934 1998/1998/1998 1997/1997/1997
f 1934/1934/1934 1935/1935/1935 1998/1998/1998
f 1935/1935/1935 1999/1999/1999 1998/1998/1998
f 1935/1935/1935 1936/1936/1936 1999/1999/1999
f 1936/1936/1936 2000/2000/2000 1999/1999/1999
f 1936/1936/1936 1937/1937/1937 2000/2000/2000
f 1937/1937/1937 2001/2001/2001 2000/2000/2000
f 1937/1937/1937 1938/1938/1938 2001/2001/2001
f 1938/1938/1938 2002/2002/2002 2001/2001/2001
f 1938/1938/1938 1939/1939/1939 2002/2002/2002
f 1939/1939/1939 2003/2003/2003 2002/2002/2002
f 1939/1939/1939 1940/1940/1940 2003/2003/2003
f 1940/1940/1940 2004/2004/2004 2003/2003/2003
f 1940/1940/1940 1941/1941/1941 2004/2004/2004
f 1941/1941/1941 2005/2005/2005 2004/2004/2004
f 1941/1941/1941 1942/1942/1942 2005/2005/2005
f 1942/1942/1942 2006/2006/2006 2005/2005/2005
f 1942/1942/1942 1943/1943/1943 2006/2006/2006
f 1943/1943/1943 2007/2007/2007 2006/2006/2006
f 1943/1943/1943 1944/1944/1944 2007/2007/2007
f 1944/1944/1944 2008/2008/2008 2007/2007/2007
f 1944/1944/1944 1945/1945/1945 2008/2008/2008
f 1945/1945/1945 2009/2009/2009 2008/2008/2008
f 1945/1945/1945 1946/1946/1946 2009/2009/2009
f 1946/1946/1946 2010/2010/2010 2009/2009/2009
f 1946/1946/1946 1947/1947/1947 2010/2010/2010
f 1947/1947/1947 2011/2011/2011 2010/2010/2010
f 1947/1947/1947 1948/1948/1948 2011/2011/2011
f 1948/1948/1948 2012/2012/2012 2011/2011/2011
f 1948/1948/1948 1949/1949/1949 2012/2012/2012
f 1949/1949/1949 2013/2013/2013 2012/2012/2012
f 1949/1949/1949 1950/1950/1950 2013/2013/2013
f 1950/1950/1950 2014/2014/2014 2013/2013/2013
f 1950/1950/1950 1951/1951/1951 2014/2014/2014
f 1951/1951/1951 2015/2015/2015 2014/2014/2014
f 1951/1951/1951 1952/1952/1952 2015/2015/2015
f 1952/1952/1952 2016/2016/2016 2015/2015/2015
f 1952/1952/1952 1953/1953/1953 2016/2016/2016
f 1953/1953/1953 2017/2017/2017 2016/2016/2016
f 1953/1953/1953 1954/1954/1954 2017/2017/2017
f 1954/1954/1954 2018/2018/2018 2017/2017/2017
f 1954/1954/1954 1955/1955/1955 2018/2018/2018
f 1955/1955/1955 2019/2019/2019 2018/2018/2018
f 1955/1955/1955 1956/1956/1956 2019/2019/2019
f 1956/1956/1956 2020/2020/2020 2019/2019/2019
f 1956/1956/1956 1957/1957/1957 2020/2020/2020
f 1957/1957/1957 2021/2021/2021 2020/2020/2020
f 1957/1957/1957 1958/1958/1958 2021/2021/2021
f 1958/1958/1958 2022/2022/2022 2021/2021/2021
f 1958/1958/1958 1959/1959/1959 2022/2022/2022
f 1959/1959/1959 2023/2023/2023 2022/2022/2022
f 1959/1959/1959 1960/1960/1960 2023/2023/2023
f 1960/1960/1960 2024/2024/2024 2023/2023/2023
f 1960/1960/1960 1961/1961/1961 2024/2024/2024
f 1961/1961/1961 2025/2025/2025 2024/2024/2024
f 1961/1961/1961 1962/1962/1962 2025/2025/2025
f 1962/1962/1962 2026/2026/2026 2025/2025/2025
f 1962/1962/1962 1963/1963/1963 2026/2026/2026
f 1963/1963/1963 2027/2027/2027 2026/2026/2026
f 1963/1963/1963 1964/1964/1964 2027/2027/2027
f 1964/1964/1964 2028/2028/2028 2027/2027/2027
f 1964/1964/1964 1965/1965/1965 2028/2028/2028
f 1965/1965/1965 2029/2029/2029 2028/2028/2028
f 1965/1965/1965 1966/1966/1966 2029/2029/2029
f 1966/1966/1966 2030/2030/2030 2029/2029/2029
f 1966/1966/1966 1967/1967/1967 2030/2030/2030
f 1967/1967/1967 2031/2031/2031 2030/2030/2030
f 1967/1967/1967 1968/1968/1968 2031/2031/2031
f 1968/1968/1968 2032/2032/2032 2031/2031/2031
f 1968/1968/1968 1969/1969/1969 2032/2032/2032
f 1969/1969/1969 2033/2033/2033 2032/2032/2032
f 1969/1969/1969 1970/1970/1970 2033/2033/2033
f 1970/1970/1970 2034/2034/2034 2033/2033/2033
f 1970/1970/1970 1971/1971/1971 2034/2034/2034
f 1971/1971/1971 2035/2035/2035 2034/2034/2034
f 1971/1971/1971 1972/1972/1972 2035/2035/2035
f 1972/1972/1972 2036/2036/2036 2035/2035/2035
f 1972/1972/1972 1973/1973/1973 2036/2036/2036
f 1973/1973/1973 2037/2037/2037 2036/2036/2036
f 1973/1973/1973 1974/1974/1974 2037/2037/2037
f 1974/1974/1974 2038/2038/2038 2037/2037/2037
f 1974/1974/1974 1975/1975/1975 2038/2038/2038
f 1975/1975/1975 2039/2039/2039 2038/2038/2038
f 1975/1975/1975 1976/1976/1976 2039/2039/2039
f 1976/1976/1976 2040/2040/2040 2039/2039/2039
f 1976/1976/1976 1977/1977/1977 2040/2040/2040
f 1977/1977/1977 2041/2041/2041 2040/2040/2040
f 1977/1977/1977 1978/1978/1978 2041/2041/2041
f 1978/1978/1978 2042/2042/2042 2041/2041/2041
f 1978/1978/1978 1979/1979/1979 2042/2042/2042
f 1979/1979/1979 2043/2043/2043 2042/2042/2042
f 1979/1979/1979 1980/1980/1980 2043/2043/2043
f 1980/1980/1980 2044/2044/2044 2043/2043/2043
f 1980/1980/1980 1981/1981/1981 2044/2044/2044
f 1981/1981/1981 2045/2045/2045 2044/2044/2044
f 1981/1981/1981 1982/1982/1982 2045/2045/2045
f 1982/1982/1982 2046/2046/2046 2045/2045/2045
f 1982/1982/1982 1983/1983/1983 2046/2046/2046
f 1983/1983/1983 2047/2047/2047 2046/2046/2046
f 1983/1983/1983 1984/1984/1984 2047/2047/2047
f 1984/1984/1984 2048/2048/2048 2047/2047/2047
f 1984/1984/1984 1921/1921/1921 2048/2048/2048
f 1921/1921/1921 1985/1985/1985 2048/2048/2048
f 1985/1985/1985 1986/1986/1986 2049/2049/2049
f 1986/1986/1986 2050/2050/2050 2049/2049/2049
f 1986/1986/1986 1987/1987/1987 2050/2050/2050
f 1987/1987/1987 2051/2051/2051 2050/2050/2050
f 1987/1987/1987 1988/1988/1988 2051/2051/2051
f 1988/1988/1988 2052/2052/2052 2051/2051/2051
f 1988/1988/1988 1989/1989/1989 2052/2052/2052
f 1989/1989/1989 2053/2053/2053 2052/2052/2052
f 1989/1989/1989 1990/1990/1990 2053/2053/2053
f 1990/1990/1990 2054/2054/2054 2053/2053/2053
f 1990/1990/1990 1991/1991/1991 2054/2054/2054
f 1991/1991/1991 2055/2055/2055 2054/2054/2054
f 1991/1991/1991 1992/1992/1992 2055/2055/2055
f 1992/1992/1992 2056/2056/2056 2055/2055/2055
f 1992/1992/1992 1993/1993/1993 2056/2056/2056
f 1993/1993/1993 2057/2057/2057 2056/2056/2056
f 1993/1993/1993 1994/1994/1994 2057/2057/2057
f 1994/1994/1994 2058/2058/2058 2057/2057/2057
f 1994/1994/1994 1995/1995/1995 2058/2058/2058
f 1995/1995/1995 2059/2059/2059 2058/2058/2058
f 1995/1995/1995 1996/1996/1996 2059/2059/2059
f 1996/1996/1996 2060/2060/2060 2059/2059/2059
f 1996/1996/1996 1997/1997/1997 2060/2060/2060
f 1997/1997/1997 2061/2061/2061 2060/2060/2060
f 1997/1997/1997 1998/1998/1998 2061/2061/2061
f 1998/1998/1998 2062/2062/2062 2061/2061/2061
f 1998/1998/1998 1999/1999/1999 2062/2062/2062
f 1999/1999/1999 2063/2063/2063 2062/2062/2062
f 1999/1999/1999 2000/2000/2000 2063/2063/2063
f 2000/2000/2000 2064/2064/2064 2063/2063/2063
f 2000/2000/2000 2001/2001/2001 2064/2064/2064
f 2001/2001/2001 2065/2065/2065 2064/2064/2064
f 2001/2001/2001 2002/2002/2002 2065/2065/2065
f 2002/2002/2002 2066/2066/2066 2065/2065/2065
f 2002/2002/2002 2003/2003/2003 2066/2066/2066
f 2003/2003/2003 2067/2067/2067 2066/2066/2066
f 2003/2003/2003 2004/2004/2004 2067/2067/2067
f 2004/2004/2004 2068/2068/2068 2067/2067/2067
f 2004/2004/2004 2005/2005/2005 2068/2068/2068
f 2005/2005/2005 2069/2069/2069 2068/2068/2068
f 2005/2005/2005 2006/2006/2006 2069/2069/2069
f 2006/2006/2006 2070/2070/2070 2069/2069/2069
f 2006/2006/2006 2007/2007/2007 2070/2070/2070
f 2007/2007/2007 2071/2071/2071 2070/2070/2070
f 2007/2007/2007 2008/2008/2008 2071/2071/2071
f 2008/2008/2008 2072/2072/2072 2071/2071/2071
f 2008/2008/2008 2009/2009/2009 2072/2072/2072
f 2009/2009/2009 2073/2073/2073 2072/2072/2072
f 2009/2009/2009 2010/2010/2010 2073/2073/2073
f 2010/2010/2010 2074/2074/2074 2073/2073/2073
f 2010/2010/2010 2011/2011/2011 2074/2074/2074
f 2011/2011/2011 2075/2075/2075 2074/2074/2074
f 2011/2011/2011 2012/2012/2012 2075/2075/2075
f 2012/2012/2012 2076/2076/2076 2075/2075/2075
f 2012/2012/2012 2013/2013/2013 2076/2076/2076
f 2013/2013/2013 2077/2077/2077 2076/2076/2076
f 2013/2013/2013 2014/2014/2014 2077/2077/2077
f 2014/2014/2014 2078/2078/2078 2077/2077/2077
f 2014/2014/2014 2015/2015/2015 2078/2078/2078
f 2015/2015/2015 2079/2079/2079 2078/2078/2078
f 2015/2015/2015 2016/2016/2016 2079/2079/2079
f 2016/2016/2016 2080/2080/2080 2079/2079/2079
f 2016/2016/2016 2017/2017/2017 2080/2080/2080
f 2017/2017/2017 2081/2081/2081 2080/2080/2080
f 2017/2017/2017 2018/2018/2018 2081/2081/2081
f 2018/2018/2018 2082/2082/2082 2081/2081/2081
f 2018/2018/2018 2019/2019/2019 2082/2082/2082
f 2019/2019/2019 2083/2083/2083 2082/2082/2082
f 2019/2019/2019 2020/2020/2020 2083/2083/2083
f 2020/2020/2020 2084/2084/2084 2083/2083/2083
f 2020/2020/2020 2021/2021/2021 2084/2084/2084
f 2021/2021/2021 2085/2085/2085 2084/2084/2084
f 2021/2021/2021 2022/2022/2022 2085/2085/2085
f 2022/2022/2022 2086/2086/2086 2085/2085/2085
f 2022/2022/2022 2023/2023/2023 2086/2086/2086
f 2023/2023/2023 2087/2087/2087 2086/2086/2086
f 2023/2023/2023 2024/2024/2024 2087/2087/2087
f 2024/2024/2024 2088/2088/2088 2087/2087/2087
f 2024/2024/2024 2025/2025/2025 2088/2088/2088
f 2025/2025/2025 2089/2089/2089 2088/2088/2088
f 2025/2025/2025 2026/2026/2026 2089/2089/2089
f 2026/2026/2026 2090/2090/2090 2089/2089/2089
f 2026/2026/2026 2027/2027/2027 2090/2090/2090
f 2027/2027/2027 2091/2091/2091 2090/2090/2090
f 2027/2027/2027 2028/2028/2028 2091/2091/2091
f 2028/2028/2028 2092/2092/2092 2091/2091/2091
f 2028/2028/2028 2029/2029/2029 2092/2092/2092
f 2029/2029/2029 2093/2093/2093 2092/2092/2092
f 2029/2029/2029 2030/2030/2030 2093/2093/2093
f 2030/2030/2030 2094/2094/2094 2093/2093/2093
f 2030/2030/2030 2031/2031/2031 2094/2094/2094
f 2031/2031/2031 2095/2095/2095 2094/2094/2094
f 2031/2031/2031 2032/2032/2032 2095/2095/2095
f 2032/2032/2032 2096/2096/2096 2095/2095/2095
f 2032/2032/2032 2033/2033/2033 2096/2096/2096
f 2033/2033/2033 2097/2097/2097 2096/2096/2096
f 2033/2033/2033 2034/2034/2034 2097/2097/2097
f 2034/2034/2034 2098/2098/2098 2097/2097/2097
f 2034/2034/2034 2035/2035/2035 2098/2098/2098
f 2035/2035/2035 2099/2099/2099 2098/2098/2098
f 2035/2035/2035 2036/2036/2036 2099/2099/2099
f 2036/2036/2036 2100/2100/2100 2099/2099/2099
f 2036/2036/2036 2037/2037/2037 2100/2100/2100
f 2037/2037/2037 2101/2101/2101 2100/2100/2100
f 2037/2037/2037 2038/2038/2038 2101/2101/2101
f 2038/2038/2038 2102/2102/2102 2101/2101/2101
f 2038/2038/2038 2039/2039/2039 2102/2102/2102
f 2039/2039/2039 2103/2103/2103 2102/2102/2102
f 2039/2039/2039 2040/2040/2040 2103/2103/2103
f 2040/2040/2040 2104/2104/2104 2103/2103/2103
f 2040/2040/2040 2041/2041/2041 2104/2104/2104
f 2041/2041/2041 2105/2105/2105 2104/2104/2104
f 2041/2041/2041 2042/2042/2042 2105/2105/2105
f 2042/2042/2042 2106/2106/2106 2105/2105/2105
f 2042/2042/2042 2043/2043/2043 2106/2106/2106
f 2043/2043/2043 2107/2107/2107 2106/2106/2106
f 2043/2043/2043 2044/2044/2044 2107/2107/2107
f 2044/2044/2044 2108/2108/2108 2107/2107/2107
f 2044/2044/2044 2045/2045/2045 2108/2108/2108
f 2045/2045/2045 2109/2109/2109 2108/2108/2108
f 2045/2045/2045 2046/2046/2046 2109/2109/2109
f 2046/2046/2046 2110/2110/2110 2109/2109/2109
f 2046/2046/2046 2047/2047/2047 2110/2110/2110
f 2047/2047/2047 2111/2111/2111 2110/2110/2110
f 2047/2047/2047 2048/2048/2048 2111/2111/2111
f 2048/2048/2048 2112/2112/2112 2111/2111/2111
f 2048/2048/2048 1985/1985/1985 2112/2112/2112
f 1985/1985/1985 2049/2049/2049 2112/2112/2112
